IDREGION,STATE,DISTRICT,FYEAR,SEASON,YIELD,numeric__CROP_AREA,numeric__CENTROID_X,numeric__CENTROID_Y,numeric__WEATHER_DAY_COUNT,numeric__TMAX_MEAN,numeric__TMIN_MEAN,numeric__TAVG_MEAN,numeric__VPRES_MEAN,numeric__WSPD_MEAN,numeric__PREC_TOTAL,numeric__ET0_TOTAL,numeric__RAD_TOTAL,numeric__RELH_MEAN,numeric__PS_MEAN,numeric__GDD_BASE10,numeric__AREA_FRACTION,numeric__TEMP_RANGE_MEAN,numeric__WATER_BALANCE_PROXY,numeric__RAIN_PER_GDD,numeric__RADIATION_PER_GDD,numeric__CROP_AREA_LOG1P,categorical__STATE_Andhra Pradesh,categorical__STATE_Karnataka,categorical__STATE_Tamil Nadu,categorical__STATE_Telangana,categorical__SEASON_Kharif,categorical__SEASON_Rabi,categorical__SEASON_Summer
IND_ANDHRAPRADESH_ADILABAD,Andhra Pradesh,ADILABAD,2001,Kharif,2.231999,0.20463740073171247,0.35229514612201734,1.8139650479090488,0.4675331753528813,-0.3453516545299535,0.07388804909792454,-0.13825668495981547,0.5579302775568658,-0.13324895747410997,0.1130657086288429,0.964820636925529,-0.6955267308670072,0.5782501974478759,0.10044293896744,0.33904407617186805,-0.2829949515589133,-0.3256337128271035,-0.2383247704365482,0.03531316600368603,-1.0561320517924817,0.6474027198580496,1.0,0.0,0.0,0.0,1.0,0.0,0.0
IND_ANDHRAPRADESH_ADILABAD,Andhra Pradesh,ADILABAD,2001,Rabi,2.390967,-0.7049839926429333,0.35229514612201734,1.8139650479090488,-2.326823575438583,1.9822473162744947,-0.9302406958902169,0.9283574256210554,-3.112733246858371,-0.9791843061479486,-0.927096947874019,-1.8104636232064748,-2.1635826407583245,-3.5039138503324248,0.2337836215935494,-1.537295744666552,-0.5983910082306216,2.2353659090373523,-0.4431465967822894,-0.8666124028664233,-0.21146903380992718,-0.21398007792694815,1.0,0.0,0.0,0.0,0.0,1.0,0.0
IND_ANDHRAPRADESH_ANANTAPUR,Andhra Pradesh,ANANTAPUR,2001,Kharif,2.907993,-0.3401368930839928,-0.2678187564418995,-0.006791370403704205,0.4675331753528813,-0.2800327871118083,0.000327597634811088,-0.21081807835763428,0.1703306801172793,1.8295887594805713,-0.17207441000743381,-0.11237644167901953,0.27238493033212063,0.30984005416474997,-0.30273735790167716,0.2799967048292757,-0.4988358879777749,-0.22092187902165364,-0.17013781001940873,-0.21551039390703178,-0.18922008786437006,0.32713745734180977,1.0,0.0,0.0,0.0,1.0,0.0,0.0
IND_ANDHRAPRADESH_ANANTAPUR,Andhra Pradesh,ANANTAPUR,2001,Rabi,2.857,-0.2573305684352657,-0.2678187564418995,-0.006791370403704205,-2.326823575438583,1.9199051038096704,-0.5517826330973474,1.0839001910268473,-2.1332929955821403,-0.1091521959671028,-0.9660375689030873,-1.9494040658185938,-1.4829495065356855,-2.563417057494418,-0.22576084894893467,-1.454296349610539,-0.29074849351099313,1.9123436332926937,-0.43704449611499174,-0.9158287100494253,0.4208840172698135,0.3931841005169031,1.0,0.0,0.0,0.0,0.0,1.0,0.0
IND_ANDHRAPRADESH_CHITTOOR,Andhra Pradesh,CHITTOOR,2001,Kharif,2.268983,-0.47445030003664107,0.42459567446986046,-0.36461738338663735,0.4675331753528813,-0.8290106143350086,-0.41814477224609853,-0.8295913045123161,-0.08104027743809059,1.201188976422708,-0.03289714900329272,0.09777097777181255,0.09517822577444857,0.48486987856499364,-0.997062329898783,-0.223534591231996,-0.5520510886192668,-0.3507025849419264,-0.07938913529291938,-0.018146319990587054,0.2536800631583904,0.19355126087574093,1.0,0.0,0.0,0.0,1.0,0.0,0.0
IND_ANDHRAPRADESH_CHITTOOR,Andhra Pradesh,CHITTOOR,2001,Rabi,2.749005,0.12075669522511212,0.42459567446986046,-0.36461738338663735,-2.326823575438583,0.9184438907886371,-1.3183438377191727,-0.3303961547918904,-1.3736205290980508,-0.2877926106007718,-0.7734620142444337,-1.5131719408526016,-1.8008911202429343,-1.1991076459899939,-0.894147595296958,-2.2089810231576172,-0.03091417206575686,1.6778893834524227,-0.3686367360026546,-0.6296697836308219,1.407451901790707,0.6107429119917162,1.0,0.0,0.0,0.0,0.0,1.0,0.0
IND_ANDHRAPRADESH_EASTGODAVARI,Andhra Pradesh,EAST GODAVARI,2001,Kharif,2.626001,2.6291516034260694,1.9295220096615435,0.9989009108529308,0.4675331753528813,-0.1901188194791319,1.2135155592153961,0.7000967677524667,1.4530465493570388,-0.2792577078412756,0.21981394251771694,0.7389402555906814,-1.2366185674022292,0.8841932350756789,1.1932700608873117,1.0212604080338654,0.677603501326605,-1.028055059302726,-0.01662180375792073,0.031913100992453376,-2.074768776571396,1.1775780234880073,1.0,0.0,0.0,0.0,1.0,0.0,0.0
IND_ANDHRAPRADESH_EASTGODAVARI,Andhra Pradesh,EAST GODAVARI,2001,Rabi,4.525,1.7596614950366871,1.9295220096615435,0.9989009108529308,-2.326823575438583,1.8362030185495202,0.0632024448266074,1.0141836195746818,0.05096082910067733,-0.8592797476876066,-0.8557111819229665,-1.7853317490281062,-2.3350558010884286,-0.6488571003668828,1.375038061042738,-1.4914979079138981,1.0953966109214557,1.4013122986185262,-0.3641203786008717,-0.7810184323090068,-0.47060714615413524,1.0495750240227855,1.0,0.0,0.0,0.0,0.0,1.0,0.0
IND_ANDHRAPRADESH_GUNTUR,Andhra Pradesh,GUNTUR,2001,Kharif,3.431999,3.4453176618842445,0.9900908704822137,0.6550402800936405,0.4675331753528813,0.38510718463060967,1.3605634855032573,1.1785324669830528,1.0152982318093922,0.49180827354621287,0.029398173959185418,0.36185998082499626,-0.4530462159465081,0.21820080490546187,1.1605430243437262,1.4105910020750112,1.0009704251067655,-0.681157499595904,-0.10558400822326092,-0.16691963140565227,-1.793535710794113,1.2714482949805057,1.0,0.0,0.0,0.0,1.0,0.0,0.0
IND_ANDHRAPRADESH_GUNTUR,Andhra Pradesh,GUNTUR,2001,Rabi,4.03099,-0.1499240820849419,0.9900908704822137,0.6550402800936405,-2.326823575438583,1.8644443814639073,0.08382807538069663,1.0760060170375356,-0.022098777708365856,-0.08030559204765789,-0.8647210358779537,-1.6996688364323256,-2.366400378830331,-0.7463642537448684,1.316013441194647,-1.458508770958912,-0.2169350900156105,1.4086415108258261,-0.4090029348248112,-0.7933114341240143,-0.5522695759449101,0.4664624111697126,1.0,0.0,0.0,0.0,0.0,1.0,0.0
IND_ANDHRAPRADESH_KARIMNAGAR,Andhra Pradesh,KARIMNAGAR,2001,Kharif,3.039999,1.3705934270201052,0.6485176720929396,1.5303178944226856,0.4675331753528813,0.1305557160158329,0.5026501249870626,0.41255983182435757,0.6651384649279356,-0.1075720804584461,-0.11865999854620352,0.45145613389178063,-0.41073765046651867,0.3250958199649233,0.43295122961690696,0.7872750966248526,0.17895966252290194,-0.26088419622716474,-0.3251793414477225,-0.22331271280013126,-1.2471611461353216,0.9777687568430233,1.0,0.0,0.0,0.0,1.0,0.0,0.0
IND_ANDHRAPRADESH_KARIMNAGAR,Andhra Pradesh,KARIMNAGAR,2001,Rabi,3.218997,0.7710415091713649,0.6485176720929396,1.5303178944226856,-2.326823575438583,2.2029319350434275,-0.5035572379169202,1.2998425667230111,-2.4236393774698977,-0.9008698312501784,-0.9108501987029509,-1.8008603867318136,-2.1412227202442065,-3.0273903488117204,0.5708276156124827,-1.339067033075117,0.4159834991066487,2.1004869268780166,-0.42668698314023634,-0.8525347095992344,-0.47228306754393407,0.8379491355807741,1.0,0.0,0.0,0.0,0.0,1.0,0.0
IND_ANDHRAPRADESH_KHAMMAM,Andhra Pradesh,KHAMMAM,2001,Kharif,2.582,0.7007169621361647,1.2322371058845452,1.2141443629051327,0.4675331753528813,-0.2748278294824108,0.680372564930678,0.3340394355676751,1.0893981857946573,-0.6346317631053827,0.18211439260588314,0.9462782175622211,-0.6175801942749123,0.8049032118897463,0.8035044503472734,0.7233785425672744,-0.08644705210025795,-0.7089726807345456,-0.14504693556506007,0.04095260900729959,-1.3519847538628245,0.8182634781609136,1.0,0.0,0.0,0.0,1.0,0.0,0.0
IND_ANDHRAPRADESH_KHAMMAM,Andhra Pradesh,KHAMMAM,2001,Rabi,3.484002,-0.23541635887835205,1.2322371058845452,1.2141443629051327,-2.326823575438583,2.2407801306983046,-0.3730518992671205,1.2566999879441842,-0.9431951878173397,-0.8486215647133533,-0.8546796422930574,-1.738132863376048,-2.153168856792471,-1.677510051812825,0.9579022920543208,-1.3620884055604077,-0.2756883613435235,2.0358663635703915,-0.3813829002254639,-0.7852042568378939,-0.45316010672895257,0.4091431858547712,1.0,0.0,0.0,0.0,0.0,1.0,0.0
IND_ANDHRAPRADESH_KRISHNA,Andhra Pradesh,KRISHNA,2001,Kharif,2.914999,3.0131321620862517,1.3401384380599264,0.8092353539734269,0.4675331753528813,0.17170392182436964,1.2258242855514805,0.9616909740626,1.261452250036307,-0.21324230509982534,0.14734828351660337,0.7091600063102148,-0.4530462159465081,0.5599832374626369,1.2792360090470314,1.2341346310574324,0.829737489303264,-0.751822143324062,-0.09516627714981418,-0.053828790669916624,-1.6563143038192067,1.2242046993969928,1.0,0.0,0.0,0.0,1.0,0.0,0.0
IND_ANDHRAPRADESH_KRISHNA,Andhra Pradesh,KRISHNA,2001,Rabi,3.642,0.6962298420826943,1.3401384380599264,0.8092353539734269,-2.326823575438583,2.1158572382892684,0.039905869308672626,1.2054796497344253,0.028048767508146725,-0.5886545799935363,-0.8091307205098841,-1.6606939990378227,-2.366400378830331,-0.771740343508739,1.4418675893004829,-1.3894201626812426,0.36457053300790243,1.6385586292996697,-0.3550876637973061,-0.7297369670793682,-0.6481744885610061,0.8169774698304506,1.0,0.0,0.0,0.0,0.0,1.0,0.0
IND_ANDHRAPRADESH_KURNOOL,Andhra Pradesh,KURNOOL,2001,Kharif,2.792008,-0.1704637161325178,-0.0734708749325743,0.40315814233704866,0.4675331753528813,-0.05852051306319891,0.2836958843721692,0.20983335072622034,0.34091904084963176,1.1056223749857155,-0.04775776679667098,0.17316660030691725,0.2917783605624437,0.22518886850398528,0.08336970182129248,0.6223049210281313,-0.43161088415656335,-0.2514305555490434,-0.12752346884614257,-0.14426286623605059,-0.5363583367481417,0.45334787951167715,1.0,0.0,0.0,0.0,1.0,0.0,0.0
IND_ANDHRAPRADESH_KURNOOL,Andhra Pradesh,KURNOOL,2001,Rabi,2.581993,-0.25665118053984587,-0.0734708749325743,0.40315814233704866,-2.326823575438583,2.2785942595704096,-0.5962983824946729,1.2187436978908932,-1.738359763680344,-0.37236297550516984,-0.9815912523853103,-1.980461341226009,-1.6081494272092067,-2.2690021841448003,0.1845151372575307,-1.3823423151831076,-0.2902816468787862,2.2272312888951844,-0.44421044985915387,-0.9355771782751428,0.17122668124923474,0.3936875302404566,1.0,0.0,0.0,0.0,0.0,1.0,0.0
IND_ANDHRAPRADESH_MAHBUBNAGAR,Andhra Pradesh,MAHBUBNAGAR,2001,Kharif,2.421999,0.34207915194699146,-0.01616497855024476,0.8470213881531867,0.4675331753528813,-0.39246433968209177,-0.05233720971229274,-0.2509360117459647,0.27716262162196337,0.7925619898332205,0.004431691354042107,0.541512016364267,0.0034234786654177107,0.42577340880025005,-0.28412473052106524,0.24735043937938808,-0.22854019261811342,-0.2714117141517921,-0.2072723042118454,-0.05040671264507484,-0.3785270348150057,0.7016402948581129,1.0,0.0,0.0,0.0,1.0,0.0,0.0
IND_ANDHRAPRADESH_MAHBUBNAGAR,Andhra Pradesh,MAHBUBNAGAR,2001,Rabi,2.349007,0.1061103561773407,-0.01616497855024476,0.8470213881531867,-2.326823575438583,1.9140115503908606,-0.7924644515055161,0.8797072835938624,-2.1645637301515914,-0.6166902352084194,-0.9623949445849709,-1.9126257133624447,-1.979957894383956,-2.574588920912476,-0.1755472389852089,-1.563256015766989,-0.040979622372451625,2.081882003582545,-0.44696040969935047,-0.909430420747348,0.03523560630608014,0.6040213450061382,1.0,0.0,0.0,0.0,0.0,1.0,0.0
IND_ANDHRAPRADESH_MEDAK,Andhra Pradesh,MEDAK,2001,Kharif,2.508999,0.34130496574058283,0.03211990604263495,1.3014749238188337,0.4675331753528813,-0.7165790617647468,-0.3101879985710622,-0.6342684330267122,0.20939740229077075,0.4193356680049631,0.1336803834203077,0.9205844518879935,-0.1862795662127501,0.5871981536281463,-0.5768087958835287,-0.06458915779630803,-0.22884696886959616,-0.34022788065238724,-0.19526882987288477,0.11782956775062547,-0.18967312751826093,0.7013525157692573,1.0,0.0,0.0,0.0,1.0,0.0,0.0
IND_ANDHRAPRADESH_MEDAK,Andhra Pradesh,MEDAK,2001,Rabi,2.640012,-0.3470571697861761,0.03211990604263495,1.3014749238188337,-2.326823575438583,1.672648394481966,-0.8024063022042532,0.7365106391364713,-2.792748458081896,-0.7448201305293249,-0.9221326634050816,-1.8017798455432172,-2.0187377394959576,-3.1548221363452154,-0.4622251834230144,-1.6396673797607195,-0.35241158314504956,1.8988664738492296,-0.44037656424252924,-0.8575989039907985,0.11071282117338482,0.3211487573132254,1.0,0.0,0.0,0.0,0.0,1.0,0.0
IND_ANDHRAPRADESH_NALGONDA,Andhra Pradesh,NALGONDA,2001,Kharif,2.774001,1.394387803078297,0.531295707870846,1.0186224262280383,0.4675331753528813,0.13392888598168087,0.6740479229398051,0.5508809284881202,0.752196034757345,0.17707661237494512,-0.004674869441249238,0.6435208633850027,-0.18855755013676057,0.34136007418094716,0.5825119873338829,0.899834913584852,0.18838710934817138,-0.3822675341707638,-0.2586985604934791,-0.13945238601026694,-1.1759368200475406,0.9825077959151985,1.0,0.0,0.0,0.0,1.0,0.0,0.0
IND_ANDHRAPRADESH_NALGONDA,Andhra Pradesh,NALGONDA,2001,Rabi,2.586998,0.3558249070403692,0.531295707870846,1.0186224262280383,-2.326823575438583,2.134423634897655,-0.39530977396577377,1.2083711204398189,-1.3506166891863773,-0.6482013848714283,-0.9133162231307023,-1.7878858012820056,-2.0724723035318844,-2.009227341847927,0.7223221073610268,-1.3878772409082965,0.1306326832707546,1.9681584031790944,-0.4348565718625725,-0.854074682386414,-0.32857029465120313,0.7067192030338423,1.0,0.0,0.0,0.0,0.0,1.0,0.0
IND_ANDHRAPRADESH_NIZAMABAD,Andhra Pradesh,NIZAMABAD,2001,Kharif,2.484002,1.0682184144027917,0.0011331602520301002,1.4956215789529068,0.4675331753528813,-0.46973450466133915,-0.13660090146765064,-0.35834854307602854,0.3285580594833864,0.20320929194118265,0.07317413700345207,0.877267725661864,-0.37654884994575094,0.5098727800447913,-0.26115382948956256,0.1599426964006603,0.05915791714991809,-0.27132369142667295,-0.25360009480435663,0.025327065051542044,-0.6050805099791384,0.9127075220583207,1.0,0.0,0.0,0.0,1.0,0.0,0.0
IND_ANDHRAPRADESH_NIZAMABAD,Andhra Pradesh,NIZAMABAD,2001,Rabi,2.691006,-0.2883454158471053,0.0011331602520301002,1.4956215789529068,-2.326823575438583,1.881341505716678,-0.7248747053372594,0.9230334478143037,-2.912239336956467,-0.8778157180776096,-0.9196505211706129,-1.7981020102976026,-2.086932941472728,-3.325613811962946,-0.14353491933619011,-1.540136679994527,-0.31206291260349417,2.0072206880202295,-0.438730602878324,-0.8573962224716809,-0.1208846094461538,0.36957577404616754,1.0,0.0,0.0,0.0,0.0,1.0,0.0
IND_ANDHRAPRADESH_PRAKASAM,Andhra Pradesh,PRAKASAM,2001,Kharif,3.286012,-0.2143237346833414,0.7958439581818378,0.4707338942814897,0.4675331753528813,0.30870823573525324,1.9196375119505753,1.5564476129375346,1.1299557225923214,1.5821639416107147,0.038682030628367045,0.03902777593212977,-0.23784839190296936,0.06391159132178881,1.3026267437789072,1.7181222513279915,-0.44898839197817925,-1.1459703018765153,0.032837327966491955,-0.19035337565732122,-1.8697449587753747,0.4239833558013246,1.0,0.0,0.0,0.0,1.0,0.0,0.0
IND_ANDHRAPRADESH_PRAKASAM,Andhra Pradesh,PRAKASAM,2001,Rabi,3.622001,0.8237019709256499,0.7958439581818378,0.4707338942814897,-2.326823575438583,0.7974046116151304,0.717101707015383,0.8587326468896814,0.35853457911669073,0.8401211876310165,-0.8906868224995717,-1.6039429579561812,-2.088102500310971,-0.27146575053951877,1.4624469376462865,-1.5744483213263267,0.45217368087686677,0.1094379710891862,-0.4789562928035363,-0.8206222947911059,-0.07003139387756159,0.852142001140435,1.0,0.0,0.0,0.0,0.0,1.0,0.0
IND_ANDHRAPRADESH_SRIKAKULAM,Andhra Pradesh,SRIKAKULAM,2001,Kharif,2.202001,1.9649314377644609,2.8367514851732647,1.597894743958143,0.4675331753528813,-0.9081795835996623,2.115068949468626,0.9096249389824612,1.9189685557901568,1.900617990278332,0.874035717174124,0.8851342066038722,-1.3275906020411192,1.1231288772992885,1.1950093719314818,1.191765509355782,0.4144379239030149,-2.246395202264931,0.7406810053730245,0.5369350493734711,-2.269330290905468,1.083266908935055,1.0,0.0,0.0,0.0,1.0,0.0,0.0
IND_ANDHRAPRADESH_SRIKAKULAM,Andhra Pradesh,SRIKAKULAM,2001,Rabi,2.268939,-0.834573283764639,2.8367514851732647,1.597894743958143,-2.326823575438583,-0.4701522416041295,0.9671689292548212,0.28112695121780706,0.2373621674019476,1.0148227085568091,-0.9354298539468785,-1.7741450001560275,-2.4051291121164984,-0.0873186200174751,1.4108003952792232,-1.88266531358951,-0.6874492171220893,-1.0704578065622519,-0.46779587184624183,-0.8676348167459842,0.049322870922981515,-1.0269075165380632,1.0,0.0,0.0,0.0,0.0,1.0,0.0
IND_ANDHRAPRADESH_VIZIANAGARAM,Andhra Pradesh,VIZIANAGARAM,2001,Kharif,1.878001,0.8198468396121049,2.5004643770907284,1.5280363685641372,0.4675331753528813,-1.5495956712114343,-0.1618751438850366,-1.0643399019834292,0.5183857427730569,-0.28951326522918913,0.6023539671468179,0.8396720764844663,-1.2876251630082591,1.2521916094241716,-0.7992806728885192,-0.41456300121632345,-0.03924739963759399,-1.1040362756282625,0.42020028414251615,0.6531086339489128,-0.7791584149929355,0.8511181449424111,1.0,0.0,0.0,0.0,1.0,0.0,0.0
IND_ANDHRAPRADESH_VIZIANAGARAM,Andhra Pradesh,VIZIANAGARAM,2001,Rabi,2.60999,-0.7985499255888906,2.5004643770907284,1.5280363685641372,-2.326823575438583,1.2756681748903644,-1.2116544249969337,-0.09719674758419723,-1.8799138081792757,-1.4050482258583075,-0.9566570053936014,-1.8408057639827977,-2.5431961843959847,-1.9438356685684712,-0.6299392504604068,-2.084543157628081,-0.6626926773662928,1.8821945295974407,-0.46803674424100367,-0.890713837626214,0.22351564528225415,-0.6288648028264932,1.0,0.0,0.0,0.0,0.0,1.0,0.0
IND_ANDHRAPRADESH_WARANGAL,Andhra Pradesh,WARANGAL,2001,Kharif,2.841,1.1939683739294507,0.8525059997480255,1.3357032996521332,0.4675331753528813,-0.09046510280598534,0.5631234326382757,0.34231582842723424,0.8301194716240996,-0.43210349646705376,-0.0006776533753509292,0.6701340878706349,-0.18855755013676057,0.543171925851224,0.5502247765715597,0.7301135185603117,0.10898035469332827,-0.47882846362987225,-0.264178407474309,-0.11638885690403494,-1.0210909249488844,0.94092463773689,1.0,0.0,0.0,0.0,1.0,0.0,0.0
IND_ANDHRAPRADESH_WARANGAL,Andhra Pradesh,WARANGAL,2001,Rabi,2.941998,-0.07672398628308104,0.8525059997480255,1.3357032996521332,-2.326823575438583,2.204533073833503,-0.5475907333624365,1.253303657274364,-1.7884514717376576,-0.7722765366695215,-0.8958767562625516,-1.7874771529213815,-2.0724723035318844,-2.454237483181593,0.6953098071619492,-1.3639007263730833,-0.1666295558108308,2.1336160399322783,-0.4132984925313958,-0.8340460032533737,-0.36268899883773764,0.5102972734067877,1.0,0.0,0.0,0.0,0.0,1.0,0.0
IND_ANDHRAPRADESH_WESTGODAVARI,Andhra Pradesh,WEST GODAVARI,2001,Kharif,2.589,2.6593132660390095,1.5405613785784846,0.9211625636915421,0.4675331753528813,-0.22440899098626982,0.9559810024561586,0.5313486413395663,1.29035710724973,-0.5693760312815572,0.21826663307285304,0.7949761620412277,-0.7195262385785234,0.8629245949470293,1.019398932714012,0.8839403702412854,0.6895536512773102,-0.8686987177414021,-0.040568534337150415,0.04926618727940182,-1.5702728084023887,1.1814220005597926,1.0,0.0,0.0,0.0,1.0,0.0,0.0
IND_ANDHRAPRADESH_WESTGODAVARI,Andhra Pradesh,WEST GODAVARI,2001,Rabi,4.681998,2.1657300601572627,1.5405613785784846,0.9211625636915421,-2.326823575438583,2.1093845495634183,-0.1966582422802403,1.0528283550340134,-0.1532837975638254,-0.8846508571589244,-0.8364665207024751,-1.7683217610171371,-2.375942255178991,-0.855318939897982,1.187384892052559,-1.4708766359643084,1.3744606397739931,1.8046605924007524,-0.3468377842767161,-0.7585859998321036,-0.5454448000492842,1.113934634030952,1.0,0.0,0.0,0.0,0.0,1.0,0.0
IND_KARNATAKA_BANGALORERURAL,Karnataka,BANGALORE RURAL,2001,Kharif,2.55914,-0.6847445532468219,-0.19750098158330961,-0.4216397977124417,0.4675331753528813,-1.557302582722812,-1.1710204246215166,-1.8550815237727414,-0.3357949226508305,1.163357364725076,-0.060861543657859715,0.2572460005052825,0.03093767604763259,0.8901395111125363,-1.829032779356301,-1.0580348530020118,-0.5501641109337848,-0.3797852933223221,-0.17688223707273845,0.09501828157025796,1.396425259093287,-0.15905329874496957,0.0,1.0,0.0,0.0,1.0,0.0,0.0
IND_KARNATAKA_BANGALORERURAL,Karnataka,BANGALORE RURAL,2001,Rabi,1.91716,-0.8569298854395005,-0.19750098158330961,-0.4216397977124417,-2.326823575438583,0.5716781089965842,-1.6887890656205262,-0.6632824567949211,-1.8867736492123934,-0.5053585630534526,-0.6415055306496567,-1.3805144667850748,-1.5747734049384983,-1.5541987957218366,-1.7639070761989757,-2.386612953621256,-0.6566567786836536,1.6727079257381046,-0.2564303454428058,-0.4210821776767705,2.093667596047171,-2.0238442823063902,0.0,1.0,0.0,0.0,0.0,1.0,0.0
IND_KARNATAKA_BANGALORERURAL,Karnataka,BANGALORE RURAL,2001,Summer,2.567849,-0.8110475029209155,-0.19750098158330961,-0.4216397977124417,-2.2381138373182194,0.3538327611061857,-0.6353110852212702,-0.11538374469340888,-0.9231145096405939,0.7497925171710372,-0.5153836930865532,-0.9345258622091877,-1.2409801098735405,-0.8023799578949238,-1.8234649848069029,-2.0164096914003355,-0.5357257322185778,0.7386226498085813,-0.2746162112473181,-0.2964229539569247,1.7193292530354773,-0.7311162668854857,0.0,1.0,0.0,0.0,0.0,0.0,1.0
IND_KARNATAKA_BIDAR,Karnataka,BIDAR,2001,Kharif,0.80613,-0.6822639974426147,-0.3830668900350699,1.3260573039400396,0.4675331753528813,-0.7249784783684355,-0.49411345277496566,-0.7897442348902808,0.10185800071742267,0.5000886865483075,0.21955605761023989,1.0590140840493354,-0.23158067898578694,0.5824839459861241,-0.7290684845310618,-0.19110874317824567,-0.5479724831688602,-0.21373922465168646,-0.14271850241569678,0.22325082819289846,-0.07963981811153013,-0.15276350458527868,0.0,1.0,0.0,0.0,1.0,0.0,0.0
IND_KARNATAKA_BIDAR,Karnataka,BIDAR,2001,Rabi,1.5,-0.8591260463107413,-0.3830668900350699,1.3260573039400396,-2.326823575438583,1.7413270285415712,-0.9379938555769193,0.7052093213416205,-3.03520987634573,-0.8659990369539826,-0.9400879000881867,-1.843104411011307,-1.887973645154991,-3.362597032550773,-0.621859950739425,-1.6563701202234515,-0.6961291626058745,2.051115420470564,-0.44649873760939046,-0.8796509101995117,0.28792844315245514,-2.7837846357951257,0.0,1.0,0.0,0.0,0.0,1.0,0.0
IND_KARNATAKA_CHITRADURGA,Karnataka,CHITRADURGA,2001,Kharif,2.103743,-0.7540579182981415,-0.6853982879596192,-0.018470836404734677,0.4675331753528813,-0.6083248786223833,-0.3571849536725023,-0.7377082957841898,0.028557534126825015,2.203878620593498,-0.3264668805527334,-0.2522874241476199,0.24098823857171828,0.49046413506047415,-0.74738123069718,-0.14876411229838193,-0.6114022698987082,-0.22090427447664673,-0.30743507503360645,-0.3138724335666953,0.28994735255874166,-0.3844664211053284,0.0,1.0,0.0,0.0,1.0,0.0,0.0
IND_KARNATAKA_CHITRADURGA,Karnataka,CHITRADURGA,2001,Rabi,1.901773,-0.8382072190192101,-0.6853982879596192,-0.018470836404734677,-2.326823575438583,1.6580678114574094,-0.8525236167340693,0.7219155965283168,-2.3356665425748604,-0.3124686211824674,-0.9814945455450064,-1.976987830160706,-1.4201410901249283,-2.6552439712254325,-0.6784455367095189,-1.6474554610908507,-0.32014722617722224,1.9236461913120264,-0.4454549572320895,-0.9317618759495294,0.8115060608379502,-1.0969186261382753,0.0,1.0,0.0,0.0,0.0,1.0,0.0
IND_KARNATAKA_CHITRADURGA,Karnataka,CHITRADURGA,2001,Summer,2.223277,-0.7896862835114367,-0.6853982879596192,-0.018470836404734677,-2.2381138373182194,1.8489400860016922,0.5782174340049745,1.6908712809638005,-1.0812697120871382,1.9126587743226642,-0.9042257801421284,-1.7781804027171881,-1.1412669508240894,-1.8503326185481874,-0.7587367326866749,-1.0365074206460874,-0.46140629977768,1.038630503842787,-0.4273493822258313,-0.8532712602654895,0.1567313323321738,-0.5683421201966956,0.0,1.0,0.0,0.0,0.0,0.0,1.0
IND_KARNATAKA_DAKSHINAKANNADA,Karnataka,DAKSHINA KANNADA,2001,Kharif,2.161065,-0.3180172871866034,-1.3294282739422296,-0.5491692637226949,0.4675331753528813,-1.668617191595769,1.00665111502152,-0.33676972969309965,1.269445721127392,-0.6603846072128072,3.932582955468018,1.9706064145110553,-1.259709086368,1.4959794128938644,0.9137807689633531,0.17750261562614897,-0.2261614617136705,-2.0435028208581296,4.123171754214037,3.5877534134934237,-1.3725057457003913,0.34575795656109437,0.0,1.0,0.0,0.0,1.0,0.0,0.0
IND_KARNATAKA_DAKSHINAKANNADA,Karnataka,DAKSHINA KANNADA,2001,Rabi,2.185218,-0.4658394534551573,-1.3294282739422296,-0.5491692637226949,-2.326823575438583,0.4564301828935753,0.922875758604485,0.8458816659768444,0.1357610008888651,-1.0463771988117154,-0.7790710109820644,-1.424137679281674,-1.9520698791382707,-0.4533567450076568,0.949060794246479,-1.5813057514283266,6.37255789219225,-0.30819289007137834,-0.4106087507898897,-0.6822880527726652,0.09492853282875409,0.20342443012399156,0.0,1.0,0.0,0.0,0.0,1.0,0.0
IND_KARNATAKA_DAKSHINAKANNADA,Karnataka,DAKSHINA KANNADA,2001,Summer,2.290551,-0.8171303945426976,-1.3294282739422296,-0.5491692637226949,-2.2381138373182194,-0.27877064073387664,1.5076843884294762,0.7886240753757193,1.11036203871566,-0.44566362234662554,1.245663986655592,-0.6295209420485391,-2.425585868762733,0.5253568828447801,0.9089027012073325,-1.5259809849982506,-0.5568890412268088,-1.310810459212961,1.7986929266644505,1.7927721057342278,-0.5226559318931695,-0.7908689705279653,0.0,1.0,0.0,0.0,0.0,0.0,1.0
IND_KARNATAKA_DHARWAD,Karnataka,DHARWAD,2001,Kharif,0.213695,-0.24423260180031153,-1.3656452247564865,0.3684610951399253,0.4675331753528813,-1.153594452770531,-0.6972804139587975,-1.344292652454779,0.015043826331030102,1.2569488217762466,-0.0407787564880674,0.5701684826530168,-0.11734775262833996,0.8944921851715216,-0.9984017993236093,-0.6423766255335391,-0.1609728750984651,-0.4044844699916283,-0.27483701094251656,0.04124142659986806,0.6149923750830202,0.40279114217271345,0.0,1.0,0.0,0.0,1.0,0.0,0.0
IND_KARNATAKA_DHARWAD,Karnataka,DHARWAD,2001,Summer,2.680851,-0.8536593437103865,-1.3656452247564865,0.3684610951399253,-2.2381138373182194,1.4583001973078225,-0.09933416481371703,0.8041987419387041,-0.744945468071374,0.9067025452060953,-0.7940605712291808,-1.679747228851911,-1.3333572186265783,-1.1444858678685044,-1.0047592810712507,-1.5175316514797121,-0.6839797599611369,1.2211280198387613,-0.3288325727682752,-0.7045525001891205,0.6903166718216299,-1.6681926016438224,0.0,1.0,0.0,0.0,0.0,0.0,1.0
IND_KARNATAKA_GADAG,Karnataka,GADAG,2001,Kharif,2.001418,-0.8484612363245,-1.1187200932133095,0.43114451806247717,0.4675331753528813,-0.5242636959635475,-0.5466566323914706,-0.8723275876416673,-0.06795654487736587,2.0457911026361195,-0.33878088488477287,-0.1533945208766399,-0.11734775262833996,0.45740759731635006,-0.9284095238568141,-0.25831155817786133,-0.6948072910747329,-0.01753657035417832,-0.36163136385500033,-0.3143407616146346,0.1056369922424629,-1.3880417785228591,0.0,1.0,0.0,0.0,1.0,0.0,0.0
IND_KARNATAKA_GADAG,Karnataka,GADAG,2001,Rabi,1.333333,-0.8595526387101909,-1.1187200932133095,0.43114451806247717,-2.326823575438583,1.7745080749572826,-1.134605082081741,0.6195667128296044,-2.616764065970693,-0.6148366381694185,-0.9910846405418173,-2.0134596963463873,-1.610469503225079,-2.9635946560205584,-0.8617999084897002,-1.702069993688935,-0.7037964427209037,2.2195530665827694,-0.4430663059840355,-0.9430991147406189,0.6854610905355557,-3.6981777209070517,0.0,1.0,0.0,0.0,0.0,1.0,0.0
IND_KARNATAKA_GADAG,Karnataka,GADAG,2001,Summer,2.404321,-0.8544809290722896,-1.1187200932133095,0.43114451806247717,-2.2381138373182194,1.8271931922152445,0.28419455806760047,1.45937304868842,-1.0659888271180489,1.5816321719683741,-0.8998095011015801,-1.7981530913426802,-1.3333572186265783,-1.7402813201683573,-0.9386354732716536,-1.1620963547998882,-0.6868380945300266,1.2342786149720268,-0.41400103701611773,-0.8447729974118562,0.13810809923601736,-1.7344692538341913,0.0,1.0,0.0,0.0,0.0,0.0,1.0
IND_KARNATAKA_HASSAN,Karnataka,HASSAN,2001,Kharif,2.536128,-0.03349595647218285,-0.9061681677665311,-0.5042975478074482,0.4675331753528813,-2.3456861220253713,-1.3166331436883731,-2.4149870247154115,-0.26086195302255255,0.2846460143103826,0.8672501205461289,1.2859160862857435,-0.23845572065701606,1.411775387191063,-1.9411883535833245,-1.5136621016364398,0.025212365576192698,-0.8957040898089003,0.5747399980817419,1.3240723969599157,1.9110308023561893,0.5342971423801147,0.0,1.0,0.0,0.0,1.0,0.0,0.0
IND_KARNATAKA_HASSAN,Karnataka,HASSAN,2001,Rabi,2.479508,-0.8287589873573252,-0.9061681677665311,-0.5042975478074482,-2.326823575438583,0.4640952090163015,-1.6773633566085513,-0.7217544199483634,-1.8716056239746606,-1.5512506923094704,-0.8126121667608271,-1.3943574300012085,-1.7489204152946687,-1.5694984450391616,-1.8913161084020702,-2.417814260585364,-0.15033062469121017,1.5796564623296143,-0.4640824224269984,-0.6693038292954646,1.9304429492943938,-0.933676228777684,0.0,1.0,0.0,0.0,0.0,1.0,0.0
IND_KARNATAKA_HASSAN,Karnataka,HASSAN,2001,Summer,2.285861,-0.8133384621031452,-0.9061681677665311,-0.5042975478074482,-2.2381138373182194,-0.11374220945773557,-0.6595758174747266,-0.5119282985754082,-0.7926683001688577,-0.2075067896717709,-0.17544303161135558,-0.8881953543234551,-1.7152487461882453,-0.42756477269776916,-1.9389792286363976,-2.2315370700288453,-0.5436962955881669,0.3877024515636756,0.13053115674194604,0.21818590066596863,1.565517071929258,-0.7526928295433215,0.0,1.0,0.0,0.0,0.0,0.0,1.0
IND_KARNATAKA_HAVERI,Karnataka,HAVERI,2001,Kharif,0.487431,0.031014294155703597,-1.2397488314249616,0.15122880816676934,0.4675331753528813,-1.477709174853179,-0.6372936172299504,-1.4875795848342743,0.18241080979654078,1.3898152652685325,0.7373889518246041,1.013756278110239,-0.17955184686304573,1.2091691130422666,-0.8688531146549984,-0.758977428089359,0.08220698888817964,-0.7033216217816951,0.519961600973007,0.8924936316848752,0.7215672197953306,0.5678727842132054,0.0,1.0,0.0,0.0,1.0,0.0,0.0
IND_KARNATAKA_HAVERI,Karnataka,HAVERI,2001,Summer,1.979037,-0.8317135347164766,-1.2397488314249616,0.15122880816676934,-2.2381138373182194,1.1809854161420525,0.037497032104268704,0.7085838324302645,-0.4543744469196959,1.1085091244726828,-0.4940114813793739,-1.3743336603306386,-1.392548721714964,-0.8116704195749124,-0.8761102400461674,-1.5694032120369994,-0.6076263402251358,0.9035596321426719,-0.07517386838458842,-0.33117238460040255,0.7101715807157833,-0.9786210810172115,0.0,1.0,0.0,0.0,0.0,0.0,1.0
IND_KARNATAKA_KODAGU,Karnataka,KODAGU,2001,Kharif,2.496307,-0.29488649930533334,-1.0603223205016303,-0.7035875144423978,0.4675331753528813,-2.418600206585149,-0.5943833538764649,-1.9588524422445823,0.37992936822883616,-2.562904453308211,2.900882147491752,2.213905432217497,-1.259709086368,1.8434750274672507,-0.8366258801355915,-1.1424792065438076,-0.20572545541254386,-1.4758618710897127,2.7427119871348795,3.4897464060598207,0.18675650786477438,0.3644332732596972,0.0,1.0,0.0,0.0,1.0,0.0,0.0
IND_KARNATAKA_KODAGU,Karnataka,KODAGU,2001,Rabi,1.909091,-0.8594262409622059,-1.0603223205016303,-0.7035875144423978,-2.326823575438583,0.5632295468702077,-0.9272358828058994,-0.3850587200318836,-0.7654674355134379,-2.8983523404030627,-0.7483504713788343,-1.3405180084890127,-1.9520698791382707,-0.5997807003518493,-0.8042691968918942,-2.2381495919129177,-0.701524779765617,1.1149092369792317,-0.4052091946073135,-0.591663437135088,1.2716072173581334,-3.2075946321239854,0.0,1.0,0.0,0.0,0.0,1.0,0.0
IND_KARNATAKA_KODAGU,Karnataka,KODAGU,2001,Summer,2.520548,-0.8515263817131382,-1.0603223205016303,-0.7035875144423978,-2.2381138373182194,-0.4639040585614295,-0.15574510626310784,-0.5160363990311498,0.1453042275812865,-2.6398971008093164,0.8598359294561564,-0.5370642504573864,-2.425585868762733,0.5317717254333485,-0.8373355990099255,-2.2337657348119953,-0.6765588120638825,-0.25287412824104727,1.2818610583039873,1.6840509694315453,0.6475749177095329,-1.5315134497214806,0.0,1.0,0.0,0.0,0.0,0.0,1.0
IND_KARNATAKA_KOLAR,Karnataka,KOLAR,2001,Kharif,2.281144,-0.7618155800807259,0.07396201585600445,-0.4458303378409435,0.4675331753528813,-1.3329309328090928,-0.9910600344349816,-1.5808470083679982,-0.2898073527622124,1.3722668670714409,-0.00809184446532256,0.2317565590113668,0.09517822577444857,0.7551685591174283,-1.655881366097837,-0.8348744848254437,-0.6182561373390137,-0.33320366718762,-0.10114794161973067,0.11061586415801065,1.106035753355078,-0.41855258442642473,0.0,1.0,0.0,0.0,1.0,0.0,0.0
IND_KARNATAKA_KOLAR,Karnataka,KOLAR,2001,Summer,2.054835,-0.5685850228485312,0.07396201585600445,-0.4458303378409435,-2.2381138373182194,0.5554857762168216,-0.5527745072403433,0.04293612671645767,-0.839521221521588,0.9419132922379264,-0.6013077206966368,-1.0135482389448303,-1.3791824781625988,-0.84388020761139,-1.6445858403512794,-1.9305203793727646,0.30784380737295275,0.8378066564763526,-0.3505713063955233,-0.4230282157664069,1.3781462409829606,0.06840884645665343,0.0,1.0,0.0,0.0,0.0,0.0,1.0
IND_KARNATAKA_KOPPAL,Karnataka,KOPPAL,2001,Kharif,3.591425,-0.26554642205429607,-0.8810958694992852,0.4841698717717585,0.4675331753528813,-0.3122007655940789,-0.3281645771528373,-0.5296548272818795,-0.008776240549509214,1.9709635172502362,-0.3323337621978414,-0.1789861244607098,0.13245077312063247,0.29799982932014724,-0.6933426358423788,0.020540938755684995,-0.17980362150940715,-0.008540647846677983,-0.3435458615483063,-0.336709470154775,-0.0113894472591694,0.38705075145311896,0.0,1.0,0.0,0.0,1.0,0.0,0.0
IND_KARNATAKA_KOPPAL,Karnataka,KOPPAL,2001,Summer,3.162555,-0.27301968890391404,-0.8810958694992852,0.4841698717717585,-2.2381138373182194,2.1185814639669838,0.6906744337119656,1.9766325544238394,-1.218763587418372,1.453551655257114,-0.9124297437612492,-1.8079095709525754,-1.2193277373798144,-2.088138468324791,-0.7067973063334071,-0.8814805186972651,1.3361673701173722,1.169740352912383,-0.4258840751576973,-0.8662613799109659,-0.1366578654593427,0.3813976404938723,0.0,1.0,0.0,0.0,0.0,0.0,1.0
IND_KARNATAKA_MANDYA,Karnataka,MANDYA,2001,Kharif,3.06262,0.05351309329704827,-0.5729209373097439,-0.6394047821920191,0.4675331753528813,-1.3800212790872826,-0.9413872692604827,-1.5887622495391462,-0.09259644055847135,0.7595163049166135,-0.07757570922373011,0.5028436652402322,-0.23845572065701606,0.9678359323205968,-1.3286709769047171,-0.8413155709569659,0.10208472315938023,-0.4062625290391007,-0.29420716602127306,0.036607079021008314,0.7844715834008931,0.5790132013641448,0.0,1.0,0.0,0.0,1.0,0.0,0.0
IND_KARNATAKA_MANDYA,Karnataka,MANDYA,2001,Rabi,1.894737,-0.8592998432142208,-0.5729209373097439,-0.6394047821920191,-2.326823575438583,1.0558011589078593,-1.0021336311668847,0.1269151802636977,-1.7828654025277482,-0.9883364415280154,-0.6834924171483001,-1.5718129806021288,-1.7489204152946687,-1.8247537607714586,-1.2751856628906617,-1.9649544748135301,-0.6992529649408988,1.5572929686714196,-0.23354746794043957,-0.5286433277581923,0.9921733752464402,-2.979486486127848,0.0,1.0,0.0,0.0,0.0,1.0,0.0
IND_KARNATAKA_MANDYA,Karnataka,MANDYA,2001,Summer,2.570723,-0.6355284301251305,-0.5729209373097439,-0.6394047821920191,-2.2381138373182194,0.4847832401776988,-0.20296099127961026,0.22933554190074018,-0.6718241461382585,0.16613735116117298,-0.4810688825853582,-0.8923329189747718,-1.7152487461882453,-0.7048729234424551,-1.3290808145645574,-1.8293977761900302,0.0749359361197438,0.5289261117498303,-0.24846148371610433,-0.27875748429504016,0.7849555574645921,-0.04831565246043878,0.0,1.0,0.0,0.0,0.0,0.0,1.0
IND_KARNATAKA_RAICHUR,Karnataka,RAICHUR,2001,Kharif,3.150453,0.3700130542516947,-0.5535249870824451,0.6262314428335712,0.4675331753528813,0.01877199078998815,0.003952104006510172,0.005331207160020847,0.16340436126540026,1.4118457218796103,-0.19763725146111832,0.11513853309832735,0.12762621763880852,0.1441720467569368,-0.2266874819017862,0.4558897869456207,0.38171158012478634,0.011933438016748404,-0.29137691538282356,-0.25749115828359675,-0.49781383197778206,0.7119016807619817,0.0,1.0,0.0,0.0,1.0,0.0,0.0
IND_KARNATAKA_RAICHUR,Karnataka,RAICHUR,2001,Summer,2.46018,-0.16543940565011078,-0.5535249870824451,0.6262314428335712,-2.2381138373182194,2.6948238868412813,1.2876233354661741,2.776086960696209,-1.3502693035664033,1.2377291475603802,-0.8922663675578699,-1.7458461011828237,-1.2271789147052434,-2.4976751485563895,-0.2454900340516282,-0.44777255556744244,1.7104579366882204,1.1918428591905896,-0.4251614579734119,-0.8554470568711829,-0.6848090898914845,0.45659165773556304,0.0,1.0,0.0,0.0,0.0,0.0,1.0
IND_KARNATAKA_UDUPI,Karnataka,UDUPI,2001,Kharif,2.201577,-0.03613450946137144,-1.4848945567694636,-0.3353775587209606,0.4675331753528813,-1.9721578107741493,0.3907769383869198,-0.9732995805282869,0.8232184041726505,-0.9747364329252654,3.674424045276551,1.979341273219391,-0.5839105295538212,1.5350012547581608,0.09690434063622486,-0.3404782652929089,0.022881321673217953,-1.8370015077213109,3.798234893680436,3.7005285610361556,-0.2179254359503842,0.5328686256176498,0.0,1.0,0.0,0.0,1.0,0.0,0.0
IND_KARNATAKA_UDUPI,Karnataka,UDUPI,2001,Rabi,1.820411,-0.656020665017212,-1.4848945567694636,-0.3353775587209606,-2.326823575438583,0.1340562175631738,-0.08570273690742075,-0.05056604541475086,-0.3230003081035913,-1.6849413787473775,-0.8174152731625914,-0.887837787007909,-1.642151819894568,-0.37469667030507026,0.13524665292152238,-2.059660482686532,2.9543598536045637,0.1676689647801907,-0.6691049757683749,-0.7015477887620692,1.3070049555315455,-0.09114077000699666,0.0,1.0,0.0,0.0,0.0,1.0,0.0
IND_KARNATAKA_UDUPI,Karnataka,UDUPI,2001,Summer,1.933793,-0.8481452419545372,-1.4848945567694636,-0.3353775587209606,-2.2381138373182194,-0.42024272943395147,0.8287097451628345,0.1701969529224295,0.672932870812311,-0.9950196464258029,1.0011729765604194,-0.4920618497436813,-2.0343037959445813,0.5329205459636701,0.0956248474542994,-1.8614807527386807,-0.6647951577749698,-0.9309219821303137,1.440194512460711,1.664581101452206,0.45957637431445364,-1.3755675603758957,0.0,1.0,0.0,0.0,0.0,0.0,1.0
IND_KARNATAKA_UTTARAKANNADA,Karnataka,UTTARA KANNADA,2001,Kharif,1.076402,0.4235740999603734,-1.6482627368515945,0.13753599437876132,0.4675331753528813,-1.5144342836204097,1.202739342284789,-0.12685031080064824,1.217501766734454,0.11873388590148665,1.7150789894910978,2.1938305815018495,-0.5548439357359289,1.2711911506171545,0.8877710716247931,0.34832609763135647,0.42903257626316055,-2.0639064885414666,1.2738319784785959,1.4782353310640313,-0.9488140189454364,0.7309410155561349,0.0,1.0,0.0,0.0,1.0,0.0,0.0
IND_KARNATAKA_UTTARAKANNADA,Karnataka,UTTARA KANNADA,2001,Rabi,1.873529,-0.8219967078401234,-1.6482627368515945,0.13753599437876132,-2.326823575438583,-0.24888848752815018,0.5459015541248582,0.1572526744900924,0.035285776785180696,-0.8756145715937979,-0.9513220113701655,-0.49844698037842944,-1.4561107870086305,-0.14842290934883226,0.9441827264904533,-1.9487660416084478,-0.028789670589523024,-0.5912132383842285,-0.988883152514162,-0.8868851055391238,1.3197209614713223,-0.84519099975084,0.0,1.0,0.0,0.0,0.0,1.0,0.0
IND_KARNATAKA_UTTARAKANNADA,Karnataka,UTTARA KANNADA,2001,Summer,1.868272,-0.8372908353463183,-1.6482627368515945,0.13753599437876132,-2.2381138373182194,-0.42791613263440653,1.5071005753226265,0.6723783756664579,1.0420123897501115,-0.11566257573113303,-0.062231557228832585,-0.5798190851876593,-1.7936873593780924,0.5017596810200982,0.8867114913335248,-1.5890448511148734,-0.6270308493480096,-1.4279246949881246,0.15034291121110027,0.20637630820689576,0.28714889605202365,-1.0782021710407363,0.0,1.0,0.0,0.0,0.0,0.0,1.0
IND_TAMILNADU_COIMBATORE,Tamil Nadu,COIMBATORE,2001,Kharif,3.526735,-0.6929446071473542,-0.5132307587234963,-1.2547600387087559,0.4675331753528813,-1.5598268754787117,-0.4646795419712689,-1.3981644459770004,0.33480230995258775,-0.0603965164740509,0.21852451798033046,0.8466190986150718,-0.9341788698131495,1.3208354199937056,-0.6258893546584157,-0.6862151965427578,-0.6268808023497596,-0.8929577807850976,-0.060540870402812544,0.3223620477639951,-0.11362717072453646,-0.18049965513868155,0.0,0.0,1.0,0.0,1.0,0.0,0.0
IND_TAMILNADU_CUDDALORE,Tamil Nadu,CUDDALORE,2001,Kharif,3.716817,0.8526944543697282,0.6401433328649972,-1.0173719561818362,0.4675331753528813,0.6624666435442561,1.3818483383571614,1.3461971383307005,0.9939163279257479,0.5235625179028608,0.016439457358453247,0.19237307325623987,0.4121416994421826,0.0940330472141224,1.2785762703751329,1.5470293702830533,0.09437218595378569,-0.4779834454687082,-0.05512124152067227,-0.19070587977031978,-1.2830464993415198,0.8597676002340364,0.0,0.0,1.0,0.0,1.0,0.0,0.0
IND_TAMILNADU_DHARMAPURI,Tamil Nadu,DHARMAPURI,2001,Kharif,3.487871,-0.0011381329880017477,0.08151263418860487,-0.8134084470008486,0.4675331753528813,-0.3988979353785346,-0.1987283462549432,-0.4054487424404306,0.19162041638936075,-0.09047948481192433,-0.05692879881883158,0.24187060593680762,0.1934512339665388,0.4632301908116459,-0.42826763429585607,0.12161456029482694,-0.30405802674240245,-0.17053767116168128,-0.1659426158106422,-0.09008258424179416,-0.0767140461306622,0.5514538781727318,0.0,0.0,1.0,0.0,1.0,0.0,0.0
IND_TAMILNADU_DINDIGUL,Tamil Nadu,DINDIGUL,2001,Kharif,4.739228,-0.6051297717347182,-0.12437908046125698,-1.4464023570080367,0.4675331753528813,-0.927212304201662,-0.27664307047331793,-0.8856601041390634,0.16669307560004581,0.970628852924079,-0.007543839036933122,0.21280549128743387,0.3447863349173721,0.7432760070437073,-0.5390837390980743,-0.2691609922320949,-0.585903088623233,-0.5304978032766445,-0.09301849829652112,0.013828964166357592,0.5379062010807033,0.008489668440410473,0.0,0.0,1.0,0.0,1.0,0.0,0.0
IND_TAMILNADU_ERODE,Tamil Nadu,ERODE,2001,Kharif,4.634267,-0.062125046390804024,-0.3222312979575126,-1.042661916644677,0.4675331753528813,0.014482926992356718,0.08052892318833733,-0.05720822688422044,0.16197625428562745,-0.84065451596478,-0.29468256570615936,-0.1768407205674349,0.2982475142049804,0.18229481168447115,-0.15985395522783438,0.4049978592600494,-0.3325168394975292,-0.04686574236491542,-0.2974990887496845,-0.33897059099979765,-0.3044114272869732,0.5185475695811032,0.0,0.0,1.0,0.0,1.0,0.0,0.0
IND_TAMILNADU_KANNIYAKUMARI,Tamil Nadu,KANNIYAKUMARI,2001,Kharif,4.300188,-0.41358978438182387,-0.31241896934442215,-2.2087839546155306,0.4675331753528813,-1.595055279691564,0.34465570294575437,-0.8311562951621222,1.0851097965741696,0.8898758343807425,1.4394000233978912,1.8115911211832878,0.30232844273052806,1.7011735063738973,0.520236655120486,-0.2248081139652204,-0.4965233721454342,-1.5064409657971762,1.08071253597836,1.4257101077312262,0.44170138815762344,0.2590617041374142,0.0,0.0,1.0,0.0,1.0,0.0,0.0
IND_TAMILNADU_KARUR,Tamil Nadu,KARUR,2001,Kharif,3.611558,-0.6140882121231609,0.026074902983970957,-1.2962782482065152,0.4675331753528813,0.4017719845943283,0.5739969517533682,0.5643940208297287,0.5755184390973009,0.6344744718758418,-0.20879077370951032,-0.16846342917464602,0.8567985491300792,0.18505864078640882,0.6456469790288685,0.9108312925698425,-0.5900834465926957,-0.09878154564201881,-0.19382359550431424,-0.31122798049111966,-0.38421785427427246,-0.007513099362661511,0.0,0.0,1.0,0.0,1.0,0.0,0.0
IND_TAMILNADU_MADURAI,Tamil Nadu,MADURAI,2001,Kharif,3.986291,0.21685058313077105,-0.013487650828255086,-1.6214322694168066,0.4675331753528813,-0.012100333003386062,0.45064210738516797,0.24664072697072437,0.7337404876122038,-0.6649426327185497,0.32773877629695586,0.7902256248489776,1.0114629341088783,0.5425439991017267,0.6442875175230857,0.6522571960807964,-0.20233633718081642,-0.3356683034910377,0.09763200215740353,0.17690703808794067,0.004493027464799755,0.6524980446695905,0.0,0.0,1.0,0.0,1.0,0.0,0.0
IND_TAMILNADU_NAMAKKAL,Tamil Nadu,NAMAKKAL,2001,Kharif,4.569543,-0.5221022510270171,0.05618673883841943,-1.0910418993106639,0.4675331753528813,0.21269575551530956,0.29106652484614737,0.29831551438841597,0.40272198368306544,-0.1401619628244776,-0.1579713291297699,0.014202388024227523,0.47724513705222454,0.20506667039523827,0.23409000023437668,0.6943079370991426,-0.5471593742329993,-0.04302795154957467,-0.2023143474196653,-0.24734321360710976,-0.46220728647954423,0.13457681187252604,0.0,0.0,1.0,0.0,1.0,0.0,0.0
IND_TAMILNADU_PERAMBALUR,Tamil Nadu,PERAMBALUR,2001,Kharif,2.435876,-0.08961655657755944,0.3868219193408594,-1.1258900482043204,0.4675331753528813,0.2223684879339287,0.4632184147285686,0.42429726169792525,0.46291977916261473,0.2626155576993127,-0.12020730799106703,0.05823424888145151,0.47724513705222454,0.19511498281994552,0.3330308089419493,0.796826517124065,-0.3453454022396088,-0.15999254869204016,-0.17258667936615313,-0.22561472589916864,-0.5645921215427927,0.5028823513010122,0.0,0.0,1.0,0.0,1.0,0.0,0.0
IND_TAMILNADU_PUDUKKOTTAI,Tamil Nadu,PUDUKKOTTAI,2001,Kharif,2.641916,0.4596764567286125,0.3933337288818307,-1.4549727135244714,0.4675331753528813,0.6104840838718945,1.0054591632617038,1.026878853821896,0.8362823564697077,0.4108273537275878,-0.11056885957410356,-0.015935428571782366,0.8567985491300792,0.14352984894496254,1.135972756834848,1.2871817510607715,-0.08902473195987035,-0.2465540965772728,-0.13143764526102053,-0.26551798663469484,-0.7408325953569613,0.743331085493158,0.0,0.0,1.0,0.0,1.0,0.0,0.0
IND_TAMILNADU_RAMANATHAPURAM,Tamil Nadu,RAMANATHAPURAM,2001,Kharif,1.364472,1.1077335103666281,0.36740765376867396,-1.7949314082219572,0.4675331753528813,-0.288633253581037,1.3795374114758823,0.7426825710116611,1.4869789603957062,1.4285584820673154,0.2792402958845114,0.6796351622551395,1.0114629341088783,0.8807539090159601,1.4402722212393246,1.0559149208707626,0.2133829953278971,-1.22584212265244,0.08069064372582754,0.07603783419097762,-0.40937155034985984,0.9217679377421385,0.0,0.0,1.0,0.0,1.0,0.0,0.0
IND_TAMILNADU_SALEM,Tamil Nadu,SALEM,2001,Kharif,4.418922,-0.12913165254139586,0.1037089536855479,-0.9883955533599948,0.4675331753528813,0.21269575551530956,0.29106652484614737,0.29831551438841597,0.40272198368306544,-0.1401619628244776,-0.1579713291297699,0.014202388024227523,0.47724513705222454,0.20506667039523827,0.23409000023437668,0.6943079370991426,-0.36378462925633176,-0.04302795154957467,-0.2023143474196653,-0.24734321360710976,-0.46220728647954423,0.47935731124071695,0.0,0.0,1.0,0.0,1.0,0.0,0.0
IND_TAMILNADU_SIVAGANGA,Tamil Nadu,SIVAGANGA,2001,Kharif,2.066256,0.36086501724127434,0.25050409477294255,-1.6045227822246366,0.4675331753528813,0.3209499386576674,1.059510526737563,0.904147471708143,1.065760910996104,0.18452138736765256,0.06675924992995634,0.3022484012189865,1.0114629341088783,0.4139474550181318,1.2247975725728915,1.1873081797894804,-0.13513381003545613,-0.513843903683516,-0.035630650244534115,-0.11320530887245453,-0.5350226838716795,0.7085670902546393,0.0,0.0,1.0,0.0,1.0,0.0,0.0
IND_TAMILNADU_THANJAVUR,Tamil Nadu,THANJAVUR,2001,Kharif,2.92281,2.1764896684544928,0.5755751674258607,-1.3722110581466194,0.4675331753528813,0.31969896171669254,1.654951244632414,1.325671684039002,1.216776350114375,1.1830328414915146,-0.036152945960193264,0.027381297654348158,0.5689447635647741,0.2730540120903096,1.4276572181488711,1.5303266298203213,0.7121044394110594,-0.9457538113134166,-0.05578364060626734,-0.22972024615969108,-1.1582454989149173,1.1155199593874712,0.0,0.0,1.0,0.0,1.0,0.0,0.0
IND_TAMILNADU_THENILGIRIS,Tamil Nadu,THE NILGIRIS,2001,Kharif,3.918292,-0.8255674442207019,-0.6512157492996632,-1.0589889488710345,0.4675331753528813,-1.7639595055973445,-1.0480547889912142,-1.9438044552272098,-0.19585194204918666,-0.14821447455128545,-0.013168953581280967,0.4548274828669269,-0.7983988011916345,1.1213735366132087,-1.5930862397792789,-1.130233795647375,-0.6887675956563081,-0.6316359144421312,-0.19512832097593966,0.1634183152865233,0.6507702835166773,-0.8897251592473402,0.0,0.0,1.0,0.0,1.0,0.0,0.0
IND_TAMILNADU_THENI,Tamil Nadu,THENI,2001,Kharif,4.47021,-0.5843373421911721,-0.28464257477421645,-1.6145979360239784,0.4675331753528813,-1.8085702368675214,-0.918667209185566,-1.8236011349323773,-0.05484321206391541,-0.8312345965862556,0.6697908704521238,1.2410158476621926,-0.08841344824202577,1.2022714328395077,-1.293924740183414,-1.0324174534066823,-0.5762006062576491,-0.7604307658410168,0.3464732586458567,0.9074773334024272,1.2318361050233948,0.043560301281286525,0.0,0.0,1.0,0.0,1.0,0.0,0.0
IND_TAMILNADU_THIRUVALLUR,Tamil Nadu,THIRUVALLUR,2001,Kharif,3.406092,0.6322409821652464,0.8951906154258501,-0.3953407852422446,0.4675331753528813,0.3187160512630638,1.7193166396626407,1.3719893880784804,1.2184359282647383,0.8989918853922171,0.497894461811804,0.40057941299410565,-0.17485456984947922,0.2563901681246014,1.2940501410438892,1.5680180045595398,-0.008499610811997866,-0.9931100374292002,0.46265404371927416,0.17775513740227178,-1.7145759996154495,0.7982234770111545,0.0,0.0,1.0,0.0,1.0,0.0,0.0
IND_TAMILNADU_THIRUVARUR,Tamil Nadu,THIRUVARUR,2001,Kharif,2.633383,1.9009583775655112,0.7291211567861182,-1.378547085218193,0.4675331753528813,0.31969896171669254,1.654951244632414,1.325671684039002,1.216776350114375,1.1830328414915146,-0.036152945960193264,0.027381297654348158,0.5689447635647741,0.2730540120903096,1.4276572181488711,1.5303266298203213,0.5835313231565712,-0.9457538113134166,-0.05578364060626734,-0.22972024615969108,-1.1582454989149173,1.0730367681166084,0.0,0.0,1.0,0.0,1.0,0.0,0.0
IND_TAMILNADU_TIRUCHIRAPPALLI,Tamil Nadu,TIRUCHIRAPPALLI,2001,Kharif,4.100142,0.2829882047639654,0.24439146582549692,-1.274815953480065,0.4675331753528813,0.5483373365541035,0.8191741310842832,0.8505766379262724,0.673652255153393,0.6391084644733387,-0.16852849252962107,-0.08188105776746146,0.8567985491300792,0.1113153038876542,0.8580628393072565,1.143714516998188,-0.17147403880392426,-0.16071433503803464,-0.17770521775484047,-0.2990662118045063,-0.6088920337940023,0.6791239411742803,0.0,0.0,1.0,0.0,1.0,0.0,0.0
IND_TAMILNADU_TIRUNELVELI,Tamil Nadu,TIRUNELVELI,2001,Kharif,4.030535,0.27771109878558825,-0.21908538071159234,-2.009170930358211,0.4675331753528813,-1.3814956447677125,0.14555110796377152,-0.8240536452899122,1.0358050343826524,0.11106120963349425,1.4793883018635874,1.9137532113392575,0.30232844273052806,1.6408211831101631,0.5500048636809025,-0.21902828002210548,-0.17393660163451488,-1.1940483143382865,1.0903675044683954,1.4627380390160976,0.43423507135110356,0.6770567863355633,0.0,0.0,1.0,0.0,1.0,0.0,0.0
IND_TAMILNADU_TIRUVANNAMALAI,Tamil Nadu,TIRUVANNAMALAI,2001,Kharif,3.023605,1.0788358252335388,0.5691892171779028,-0.6941694517979556,0.4675331753528813,0.5184479232143391,0.8750499105190654,0.8899120759897008,0.773205340199109,0.08659980608602692,0.18340381714326942,0.44987262149436225,0.2849103342398513,0.2051094835827089,0.8376709167205353,1.1757240210814561,0.19989820477262088,-0.2247068562019245,0.051625374757909265,-0.017699506567114994,-1.0626037256388219,0.9151601059023966,0.0,0.0,1.0,0.0,1.0,0.0,0.0
IND_TAMILNADU_VELLORE,Tamil Nadu,VELLORE,2001,Kharif,3.894831,0.09016844021272218,0.4730824974806388,-0.5657191069252958,0.4675331753528813,-0.5031757989585113,-0.22084026767689666,-0.5111157072764643,0.08243967378818073,0.783673840097029,0.0014498971113361028,0.31956487550042306,0.2849103342398513,0.43807506466530427,-0.6515391945395812,0.035627284980086146,-0.2614509058860945,-0.23671315590859524,-0.12376987402777229,-0.023438791420831467,0.1027988828953357,0.5965883450754477,0.0,0.0,1.0,0.0,1.0,0.0,0.0
IND_ANDHRAPRADESH_ADILABAD,Andhra Pradesh,ADILABAD,2002,Kharif,1.544999,0.27256039055519615,0.35229514612201734,1.8139650479090488,0.4675331753528813,0.07457449790712847,0.05671421353808685,0.11057682835956945,0.29152169018986535,0.049299964030733515,0.23804318191501656,1.2749847426390577,-0.0545263077129624,0.1145500780517083,0.11921550299581861,0.5415341907552551,-0.1887188127424729,0.01772533332979706,-0.2045624897707772,0.11612132480265927,-0.7326407941025193,0.6750298737529636,1.0,0.0,0.0,0.0,1.0,0.0,0.0
IND_ANDHRAPRADESH_ADILABAD,Andhra Pradesh,ADILABAD,2002,Rabi,2.177925,-0.7784368839407643,0.35229514612201734,1.8139650479090488,0.3788234372325174,1.263803335559481,-1.4882388511430138,-0.04003473248514182,-2.833805823467433,-1.0967353852186488,-0.9816234879987449,-1.5318676033511445,1.0790858840748285,-2.6708624158417016,0.316888142415414,0.34046454383585617,-0.595194156699081,2.0730100569497223,-0.6205290428247551,-0.9528954281019996,0.412371435924785,-0.5017316055490086,1.0,0.0,0.0,0.0,0.0,1.0,0.0
IND_ANDHRAPRADESH_ANANTAPUR,Andhra Pradesh,ANANTAPUR,2002,Kharif,2.282013,-0.4003654199988846,-0.2678187564418995,-0.006791370403704205,0.4675331753528813,0.5372572550768793,0.11244403969614242,0.37199045882550597,0.010742671124775116,1.9599482889447022,-0.4953009059167605,-0.5480977561942316,0.8749903503569315,-0.2577724282307935,-0.2814657837524212,0.7542614688480719,-0.4953735686800995,0.3420186572252287,-0.4014555997889431,-0.54109731046063,-0.2111042268668725,0.27210906235177507,1.0,0.0,0.0,0.0,1.0,0.0,0.0
IND_ANDHRAPRADESH_ANANTAPUR,Andhra Pradesh,ANANTAPUR,2002,Rabi,1.866971,-0.6864351231261224,-0.2678187564418995,-0.006791370403704205,0.3788234372325174,0.7116730118876703,-1.0749802118484657,-0.1506119968196405,-1.4999482479871695,0.12564017592883053,-0.9894406242566498,-1.1023270952903679,1.6764608605891105,-1.185999363654023,-0.15496384804182395,0.25146489744059203,-0.4711230578698182,1.3388162026867982,-0.7990556327423395,-0.9593554039051968,1.0203347816681698,-0.1633913085226247,1.0,0.0,0.0,0.0,0.0,1.0,0.0
IND_ANDHRAPRADESH_CHITTOOR,Andhra Pradesh,CHITTOOR,2002,Kharif,2.483985,-0.5414411064687348,0.42459567446986046,-0.36461738338663735,0.4675331753528813,-0.33404818431327415,-0.3698585632003742,-0.5062401594828456,-0.1553167106552345,0.9736675365945756,-0.2729235266377648,-0.007149488818369673,0.6220088607088583,0.14147957296745103,-0.9703529097263802,0.03959479811052637,-0.5596623289140993,0.0044162972913160715,-0.33708245228886546,-0.28259507795541644,0.38962810118349117,0.10822821972083994,1.0,0.0,0.0,0.0,1.0,0.0,0.0
IND_ANDHRAPRADESH_CHITTOOR,Andhra Pradesh,CHITTOOR,2002,Rabi,2.558001,-0.3850712924926896,0.42459567446986046,-0.36461738338663735,0.3788234372325174,-0.29589820096201397,-1.636518107008448,-1.3575290613665878,-1.026175820653972,-0.11261360922225318,-0.8393354902981597,-0.5465653248418911,1.2552713543084424,-0.1408285351925723,-0.8348883363471992,-0.7199390581515394,-0.06471241029099803,0.9511702487971905,-0.8305095529583112,-0.7924757447817045,2.0620911876554806,0.28673791058595477,1.0,0.0,0.0,0.0,0.0,1.0,0.0
IND_ANDHRAPRADESH_EASTGODAVARI,Andhra Pradesh,EAST GODAVARI,2002,Kharif,2.829002,2.218327323037555,1.9295220096615435,0.9989009108529308,0.4675331753528813,0.24539986697226085,1.2306893947752322,0.938577266003903,1.2693403666733902,-0.26725490734283186,0.06329392148573015,0.4825644903442737,-0.6964206867228081,0.5362266754401662,1.2224584990997185,1.2153256799205128,0.697974203772218,-0.6972656582932809,-0.11080291010976419,-0.11912772448068451,-1.8208138768166076,1.121631396311986,1.0,0.0,0.0,0.0,1.0,0.0,0.0
IND_ANDHRAPRADESH_EASTGODAVARI,Andhra Pradesh,EAST GODAVARI,2002,Rabi,4.622004,0.8219166027353606,1.9295220096615435,0.9989009108529308,0.3788234372325174,0.8349232440842245,-0.2231307664752523,0.2398164232893228,-0.05292764687288726,-0.6279084656305742,-0.7947375191113089,-0.7585005808704516,0.6354683081789188,-0.25645575845446594,1.4495633475752985,0.5657066318648186,1.5629972748554368,0.8194571279567908,-0.6916867627772888,-0.7910651697689941,-0.2026965880182953,0.851668130055952,1.0,0.0,0.0,0.0,0.0,1.0,0.0
IND_ANDHRAPRADESH_GUNTUR,Andhra Pradesh,GUNTUR,2002,Kharif,3.186999,2.347000230486369,0.9900908704822137,0.6550402800936405,0.4675331753528813,0.6311028645240705,1.3203290322228385,1.3101722574110888,0.9378145901667586,0.3699570583594634,-0.01647310395833455,0.2221022414916271,-0.11678552254415177,0.044008216171204574,1.189451573422544,1.5177138565969976,0.7566108393767947,-0.4581783323161927,-0.10779200517524276,-0.2132995891623788,-1.635055456793467,1.139919602266212,1.0,0.0,0.0,0.0,1.0,0.0,0.0
IND_ANDHRAPRADESH_GUNTUR,Andhra Pradesh,GUNTUR,2002,Rabi,2.719072,-0.8166880024247499,0.9900908704822137,0.6550402800936405,0.3788234372325174,0.7948336046946454,-0.2584728282895842,0.21057460957841154,0.036857171860106994,0.005053959717612797,-0.8013458198654139,-0.6873957661218958,0.7674510687986347,-0.11297623079967493,1.391329729321886,0.5421709521218756,-0.646778431516477,0.8134410421670467,-0.7278577673906784,-0.7961696160844124,-0.0712343031512952,-0.7862432010103875,1.0,0.0,0.0,0.0,0.0,1.0,0.0
IND_ANDHRAPRADESH_KARIMNAGAR,Andhra Pradesh,KARIMNAGAR,2002,Kharif,2.586998,1.2475294196381295,0.6485176720929396,1.5303178944226856,0.4675331753528813,0.3990689808468689,0.415005182321191,0.5292419231571329,0.41807974513790386,-0.13871858808099483,0.11630538777902612,0.9455120018860508,0.22743959595460633,-0.028660034020078336,0.4548625503571516,0.882226012715782,0.2555780944167434,0.014151610689849265,-0.2267026773892938,-0.036001324387399336,-0.8400364285106372,0.9524220916201677,1.0,0.0,0.0,0.0,1.0,0.0,0.0
IND_ANDHRAPRADESH_KARIMNAGAR,Andhra Pradesh,KARIMNAGAR,2002,Rabi,3.150994,-0.09260270337370702,0.6485176720929396,1.5303178944226856,0.3788234372325174,1.5650289809334106,-0.9313738799529165,0.5092001660392739,-2.13352849008053,-1.0433548627557228,-0.9606703392662165,-1.6357664490397659,1.1081905612139256,-2.2841958622815413,0.6517162876314935,0.7825238771970325,0.32970252650768855,1.9073897070281163,-0.5536066624801156,-0.9382540990812053,-0.05848005007027063,0.501147219615074,1.0,0.0,0.0,0.0,0.0,1.0,0.0
IND_ANDHRAPRADESH_KHAMMAM,Andhra Pradesh,KHAMMAM,2002,Kharif,1.708997,0.7033081159698589,1.2322371058845452,1.2141443629051327,0.4675331753528813,0.18242658131846273,0.6242292044885891,0.5552448447231633,0.8836266279890991,-0.5970280526830375,0.08323164839506628,0.8876371778126918,-0.0044337118159927,0.41437558689278375,0.8291542902284181,0.9033860827448189,0.007574401679679245,-0.30799395871260005,-0.24514948828813,-0.06633948291678261,-1.0377915194097445,0.8190044193288755,1.0,0.0,0.0,0.0,1.0,0.0,0.0
IND_ANDHRAPRADESH_KHAMMAM,Andhra Pradesh,KHAMMAM,2002,Rabi,2.419984,-0.7810122380559603,1.2322371058845452,1.2141443629051327,0.3788234372325174,1.2327253953904471,-0.9028690437366215,0.20394119085938583,-0.8016533518241005,-0.8904331070381827,-0.8711842763716029,-1.0174814794158347,1.049874974513398,-0.8964287039090552,1.0372386065995853,0.5368319529710318,-0.5986671068569562,1.6248828618958442,-0.6851229900200315,-0.8573522855887301,0.16221106147810715,-0.516127654860522,1.0,0.0,0.0,0.0,0.0,1.0,0.0
IND_ANDHRAPRADESH_KRISHNA,Andhra Pradesh,KRISHNA,2002,Kharif,3.121,2.9941093010144963,1.3401384380599264,0.8092353539734269,0.4675331753528813,0.5305555928930628,1.2583961918044995,1.1766966125669243,1.101204478064836,-0.16834575386829648,0.07554345459089992,0.47704773747584933,-0.11678552254415177,0.2639823733684739,1.3076447561017015,1.4090970619456495,1.051500726070057,-0.49259521783901716,-0.09337980688866433,-0.13056327561851103,-1.5502915986358825,1.2220058598922747,1.0,0.0,0.0,0.0,1.0,0.0,0.0
IND_ANDHRAPRADESH_KRISHNA,Andhra Pradesh,KRISHNA,2002,Rabi,2.603204,-0.8250776529472598,1.3401384380599264,0.8092353539734269,0.3788234372325174,1.1666621868188867,-0.3077844733401977,0.40470860695158056,-0.01345222559057562,-0.42398718917147465,-0.8523264425123271,-0.8483010581175477,0.7674510687986347,-0.2887569285982532,1.517357709124031,0.6984223951603389,-0.6580925522883655,1.1421542740157644,-0.7281187124850041,-0.8443863023685051,-0.23752525848982328,-0.8833472636311541,1.0,0.0,0.0,0.0,0.0,1.0,0.0
IND_ANDHRAPRADESH_KURNOOL,Andhra Pradesh,KURNOOL,2002,Kharif,2.096,-0.1020351353170938,-0.0734708749325743,0.40315814233704866,0.4675331753528813,0.4344984349252338,0.25012663072828456,0.43567353988306035,0.32233415042007446,0.8197582086841209,-0.23198429757574715,0.3138948794967669,0.7191714394298397,-0.0027580556035097688,0.10875964464988266,0.80608404776177,-0.35942339479403934,0.16139602527435512,-0.41225471215409476,-0.321248561998962,-0.3856402294510344,0.4956216993211311,1.0,0.0,0.0,0.0,1.0,0.0,0.0
IND_ANDHRAPRADESH_KURNOOL,Andhra Pradesh,KURNOOL,2002,Rabi,2.26499,-0.6862139270671486,-0.0734708749325743,0.40315814233704866,0.3788234372325174,1.0528753680895042,-1.0720534857831139,0.047386423385260744,-1.1666731338248564,-0.3152291750599552,-0.9817685482592009,-1.131034642624195,1.5252770907304536,-1.010391810900884,0.2582300514152678,0.41082667484674995,-0.4708247863064953,1.6055886695997577,-0.7782201705954483,-0.953554435020748,0.6956965045225928,-0.16282131650516998,1.0,0.0,0.0,0.0,0.0,1.0,0.0
IND_ANDHRAPRADESH_MAHBUBNAGAR,Andhra Pradesh,MAHBUBNAGAR,2002,Kharif,2.025003,0.352412167844772,-0.01616497855024476,0.8470213881531867,0.4675331753528813,0.12262541576500008,-0.06165389387577062,0.01667738937112382,0.19098478252636816,0.6315877223888751,-0.14303012230280582,0.6009192717899642,0.62125420963328,0.1164624004251652,-0.258674811449621,0.4651228267615279,-0.15233013762537953,0.141256425766383,-0.414261982110443,-0.2100129178358019,-0.10559506255826133,0.7054636130135995,1.0,0.0,0.0,0.0,1.0,0.0,0.0
IND_ANDHRAPRADESH_MAHBUBNAGAR,Andhra Pradesh,MAHBUBNAGAR,2002,Rabi,2.001992,-0.32816070646240625,-0.01616497855024476,0.8470213881531867,0.3788234372325174,0.9293766930572998,-1.275792970870067,-0.148147286194688,-1.674088273993945,-0.5458023094969493,-0.998353771371333,-1.3127810010116652,1.268457203181386,-1.4691973238098712,-0.10412818337423542,0.2534486540058105,0.012035566227850621,1.6557108518006525,-0.7274563133994094,-0.9675130477418791,0.6756454884733343,0.33731539995981513,1.0,0.0,0.0,0.0,0.0,1.0,0.0
IND_ANDHRAPRADESH_MEDAK,Andhra Pradesh,MEDAK,2002,Kharif,2.112001,0.08188938771969928,0.03211990604263495,1.3014749238188337,0.4675331753528813,-0.060888433701475564,-0.25443384686689,-0.2200274464122639,-0.09060508706359391,0.4774504932031372,0.0065592418407296885,0.8842147477924688,0.5181736832346504,-0.04673195615131014,-0.5536179819613534,0.27250251336065745,-0.2756083261531614,0.13615110770928474,-0.3392904492408481,-0.05188662943110571,0.024663321730824177,0.5926788243979644,1.0,0.0,0.0,0.0,1.0,0.0,0.0
IND_ANDHRAPRADESH_MEDAK,Andhra Pradesh,MEDAK,2002,Rabi,1.757977,-0.5793446311457613,0.03211990604263495,1.3014749238188337,0.3788234372325174,0.8967177530249962,-1.3826799580970022,-0.2236404597813319,-2.468960073839408,-0.7823663514909308,-0.9872324847363756,-1.4132574166800627,1.2466264403935694,-2.2686320465303043,-0.38911110033177504,0.19268692513772148,-0.326703885140225,1.7073281559137765,-0.6741231506592449,-0.9569186357515396,0.733068653234139,0.051586747902734056,1.0,0.0,0.0,0.0,0.0,1.0,0.0
IND_ANDHRAPRADESH_NALGONDA,Andhra Pradesh,NALGONDA,2002,Kharif,2.244001,0.6256998987070183,0.531295707870846,1.0186224262280383,0.4675331753528813,0.6833534906837726,0.6947246371407476,0.8807628998831275,0.5420369058418406,0.15048813025813768,-0.13195718908800022,0.49043097128628144,0.41858680046079355,-0.10407784225080827,0.6078619460005028,1.1682788112564257,-0.027791888425046863,0.03575238743483269,-0.3570547883545266,-0.27169532294013155,-0.9569112363196917,0.7962612714664663,1.0,0.0,0.0,0.0,1.0,0.0,0.0
IND_ANDHRAPRADESH_NALGONDA,Andhra Pradesh,NALGONDA,2002,Rabi,2.301009,-0.2645826392259098,0.531295707870846,1.0186224262280383,0.3788234372325174,1.2987660182496548,-0.7460801473786618,0.37023308672842137,-1.0603253123551903,-0.668001462358125,-0.961234462501323,-1.326215315867176,1.1403228623892998,-1.2090805601281227,0.7991296086735176,0.6706742940690306,0.09777512430377301,1.563458270001214,-0.6759497663195215,-0.9377082887157846,0.08662509625126129,0.38777461725920603,1.0,0.0,0.0,0.0,0.0,1.0,0.0
IND_ANDHRAPRADESH_NIZAMABAD,Andhra Pradesh,NIZAMABAD,2002,Kharif,1.558995,0.5602100655322475,0.0011331602520301002,1.4956215789529068,0.4675331753528813,0.08706192844294325,-0.08534697579543161,-0.008964380506491584,0.03476517006541138,0.278872515336446,0.08592332211686042,0.9769268446090132,0.2818426224970587,-0.0556846693524075,-0.23926250083027967,0.4442566465940085,-0.05763590226422026,0.13037681694126071,-0.27688442629799187,-0.004042018545555159,-0.35978829432788156,0.7761250364485301,1.0,0.0,0.0,0.0,1.0,0.0,0.0
IND_ANDHRAPRADESH_NIZAMABAD,Andhra Pradesh,NIZAMABAD,2002,Rabi,2.296015,-0.5804506114406308,0.0011331602520301002,1.4956215789529068,0.3788234372325174,1.207881111825068,-1.3228419369457969,0.04011400561531455,-2.687706993999713,-0.9413558212726034,-0.9827839700823927,-1.5731410877741567,1.1655239991042947,-2.60737589918029,-0.06675436867429263,0.4049733684382593,-0.32819539482627064,1.9092408103480298,-0.6057555359460344,-0.9544191121782861,0.4075081146595148,0.04982113568424864,1.0,0.0,0.0,0.0,0.0,1.0,0.0
IND_ANDHRAPRADESH_PRAKASAM,Andhra Pradesh,PRAKASAM,2002,Kharif,2.437007,-0.5553606584655919,0.7958439581818378,0.4707338942814897,0.4675331753528813,0.44207131319293697,1.863129268316702,1.6075806728226067,1.1126763295649,1.3758373203842686,0.02883405072407976,-0.05608513000307896,0.2362127905303988,-0.008352312098985331,1.3332146276589683,1.7597321575540676,-0.5660054594565156,-0.9999758099887235,0.05794827512040597,-0.2017474499472669,-1.5724522937010266,0.08825236666360824,1.0,0.0,0.0,0.0,1.0,0.0,0.0
IND_ANDHRAPRADESH_PRAKASAM,Andhra Pradesh,PRAKASAM,2002,Rabi,2.256993,-0.1292896497263772,0.7958439581818378,0.4707338942814897,0.3788234372325174,-0.13926628593853252,0.5271440683946982,0.20792732779604312,0.37744519156893697,0.9334142115297106,-0.653642239107806,-0.2725665990435804,0.757333933861157,0.18884925049478407,1.534498322896636,0.5400402506259001,0.2802275662233837,-0.4912486160386503,-0.7069219417459695,-0.6664420858472792,-0.07706850066988058,0.47926071646837115,1.0,0.0,0.0,0.0,0.0,1.0,0.0
IND_ANDHRAPRADESH_SRIKAKULAM,Andhra Pradesh,SRIKAKULAM,2002,Kharif,1.747003,1.56009525068674,2.8367514851732647,1.597894743958143,0.4675331753528813,-0.8000594337009761,1.9948521005497508,0.9024019052141207,1.7400155283804295,1.8071784674106897,0.2551602926488202,0.6090922390024414,-0.7685374685916352,0.9268874970203478,1.2278563609608897,1.1858877121254914,0.3980153710662126,-2.074187542835747,0.0784224286751536,0.03891230263515613,-1.8512652550534874,1.0141859613424036,1.0,0.0,0.0,0.0,1.0,0.0,0.0
IND_ANDHRAPRADESH_SRIKAKULAM,Andhra Pradesh,SRIKAKULAM,2002,Rabi,2.53481,-0.8496146157748639,2.8367514851732647,1.597894743958143,0.3788234372325174,-1.2254809491287921,0.6582072885816005,-0.29037021781258693,0.1576654240262201,1.1387180051173456,-0.6471145273872876,-0.17627882907157702,0.30782847606751407,0.2135079907162317,1.4927585028017696,0.13897855294596842,-0.6911823196159992,-1.4421105540840466,-0.7366295370999195,-0.640600846457871,0.0008250947804838397,-1.4367801743981834,1.0,0.0,0.0,0.0,0.0,1.0,0.0
IND_ANDHRAPRADESH_VIZIANAGARAM,Andhra Pradesh,VIZIANAGARAM,2002,Kharif,1.228001,0.6254945023665426,2.5004643770907284,1.5280363685641372,0.4675331753528813,-1.016746510977263,-0.2868111487509443,-0.8310961032140325,0.2049452998241735,-0.5591204738936424,0.12866774553121746,0.793545892779046,-0.5043885460947933,0.6738044748498335,-0.7705320604574163,-0.22475913232163472,-0.027885439994805937,-0.5936981199144317,-0.1515906356227554,0.1404604034587586,-0.284308990047227,0.7961995164744555,1.0,0.0,0.0,0.0,1.0,0.0,0.0
IND_ANDHRAPRADESH_VIZIANAGARAM,Andhra Pradesh,VIZIANAGARAM,2002,Rabi,2.622896,-0.850215005077793,2.5004643770907284,1.5280363685641372,0.3788234372325174,-0.5815397048267614,-1.8850684735329233,-1.678915155450515,-1.438025061829186,-1.4144839052605673,-0.6319154356528456,-0.12003859844071613,0.3573347892563664,-0.4727283489630742,-0.5484702972459868,-0.978611117927758,-0.6919920874243686,0.9059428109518544,-0.7398010236309488,-0.5530066933794344,1.5992381728266198,-1.4644255201673058,1.0,0.0,0.0,0.0,0.0,1.0,0.0
IND_ANDHRAPRADESH_WARANGAL,Andhra Pradesh,WARANGAL,2002,Kharif,2.076004,0.8761886357764554,0.8525059997480255,1.3357032996521332,0.4675331753528813,0.23009773831924463,0.46158860313860883,0.4720294765170628,0.6161535538084943,-0.43719329161512865,0.12982822761486632,1.040778150956495,0.41858680046079355,0.2040914811251898,0.5743552182991861,0.8356689604875486,0.08635666923249409,-0.1527218715969401,-0.2472972671414235,-0.018644295922352856,-0.6480828027483627,0.8658529205428724,1.0,0.0,0.0,0.0,1.0,0.0,0.0
IND_ANDHRAPRADESH_WARANGAL,Andhra Pradesh,WARANGAL,2002,Rabi,2.553016,-0.45936156887092183,0.8525059997480255,1.3357032996521332,0.3788234372325174,1.4135466083216468,-0.9794312138326731,0.3446122676393571,-1.4785544640094268,-0.9281451020443654,-0.9329315939056922,-1.3944595920913658,1.1403228623892998,-1.6085069416203066,0.7747931711944712,0.6500530221194396,-0.1648980924231302,1.8227907254937243,-0.6138849792692431,-0.9130380370654875,0.10915353330501756,0.2107106737663641,1.0,0.0,0.0,0.0,0.0,1.0,0.0
IND_ANDHRAPRADESH_WESTGODAVARI,Andhra Pradesh,WEST GODAVARI,2002,Kharif,3.072001,2.5302927647832365,1.5405613785784846,0.9211625636915421,0.4675331753528813,0.18832404404020886,0.9474184102223485,0.7369944319190808,1.1059772733168705,-0.48201387575489385,0.0751405094229676,0.5829898249675921,-0.39840466755016557,0.5272026069266244,1.0474278302303106,1.0512861555519173,0.8401379635756869,-0.537240344021012,-0.13551240327240677,-0.09077588173912615,-1.4664423757612879,1.164741758685602,1.0,0.0,0.0,0.0,1.0,0.0,0.0
IND_ANDHRAPRADESH_WESTGODAVARI,Andhra Pradesh,WEST GODAVARI,2002,Rabi,4.326998,0.9901362055850073,1.5405613785784846,0.9211625636915421,0.3788234372325174,1.0744221376543714,-0.5875696474528563,0.1564726899342913,-0.20629782403446537,-0.8021824303332856,-0.8151265446087307,-0.817243782710135,0.7171730672589298,-0.33615057520291425,1.2633006637137532,0.49862627097416656,1.7898534530051384,1.2719450952547147,-0.6939951232270887,-0.8070731626937182,-0.06435491313418497,0.8942447174402002,1.0,0.0,0.0,0.0,0.0,1.0,0.0
IND_KARNATAKA_BANGALORERURAL,Karnataka,BANGALORE RURAL,2002,Kharif,2.263719,-0.7691940486193551,-0.19750098158330961,-0.4216397977124417,0.4675331753528813,-0.997803145871047,-1.1307859713410962,-1.5041925625014627,-0.417978130484261,1.0623970997729575,-0.25209932035897503,0.2755840956882767,0.7106858741484487,0.5119753832514298,-1.8056020604625225,-0.7724963617190205,-0.6203177648706368,0.03202022388965977,-0.42225091653670754,-0.16214859295590775,1.6156104459889926,-0.45358067506062905,0.0,1.0,0.0,0.0,1.0,0.0,0.0
IND_KARNATAKA_BANGALORERURAL,Karnataka,BANGALORE RURAL,2002,Rabi,2.09375,-0.859094446873745,-0.19750098158330961,-0.4216397977124417,0.3788234372325174,-0.29817935790756317,-2.0879963455093207,-1.5340145135240169,-1.6223461943941588,0.0009064083320034695,-0.9177486199779679,-0.7397538373268319,1.6035603640574623,-0.6913095400775537,-1.7124352077360188,-0.8619858245501425,-0.6950165671512396,1.276110077724537,-0.8522482865855587,-0.8725042436161738,2.6518219003173207,-2.7558662972182772,0.0,1.0,0.0,0.0,0.0,1.0,0.0
IND_KARNATAKA_BANGALORERURAL,Karnataka,BANGALORE RURAL,2002,Summer,2.765661,-0.8527903591929891,-0.19750098158330961,-0.4216397977124417,-2.2381138373182194,0.9154655604197922,-0.4592549451867936,0.4502249433288645,-1.0353599305404,0.7560598022414253,-0.5890743053981836,-1.4039095854307924,-0.9414016723385977,-1.1907597879873668,-1.8232550679567319,-1.709564185157552,-0.6160306426908809,1.0538144239263727,-0.18194055736273443,-0.43302985933006855,1.4772870551953108,-1.6073815199334038,0.0,1.0,0.0,0.0,0.0,0.0,1.0
IND_KARNATAKA_BIDAR,Karnataka,BIDAR,2002,Kharif,0.562531,-0.7002914762489871,-0.3830668900350699,1.3260573039400396,0.4675331753528813,-0.002181872971364825,-0.455460159992267,-0.3378230887843144,-0.1732916394788929,0.5823610469268923,0.04491962182797395,0.9794298158178334,0.2130701575461328,-0.0614787207227308,-0.706337488471152,0.1766454368633934,-0.5560455584046626,0.32789981211561114,-0.32893293626609316,-0.003259417360707909,-0.12300618015126592,-0.20063051074755184,0.0,1.0,0.0,0.0,1.0,0.0,0.0
IND_KARNATAKA_BIDAR,Karnataka,BIDAR,2002,Rabi,1.6,-0.859205044903232,-0.3830668900350699,1.3260573039400396,0.3788234372325174,0.8947753817644278,-1.6549884538578303,-0.39251878038025284,-2.6553756938111444,-0.8915852046452952,-0.9966452838592962,-1.292961555521408,1.3007899428894536,-2.34661946074733,-0.5491777518238364,0.056762864187330696,-0.6971236036428593,1.9028687431506128,-0.7331168146763102,-0.9647718539754301,0.9540894827894684,-2.862328256080375,0.0,1.0,0.0,0.0,0.0,1.0,0.0
IND_KARNATAKA_CHITRADURGA,Karnataka,CHITRADURGA,2002,Kharif,2.051402,-0.7818338234178634,-0.6853982879596192,-0.018470836404734677,0.4675331753528813,0.13774883342644637,-0.24908222672076782,-0.2054910909534807,-0.08720428456815811,2.2802255478146183,-0.4953492593369125,-0.5726677388767427,0.6888861793331934,-0.0030815330199165394,-0.7259897040620913,0.2843315802866091,-0.6321081481794808,0.2888177221613363,-0.3918608493975998,-0.5100888501608878,0.15369925484310182,-0.5208196548893329,0.0,1.0,0.0,0.0,1.0,0.0,0.0
IND_KARNATAKA_CHITRADURGA,Karnataka,CHITRADURGA,2002,Rabi,2.181887,-0.8388392077591356,-0.6853982879596192,-0.018470836404734677,0.3788234372325174,0.6826729572531831,-1.2832450548852052,-0.3149868955359165,-1.7976528188244854,0.08378062953703884,-0.9897468625842789,-1.4490141482346524,1.8005894373054137,-1.479258974783783,-0.6144657028680673,0.11916547811554284,-0.3091426153065822,1.4666847243242924,-0.663203602096712,-0.9587273122339351,1.3000818074651703,-1.1102993417444602,0.0,1.0,0.0,0.0,0.0,1.0,0.0
IND_KARNATAKA_CHITRADURGA,Karnataka,CHITRADURGA,2002,Summer,2.309461,-0.8355528663115235,-0.6853982879596192,-0.018470836404734677,-2.2381138373182194,1.9997945017590844,0.6426193173543737,1.8644498112092762,-1.1193839654650404,1.4509307905913174,-0.8649789207854309,-1.6693266956560024,-1.0661004966803924,-1.9285309054537516,-0.7579270534074802,-0.9423402108525255,-0.39171053217658075,1.1109059634406662,-0.4212472815585336,-0.8125293586150802,0.10056142234426785,-1.044725822576413,0.0,1.0,0.0,0.0,0.0,0.0,1.0
IND_KARNATAKA_DAKSHINAKANNADA,Karnataka,DAKSHINA KANNADA,2002,Kharif,2.252987,-0.33468599020213613,-1.3294282739422296,-0.5491692637226949,0.4675331753528813,-1.4940835694555972,1.0746653419695498,-0.1951681718595564,1.3512856502005646,-0.7147770449146242,2.8803158261204365,2.152250610808368,-0.7152518868689293,1.462109424587892,0.9340727311452292,0.29273193216156523,-0.21500893001682042,-1.9551808184704518,2.741326970864996,2.5565973492565726,-1.0269227977849977,0.33179868146028163,0.0,1.0,0.0,0.0,1.0,0.0,0.0
IND_KARNATAKA_DAKSHINAKANNADA,Karnataka,DAKSHINA KANNADA,2002,Rabi,1.970171,-0.4808807854653821,-1.3294282739422296,-0.5491692637226949,0.3788234372325174,0.13975760421287772,0.8684642728897174,0.657143660589166,0.19771769099712042,-1.2757713533640955,-0.8380299479540558,-0.18639287599701784,1.2655508444573984,-0.28048925267848235,0.9897582979299396,0.9015982527539388,6.510173010655046,-0.5183743993036256,-0.9704162689157615,-0.836734166371392,-0.06124514530332686,0.18603303640546387,0.0,1.0,0.0,0.0,0.0,1.0,0.0
IND_KARNATAKA_DAKSHINAKANNADA,Karnataka,DAKSHINA KANNADA,2002,Summer,2.053859,-0.8223443016470823,-1.3294282739422296,-0.5491692637226949,-2.2381138373182194,0.1807288268985689,1.8055750261997237,1.2302223023877576,1.2638227953942756,-0.5463959860234561,0.5145763917642396,-1.011402835051555,-2.276711150800655,0.37777982565152,0.8997863122862072,-1.2864117662204602,-0.2198209129515885,-1.1642790287019296,1.038278849101166,0.8145469316152562,-0.690322130289233,-0.849336200558381,0.0,1.0,0.0,0.0,0.0,0.0,1.0
IND_KARNATAKA_DHARWAD,Karnataka,DHARWAD,2002,Kharif,0.197625,-0.25543460221548947,-1.3656452247564865,0.3684610951399253,0.4675331753528813,-0.7037565481197363,-0.5306260974992252,-0.9527139342885104,0.03854586585173396,1.031782361792748,-0.029077228811285976,0.646023834593827,0.061731047824637605,0.643183531770406,-0.9766304231501436,-0.32372654318659566,-0.14108329501161324,-0.17059048479675573,-0.29007218991119804,0.0010373504651292503,0.35172496616715393,0.39458760498709383,0.0,1.0,0.0,0.0,1.0,0.0,0.0
IND_KARNATAKA_DHARWAD,Karnataka,DHARWAD,2002,Summer,2.494297,-0.8554447119006757,-1.3656452247564865,0.3684610951399253,-2.2381138373182194,1.6450755223704012,0.25887166455798283,1.220426062839428,-0.5738205150799245,0.2797461368917167,-0.6378790241382576,-1.5538324527346778,-1.4046932924105864,-1.1583359340135626,-1.0045193760996267,-1.291726274549517,-0.6505730411301149,1.1090838930306346,-0.18380731842213807,-0.5340269711878171,0.25448443710940605,-1.8272958952816039,0.0,1.0,0.0,0.0,0.0,0.0,1.0
IND_KARNATAKA_GADAG,Karnataka,GADAG,2002,Kharif,2.215734,-0.8401189849574845,-1.1187200932133095,0.43114451806247717,0.4675331753528813,0.01680616988274525,-0.3696153077391905,-0.404425479323248,-0.11261210339339586,1.9032008713982527,-0.4452551160594518,-0.3789684159410222,0.061731047824637605,0.09008947694647153,-0.906958020978809,0.12244724823578353,-0.6864764934137987,0.2807372359951094,-0.40559057589901953,-0.45176819805543983,-0.19023003886359222,-1.1386889595327037,0.0,1.0,0.0,0.0,1.0,0.0,0.0
IND_KARNATAKA_GADAG,Karnataka,GADAG,2002,Summer,1.85,-0.856756088536021,-1.1187200932133095,0.43114451806247717,-2.2381138373182194,1.9697375468647316,0.5044745409459682,1.7231492131160757,-0.9655640076153329,0.8676174764943834,-0.8522458534787406,-1.6924153280312513,-1.4046932924105864,-1.7420437963856825,-0.937675853385194,-1.01899648306419,-0.667638761009011,1.1871952593041346,-0.39631698870069243,-0.7957251153274636,-0.13799059235089273,-1.995846352254181,0.0,1.0,0.0,0.0,0.0,0.0,1.0
IND_KARNATAKA_HASSAN,Karnataka,HASSAN,2002,Kharif,1.663698,-0.1358623326216015,-0.9061681677665311,-0.5042975478074482,0.4675331753528813,-1.9092292028682392,-1.2712903257230113,-2.134913890347941,-0.28493832161743327,0.18414155190884202,0.553839368927655,1.2963877005267315,0.27466592083412067,1.1492734637781619,-1.9175377217988943,-1.2857505140320518,-0.02954643596632434,-0.5845613610467439,0.18031145165937473,0.8602817129005431,2.0493389401029636,0.4752237462567154,0.0,1.0,0.0,0.0,1.0,0.0,0.0
IND_KARNATAKA_HASSAN,Karnataka,HASSAN,2002,Rabi,1.702186,-0.8306865530140978,-0.9061681677665311,-0.5042975478074482,0.3788234372325174,-0.2839955305629793,-2.0738300075795695,-1.5132926871586347,-1.6842042779775044,-1.1957389729232746,-0.9286442573188827,-0.5063134613204398,1.5423344098622909,-0.8335097182299169,-1.8445472969078969,-0.8453075749092017,-0.1538298482607223,1.2770356293844922,-0.9575496684955707,-0.8846865528706795,2.560898378280489,-0.9624805315781557,0.0,1.0,0.0,0.0,0.0,1.0,0.0
IND_KARNATAKA_HASSAN,Karnataka,HASSAN,2002,Summer,2.510898,-0.8414777607483241,-0.9061681677665311,-0.5042975478074482,-2.2381138373182194,0.46246670510564053,-0.4869495794429939,0.03241758379130591,-0.9565046468550622,-0.3537054577683449,-0.38763395704499903,-1.2723758943549806,-1.3797066249255787,-0.8778738784589208,-1.9407785159234738,-1.9362267408505003,-0.46881418690383175,0.7168634321583676,0.017240840405669675,-0.13855527721126526,1.3886071816428378,-1.1709474186807947,0.0,1.0,0.0,0.0,0.0,0.0,1.0
IND_KARNATAKA_HAVERI,Karnataka,HAVERI,2002,Kharif,0.433306,0.012892017038342403,-1.2397488314249616,0.15122880816676934,0.4675331753528813,-0.9968425742913798,-0.5320126536279823,-1.1283540387553683,0.1959468229960466,1.2024804169826702,0.6177142369484314,1.0838905530023124,0.06669089931603253,0.9430756389030978,-0.8472016909672926,-0.4666549791697445,0.10921149996796028,-0.40055865645117583,0.34336199021351593,0.6824788832854639,0.5462104220011469,0.5586928435141713,0.0,1.0,0.0,0.0,1.0,0.0,0.0
IND_KARNATAKA_HAVERI,Karnataka,HAVERI,2002,Rabi,2.09434,-0.8587626527852842,-1.2397488314249616,0.15122880816676934,0.3788234372325174,0.8224559308768711,-1.4646282879267607,-0.40916318423027564,-1.5647414790206136,-0.16299867790668432,-0.9632814239544238,-1.0210060715262173,1.8006966719204072,-1.3461008156710677,-0.7611311433563362,0.0433663846666339,-0.688695761415243,1.7081113150106602,-0.7984333790558711,-0.9332626938904465,1.4038740553971256,-2.535951921870077,0.0,1.0,0.0,0.0,0.0,1.0,0.0
IND_KARNATAKA_HAVERI,Karnataka,HAVERI,2002,Summer,1.70448,-0.8264522284565975,-1.2397488314249616,0.15122880816676934,-2.2381138373182194,1.4605787624503113,0.2913462686265147,1.1467059744412829,-0.4604442522976115,0.6667225023289443,-0.4429986231190259,-1.4465622580709097,-1.405150292265119,-1.0085825397908135,-0.8796788264988251,-1.3317197865372592,-0.27327940842222664,0.9401858880660491,0.016739022916582923,-0.3005219860050012,0.314855400479998,-0.9014826256504778,0.0,1.0,0.0,0.0,0.0,0.0,1.0
IND_KARNATAKA_KODAGU,Karnataka,KODAGU,2002,Kharif,1.97824,-0.30269156024341215,-1.0603223205016303,-0.7035875144423978,0.4675331753528813,-2.2211245609024215,-0.5419131508983194,-1.805483358563449,0.43408997472269245,-2.5831116997169867,2.299043244666665,2.3623980302591985,-0.7152518868689293,1.7722196124623306,-0.8149944485288735,-1.0176739786873743,-0.18516461243878424,-1.3582106966912921,1.9348460478035308,2.720540720588096,0.566210810614423,0.35821853755924415,0.0,1.0,0.0,0.0,1.0,0.0,0.0
IND_KARNATAKA_KODAGU,Karnataka,KODAGU,2002,Rabi,2.111111,-0.8594578403992021,-1.0603223205016303,-0.7035875144423978,0.3788234372325174,-0.16580449792881957,-1.1228653853714383,-0.9238921340052878,-0.7199718888521427,-2.897079912601429,-0.8191076428679109,-0.00020246668776276874,1.2655508444573984,-0.17810762539276495,-0.7633747850176071,-0.3709203567814408,-0.7019395351828445,0.6819593092416395,-1.0200159095371184,-0.7838919924330596,1.5215292726795642,-3.289009953440072,0.0,1.0,0.0,0.0,0.0,1.0,0.0
IND_KARNATAKA_KODAGU,Karnataka,KODAGU,2002,Summer,2.511111,-0.8581780632008532,-1.0603223205016303,-0.7035875144423978,-2.2381138373182194,0.1284558618649053,0.12470411493999993,0.005105487354761247,0.18699786696987297,-2.6811472316362535,0.3736422898279105,-0.9560309821870192,-2.276711150800655,0.24513029982119963,-0.8439929619720501,-1.9510436880351836,-0.6861435956201104,0.01098279258543712,0.8410043577912929,0.8782907705516271,0.32086712524707545,-2.30290949394129,0.0,1.0,0.0,0.0,0.0,0.0,1.0
IND_KARNATAKA_KOLAR,Karnataka,KOLAR,2002,Kharif,1.992007,-0.7706476227211836,0.07396201585600445,-0.4458303378409435,0.4675331753528813,-0.852846192835401,-0.9668074649545779,-1.2648091850289704,-0.3667660458470613,1.2518590266281722,-0.2323227715168115,0.177712813318859,0.6220088607088583,0.40972797754237417,-1.6309512411315124,-0.5776963651785867,-0.6216736551544181,0.027583878543490665,-0.35916242180869284,-0.16824788805982582,1.2280693970013,-0.46081747486814245,0.0,1.0,0.0,0.0,1.0,0.0,0.0
IND_KARNATAKA_KOLAR,Karnataka,KOLAR,2002,Summer,1.577273,-0.8561240997960956,0.07396201585600445,-0.4458303378409435,-2.2381138373182194,1.0716477976133112,-0.4146662191511214,0.515503111010257,-0.841369834461267,0.8308114205355408,-0.7080398367787932,-1.4479925273330927,-0.9366552878845177,-1.109949896646409,-1.6405974201982587,-1.6741504568450707,-0.6594142719500757,1.1446274694350047,-0.3127744131174922,-0.5868872549857383,1.4167457224376379,-1.906686052258918,0.0,1.0,0.0,0.0,0.0,0.0,1.0
IND_KARNATAKA_KOPPAL,Karnataka,KOPPAL,2002,Kharif,4.047511,-0.2553556036229988,-0.8810958694992852,0.4841698717717585,0.4675331753528813,0.28688315589000785,-0.1669105319316173,-0.04438734194540785,-0.08763931008331248,1.8864121441187813,-0.4840829124414989,-0.46892213632335394,0.4333240435767513,-0.1152948973667493,-0.6715912517498385,0.4154309493438052,-0.14100963833737107,0.34687751165197866,-0.4185976852161543,-0.5090976049511686,-0.20489925930936706,0.39464598871880185,0.0,1.0,0.0,0.0,1.0,0.0,0.0
IND_KARNATAKA_KOPPAL,Karnataka,KOPPAL,2002,Rabi,1.625,-0.8594736401177003,-0.8810958694992852,0.4841698717717585,0.3788234372325174,0.9519398196771063,-1.2981492229154599,-0.11005077134965643,-2.012632157960495,-0.3306672829952793,-0.9994336644213941,-1.594135397301208,1.6265526681422162,-1.837649980506638,-0.5532001364237752,0.28411116289047966,-0.702240540395933,1.6896714780930027,-0.6182407550745187,-0.9686667335964542,0.9368240788868472,-3.3360584779653677,0.0,1.0,0.0,0.0,0.0,1.0,0.0
IND_KARNATAKA_KOPPAL,Karnataka,KOPPAL,2002,Summer,3.27049,-0.7934782159509891,-0.8810958694992852,0.4841698717717585,-2.2381138373182194,2.1854305442504156,0.7134796331983039,2.052609840874602,-1.1310877791351457,0.8360531498671432,-0.8672031781124224,-1.6600810264968868,-1.1940063375452168,-2.0262876834997674,-0.7038284823097626,-0.8402624656198721,0.15582782194451267,1.2059176929376263,-0.4276504727192836,-0.8182856613539553,-0.16630875315710875,-0.5932374453886309,0.0,1.0,0.0,0.0,0.0,0.0,1.0
IND_KARNATAKA_MANDYA,Karnataka,MANDYA,2002,Kharif,2.895687,-0.25404422698765355,-0.5729209373097439,-0.6394047821920191,0.4675331753528813,-0.8668973445474409,-0.8867277671316475,-1.2632140984051343,-0.12334352771867904,0.661898592002034,-0.15431258700493614,0.5260855407507157,0.27466592083412067,0.6832043480089153,-1.3064197907880397,-0.5763983516235622,-0.13978648193665713,-0.04144354249738119,-0.39890636694438075,-0.08758467269286566,0.8958030356766041,0.3956140452435774,0.0,1.0,0.0,0.0,1.0,0.0,0.0
IND_KARNATAKA_MANDYA,Karnataka,MANDYA,2002,Rabi,2.088,-0.8280006008694147,-0.5729209373097439,-0.6394047821920191,0.3788234372325174,0.43346220738020563,-1.4900096433842371,-0.6693879405837831,-1.5807925968076615,-0.5530221211681936,-0.9196827567840475,-1.1654121859616795,1.5423344098622909,-1.1403612154267386,-1.2247766607101938,-0.16607912330593438,-0.10266078446884792,1.4199265664259464,-0.6873912050707047,-0.8885557322239822,1.4723758892120105,-0.9228338637592228,0.0,1.0,0.0,0.0,0.0,1.0,0.0
IND_KARNATAKA_MANDYA,Karnataka,MANDYA,2002,Summer,2.574544,-0.8154082252264009,-0.5729209373097439,-0.6394047821920191,-2.2381138373182194,1.1152421101189527,0.00403724341791759,0.8278993214910756,-0.8990793849997386,0.12112684929200254,-0.5765024161586668,-1.3157437016261901,-1.3797066249255787,-1.215898264560802,-1.331359911794835,-1.504673970038461,-0.12955837946890386,0.8759645078168505,-0.20092933114978595,-0.4400563155834402,0.6171817133148636,-0.7731251640791234,0.0,1.0,0.0,0.0,0.0,0.0,1.0
IND_KARNATAKA_RAICHUR,Karnataka,RAICHUR,2002,Kharif,3.318153,0.43550288742646553,-0.5535249870824451,0.6262314428335712,0.4675331753528813,0.6077364023765354,0.0888239344148408,0.41292098351277645,0.0756222165292555,1.3094420821840054,-0.3597501514240185,-0.015220293940690936,0.36812840424167165,-0.23385888452094208,-0.20433633538025336,0.7875689864863633,0.5034226279896719,0.41465500999611077,-0.4420425983062976,-0.4280545026542724,-0.6404904277435317,0.7350730373954643,0.0,1.0,0.0,0.0,1.0,0.0,0.0
IND_KARNATAKA_RAICHUR,Karnataka,RAICHUR,2002,Summer,2.247733,-0.7655285139277878,-0.5535249870824451,0.6262314428335712,-2.2381138373182194,2.644092304109891,1.1018977908494914,2.6703598039121013,-1.12490939273539,0.6359558301652098,-0.7896120565751982,-1.461988733684461,-1.2369653260637874,-2.267247438086325,-0.2404220415263931,-0.5051300602063327,0.5195511616072312,1.2862736387017448,-0.40886242592786703,-0.7488936684198308,-0.6268524602511676,-0.43583572525976105,0.0,1.0,0.0,0.0,0.0,0.0,1.0
IND_KARNATAKA_UDUPI,Karnataka,UDUPI,2002,Kharif,2.106509,-0.05098624484961863,-1.4848945567694636,-0.3353775587209606,0.4675331753528813,-1.7409057876850509,0.48588982371124095,-0.7794815077444267,0.9064491242671759,-1.0488803144852854,2.640595686813593,2.1321246790476445,-0.13276849114076425,1.4650492634605192,0.11707635033230454,-0.1827573729468741,0.04962598415582679,-1.7235930286737828,2.4506943538853787,2.5804780353038255,-0.001355553755659916,0.5247414875822942,0.0,1.0,0.0,0.0,1.0,0.0,0.0
IND_KARNATAKA_UDUPI,Karnataka,UDUPI,2002,Rabi,2.023478,-0.6725155711292652,-1.4848945567694636,-0.3353775587209606,0.3788234372325174,-0.24200869133750005,-0.09816694178587744,-0.23715072542925295,-0.24947969516533158,-1.6604951476328818,-0.8860287763582633,0.41462670039055294,1.7188024984270014,-0.16753615845172162,0.17563978269492894,0.1818130002616845,2.8594191341561985,-0.11967522270564324,-1.266368151279699,-0.863413912084176,1.146792371227076,-0.12886912431767147,0.0,1.0,0.0,0.0,0.0,1.0,0.0
IND_KARNATAKA_UDUPI,Karnataka,UDUPI,2002,Summer,2.418803,-0.8522057696085581,-1.4848945567694636,-0.3353775587209606,-2.2381138373182194,0.06566128720267711,1.1251773384851427,0.6597380665718537,0.8157619461973371,-1.0905102807710323,0.35009417421389233,-0.8518767312730078,-2.0568882076153163,0.353668865577251,0.08536890991803801,-1.5959022812168744,-0.6084231991318338,-0.762552113516457,0.7707499093191161,0.719543938649012,-0.0015182544898990733,-1.5706854668244972,0.0,1.0,0.0,0.0,0.0,0.0,1.0
IND_KARNATAKA_UTTARAKANNADA,Karnataka,UTTARA KANNADA,2002,Kharif,1.170623,0.44495111908835044,-1.6482627368515945,0.13753599437876132,0.4675331753528813,-1.2461890852767301,1.3520252188155764,0.10828953433292174,1.3169443067605175,-0.0012941190829694885,1.5412967974648502,2.2182984020942005,-0.2671815689693393,1.1845943434371247,0.9070834218392946,0.5396728882990025,0.51223591483425,-1.9605502047029104,1.047793308694257,1.260565744670339,-0.9021218020884666,0.7383188969140532,0.0,1.0,0.0,0.0,1.0,0.0,0.0
IND_KARNATAKA_UTTARAKANNADA,Karnataka,UTTARA KANNADA,2002,Rabi,1.694064,-0.824998654354769,-1.6482627368515945,0.13753599437876132,0.3788234372325174,-0.23708500604909125,0.7262844125218202,0.33937856112710135,0.10229008178597632,-0.7878196134979353,-0.9601384516445446,0.7994712940080949,1.940391305085326,-0.19674957528516376,0.9866252847993114,0.6458406007710665,-0.04547207202349707,-0.7124554627689907,-1.5098901423838293,-0.9365280538462055,0.7491510363961938,-0.8823270484939186,0.0,1.0,0.0,0.0,0.0,1.0,0.0
IND_KARNATAKA_UTTARAKANNADA,Karnataka,UTTARA KANNADA,2002,Summer,2.329964,-0.837717427745768,-1.6482627368515945,0.13753599437876132,-2.2381138373182194,-0.08432191247084002,1.8898630435012156,1.1379029020361253,1.348679705676374,-0.2993510036124088,-0.013668605589518278,-0.7869527229788886,-1.8233743104546551,0.47468033994822556,0.8781948648414023,-1.3364954967868672,-0.41987912244825026,-1.4341567039267886,0.2922167517257718,0.20729845775900757,-0.13124926123458616,-1.0868175116716772,0.0,1.0,0.0,0.0,0.0,0.0,1.0
IND_TAMILNADU_COIMBATORE,Tamil Nadu,COIMBATORE,2002,Kharif,3.368101,-0.7556852893034495,-0.5132307587234963,-1.2547600387087559,0.4675331753528813,-1.1914588441090048,-0.3648961517921465,-1.1418069391489125,0.3422186462583315,-0.10339389041151968,0.14875053270101143,0.6777962446323332,-0.49813987483821154,1.1236664206530214,-0.6034182556511124,-0.477602376511155,-0.6387849358627423,-0.6748726770221759,-0.08109531475581527,0.20708723372020313,0.03239527014044823,-0.39140440530978293,0.0,0.0,1.0,0.0,1.0,0.0,0.0
IND_TAMILNADU_CUDDALORE,Tamil Nadu,CUDDALORE,2002,Kharif,2.752775,0.7572799543594891,0.6401433328649972,-1.0173719561818362,0.4675331753528813,1.066308806740226,1.554219158154653,1.7151135880487933,0.8515708168589237,0.4776024273866597,-0.24484630733617627,-0.28303821328456563,0.6184180043957307,-0.2472689262392786,1.3017470922163412,1.8472378638199658,0.32016725238610594,-0.28447428655992996,-0.19370315930693338,-0.41371784454111304,-1.3767164535694942,0.8341646055646913,0.0,0.0,1.0,0.0,1.0,0.0,0.0
IND_TAMILNADU_DHARMAPURI,Tamil Nadu,DHARMAPURI,2002,Kharif,2.573494,-0.38320692570990966,0.08151263418860487,-0.8134084470008486,0.4675331753528813,0.16732550253095616,-0.08087107530959035,0.024381958724025404,0.08295943178033115,-0.08007199324048953,-0.2784519343418084,-0.08382213748042429,0.5539399350076741,0.043285149005127074,-0.40641628979852784,0.471392477140503,-0.4026995004957838,0.19039071092962362,-0.31383826619435645,-0.3307153764812783,-0.1671940430954692,0.2884888485844894,0.0,0.0,1.0,0.0,1.0,0.0,0.0
IND_TAMILNADU_DINDIGUL,Tamil Nadu,DINDIGUL,2002,Kharif,3.428897,-0.6167267651123495,-0.12437908046125698,-1.4464023570080367,0.4675331753528813,-0.3784802045918855,-0.13154118787494698,-0.4662125140166077,0.10872624134832243,0.956347039672767,-0.22784202124939373,-0.16785045663370932,0.6773609637035805,0.38384502720911695,-0.5171924104387705,0.0721675910950371,-0.5507097778009025,-0.20307087036687177,-0.21779039878310863,-0.24376127853721039,0.397238100631413,-0.012337880955238939,0.0,0.0,1.0,0.0,1.0,0.0,0.0
IND_TAMILNADU_ERODE,Tamil Nadu,ERODE,2002,Kharif,4.461746,-0.595886936413309,-0.3222312979575126,-1.042661916644677,0.4675331753528813,0.45641287026626126,0.21305449844330612,0.33701893699712065,0.06190116667884043,-0.7926433139709995,-0.4401457713300585,-0.5249580427739037,0.6495200515130848,-0.17586128656780967,-0.13828249986403804,0.7258031339247661,-0.5375009340025293,0.20549541056059997,-0.34185975478497316,-0.4921088626752499,-0.3586068266721504,0.024420536416692087,0.0,0.0,1.0,0.0,1.0,0.0,0.0
IND_TAMILNADU_KANNIYAKUMARI,Tamil Nadu,KANNIYAKUMARI,2002,Kharif,3.77971,-0.44798577155226443,-0.31241896934442215,-2.2087839546155306,0.4675331753528813,-0.9301163578146396,0.5187049854254452,-0.3581378712577782,0.9967244239389152,1.0347450783714789,0.582222826556872,0.8005950769998078,0.42771978220276696,1.237506686123538,0.5403286964926874,0.16011413215320963,-0.4437578568903981,-1.1083845982492981,0.41048509755379053,0.4967039301626918,0.07825413233723783,0.2232251945413713,0.0,0.0,1.0,0.0,1.0,0.0,0.0
IND_TAMILNADU_KARUR,Tamil Nadu,KARUR,2002,Kharif,2.922022,-0.6567790515051225,0.026074902983970957,-1.2962782482065152,0.4675331753528813,0.9394240027268776,0.7550763170613727,1.02763125317276,0.44383112329452434,0.6967674871209374,-0.446206066655775,-0.5777247623394618,1.0489309090244305,-0.23586634731099035,0.6659389412107862,1.2877940216055976,-0.5760958163499643,0.19387641084445797,-0.32867199117176826,-0.5328620212457125,-0.6009666511950911,-0.0928072548072333,0.0,0.0,1.0,0.0,1.0,0.0,0.0
IND_TAMILNADU_MADURAI,Tamil Nadu,MADURAI,2002,Kharif,2.551719,-0.16506021240615554,-0.013487650828255086,-1.6214322694168066,0.4675331753528813,0.7547038540673385,0.7157905600795863,0.9019504656036015,0.5292982757536319,-0.5447626935505643,-0.10194583298033276,0.12223879836416719,1.1379326328869843,-0.057839599788167925,0.6634799152517543,1.1855203497986015,-0.2644331659110287,0.07673576825176735,-0.1749954033137711,-0.24908246924444424,-0.43972206516053625,0.45683551756031643,0.0,0.0,1.0,0.0,1.0,0.0,0.0
IND_TAMILNADU_NAMAKKAL,Tamil Nadu,NAMAKKAL,2002,Kharif,3.703453,-0.7104190958062918,0.05618673883841943,-1.0910418993106639,0.4675331753528813,0.7650914304522227,0.4599831170947799,0.7599576601076092,0.2598193986656837,-0.054319149133061295,-0.3836206231723838,-0.39480353991519684,0.7622206252881217,-0.23423468916647824,0.25494174068335296,1.069972652579871,-0.610094066616395,0.27005127716526206,-0.3226100359035972,-0.4684568469770459,-0.6102382166654309,-0.22995812170568272,0.0,0.0,1.0,0.0,1.0,0.0,0.0
IND_TAMILNADU_PERAMBALUR,Tamil Nadu,PERAMBALUR,2002,Kharif,1.686558,-0.2927219378710888,0.3868219193408594,-1.1258900482043204,0.4675331753528813,0.7240995967612973,0.6255671095251318,0.8450389787038665,0.32095682681228077,0.29178692093604075,-0.3564298832402489,-0.36686220825753946,0.7622206252881217,-0.2065868841054837,0.35532197922058134,1.1392082057882986,-0.3453479840199431,0.1179127990639518,-0.29972715840123076,-0.4511126762190921,-0.675091425166489,0.3661415833467793,0.0,0.0,1.0,0.0,1.0,0.0,0.0
IND_TAMILNADU_PUDUKKOTTAI,Tamil Nadu,PUDUKKOTTAI,2002,Kharif,2.071831,0.3481778432872717,0.3933337288818307,-1.4549727135244714,0.4675331753528813,1.1941095045853376,1.2481064857962694,1.5603901855360869,0.6564696591609566,0.4917323064544522,-0.3995933696292573,-0.5108085932873013,1.0489309090244305,-0.3374287420205961,1.1558248932354205,1.7213305489828576,0.060869030033807406,0.03777691011264657,-0.2969169804623434,-0.521855199273798,-0.979677929719872,0.7039008276383779,0.0,0.0,1.0,0.0,1.0,0.0,0.0
IND_TAMILNADU_RAMANATHAPURAM,Tamil Nadu,RAMANATHAPURAM,2002,Kharif,1.266662,1.1335660501110794,0.36740765376867396,-1.7949314082219572,0.4675331753528813,0.3479352983844541,1.6436885167794253,1.3135129105289511,1.2830064245850967,1.6599542435753205,-0.12842738941690496,-0.03427352375477945,1.1379326328869843,0.3243584817363503,1.4585449832434674,1.5204323378160058,0.5586660448878727,-0.9153507620561809,-0.1464720972340667,-0.3002123136475531,-0.745893179808256,0.9275932329458323,0.0,0.0,1.0,0.0,1.0,0.0,0.0
IND_TAMILNADU_SALEM,Tamil Nadu,SALEM,2002,Kharif,3.580394,-0.6848867507133052,0.1037089536855479,-0.9883955533599948,0.4675331753528813,0.7650914304522227,0.4599831170947799,0.7599576601076092,0.2598193986656837,-0.054319149133061295,-0.3836206231723838,-0.39480353991519684,0.7622206252881217,-0.23423468916647824,0.25494174068335296,1.069972652579871,-0.5939111637423847,0.27005127716526206,-0.3226100359035972,-0.4684568469770459,-0.6102382166654309,-0.15941655919271197,0.0,0.0,1.0,0.0,1.0,0.0,0.0
IND_TAMILNADU_SIVAGANGA,Tamil Nadu,SIVAGANGA,2002,Kharif,1.747329,0.40033271404961634,0.25050409477294255,-1.6045227822246366,0.4675331753528813,0.9826050460645127,1.367131382955317,1.5297223879946784,0.8332378792914175,0.31366544336358876,-0.28252973944129284,-0.2831403753747215,1.1379326328869843,-0.16585727176339496,1.2438900098967358,1.6963744015759332,0.0939259935642528,-0.21504196098350184,-0.2405929854872213,-0.4317017714516462,-0.8970251482256998,0.7227789097815782,0.0,0.0,1.0,0.0,1.0,0.0,0.0
IND_TAMILNADU_THANJAVUR,Tamil Nadu,THANJAVUR,2002,Kharif,2.287048,1.339499581015775,0.5755751674258607,-1.3722110581466194,0.4675331753528813,0.7835880180795316,1.856853277418064,1.7307634945468575,1.0749392339095085,1.1915411557688949,-0.3238880314779604,-0.43183729759673684,0.8286900514984369,-0.10014378602482112,1.4491487051888103,1.8599730911522565,0.6891915945527879,-0.7262955530385953,-0.23366790413782026,-0.47336328363531055,-1.2430359949947944,0.9714991230102811,0.0,0.0,1.0,0.0,1.0,0.0,0.0
IND_TAMILNADU_THENILGIRIS,Tamil Nadu,THE NILGIRIS,2002,Kharif,3.370671,-0.8304021580811313,-0.6512157492996632,-1.0589889488710345,0.4675331753528813,-1.379529823860461,-0.9450361011782968,-1.6578325099489204,-0.20102875970807016,-0.2338293869674131,-0.052850993719347435,0.3136394742713767,-0.32098327991371506,0.8910623731534604,-1.5700553625048703,-0.8975220069715854,-0.6861420769257961,-0.4032345472948868,-0.18906636570777047,0.0736274190732196,0.7859781604077986,-0.9581120926724799,0.0,0.0,1.0,0.0,1.0,0.0,0.0
IND_TAMILNADU_THENI,Tamil Nadu,THENI,2002,Kharif,3.987013,-0.6418325178058865,-0.28464257477421645,-1.6145979360239784,0.4675331753528813,-1.207431138980411,-0.7749275571698593,-1.386667783895719,-0.11176996918911511,-0.8351089182661303,0.2623810700581848,0.7900723817137421,0.2660981757543284,0.8007931458930657,-1.2706139737754527,-0.6768597026178903,-0.5666223530869725,-0.39071771578250397,0.01629742352618667,0.36651622048465815,1.0345488665033629,-0.061058151160726576,0.0,0.0,1.0,0.0,1.0,0.0,0.0
IND_TAMILNADU_THIRUVALLUR,Tamil Nadu,THIRUVALLUR,2002,Kharif,3.185111,0.5269516580936726,0.8951906154258501,-0.3953407852422446,0.4675331753528813,0.526221851347549,1.8187351466499755,1.5549127182617668,1.189522513632284,0.9356080236216581,0.34909487019741786,0.09889476076352866,0.22894689372041943,0.10412744541429665,1.3222789593697999,1.7168732194165628,0.17417987590759643,-0.9015311942119916,0.3958922449711414,0.04446091195399948,-1.5449444233420917,0.7655405120498211,0.0,0.0,1.0,0.0,1.0,0.0,0.0
IND_TAMILNADU_THIRUVARUR,Tamil Nadu,THIRUVARUR,2002,Kharif,0.855999,1.2110320699074368,0.7291211567861182,-1.378547085218193,0.4675331753528813,0.7835880180795316,1.856853277418064,1.7307634945468575,1.0749392339095085,1.1915411557688949,-0.3238880314779604,-0.43183729759673684,0.8286900514984369,-0.10014378602482112,1.4491487051888103,1.8599730911522565,0.6077658876765527,-0.7262955530385953,-0.23366790413782026,-0.47336328363531055,-1.2430359949947944,0.944619775198596,0.0,0.0,1.0,0.0,1.0,0.0,0.0
IND_TAMILNADU_TIRUCHIRAPPALLI,Tamil Nadu,TIRUCHIRAPPALLI,2002,Kharif,2.994376,-0.04202780446117591,0.24439146582549692,-1.274815953480065,0.4675331753528813,1.0715361032435806,1.0034644684799534,1.3073733318258516,0.5265597613771972,0.7089222218029085,-0.4218037072857376,-0.5371664125475414,1.0489309090244305,-0.30291655590264954,0.8792144609707524,1.5154362101702619,-0.18645231334785473,0.11822968087439861,-0.3142196474860627,-0.5269954549244255,-0.8047659127679436,0.5296613873356134,0.0,0.0,1.0,0.0,1.0,0.0,0.0
IND_TAMILNADU_TIRUNELVELI,Tamil Nadu,TIRUNELVELI,2002,Kharif,4.022189,0.18642032530336244,-0.21908538071159234,-2.009170930358211,0.4675331753528813,-0.8066717403890019,0.2796578437164589,-0.41875116296379455,0.9836193679733862,0.24970115209971802,0.6616997314800241,1.132979437322258,0.42771978220276696,1.2654827256217687,0.5717762398543943,0.11078961706238456,-0.04165665629775373,-0.8381020184889006,0.3788505230417468,0.5816180946037107,0.13630693358034895,0.6396928766971274,0.0,0.0,1.0,0.0,1.0,0.0,0.0
IND_TAMILNADU_TIRUVANNAMALAI,Tamil Nadu,TIRUVANNAMALAI,2002,Kharif,2.631587,-0.1664347879154933,0.5691892171779028,-0.6941694517979556,0.4675331753528813,0.8652812801000674,0.9620137378936066,1.15695365360012,0.7025195158372916,0.028864816346670735,-0.0401501620260912,0.15799552991875643,0.5071535727074054,-0.05469045199904645,0.8635206774113494,1.3930310828495314,-0.2653042889696946,-0.014314938614711163,-0.11208756288182695,-0.2197824742653233,-1.0874421764833655,0.4559508913671756,0.0,0.0,1.0,0.0,1.0,0.0,0.0
IND_TAMILNADU_VELLORE,Tamil Nadu,VELLORE,2002,Kharif,3.418534,-0.44427283770520265,0.4730824974806388,-0.5657191069252958,0.4675331753528813,-0.09050978055388072,-0.18325729892341996,-0.2309221890128477,0.020232989119012588,0.6199647573492381,-0.2216044300497872,0.2282830479460632,0.5071535727074054,0.14598922871380848,-0.6255894734439168,0.2636368358716457,-0.44140448818100353,0.06129658226532125,-0.3656860491668229,-0.25885974517555144,0.025575676699349664,0.22723503303878612,0.0,0.0,1.0,0.0,1.0,0.0,0.0
IND_ANDHRAPRADESH_ADILABAD,Andhra Pradesh,ADILABAD,2003,Kharif,2.467996,0.3230246914382403,0.35229514612201734,1.8139650479090488,0.4675331753528813,-0.5393424358771056,0.2365286504479032,-0.13955081184331272,0.6158750869759947,-0.05204013638019498,0.49144733912487165,1.2250785615978637,-0.30807102963788585,0.7986429724781372,0.1090595258643919,0.3379909708347776,-0.1656206871778605,-0.5962155698529283,0.13063152023976302,0.37709099360037285,-0.7340628579988985,0.6945029505031872,1.0,0.0,0.0,0.0,1.0,0.0,0.0
IND_ANDHRAPRADESH_ADILABAD,Andhra Pradesh,ADILABAD,2003,Rabi,2.638985,-0.7637115463005022,0.35229514612201734,1.8139650479090488,0.3788234372325174,1.5339510407643682,-1.1132489997281496,0.42905142793880974,-2.905087894777984,-1.093663124933013,-0.9696318398010516,-1.7058496428867616,0.9367013658012185,-3.095163968862126,0.30637738868694064,0.718015052594636,-0.5981843139344494,2.014522311668437,-0.5372273396363163,-0.9453424698906401,-0.12477192409013753,-0.4272944225818932,1.0,0.0,0.0,0.0,0.0,1.0,0.0
IND_ANDHRAPRADESH_ANANTAPUR,Andhra Pradesh,ANANTAPUR,2003,Kharif,2.563003,-0.5828679683708455,-0.2678187564418995,-0.006791370403704205,0.4675331753528813,0.4998843189652025,0.21069492046979363,0.4169237480594045,0.0066662533823216175,1.9214329734212086,-0.5354342446429112,-0.7459857248263451,0.6842831084299911,-0.2753971904040521,-0.290062378568401,0.7908262657848195,-0.5785169188257754,0.24146149604555608,-0.3736749835930881,-0.5774142988011068,-0.3974107574091187,0.045937533566861255,1.0,0.0,0.0,0.0,1.0,0.0,0.0
IND_ANDHRAPRADESH_ANANTAPUR,Andhra Pradesh,ANANTAPUR,2003,Rabi,2.352023,-0.6885522854048726,-0.2678187564418995,-0.006791370403704205,0.3788234372325174,1.199705083960836,-0.7835619164844727,0.3677379475772303,-1.624770307908688,0.04875686228078498,-0.9676815851882549,-1.5456594855222003,1.6337604377777168,-1.7100997970323495,-0.16013837295430916,0.6686660466820109,-0.514735706231605,1.5125173305626747,-0.5977465288202063,-0.9432514644271014,0.4794772394056806,-0.16888407358766241,1.0,0.0,0.0,0.0,0.0,1.0,0.0
IND_ANDHRAPRADESH_CHITTOOR,Andhra Pradesh,CHITTOOR,2003,Kharif,2.084996,-0.5673842442426729,0.42459567446986046,-0.36461738338663735,0.4675331753528813,-0.4837633174994204,-0.3410327910496533,-0.6025171804200471,-0.11176870661909749,0.7617193505777154,-0.21143409401115235,-0.013023809002336965,0.5720214950415501,0.27142711096662314,-0.9750310566727471,-0.03875134080484136,-0.5714595463473575,-0.13443074931652638,-0.2581967430043924,-0.21553250167981075,0.4437768447764923,0.07024749060920919,1.0,0.0,0.0,0.0,1.0,0.0,0.0
IND_ANDHRAPRADESH_CHITTOOR,Andhra Pradesh,CHITTOOR,2003,Rabi,1.712013,-0.42848891892556545,0.42459567446986046,-0.36461738338663735,0.3788234372325174,0.23547585307655272,-1.537353741500167,-0.9814629056400972,-1.1990062778771984,-0.11023260750088737,-0.8669936466250971,-1.084142243242606,1.30781030249688,-0.6273757320487529,-0.8341606687813968,-0.4172569916135426,-0.2259900011255893,1.2981631259301123,-0.6537092152031861,-0.8306425109743029,1.6303203832514286,0.2438903064884233,1.0,0.0,0.0,0.0,0.0,1.0,0.0
IND_ANDHRAPRADESH_EASTGODAVARI,Andhra Pradesh,EAST GODAVARI,2003,Kharif,3.249002,2.8481673012472206,1.9295220096615435,0.9989009108529308,0.4675331753528813,-0.3408168631189229,1.1367684612107256,0.5435977027717116,1.5568490242381414,-0.21673679132089255,0.4837591453207061,0.9164468872366771,-1.1396043131954334,1.1014273482751538,1.212902284397279,0.89390813471098,0.9853125348571986,-1.091272980485537,0.24233609331052566,0.27019291960326197,-1.9014611830497685,1.2047663897692902,1.0,0.0,0.0,0.0,1.0,0.0,0.0
IND_ANDHRAPRADESH_EASTGODAVARI,Andhra Pradesh,EAST GODAVARI,2003,Rabi,5.256997,1.752425223964541,1.9295220096615435,0.9989009108529308,0.3788234372325174,1.0470934257324758,-0.18896923282172656,0.3608915291745677,-0.047710221582859876,-0.8113224046830512,-0.9025817638569609,-0.9792217766524238,0.6363432223741087,-0.3265025485042184,1.4478856695763063,0.6631556117786223,2.1954578257725115,0.9619386863794138,-0.739259060742735,-0.8870016766079826,-0.3044813632425052,1.0483396397526092,1.0,0.0,0.0,0.0,0.0,1.0,0.0
IND_ANDHRAPRADESH_GUNTUR,Andhra Pradesh,GUNTUR,2003,Kharif,2.833002,1.834046569725908,0.9900908704822137,0.6550402800936405,0.4675331753528813,0.4793995715567111,1.2898977740282807,1.1592108516527375,1.0773061318429662,0.314197213005923,-0.033831981792898265,0.42535371985692905,-0.365679068318035,0.2813454993961065,1.1792356200482268,1.3948678944839972,0.5230871375791487,-0.5557075117516657,-0.20927957416819332,-0.21499415088251125,-1.7185355697922373,1.0620798429948273,1.0,0.0,0.0,0.0,1.0,0.0,0.0
IND_ANDHRAPRADESH_GUNTUR,Andhra Pradesh,GUNTUR,2003,Rabi,2.917013,-0.7684040626944484,0.9900908704822137,0.6550402800936405,0.3788234372325174,0.8898065250513625,-0.15623417069584822,0.32711586505477686,0.01049148014506607,-0.19786883214865497,-0.8736825364127888,-0.8404345771755386,0.5947873035843666,-0.2042188601620682,1.39088504358721,0.6359707995885399,-0.6033944985184194,0.8142953975454775,-0.7578062351393897,-0.8615201233859909,-0.3092084628075119,-0.44969627364181075,1.0,0.0,0.0,0.0,0.0,1.0,0.0
IND_ANDHRAPRADESH_KARIMNAGAR,Andhra Pradesh,KARIMNAGAR,2003,Kharif,3.221003,1.0815217773782217,0.6485176720929396,1.5303178944226856,0.4675331753528813,-0.24621173195757406,0.5147885725003196,0.22166106852188833,0.7384765280480622,-0.22904346018638683,0.3971420520217774,1.0904289267722962,-0.123276724425281,0.6615884453597033,0.4445266444969861,0.6319298139927183,0.1800942790450939,-0.5665871205767776,0.06609779114317814,0.24033122098771634,-0.8763273662951582,0.9157784222173726,1.0,0.0,0.0,0.0,1.0,0.0,0.0
IND_ANDHRAPRADESH_KARIMNAGAR,Andhra Pradesh,KARIMNAGAR,2003,Rabi,3.188,0.16292614389663526,0.6485176720929396,1.5303178944226856,0.3788234372325174,1.7502769934817275,-0.7168128867251717,0.8345115400073949,-2.2949698263050085,-0.9243047766873215,-1.0019158066558629,-1.836208469925779,1.0417441854348672,-2.678576989532981,0.6442779080698107,1.0443552529845395,0.43065241561876205,1.8980985922877467,-0.5262074275759665,-0.9744252477490641,-0.37529387574921896,0.6295489715995352,1.0,0.0,0.0,0.0,0.0,1.0,0.0
IND_ANDHRAPRADESH_KHAMMAM,Andhra Pradesh,KHAMMAM,2003,Kharif,2.900998,1.1968755221331076,1.2322371058845452,1.2141443629051327,0.4675331753528813,-0.34354220574033356,0.6648042154146724,0.3387043115430552,1.09587573114671,-0.6495972801825594,0.43250451995959743,1.054467871037395,-0.44436121432508924,0.8854300604913472,0.8176788357531632,0.7271746199451574,0.23267132433572907,-0.7518573524141056,0.12426847447813973,0.2547435744560545,-1.2192906386707445,0.9415563445396956,1.0,0.0,0.0,0.0,1.0,0.0,0.0
IND_ANDHRAPRADESH_KHAMMAM,Andhra Pradesh,KHAMMAM,2003,Rabi,2.919993,-0.6708092015314666,1.2322371058845452,1.2141443629051327,0.3788234372325174,1.5320990123531302,-0.7205758202377631,0.5527433870801766,-0.8395236187770081,-0.9489596654795505,-0.939572130273232,-1.370655825085023,0.9628776359777319,-1.158608779382298,1.0325896193735198,0.817570243182623,-0.49503581106460565,1.728882830148601,-0.6315088094859785,-0.9207275527816556,-0.2080386008992177,-0.12481502948260031,1.0,0.0,0.0,0.0,0.0,1.0,0.0
IND_ANDHRAPRADESH_KRISHNA,Andhra Pradesh,KRISHNA,2003,Kharif,2.368,2.653735965409168,1.3401384380599264,0.8092353539734269,0.4675331753528813,0.23157210399967754,1.1737919424034675,0.9423091667842066,1.3139629580833034,-0.162420320710838,0.1014770055990834,0.6622676069286236,-0.365679068318035,0.6316239711547604,1.2976687076989617,1.2183625418228294,0.896692773014261,-0.6669858408512263,-0.13386644190820182,-0.0887935367481167,-1.5793465999450964,1.1807136861915204,1.0,0.0,0.0,0.0,1.0,0.0,0.0
IND_ANDHRAPRADESH_KRISHNA,Andhra Pradesh,KRISHNA,2003,Rabi,2.586027,-0.7413233451886445,1.3401384380599264,0.8092353539734269,0.3788234372325174,1.1705469293400148,-0.23055825615369227,0.4563762444969849,0.0036833677644394925,-0.6366644074446369,-0.8761002074203883,-0.8420180895729567,0.5947873035843666,-0.2924170224754742,1.5172364311963764,0.7400078105646251,-0.5733269328761852,1.0893266331165332,-0.7601948863874435,-0.8656011348491743,-0.416017460378498,-0.3336043810812659,1.0,0.0,0.0,0.0,0.0,1.0,0.0
IND_ANDHRAPRADESH_KURNOOL,Andhra Pradesh,KURNOOL,2003,Kharif,2.907014,-0.3126453828972374,-0.0734708749325743,0.40315814233704866,0.4675331753528813,0.39131739158759293,0.36764334402799037,0.47386533093316585,0.3454966988905822,0.7708354015891955,-0.20526097403841506,0.20340657899308417,0.6358180734184632,0.04007415994521866,0.09820382589909644,0.8371629006169136,-0.455352328632701,0.042318882728954885,-0.3355569271220406,-0.30150877779934737,-0.48135651432862814,0.3501652700599852,1.0,0.0,0.0,0.0,1.0,0.0,0.0
IND_ANDHRAPRADESH_KURNOOL,Andhra Pradesh,KURNOOL,2003,Rabi,2.290979,-0.7811386358039455,-0.0734708749325743,0.40315814233704866,0.3788234372325174,1.429898664050137,-0.8253231001732256,0.44490469010675626,-1.2309374596277285,-0.3411129679664399,-0.9898919228447349,-1.49749006001366,1.4608661682508515,-1.3640646141354915,0.2543087317550204,0.7307747707487123,-0.6175335425842836,1.7241482774265027,-0.6443352645070418,-0.9627805544653346,0.2733504865700841,-0.5168462999101434,1.0,0.0,0.0,0.0,0.0,1.0,0.0
IND_ANDHRAPRADESH_MAHBUBNAGAR,Andhra Pradesh,MAHBUBNAGAR,2003,Kharif,2.430008,0.18871128448559207,-0.01616497855024476,0.8470213881531867,0.4675331753528813,-0.18500321734550487,0.03297248052617994,-0.09624270520730009,0.2533607918639565,0.6494399889530172,-0.054075947029864464,0.5843179321396185,0.4138183677681221,0.33617492147680483,-0.2692706143622943,0.3732332633947052,-0.22683925498612975,-0.1696574439104674,-0.2969571258614708,-0.11983822531112548,-0.17481667452446895,0.6406698070994173,1.0,0.0,0.0,0.0,1.0,0.0,0.0
IND_ANDHRAPRADESH_MAHBUBNAGAR,Andhra Pradesh,MAHBUBNAGAR,2003,Rabi,2.093013,-0.3359025685264926,-0.01616497855024476,0.8470213881531867,0.3788234372325174,1.251719979461768,-1.032653358415986,0.23543471551162248,-1.6909220410334118,-0.598798799424172,-0.9888765010215432,-1.5906108051908274,1.160280527089141,-1.7571663918845128,-0.10841333681741525,0.5621799535266495,-0.12319216477291073,1.7337775745041493,-0.6064781531303197,-0.9608770781547687,0.2226056438022118,0.33076255998497617,1.0,0.0,0.0,0.0,0.0,1.0,0.0
IND_ANDHRAPRADESH_MEDAK,Andhra Pradesh,MEDAK,2003,Kharif,2.568997,0.15036536769061767,0.03211990604263495,1.3014749238188337,0.4675331753528813,-0.5968426974141209,-0.13735499339734056,-0.4742782350579242,0.1893117369624408,0.4192597009132055,0.20704863959759234,1.0509943599720928,0.2683080105772269,0.5560444242158252,-0.5656532147037189,0.06560405085455351,-0.24431684476305618,-0.3709478117200297,-0.1551435034454905,0.1652733733200424,0.05287146890802926,0.6240296637994912,1.0,0.0,0.0,0.0,1.0,0.0,0.0
IND_ANDHRAPRADESH_MEDAK,Andhra Pradesh,MEDAK,2003,Rabi,2.313986,-0.5060023378774172,0.03211990604263495,1.3014749238188337,0.3788234372325174,1.2008343695774386,-1.0521074787327158,0.20524961748745957,-2.5404441191505853,-0.6947301268431602,-0.9753214255722691,-1.7248007106106935,1.0815111903203638,-2.6605650952226023,-0.3959228772673572,0.5378850583081256,-0.3120522817432943,1.7077553336029896,-0.536866031044174,-0.9488207848691785,0.18652753649033676,0.15538538556598322,1.0,0.0,0.0,0.0,0.0,1.0,0.0
IND_ANDHRAPRADESH_NALGONDA,Andhra Pradesh,NALGONDA,2003,Kharif,2.994999,0.13549783258387235,0.531295707870846,1.0186224262280383,0.4675331753528813,0.19737128798835074,0.7327941168165949,0.6209142600670029,0.7158709132425564,0.12002532646144877,0.00950880047000143,0.6632892278301847,-0.05615086202040444,0.33190311677192025,0.597286135168786,0.9568250558968435,-0.25109341066276536,-0.374785602535371,-0.24880271960868375,-0.13407526679209245,-1.1254886658083876,0.617407344428131,1.0,0.0,0.0,0.0,1.0,0.0,0.0
IND_ANDHRAPRADESH_NALGONDA,Andhra Pradesh,NALGONDA,2003,Rabi,2.823993,0.0887938647033844,0.531295707870846,1.0186224262280383,0.3788234372325174,1.4812585738934487,-0.5835853649101079,0.592878613182879,-1.0818483086324926,-0.7406604181134204,-0.9638133115760958,-1.5445357025304849,1.0271111703559033,-1.3866456138116523,0.7954508448685428,0.8498736371274119,0.34834404360707255,1.589676300676603,-0.5933706803153678,-0.941507972754643,-0.19150874855751737,0.5959416103171795,1.0,0.0,0.0,0.0,0.0,1.0,0.0
IND_ANDHRAPRADESH_NIZAMABAD,Andhra Pradesh,NIZAMABAD,2003,Kharif,3.110998,0.3043336244549462,0.0011331602520301002,1.4956215789529068,0.4675331753528813,-0.4817528188442938,0.03523475631521483,-0.2752836547400829,0.3592880318055228,0.2127811455032333,0.2985333105251545,1.130987276564216,0.09431834446921447,0.5990288644310865,-0.2509578681961812,0.22753736454896475,-0.17413980293376435,-0.4051534427025506,-0.0726447082395909,0.22202893921510541,-0.28038834473353685,0.6873891090616958,1.0,0.0,0.0,0.0,1.0,0.0,0.0
IND_ANDHRAPRADESH_NIZAMABAD,Andhra Pradesh,NIZAMABAD,2003,Rabi,3.004011,-0.5799134210116942,0.0011331602520301002,1.4956215789529068,0.3788234372325174,1.4734213317141915,-0.88899783784707,0.5025971758464868,-2.7156073477138944,-0.8743037405385928,-0.9833642111242166,-1.8217525341687093,1.004692120474645,-2.9504772354738535,-0.07570872233146471,0.7772093688679866,-0.39411508088436625,1.8045288792799123,-0.5087843243548665,-0.9575017315562465,-0.13363647136148993,0.05067959071654204,1.0,0.0,0.0,0.0,0.0,1.0,0.0
IND_ANDHRAPRADESH_PRAKASAM,Andhra Pradesh,PRAKASAM,2003,Kharif,2.872033,-0.6285923537044491,0.7958439581818378,0.4707338942814897,0.4675331753528813,0.29445603415769067,1.7872578899723046,1.414996534974158,1.2281605231407309,1.2229915317584923,-0.018568418831586404,0.2641419415908106,-0.13019285599571587,0.21226879993108644,1.324258175385573,1.6030153889015366,-0.5993575052922239,-1.0613980675790449,-0.12692128785923806,-0.22299535235954276,-1.709511045744324,-0.034703450468831956,1.0,0.0,0.0,0.0,1.0,0.0,0.0
IND_ANDHRAPRADESH_PRAKASAM,Andhra Pradesh,PRAKASAM,2003,Rabi,2.517002,-0.3619563043299177,0.7958439581818378,0.4707338942814897,0.3788234372325174,0.022921714318653988,0.5589937343999656,0.31561388213831354,0.3066818133203849,0.6983094931714069,-0.8222344973710731,-0.5938663725841064,0.8815597232658069,0.055104322061407106,1.535751528148858,0.6267132689508405,-0.15211949472399014,-0.386483287759386,-0.7906250989256779,-0.8167024668488624,-0.07122686451374435,0.30797603729574347,1.0,0.0,0.0,0.0,0.0,1.0,0.0
IND_ANDHRAPRADESH_SRIKAKULAM,Andhra Pradesh,SRIKAKULAM,2003,Kharif,2.241001,2.1142071781348433,2.8367514851732647,1.597894743958143,0.4675331753528813,-0.960206821019918,2.042262589935194,0.8335724125966134,1.9060478350477514,2.2316066090867372,1.069899304403112,0.8773698877520186,-0.9152674942539443,1.1410580888056376,1.2139018884456518,1.129877202685211,0.6507813854339681,-2.234705784368694,0.9876555008020717,0.7081355993121154,-1.916925015197638,1.1062642368563746,1.0,0.0,0.0,0.0,1.0,0.0,0.0
IND_ANDHRAPRADESH_SRIKAKULAM,Andhra Pradesh,SRIKAKULAM,2003,Rabi,2.039927,-0.8247774582957952,2.8367514851732647,1.597894743958143,0.3788234372325174,-0.9185185328224864,0.708428924089525,-0.09757507559369698,0.00654022192215879,1.1765068066306723,-0.9004219777568386,-1.0849084589187754,0.29978888652135466,-0.0663136410535349,1.4872403570943153,0.2941523998255511,-0.6659852066396327,-1.2365490902211005,-0.6950389036043899,-0.8787728301773515,-0.18206417538158776,-0.8794827842835459,1.0,0.0,0.0,0.0,0.0,1.0,0.0
IND_ANDHRAPRADESH_VIZIANAGARAM,Andhra Pradesh,VIZIANAGARAM,2003,Kharif,2.100999,0.8577345645706334,2.5004643770907284,1.5280363685641372,0.4675331753528813,-1.3548453681501376,-0.11706748793428783,-0.9020022180399488,0.5160560205124373,-0.43734522579865365,1.0277995932574482,0.870678270846804,-1.0379930012414178,1.1571415762301387,-0.7868855826887229,-0.2824595084656214,0.07809451655456486,-0.9829874240401468,0.9378551331850803,1.0401602859884824,-0.6999589253556945,0.8610800639477492,1.0,0.0,0.0,0.0,1.0,0.0,0.0
IND_ANDHRAPRADESH_VIZIANAGARAM,Andhra Pradesh,VIZIANAGARAM,2003,Rabi,2.437015,-0.7903656714068564,2.5004643770907284,1.5280363685641372,0.3788234372325174,0.4298259076947306,-1.7081614097677877,-0.9948514571830736,-1.7200843067444742,-1.415251970331976,-0.9210205347415857,-1.3211072113593778,0.2878126841931861,-1.283066399961641,-0.5566565573614197,-0.4280329532023993,-0.6277781988200624,1.5749386703987973,-0.6278756508649886,-0.885018025745502,0.6994023443085929,-0.5727016877479763,1.0,0.0,0.0,0.0,0.0,1.0,0.0
IND_ANDHRAPRADESH_WARANGAL,Andhra Pradesh,WARANGAL,2003,Kharif,3.071003,1.1048263621629713,0.8525059997480255,1.3357032996521332,0.4675331753528813,-0.34034774676605256,0.5390654675268319,0.23502368099331067,0.8670249544920633,-0.5222004672971552,0.45047587444942017,1.1376788934694335,-0.05615086202040444,0.7694871918141933,0.5632396212812841,0.6428037388687509,0.19071633081796902,-0.6583420092442146,0.11395110690251121,0.28467148732949493,-0.8334746506330284,0.92110758667646,1.0,0.0,0.0,0.0,1.0,0.0,0.0
IND_ANDHRAPRADESH_WARANGAL,Andhra Pradesh,WARANGAL,2003,Rabi,2.809006,-0.13436135936427862,0.8525059997480255,1.3357032996521332,0.3788234372325174,1.634502632067117,-0.8049098007258356,0.6788696283202809,-1.5956402388957596,-0.9067160865520555,-0.9844924575944295,-1.638678068609211,1.0271111703559033,-1.9508387443785806,0.7687697007885551,0.9190846995140405,0.10057696344417186,1.8706168276151087,-0.5821299685598196,-0.9593550721667339,-0.2619680470406327,0.4761488713224003,1.0,0.0,0.0,0.0,0.0,1.0,0.0
IND_ANDHRAPRADESH_WESTGODAVARI,Andhra Pradesh,WEST GODAVARI,2003,Kharif,3.498999,2.809647587548767,1.5405613785784846,0.9211625636915421,0.4675331753528813,-0.3008749565034526,0.9053838665291472,0.44753135365275853,1.355551313160662,-0.4992584055849387,0.39279024420809816,0.8988239266847743,-0.7748973832338542,1.0104065117237018,1.0370719322891833,0.8157334315481538,0.9677556692370671,-0.8923416217092315,0.13597085832364886,0.20640792497905108,-1.5552829072448204,1.2001029906196208,1.0,0.0,0.0,0.0,1.0,0.0,0.0
IND_ANDHRAPRADESH_WESTGODAVARI,Andhra Pradesh,WEST GODAVARI,2003,Rabi,4.871999,1.9524812595879304,1.5405613785784846,0.9211625636915421,0.3788234372325174,1.2598056644766926,-0.5157787786734198,0.31625288118923206,-0.20436261809027154,-0.9239975506587573,-0.8963764082707889,-1.0145187788013112,0.6201608174374615,-0.4306108166597398,1.2612995779077498,0.6272275762084896,2.41757810757259,1.3660843785148344,-0.7176608360124314,-0.8810357019735462,-0.2798940305333889,1.0812942420498106,1.0,0.0,0.0,0.0,0.0,1.0,0.0
IND_KARNATAKA_BANGALORERURAL,Karnataka,BANGALORE RURAL,2003,Kharif,2.372308,-0.7671716846515938,-0.19750098158330961,-0.4216397977124417,0.4675331753528813,-1.158151583055519,-1.077756280802216,-1.5580944519977182,-0.3677906915622124,0.9394823453015333,-0.17180040729323892,0.10926421291435802,0.7037206351375072,0.6227283422036083,-1.8116596609956546,-0.8163594235500359,-0.6105615207263277,-0.13272310844916907,-0.2568920175327657,-0.06935164986490752,1.679727679748722,-0.44370328249272556,0.0,1.0,0.0,0.0,1.0,0.0,0.0
IND_KARNATAKA_BANGALORERURAL,Karnataka,BANGALORE RURAL,2003,Rabi,2.9625,-0.8558081054261328,-0.19750098158330961,-0.4216397977124417,0.3788234372325174,0.22842911082891443,-1.9144587058698324,-1.092314026710704,-1.7673157282207441,-0.1500183781998747,-0.8509725467480717,-1.1444178764346267,1.5255055906577186,-1.2200079363292347,-1.7131628753018524,-0.5064770554049395,-0.6379280885306307,1.5655229621657394,-0.610071166352183,-0.8117133482154969,1.972531532887587,-1.8679997117236768,0.0,1.0,0.0,0.0,0.0,1.0,0.0
IND_KARNATAKA_BANGALORERURAL,Karnataka,BANGALORE RURAL,2003,Summer,3.991684,-0.8520003732680823,-0.19750098158330961,-0.4216397977124417,-2.2381138373182194,1.2219325720850926,-0.26159772019886657,0.7598673721854972,-1.1023893521202277,0.639944102482729,-0.7971390723121909,-1.5252270674910067,-1.1375838927859332,-1.472070971760071,-1.8175573248810306,-1.5415816384803052,-0.607246970385431,1.1522854465206438,-0.3933863745644245,-0.7069400516645109,0.950984800805249,-1.5584762444114524,0.0,1.0,0.0,0.0,0.0,0.0,1.0
IND_KARNATAKA_BIDAR,Karnataka,BIDAR,2003,Kharif,0.403285,-0.721068106074035,-0.3830668900350699,1.3260573039400396,0.4675331753528813,-0.3853829166412088,-0.3001415480240206,-0.4657610744060963,0.05019517858258136,0.5561524002688917,0.1076178899583868,0.941629842460124,0.2238136628982647,0.3872653251855232,-0.7194323015048013,0.07253495342192583,-0.5636306771572898,-0.08649357321496137,-0.23599633728718308,0.07082824288577569,0.006395715924514379,-0.2630254238657994,0.0,1.0,0.0,0.0,1.0,0.0,0.0
IND_KARNATAKA_CHITRADURGA,Karnataka,CHITRADURGA,2003,Kharif,1.983663,-0.8044748200256913,-0.6853982879596192,-0.018470836404734677,0.4675331753528813,0.08239310378822938,-0.19101714813530374,-0.19402452484624136,-0.05825523740398897,2.2309229052608783,-0.5540019579812747,-0.7628935507471578,0.7268171672592606,0.02377660658338295,-0.7350261246593488,0.29366258338969314,-0.6485340421437744,0.20317161061737535,-0.3901546699347045,-0.56403300142357,0.17452807102481285,-0.6744394645887298,0.0,1.0,0.0,0.0,1.0,0.0,0.0
IND_KARNATAKA_CHITRADURGA,Karnataka,CHITRADURGA,2003,Rabi,3.34799,-0.8470234619411696,-0.6853982879596192,-0.018470836404734677,0.3788234372325174,0.9546501051569638,-1.0164948792148618,0.06117054576927631,-1.8602010748004145,-0.13987991925727247,-0.9707439684645475,-1.542032731321664,1.7276929495444182,-1.8313782821940265,-0.6176997809384128,0.4219210171189197,-0.4833591779599006,1.4879724125033542,-0.6029855034062742,-0.9437994198866656,0.8480097988054204,-1.3339025519665006,0.0,1.0,0.0,0.0,0.0,1.0,0.0
IND_KARNATAKA_CHITRADURGA,Karnataka,CHITRADURGA,2003,Summer,2.882547,-0.8452064943138841,-0.6853982879596192,-0.018470836404734677,-2.2381138373182194,2.4055801469883398,0.9694816805520592,2.369069007850115,-1.1564959486742794,1.5332031509699027,-0.9391208316851469,-1.8787078994306627,-0.9624948213261217,-2.2205596571552983,-0.7533388708254879,-0.6685818048519023,-0.5201727837461272,1.1941402523162712,-0.43130370403983675,-0.8992496609683539,-0.16381530599602298,-1.2737144446474822,0.0,1.0,0.0,0.0,0.0,0.0,1.0
IND_KARNATAKA_DAKSHINAKANNADA,Karnataka,DAKSHINA KANNADA,2003,Kharif,2.406452,-0.33163664453199604,-1.3294282739422296,-0.5491692637226949,0.4675331753528813,-1.4256372596850235,1.163453585303001,-0.08101414234570344,1.3834489200681124,-0.9027955970263517,3.7561574431401263,1.757649537580935,-1.0486302741712226,1.4041879389680285,0.9204581240064811,0.3856256192218949,-0.1672112157331966,-1.9654970818547801,3.987139069272336,3.2957902143288202,-1.3920839035299604,0.3343851972515468,0.0,1.0,0.0,0.0,1.0,0.0,0.0
IND_KARNATAKA_DAKSHINAKANNADA,Karnataka,DAKSHINA KANNADA,2003,Rabi,3.055541,-0.489507431765364,-1.3294282739422296,-0.5491692637226949,0.3788234372325174,0.14603643224122545,0.9355084346892152,0.7097850109740605,0.22161345627474086,-1.3630235454761626,-0.8650111563988656,-0.0958772641188294,1.281514771393418,-0.29649555021250856,0.9915370408686023,0.9439673744555903,5.807258408065756,-0.5619465236032538,-1.0395867916115107,-0.8601144606816559,-0.09276760307730439,0.17574415216488884,0.0,1.0,0.0,0.0,0.0,1.0,0.0
IND_KARNATAKA_DAKSHINAKANNADA,Karnataka,DAKSHINA KANNADA,2003,Summer,3.629973,-0.8238610746229033,-1.3294282739422296,-0.5491692637226949,-2.2381138373182194,0.49339487608388577,2.015273396516438,1.5672219716419822,1.1830147367424968,-0.6095246392779371,1.0660632664043885,-1.2014243227416592,-2.1854113991608184,0.07141579168031213,0.9072533545275058,-1.1035877815367383,-0.2465980754925228,-1.0696369946504791,1.7997567797413139,1.3804296472406268,-0.8319221717669467,-0.8678886762762227,0.0,1.0,0.0,0.0,0.0,0.0,1.0
IND_KARNATAKA_DHARWAD,Karnataka,DHARWAD,2003,Kharif,0.222619,-0.39998622675492934,-1.3656452247564865,0.3684610951399253,0.4675331753528813,-0.7403923013911908,-0.4719285547146702,-0.924724678436185,0.09206129906465488,1.0193237587437236,-0.16649764888323773,0.27532869046288844,0.22971357110796287,0.6782808314503865,-0.9885257113257404,-0.3009500789192325,-0.23678731022233135,-0.24194170578086024,-0.3155444456572527,-0.13884956456640357,0.47519245582940295,0.2724776153254084,0.0,1.0,0.0,0.0,1.0,0.0,0.0
IND_KARNATAKA_DHARWAD,Karnataka,DHARWAD,2003,Summer,3.884956,-0.8560293014851068,-1.3656452247564865,0.3684610951399253,-2.2381138373182194,2.0416463820969266,0.24854547023057386,1.437794235305493,-0.5687296223252715,0.3649812138490313,-0.6670361364899068,-1.5185354505857902,-1.1384096995406061,-1.3192564346335391,-0.9975321438015242,-1.1738029676168806,-0.6588839438955322,1.4290817079400868,-0.2339890673308361,-0.5774437154992073,0.3603860279112927,-1.8947242306579712,0.0,1.0,0.0,0.0,0.0,0.0,1.0
IND_KARNATAKA_GADAG,Karnataka,GADAG,2003,Kharif,2.304662,-0.8399451880540051,-1.1187200932133095,0.43114451806247717,0.4675331753528813,-0.02047741073313931,-0.30777976950531966,-0.3943433280215945,-0.05672458168136229,1.9344993132043269,-0.5448953971859836,-0.6486252529077059,0.22971357110796287,0.1440578782570328,-0.9174538634866788,0.1306516735363936,-0.6846408475961392,0.20660449689714727,-0.42371622360484157,-0.5450944451740711,-0.056166891386397806,-1.1347260229265785,0.0,1.0,0.0,0.0,1.0,0.0,0.0
IND_KARNATAKA_GADAG,Karnataka,GADAG,2003,Summer,3.608696,-0.8548759220347429,-1.1187200932133095,0.43114451806247717,-2.2381138373182194,2.333436753579717,0.544867110276157,2.007872175471929,-0.8888959160637466,0.9868098434694529,-0.8256514723951469,-1.6055264703535987,-1.1384096995406061,-1.8558840618562016,-0.9314983003662654,-0.8645328700166002,-0.6441015809181427,1.4445825098341325,-0.39734069637842984,-0.7723485155174798,-0.07857223042087468,-1.7702121625655773,0.0,1.0,0.0,0.0,0.0,0.0,1.0
IND_KARNATAKA_HASSAN,Karnataka,HASSAN,2003,Kharif,1.661262,-0.25935293240302704,-0.9061681677665311,-0.5042975478074482,0.4675331753528813,-2.024162709320455,-1.2752310641942517,-2.193540847767649,-0.2551854382063062,0.08751141118717913,0.7199656027631691,1.156119150742585,0.21079618239277625,1.2393333821220611,-1.9257344749955352,-1.3334586348845514,-0.09363047620676032,-0.672284808903584,0.44232039906146653,1.0728307012283396,2.0685276065575824,0.39168215091064723,0.0,1.0,0.0,0.0,1.0,0.0,0.0
IND_KARNATAKA_HASSAN,Karnataka,HASSAN,2003,Rabi,1.662043,-0.8470708610966641,-0.9061681677665311,-0.5042975478074482,0.3788234372325174,-0.17632943987560154,-1.9038093580858277,-1.3093607043380977,-1.6811973616760616,-1.4438239909883919,-0.8873182008956497,-0.549119377095791,1.5061312020879998,-1.0233728797242982,-1.84189939548784,-0.6811700872534325,-0.4841932448772983,1.2388388243407764,-0.8892623445806147,-0.8444212246527145,2.2405586211341095,-1.3355865815098071,0.0,1.0,0.0,0.0,0.0,1.0,0.0
IND_KARNATAKA_HASSAN,Karnataka,HASSAN,2003,Summer,4.3498,-0.847766048710582,-0.9061681677665311,-0.5042975478074482,-2.2381138373182194,0.7129078209143456,-0.3135205983893444,0.26409639191088097,-0.8152565195651758,-0.34880558034967524,-0.31549065417823186,-1.3705536629948682,-1.4299345168321125,-0.9279010880122502,-1.9313022695449282,-1.8105398434095306,-0.5529774921509721,0.7887163826756635,0.14566597221280986,-0.06720175163751274,1.0903958398328764,-1.3610443950985978,0.0,1.0,0.0,0.0,0.0,0.0,1.0
IND_KARNATAKA_HAVERI,Karnataka,HAVERI,2003,Kharif,0.678937,-0.296482270873645,-1.2397488314249616,0.15122880816676934,0.4675331753528813,-1.0616923253566402,-0.47484762024892213,-1.1099353026460954,0.23722444556258188,1.2260302154289846,0.5384307457058872,0.7791921191121313,0.25349961178216646,0.9757849141266757,-0.8576975334751884,-0.45166659623251254,-0.13142606973659454,-0.4930353314646118,0.36435803395691524,0.5979326237003908,0.7000343694308603,0.3631696639524323,0.0,1.0,0.0,0.0,1.0,0.0,0.0
IND_KARNATAKA_HAVERI,Karnataka,HAVERI,2003,Summer,3.670757,-0.8364218508289208,-1.2397488314249616,0.15122880816676934,-2.2381138373182194,1.88482748699594,0.46214809069934354,1.498648294803786,-0.3919820241718229,0.725179179440045,-0.4379376318097844,-1.4893170928011834,-1.1397496311316362,-1.1761248134054387,-0.872091831771699,-1.1407893398400955,-0.40758392514934255,1.1509122920087271,0.03984270011414748,-0.3187324618253907,0.30982462580427145,-1.0611503676880933,0.0,1.0,0.0,0.0,0.0,0.0,1.0
IND_KARNATAKA_KODAGU,Karnataka,KODAGU,2003,Kharif,1.989587,-0.29212154856815964,-1.0603223205016303,-0.7035875144423978,0.4675331753528813,-2.196752849427328,-0.48927266909733697,-1.745050642701647,0.4420312595862289,-2.5906324418014552,2.7711982746441186,2.0586701362255013,-1.0486302741712226,1.7323272357862296,-0.8259501088989984,-0.9684964085273041,-0.12698707812541143,-1.3771003735025336,2.6422079804205385,3.2112911279553513,0.15491760409467834,0.3666142657194062,0.0,1.0,0.0,0.0,1.0,0.0,0.0
IND_KARNATAKA_KODAGU,Karnataka,KODAGU,2003,Rabi,3.0,-0.8594104412437077,-1.0603223205016303,-0.7035875144423978,0.3788234372325174,-0.24645807666694394,-1.1100763302959644,-0.973764488502885,-0.616038394235457,-2.915436667808104,-0.7683687873217575,0.25842086454207397,1.281514771393418,-0.061701249426394926,-0.7588875016950498,-0.41106081369994996,-0.7013124663004819,0.6091433123013534,-1.0584551292011803,-0.7312726193073099,1.5965584910997803,-3.1718517233925994,0.0,1.0,0.0,0.0,0.0,1.0,0.0
IND_KARNATAKA_KODAGU,Karnataka,KODAGU,2003,Summer,3.836158,-0.8568034876915154,-1.0603223205016303,-0.7035875144423978,-2.2381138373182194,0.3269255874382199,0.23686920809356926,0.17529822052133326,0.23432551465065546,-2.673398588276497,0.6855218498082375,-1.0373009249060936,-2.1854113991608184,0.1268660049792556,-0.8337070363143253,-1.8587132898760887,-0.6688063331978227,0.08621581574742705,1.2613467593501115,1.2504775027155968,0.2735285152082559,-2.0033097232768693,0.0,1.0,0.0,0.0,0.0,0.0,1.0
IND_KARNATAKA_KOLAR,Karnataka,KOLAR,2003,Kharif,2.270315,-0.7273879934732891,0.07396201585600445,-0.4458303378409435,0.4675331753528813,-1.0710969912879074,-0.9238972016010988,-1.3910317001307602,-0.3010449273805258,1.0027629327395404,-0.11359900723696169,0.2213360258154592,0.5720214950415501,0.5909894992292507,-1.6351695702156188,-0.6804108717778506,-0.5700640181419737,-0.17546694376853036,-0.2284490022513162,-0.028957412789472014,1.3357411106988242,-0.2838740215538975,0.0,1.0,0.0,0.0,1.0,0.0,0.0
IND_KARNATAKA_KOLAR,Karnataka,KOLAR,2003,Summer,2.625181,-0.8486824323834739,0.07396201585600445,-0.4458303378409435,-2.2381138373182194,1.350168877972168,-0.2083612625179705,0.8276736016858122,-1.0066983284844386,0.7348649836397377,-0.8278273763019862,-1.5706381165653354,-1.2538151913142832,-1.4348092276026756,-1.635439463308696,-1.5047964241474214,-0.5647223146303879,1.2148167904474994,-0.41376016462135573,-0.7464521460688557,0.7582396709959172,-1.396985813711595,0.0,1.0,0.0,0.0,0.0,0.0,1.0
IND_KARNATAKA_KOPPAL,Karnataka,KOPPAL,2003,Kharif,4.106345,-0.27022313872974413,-0.8810958694992852,0.4841698717717585,0.4675331753528813,0.28006979933647536,-0.09276626736165886,-0.025336590381397423,-0.04447695104593388,1.9516678759426112,-0.5616740339787235,-0.7026689986002134,0.5292108310371675,-0.07332370258815918,-0.6822670229864263,0.43093363953869185,-0.10469568298053981,0.2878494721849952,-0.4233749877122626,-0.5793186505837743,-0.14329986434847966,0.38352146362983985,0.0,1.0,0.0,0.0,1.0,0.0,0.0
IND_KARNATAKA_KOPPAL,Karnataka,KOPPAL,2003,Summer,4.547386,-0.7659077071717431,-0.8810958694992852,0.4841698717717585,-2.2381138373182194,2.5874967669676825,0.9109179282711622,2.4699657608016414,-1.116995393412869,0.969261445272363,-0.8739565391269836,-1.6885842496504027,-0.9966014420484792,-2.226896008900178,-0.699780085913862,-0.6138448181448521,0.4961646359923388,1.3798858068692705,-0.4248603674799598,-0.8322689787049206,-0.26630732501232685,-0.43763905116871504,0.0,1.0,0.0,0.0,0.0,0.0,1.0
IND_KARNATAKA_MANDYA,Karnataka,MANDYA,2003,Kharif,3.215773,-0.03722469003774278,-0.5729209373097439,-0.6394047821920191,0.4675331753528813,-0.9628651470194965,-0.8435012716786189,-1.2924673851669208,-0.08467381367414019,0.6204965269915749,-0.1597604056753937,0.2773719322660083,0.21079618239277625,0.7523857019321768,-1.3127772725356708,-0.6002034304062303,0.13248366790098823,-0.14835594443087924,-0.30795696522225735,-0.08970177404116764,0.8692337210023485,0.5322770633877045,0.0,1.0,0.0,0.0,1.0,0.0,0.0
IND_KARNATAKA_MANDYA,Karnataka,MANDYA,2003,Rabi,2.964206,-0.8454750895283524,-0.5729209373097439,-0.6394047821920191,0.3788234372325174,0.561861981988492,-1.3679233560868445,-0.5003270488274659,-1.5805987074404875,-0.8609394082960746,-0.8272471352601625,-1.09011872551673,1.5061312020879998,-1.3216248396642558,-1.2227957878921485,-0.030008117424787685,-0.4561151687867594,1.4327596961726927,-0.6018614322307195,-0.8029302725472923,1.2490734965590933,-1.282116812647534,0.0,1.0,0.0,0.0,0.0,1.0,0.0
IND_KARNATAKA_MANDYA,Karnataka,MANDYA,2003,Summer,4.218036,-0.8340202936172043,-0.5729209373097439,-0.6394047821920191,-2.2381138373182194,1.3017493686941852,0.14418887738111366,0.9733983079621257,-0.7117737554706101,0.08580215162252554,-0.7046067439480018,-1.3978309410665117,-1.4299345168321125,-1.2114742351893797,-1.3226933446954943,-1.4257400514000607,-0.37680424374314675,0.921516268067621,-0.32821031908180753,-0.602305595465728,0.43420776232528435,-1.017154130995583,0.0,1.0,0.0,0.0,0.0,0.0,1.0
IND_KARNATAKA_RAICHUR,Karnataka,RAICHUR,2003,Kharif,2.630726,0.17859946464678547,-0.5535249870824451,0.6262314428335712,0.4675331753528813,0.5852858340607894,0.18675858308893625,0.4473206818345081,0.09691335565692373,1.3477294964322084,-0.40417082673697874,-0.2115758312204654,0.49527257868226987,-0.20189170454677532,-0.21577180569359514,0.8155619957956101,0.3521805691837842,0.3260865439780923,-0.42020350118123234,-0.4677706863683306,-0.5690077825545369,0.6363416439787937,0.0,1.0,0.0,0.0,1.0,0.0,0.0
IND_KARNATAKA_RAICHUR,Karnataka,RAICHUR,2003,Rabi,2.964012,-0.7480856247058464,-0.5535249870824451,0.6262314428335712,0.3788234372325174,1.4900444159906558,-0.8158542805500401,0.5910529016088373,-1.9425634908461107,-0.6396598612231319,-0.9620403528371896,-1.6521634645097991,1.389466956329043,-2.145703873852346,-0.07522361062092978,0.8484041878198336,1.2574860957364564,1.764694559760882,-0.5488695053831344,-0.9400019533591596,0.09011167776268039,-0.3598903313322135,0.0,1.0,0.0,0.0,0.0,1.0,0.0
IND_KARNATAKA_RAICHUR,Karnataka,RAICHUR,2003,Summer,3.005775,-0.7611045927483099,-0.5535249870824451,0.6262314428335712,-2.2381138373182194,3.160958000035679,1.4842588875171123,3.275198594088668,-1.427933352436542,0.9316577348500147,-0.8754071417315432,-1.7510052867357002,-1.0145166381002195,-2.734981511145901,-0.2391025641825286,-0.17700202982555147,0.5577239988047303,1.4168817582381525,-0.40213807157410136,-0.8452600581677714,-0.7960693525371997,-0.4153180175740099,0.0,1.0,0.0,0.0,0.0,0.0,1.0
IND_KARNATAKA_UDUPI,Karnataka,UDUPI,2003,Kharif,2.481354,-0.054209387423238234,-1.4848945567694636,-0.3353775587209606,0.4675331753528813,-1.7071740880265842,0.5737780218382995,-0.6806764249883086,0.9503594858994584,-1.1265946493581338,3.4261775862162365,1.7802273595054057,-0.5606295939819912,1.4306512458424805,0.10332179862674108,-0.10235400500090439,0.1151942443496,-1.760615386860215,3.5673185579021642,3.2933289530220904,-0.4760023912630712,0.5229580209774553,0.0,1.0,0.0,0.0,1.0,0.0,0.0
IND_KARNATAKA_UDUPI,Karnataka,UDUPI,2003,Rabi,2.779894,-0.6870355124290516,-1.4848945567694636,-0.3353775587209606,0.3788234372325174,-0.2415795628031975,-0.03072927059943063,-0.18307923431135567,-0.21500454875524086,-1.7432925623307753,-0.9145895298613714,0.4345993890160455,1.6452896621779871,-0.17514973086649593,0.17820683216323172,0.22533319058760795,2.3316837945460436,-0.16814209136084962,-1.3097854004355043,-0.890508940374558,1.0278645691000292,-0.16494210727653402,0.0,1.0,0.0,0.0,0.0,1.0,0.0
IND_KARNATAKA_UDUPI,Karnataka,UDUPI,2003,Summer,3.902913,-0.8563452958550695,-1.4848945567694636,-0.3353775587209606,-2.2381138373182194,0.3418702941081021,1.29378986140728,0.9308726966509995,0.7666719611950077,-1.1089702840692761,0.874986667770446,-1.0288725524682258,-1.7939088439567128,0.11257353589705905,0.09484515629658373,-1.448810405528937,-0.6629338460233991,-0.6669066203986157,1.4939893472908348,1.304967756263358,0.06791851458577682,-1.9359098967249333,0.0,1.0,0.0,0.0,0.0,0.0,1.0
IND_KARNATAKA_UTTARAKANNADA,Karnataka,UTTARA KANNADA,2003,Kharif,1.569132,0.40516742791004573,-1.6482627368515945,0.13753599437876132,0.4675331753528813,-1.136974330554692,1.5178524667071105,0.3114674550416036,1.3812921699004286,0.09055009485766961,1.5948079157663826,1.956201559799065,-0.4253245646829598,1.0854342442464098,0.8908898362556922,0.705010426222627,0.5828140438319408,-1.994491767510051,1.217427692705216,1.256315017918264,-1.1841314102780065,0.7244891384012127,0.0,1.0,0.0,0.0,1.0,0.0,0.0
IND_KARNATAKA_UTTARAKANNADA,Karnataka,UTTARA KANNADA,2003,Rabi,3.274135,-0.8249038560437802,-1.6482627368515945,0.13753599437876132,0.3788234372325174,-0.13420708637614245,0.8358767767839422,0.45491567523775345,0.15123232516922436,-0.894196625888088,-0.9329960651325617,0.8162258767936733,1.8604393809736768,-0.2182965142732787,0.9859178302214359,0.7388322511185664,-0.09415715939494958,-0.7106933548009936,-1.4826715617757515,-0.9142034551889829,0.5778426748512999,-0.8811058591147968,0.0,1.0,0.0,0.0,0.0,1.0,0.0
IND_KARNATAKA_UTTARAKANNADA,Karnataka,UTTARA KANNADA,2003,Summer,3.723565,-0.8386812105741542,-1.6482627368515945,0.13753599437876132,-2.2381138373182194,0.1666888446235003,1.9732388528232365,1.332608806054007,1.2514138363672147,-0.30322532529228713,0.011813646830579476,-0.8933545398763315,-1.5726347257947093,0.250960028847739,0.8866215269691969,-1.230866582394249,-0.4365411733784131,-1.2966828118308353,0.3657631229263594,0.21365118805161795,-0.015053685262403131,-1.1069163863880784,0.0,1.0,0.0,0.0,0.0,0.0,1.0
IND_TAMILNADU_COIMBATORE,Tamil Nadu,COIMBATORE,2003,Kharif,2.912698,-0.801867866473499,-0.5132307587234963,-1.2547600387087559,0.4675331753528813,-1.3380912126906181,-0.34830612933916016,-1.2010057200752895,0.38641631271326693,-0.11851134167221887,0.06767796491284311,0.4944152928023659,-0.42479640914932365,1.220738187699587,-0.6094758561842134,-0.525775822977716,-0.6649154383646599,-0.8024352102693587,-0.11000000212722574,0.13313016366246258,0.16370898409962176,-0.6538114681891048,0.0,0.0,1.0,0.0,1.0,0.0,0.0
IND_TAMILNADU_CUDDALORE,Tamil Nadu,CUDDALORE,2003,Kharif,3.049625,0.7861302403370842,0.6401433328649972,-1.0173719561818362,0.4675331753528813,0.5928810512024497,1.409725414209258,1.3019560564996115,1.1430227611716448,0.37861730682036926,0.12110849418079091,0.26536788667268085,0.35690985956706534,0.22109783059062105,1.3028266645885507,1.511027862247546,0.4279912075718648,-0.5529964118178905,0.046546981768349024,-0.10604961768790705,-1.2930428805440173,0.8420621149990675,0.0,0.0,1.0,0.0,1.0,0.0,0.0
IND_TAMILNADU_DHARMAPURI,Tamil Nadu,DHARMAPURI,2003,Kharif,2.42608,-0.6068519410510149,0.08151263418860487,-0.8134084470008486,0.4675331753528813,-0.20595708110686367,-0.10505066815163142,-0.22944748628514786,0.26778369036072314,-0.4770000476985814,-0.05035273367816088,0.19768550194434895,0.493487673548677,0.4042241044426532,-0.4091352128101142,0.26483688613949097,-0.5306997652549289,-0.08628231867465891,-0.1403900692663321,-0.10276313245194808,0.012762101123216341,0.005457498006320171,0.0,0.0,1.0,0.0,1.0,0.0,0.0
IND_TAMILNADU_DINDIGUL,Tamil Nadu,DINDIGUL,2003,Kharif,2.830987,-0.6788986574025119,-0.12437908046125698,-1.4464023570080367,0.4675331753528813,-0.7127144365720903,-0.17415954467500758,-0.6805861370662142,0.2009837759536692,0.6988945656902855,-0.07201506590625134,0.042552368042510724,0.45681944837855365,0.6345447819440604,-0.5209909058225871,-0.10228053253552531,-0.5802845271381556,-0.4356269101398848,-0.10640698890536213,-0.07379310123186175,0.4226627492966103,-0.14436942448640316,0.0,0.0,1.0,0.0,1.0,0.0,0.0
IND_TAMILNADU_ERODE,Tamil Nadu,ERODE,2003,Kharif,4.095679,-0.8288853851053103,-0.3222312979575126,-1.042661916644677,0.4675331753528813,0.21383503808655685,0.18945871870811481,0.1500326503191342,0.21360933588218753,-0.949439391368415,-0.3166350184551621,-0.3558797835657731,0.5137840793687651,0.0961927346707085,-0.14214097149073454,0.5736416581257046,-0.68350972407087,0.03140406481380735,-0.25448329358514826,-0.3735036328250759,-0.3087300887875421,-0.9355091629933701,0.0,0.0,1.0,0.0,1.0,0.0,0.0
IND_TAMILNADU_KANNIYAKUMARI,Tamil Nadu,KANNIYAKUMARI,2003,Kharif,3.054099,-0.585948913477982,-0.31241896934442215,-2.2087839546155306,0.4675331753528813,-1.240045894941579,0.5300893410090202,-0.5039528654561999,1.0706672580992946,0.830621502806138,0.6991736320978146,0.8156639852978148,0.4059551641307291,1.4276257805949242,0.5339312305831486,0.0414561005667834,-0.5163137814935641,-1.360868982989986,0.550211159215168,0.633107868640581,0.20051271843976587,0.04093837957218231,0.0,0.0,1.0,0.0,1.0,0.0,0.0
IND_TAMILNADU_KARUR,Tamil Nadu,KARUR,2003,Kharif,2.582341,-0.7123308617445662,0.026074902983970957,-1.2962782482065152,0.4675331753528813,0.38789954387386266,0.6197046529105082,0.5999674621388154,0.6738621223480658,0.2740106214636598,-0.09222679552978309,0.0649769468317455,0.7728869618051524,0.248070138693827,0.6646994321907426,0.9397794439290095,-0.6032935053465204,-0.14279290820314508,-0.1403900692663329,-0.21682194799087418,-0.47698139333498235,-0.23571704026881588,0.0,0.0,1.0,0.0,1.0,0.0,0.0
IND_TAMILNADU_MADURAI,Tamil Nadu,MADURAI,2003,Kharif,2.716805,-0.481449575331315,-0.013487650828255086,-1.6214322694168066,0.4675331753528813,0.10506706084342461,0.560763854664768,0.4185188346832466,0.8376873163324167,-0.8656476891545813,0.324402390306468,0.6690103048789179,1.0327805742530134,0.5269266997185115,0.6620204933411473,0.7921242793398384,-0.4443941898080777,-0.3230282401634922,0.1411094694118992,0.15216498512148,-0.12731487756450563,0.1853619000136166,0.0,0.0,1.0,0.0,1.0,0.0,0.0
IND_TAMILNADU_NAMAKKAL,Tamil Nadu,NAMAKKAL,2003,Kharif,3.256853,-0.7414339432181314,0.05618673883841943,-1.0910418993106639,0.4675331753528813,0.2685206015063867,0.35251285434211893,0.36964297285079595,0.512104456916554,-0.3772552562146618,-0.08598920433017636,0.10875340246357863,0.5897322437899489,0.2488835892556702,0.25336236628695463,0.752351184748228,-0.623323109049148,-0.04350327426523575,-0.14982423806116787,-0.19180125357583688,-0.4324511443124663,-0.33402207815178436,0.0,0.0,1.0,0.0,1.0,0.0,0.0
IND_TAMILNADU_PERAMBALUR,Tamil Nadu,PERAMBALUR,2003,Kharif,2.361333,-0.28477467946652674,0.3868219193408594,-1.1258900482043204,0.4675331753528813,0.20568134909626454,0.5196293561779578,0.4365764191041144,0.5871859889506826,0.03630959133937569,-0.030431124575541528,0.14486770133371402,0.5897322437899489,0.28314365326965074,0.3552420108966928,0.8068187724155563,-0.3090367623128775,-0.2139680837370021,-0.09482504125723501,-0.15061003292774072,-0.48698994709415144,0.3723582435263987,0.0,0.0,1.0,0.0,1.0,0.0,0.0
IND_TAMILNADU_PUDUKKOTTAI,Tamil Nadu,PUDUKKOTTAI,2003,Kharif,1.837867,0.4007119072935716,0.3933337288818307,-1.4549727135244714,0.4675331753528813,0.5105623007113959,1.0399041365658457,0.9977158549822136,1.0126834492950627,-0.01945025401416163,0.05786222062198991,0.2863111151546537,0.7728869618051524,0.3031183837326807,1.1556249724257146,1.2634501447434914,0.16273514742468065,-0.3502272622262596,-0.04044809813976919,-0.1287881233109697,-0.7808455017393919,0.7229132823306053,0.0,0.0,1.0,0.0,1.0,0.0,0.0
IND_TAMILNADU_RAMANATHAPURAM,Tamil Nadu,RAMANATHAPURAM,2003,Kharif,0.171617,1.0526556916821286,0.36740765376867396,-1.7949314082219572,0.4675331753528813,-0.15406387693027523,1.570809180607644,0.955069859774955,1.5456292658856896,1.764864797299077,0.3209531796689608,0.5720074002758254,1.0327805742530134,0.783510889219529,1.4569456167660866,1.2287466502630042,0.6114218404992975,-1.2582168809524095,0.17493196817636286,0.08608670507282025,-0.5580984087510107,0.9090880695212008,0.0,0.0,1.0,0.0,1.0,0.0,0.0
IND_TAMILNADU_SALEM,Tamil Nadu,SALEM,2003,Kharif,3.212735,-0.6449608620685172,0.1037089536855479,-0.9883955533599948,0.4675331753528813,0.2685206015063867,0.35251285434211893,0.36964297285079595,0.512104456916554,-0.3772552562146618,-0.08598920433017636,0.10875340246357863,0.5897322437899489,0.2488835892556702,0.25336236628695463,0.752351184748228,-0.5569274641929599,-0.04350327426523575,-0.14982423806116787,-0.19180125357583688,-0.4324511443124663,-0.067519096776873,0.0,0.0,1.0,0.0,1.0,0.0,0.0
IND_TAMILNADU_SIVAGANGA,Tamil Nadu,SIVAGANGA,2003,Kharif,0.692558,0.2772687066676404,0.25050409477294255,-1.6045227822246366,0.4675331753528813,0.2890947044106601,1.1513637888819837,0.9436032936677019,1.226664237379807,0.16834039682227928,0.213979296486044,0.49237205099924547,1.0327805742530134,0.521460882785428,1.2435101603583485,1.2194156471599178,0.07777786879003927,-0.6054227469007157,0.07300279979301527,0.0014448712895594332,-0.5493848921134448,0.676883056401494,0.0,0.0,1.0,0.0,1.0,0.0,0.0
IND_TAMILNADU_THANJAVUR,Tamil Nadu,THANJAVUR,2003,Kharif,2.878809,1.0883946549249106,0.5755751674258607,-1.3722110581466194,0.4675331753528813,0.20358149494532243,1.7167381317740515,1.2899176668857086,1.424121350737721,1.002610998556018,0.15363422813636168,0.31328190695583197,0.48025171504256114,0.4580355240658448,1.4487088794075376,1.5012315335303985,0.6360184617438014,-1.0819777807126385,0.06822549729690586,-0.07974866850721615,-1.1972616770854467,0.9173566972718296,0.0,0.0,1.0,0.0,1.0,0.0,0.0
IND_TAMILNADU_THENILGIRIS,Tamil Nadu,THE NILGIRIS,2003,Kharif,3.311315,-0.8337674981212342,-0.6512157492996632,-1.0589889488710345,0.4675331753528813,-1.4524662472941903,-0.9202240441371712,-1.690546833724694,-0.14863168296300258,-0.3115437218402609,-0.13402026834781855,0.10671016066045935,-0.255386763513251,0.9789293048949665,-1.5766327571431429,-0.9241435302604318,-0.6868696833717636,-0.4786700227246672,-0.20883797477779667,-0.01056841255723541,0.892186178580902,-1.0127654178190428,0.0,0.0,1.0,0.0,1.0,0.0,0.0
IND_TAMILNADU_THENI,Tamil Nadu,THENI,2003,Kharif,3.882064,-0.6348016430742163,-0.28464257477421645,-1.6145979360239784,0.4675331753528813,-1.5539070738830127,-0.8296843614831689,-1.6001686236983115,-0.016274082764416224,-1.1547024733101874,0.43355217739622526,0.8759906995349137,0.20303820898504477,1.0790075091057747,-1.2734128651109016,-0.8505975924164576,-0.549935547439487,-0.6241363782617085,0.19570721222456436,0.5924659000832336,1.2376142007163677,-0.046869698312245384,0.0,0.0,1.0,0.0,1.0,0.0,0.0
IND_TAMILNADU_THIRUVALLUR,Tamil Nadu,THIRUVALLUR,2003,Kharif,2.609164,0.3244624658215706,0.8951906154258501,-0.3953407852422446,0.4675331753528813,0.19008881508194506,1.7349822913631097,1.2736959368809675,1.3463756556728645,0.7841296426476002,0.27337341423940253,0.555508222715635,0.168731149730002,0.3998904584669854,1.3213193394833869,1.4880309805840444,0.1102580322199246,-1.1058143346757314,0.12216084102397473,0.014776039638576238,-1.4085073388232119,0.6950455035976159,0.0,0.0,1.0,0.0,1.0,0.0,0.0
IND_TAMILNADU_THIRUVARUR,Tamil Nadu,THIRUVARUR,2003,Kharif,1.395193,1.0590703773923715,0.7291211567861182,-1.378547085218193,0.4675331753528813,0.20358149494532243,1.7167381317740515,1.2899176668857086,1.424121350737721,1.002610998556018,0.15363422813636168,0.31328190695583197,0.48025171504256114,0.4580355240658448,1.4487088794075376,1.5012315335303985,0.6158366848708837,-1.0819777807126385,0.06822549729690586,-0.07974866850721615,-1.1972616770854467,0.910583501086323,0.0,0.0,1.0,0.0,1.0,0.0,0.0
IND_TAMILNADU_TIRUCHIRAPPALLI,Tamil Nadu,TIRUCHIRAPPALLI,2003,Kharif,2.936964,-0.181349722177733,0.24439146582549692,-1.274815953480065,0.4675331753528813,0.4544693882329639,0.8472944623975586,0.8162672275266409,0.8169748551312385,0.2617799196899292,-0.026127670182013868,0.16412525532811514,0.7728869618051524,0.24741842684018653,0.8795143421852825,1.1157949801543148,-0.23785677475844105,-0.2550394872790508,-0.09703303820921708,-0.18068116323264205,-0.6453221087987955,0.4462377993864004,0.0,0.0,1.0,0.0,1.0,0.0,0.0
IND_TAMILNADU_TIRUNELVELI,Tamil Nadu,TIRUNELVELI,2003,Kharif,3.770401,-0.030525609394533415,-0.21908538071159234,-2.009170930358211,0.4675331753528813,-1.0945974866791186,0.25817838649359637,-0.5756113796329666,1.0373530855144513,0.025750165584415306,0.8046002058358681,1.1088691840454459,0.4059551641307291,1.4479097174118654,0.5664183621551204,-0.016856546122018187,-0.1340552333334607,-1.0494621860524667,0.5662893915655176,0.7474707917259271,0.2714990040330352,0.5358998439079303,0.0,0.0,1.0,0.0,1.0,0.0,0.0
IND_TAMILNADU_TIRUVANNAMALAI,Tamil Nadu,TIRUVANNAMALAI,2003,Kharif,2.8061,0.25778765375943963,0.5691892171779028,-0.6941694517979556,0.4675331753528813,0.5382178266565508,0.9464210628314891,0.9283446348320771,0.8537486098603008,-0.25259325863270193,0.12180155986963581,0.44639911042906066,0.4166465554643556,0.21930443373789751,0.8622211921484778,1.2069988005109324,0.06437037977535955,-0.26077856895703183,-0.023727539403392298,-0.07113508242328155,-0.9926204666193243,0.6691649289205056,0.0,0.0,1.0,0.0,1.0,0.0,0.0
IND_TAMILNADU_VELLORE,Tamil Nadu,VELLORE,2003,Kharif,3.49966,-0.37124653880682124,0.4730824974806388,-0.5657191069252958,0.4675331753528813,-0.30552144228421946,-0.16705648520833766,-0.3706277004822138,0.09240499868159222,0.370716729277087,-0.10932778845686976,0.26991409968462116,0.4166465554643556,0.32524804463146734,-0.6285083172651518,0.14995044110916228,-0.3685492289284946,-0.11987179058130734,-0.24221887415186275,-0.1424348465602391,0.08072404664486386,0.2995611553206861,0.0,0.0,1.0,0.0,1.0,0.0,0.0
IND_ANDHRAPRADESH_ADILABAD,Andhra Pradesh,ADILABAD,2004,Kharif,1.519011,-0.2965454697476375,0.35229514612201734,1.8139650479090488,0.4675331753528813,0.06436563251380541,0.1613140618487244,0.15535963772330147,0.3524268054525251,-0.09291043174831808,-0.0808476239873487,0.5769622616483907,0.02666432653070399,0.1800114416863161,0.13526914401260565,0.5779765335830425,-0.4603140548268562,-0.06601948735151553,-0.3274074110992694,-0.16795391280469446,-0.7037040896827313,0.3631195463349468,1.0,0.0,0.0,0.0,1.0,0.0,0.0
IND_ANDHRAPRADESH_ADILABAD,Andhra Pradesh,ADILABAD,2004,Rabi,2.196034,-0.7966539593691143,0.35229514612201734,1.8139650479090488,0.42317830629269937,0.8636738631044845,-1.710774220206119,-0.4752778513383666,-2.418384068962229,-1.139818349545615,-0.9350430265856625,-1.042562272549126,1.2726082851933764,-1.9546271114625469,0.3151840320475752,0.027471841323065103,-0.6351933756789225,1.9187311377607632,-0.7547953302048677,-0.906429679376068,0.9683454547161777,-0.6152113171872969,1.0,0.0,0.0,0.0,0.0,1.0,0.0
IND_ANDHRAPRADESH_ANANTAPUR,Andhra Pradesh,ANANTAPUR,2004,Kharif,3.495007,-0.47511388821356276,-0.2678187564418995,-0.006791370403704205,0.4675331753528813,-0.047775514695167554,-0.1590290549891393,-0.1941148127683358,0.150204752833816,1.767295744235472,-0.5485863749242522,-0.18710801062810958,0.8658192852937454,0.21992284644573226,-0.2634529188008121,0.29358911092431184,-0.5378028504322063,0.07743995005273892,-0.6096697123609138,-0.5591081525938643,0.2905120630723796,0.1927812555613324,1.0,0.0,0.0,0.0,1.0,0.0,0.0
IND_ANDHRAPRADESH_ANANTAPUR,Andhra Pradesh,ANANTAPUR,2004,Rabi,2.340043,-0.7136106389429151,-0.2678187564418995,-0.006791370403704205,0.42317830629269937,1.0140768372224749,-1.110178491386798,0.026999812377558254,-1.6268660656019882,-0.03514580649514131,-0.9368482209380035,-1.4482479325584827,1.9039555886131128,-1.58040715503105,-0.15962349706373846,0.43397050144100857,-0.5435628023579425,1.602604098006487,-0.5976260926228255,-0.9137101390392062,0.9772764944049737,-0.23961410596351246,1.0,0.0,0.0,0.0,0.0,1.0,0.0
IND_ANDHRAPRADESH_CHITTOOR,Andhra Pradesh,CHITTOOR,2004,Kharif,2.273996,-0.5585364018837171,0.42459567446986046,-0.36461738338663735,0.4675331753528813,-1.1688965814235488,-0.6367098041231022,-1.1845131263042394,0.04153535109131311,0.8265192798509722,-0.03097913000393005,0.812496960502978,0.6207150299803419,0.8311096396393992,-0.9518002585886484,-0.5123548526352347,-0.574003511193193,-0.46037890044426316,-0.3578576963370655,0.029495474803718915,1.1302658477351168,0.08356690920993148,1.0,0.0,0.0,0.0,1.0,0.0,0.0
IND_ANDHRAPRADESH_CHITTOOR,Andhra Pradesh,CHITTOOR,2004,Rabi,2.678995,-0.45161970680683555,0.42459567446986046,-0.36461738338663735,0.42317830629269937,0.19393588830221933,-1.6670656245066666,-1.0837425449361502,-1.3083702606846026,-0.2807983371582804,-0.8895263404159238,-1.1003860155774043,1.558419602110582,-0.6568032018229873,-0.8396516046973402,-0.46496511246603794,-0.2544802508530214,1.3593000965829853,-0.6753877307317441,-0.8522446095845154,1.937473767814045,0.21926549424117428,1.0,0.0,0.0,0.0,0.0,1.0,0.0
IND_ANDHRAPRADESH_EASTGODAVARI,Andhra Pradesh,EAST GODAVARI,2004,Kharif,3.312002,2.687768559054151,1.9295220096615435,0.9989009108529308,0.4675331753528813,-0.4670315009138725,0.9696519593748915,0.3673255828501318,1.4865916319702481,-0.42131616943680283,0.383651447799372,1.0079330389713475,-0.46185849603617996,1.1292559201276675,1.2457092892647426,0.7504653914701787,0.8347125800073848,-1.069795435555706,0.08171435140356531,0.20914722739141725,-1.254050278542859,1.1850184223864975,1.0,0.0,0.0,0.0,1.0,0.0,0.0
IND_ANDHRAPRADESH_EASTGODAVARI,Andhra Pradesh,EAST GODAVARI,2004,Rabi,4.704002,1.71422150463605,1.9295220096615435,0.9989009108529308,0.42317830629269937,0.4665525096985726,-0.49317063737759576,-0.11692310415652893,-0.03418123978919002,-0.8547514203059259,-0.8300677514356952,-0.2711874108264743,0.8861738182883055,0.003167415001596491,1.4473446944980013,0.31749215299415245,2.1353231500963377,0.7245855400865889,-0.9271796740560266,-0.8154915829486815,0.2793980810499952,1.0417601943195829,1.0,0.0,0.0,0.0,0.0,1.0,0.0
IND_ANDHRAPRADESH_GUNTUR,Andhra Pradesh,GUNTUR,2004,Kharif,3.468998,2.9387154879600343,0.9900908704822137,0.6550402800936405,0.4675331753528813,0.43300173037084666,1.1184756505294233,1.046140277204147,0.9828859550765029,0.400723730523201,-0.13453603816277335,0.24141087653110677,-0.06851491290932106,0.22058882936186458,1.210703155490859,1.3028558770082042,0.9436094927261761,-0.4682129229801406,-0.2624120099127236,-0.286009215676861,-1.429961059335101,1.2155405581623913,1.0,0.0,0.0,0.0,1.0,0.0,0.0
IND_ANDHRAPRADESH_GUNTUR,Andhra Pradesh,GUNTUR,2004,Rabi,3.337977,-0.5239034189358046,0.9900908704822137,0.6550402800936405,0.42317830629269937,0.8876404063219149,-0.3137379244222516,0.24137112035223426,-0.14342148967412507,-0.26811851125962416,-0.7956723519009139,-0.7731608408078322,0.8457704210615287,-0.309813765630821,1.3877223773369445,0.6074634830216519,-0.33423858324161837,0.926574769642333,-0.6870901145772526,-0.7931007587751923,-0.07905773463276124,0.13218739200894625,1.0,0.0,0.0,0.0,0.0,1.0,0.0
IND_ANDHRAPRADESH_KARIMNAGAR,Andhra Pradesh,KARIMNAGAR,2004,Kharif,2.260996,0.1745389369927647,0.6485176720929396,1.5303178944226856,0.4675331753528813,0.30310117837481043,0.4711728683093981,0.505375815747572,0.5285240397593941,-0.1485943100100966,-0.18058461195418324,0.3063859658703036,-0.014176026697342645,0.13799743372026402,0.4733952094138906,0.8628047910340497,-0.25588959917666504,-0.10212640919665897,-0.3452921864103283,-0.28313392748361244,-1.008192991666452,0.6345917415582621,1.0,0.0,0.0,0.0,1.0,0.0,0.0
IND_ANDHRAPRADESH_KARIMNAGAR,Andhra Pradesh,KARIMNAGAR,2004,Rabi,2.770982,-0.5723295561325893,0.6485176720929396,1.5303178944226856,0.42317830629269937,0.8850123973655376,-1.5155653213379892,-0.2956162963629723,-1.8401145029519375,-1.1414988083996538,-0.8862383078455885,-0.874556715287633,1.2540136025158224,-1.5420366590957058,0.6551478310455006,0.17287385030729144,-0.3876723239949338,1.794273485231929,-0.7600343047909356,-0.8634227300023893,0.7643157506750023,0.06262607738255462,1.0,0.0,0.0,0.0,0.0,1.0,0.0
IND_ANDHRAPRADESH_KHAMMAM,Andhra Pradesh,KHAMMAM,2004,Kharif,2.844003,1.2950707725990185,1.2322371058845452,1.2141443629051327,0.4675331753528813,-0.2994229296969681,0.5039880300235897,0.19761438526809544,1.041071073656375,-0.7365796002504098,0.23759188332693212,1.0649394852783791,-0.08015437850257341,0.8211531950432808,0.8511055951306382,0.61236164738022,0.23035911224225128,-0.6007047288341621,-0.12258558475352557,0.10494682199110639,-0.8229932167097356,0.9623851197382712,1.0,0.0,0.0,0.0,1.0,0.0,0.0
IND_ANDHRAPRADESH_KHAMMAM,Andhra Pradesh,KHAMMAM,2004,Rabi,3.288994,-0.4452998194075814,1.2322371058845452,1.2141443629051327,0.42317830629269937,0.6616765593047449,-1.3684187562971868,-0.32739069971890544,-0.7947303198157415,-1.1597547023139847,-0.8299710445953913,-0.39311786542762284,1.1635316400893638,-0.5451068890478525,1.0378081241937875,0.14715848742478732,-0.2475068621701827,1.5117788647359185,-0.879145704000622,-0.8106852573035971,0.7199334814323999,0.22612952627025457,1.0,0.0,0.0,0.0,0.0,1.0,0.0
IND_ANDHRAPRADESH_KRISHNA,Andhra Pradesh,KRISHNA,2004,Kharif,3.281,3.0161657080378936,1.3401384380599264,0.8092353539734269,0.4675331753528813,0.20168269065991606,1.003245538564896,0.8175914503841704,1.2111482338156179,-0.2816126876859081,0.04248583301365684,0.6542989638964583,-0.06851491290932106,0.5684697626224459,1.329656037246781,1.11687257631321,0.9772186535092906,-0.5671152569275177,-0.20420118117863356,-0.12496817566371332,-1.274599654661516,1.2245543460885184,1.0,0.0,0.0,0.0,1.0,0.0,0.0
IND_ANDHRAPRADESH_KRISHNA,Andhra Pradesh,KRISHNA,2004,Rabi,3.15304,-0.701334257669864,1.3401384380599264,0.8092353539734269,0.42317830629269937,1.0093374364550207,-0.5083353432162403,0.20944541031365999,-0.09007030772555244,-0.7048850443230051,-0.7902890044573257,-0.6128174403080388,0.8457704210615287,-0.2431126230456359,1.51516859810604,0.5816256660301774,-0.5300169602912326,1.1633115986738376,-0.743394036852811,-0.7876496789359305,-0.05115010533005155,-0.203562783358186,1.0,0.0,0.0,0.0,0.0,1.0,0.0
IND_ANDHRAPRADESH_KURNOOL,Andhra Pradesh,KURNOOL,2004,Kharif,3.428,0.1115296596222011,-0.0734708749325743,0.40315814233704866,0.4675331753528813,0.18307440866290295,0.09775140984041936,0.17483173292378723,0.3282122555830721,0.9854424358177295,-0.41980509925278847,-0.032690011357360736,0.7927804861745423,0.15880464282844853,0.12673252543955268,0.5938220952830289,-0.2832320197413711,0.07353174105731795,-0.5099686136291118,-0.46514968193237305,-0.1067278145039971,0.6065202046731671,1.0,0.0,0.0,0.0,1.0,0.0,0.0
IND_ANDHRAPRADESH_KURNOOL,Andhra Pradesh,KURNOOL,2004,Rabi,3.114032,-0.6690870322151699,-0.0734708749325743,0.40315814233704866,0.42317830629269937,1.2583019772441235,-1.0952094591718775,0.1318553434521289,-1.3381732121655225,-0.46030189656697873,-0.847426629270259,-1.2976610116685832,1.7754113510216882,-1.316611191265143,0.2535113182748236,0.5188311989532798,-0.4944351674633114,1.784236863274353,-0.5454370737577794,-0.8360656276912541,0.7686553881569559,-0.12076037803619935,1.0,0.0,0.0,0.0,0.0,1.0,0.0
IND_ANDHRAPRADESH_MAHBUBNAGAR,Andhra Pradesh,MAHBUBNAGAR,2004,Kharif,2.268999,0.0645412968087467,-0.01616497855024476,0.8470213881531867,0.4675331753528813,-0.11684731293622722,-0.10188834715618313,-0.156103597562427,0.16812595228878635,0.8408010931022897,-0.3215509495039476,0.08096531394115537,0.4145189004398697,0.19603784486086953,-0.24100181187446543,0.32452101884870393,-0.3036224652130695,-0.018346379425305703,-0.43226719361888366,-0.3556926407102408,-0.12037044025786835,0.5843740225704912,1.0,0.0,0.0,0.0,1.0,0.0,0.0
IND_ANDHRAPRADESH_MAHBUBNAGAR,Andhra Pradesh,MAHBUBNAGAR,2004,Rabi,2.254997,-0.4596459638038883,-0.01616497855024476,0.8470213881531867,0.42317830629269937,0.9174469694423728,-1.4969518678811966,-0.313440223578821,-1.7024481526936208,-0.5366863899323844,-0.8295842172341753,-1.1637265114741064,1.4334401638230205,-1.4921196190082908,-0.10693634491295337,0.15844875627129756,-0.2633365167466935,1.8063634548916185,-0.5758472135964503,-0.8106469115050392,0.9351307486451435,0.2103932727308904,1.0,0.0,0.0,0.0,0.0,1.0,0.0
IND_ANDHRAPRADESH_MEDAK,Andhra Pradesh,MEDAK,2004,Kharif,1.936992,-0.08024732350816521,0.03211990604263495,1.3014749238188337,0.4675331753528813,-0.38944859169939233,-0.2538743593061569,-0.3901599876307736,0.0604287294627595,0.5219672089758537,-0.1404029198078802,0.44614370520367097,0.34022936487669253,0.24389823142636197,-0.5386439133167913,0.13405589776560461,-0.3664526714276433,-0.12318144504592285,-0.3501698524042533,-0.16932884140913784,0.03418438008746967,0.5082830870489452,1.0,0.0,0.0,0.0,1.0,0.0,0.0
IND_ANDHRAPRADESH_MEDAK,Andhra Pradesh,MEDAK,2004,Rabi,2.202985,-0.6520865351111763,0.03211990604263495,1.3014749238188337,0.42317830629269937,0.567966701476155,-1.7649513547748343,-0.7407605567112908,-2.2375144132412133,-0.7370429160298382,-0.8620615977695942,-0.9059715580105937,1.4697185360470648,-1.8162790406031757,-0.3887050636069985,-0.18738613826572606,-0.4756767109017287,1.7249021951934702,-0.7175805452141772,-0.8319933475122915,1.4381323914797655,-0.08259430069903309,1.0,0.0,0.0,0.0,0.0,1.0,0.0
IND_ANDHRAPRADESH_NALGONDA,Andhra Pradesh,NALGONDA,2004,Kharif,2.818,0.9953027135338974,0.531295707870846,1.0186224262280383,0.4675331753528813,0.3713911160277568,0.6202154893790002,0.6403863552674925,0.5868117070821138,0.20328525903294575,-0.24821492894009847,0.17331984344215223,0.2119597280750354,0.09585022917098791,0.6284737814778655,0.9726706175968255,0.10027641383937752,-0.1561723624217309,-0.3772278514158241,-0.3494624119274822,-0.9356676830507503,0.8954902236629009,1.0,0.0,0.0,0.0,1.0,0.0,0.0
IND_ANDHRAPRADESH_NALGONDA,Andhra Pradesh,NALGONDA,2004,Rabi,2.979001,0.32997656757741983,0.531295707870846,1.0186224262280383,0.42317830629269937,0.9772173269883568,-1.1195952845285468,-0.09189697884668313,-1.1029259073809354,-0.9584815622961455,-0.8379171233070347,-0.9007612914126387,1.3084106159022832,-1.0071264993548368,0.8001229326522188,0.33774606261684914,0.607938107611791,1.5803712987494547,-0.6895590566235605,-0.823124451101105,0.6056167784136832,0.6971201935477923,1.0,0.0,0.0,0.0,0.0,1.0,0.0
IND_ANDHRAPRADESH_NIZAMABAD,Andhra Pradesh,NIZAMABAD,2004,Kharif,2.246997,0.09261739657993315,0.0011331602520301002,1.4956215789529068,0.4675331753528813,-0.1235713139939704,-0.044188151762511216,-0.07324938104474345,0.1711794077427792,0.29642091353354266,-0.12673501971158543,0.4546231586866152,0.1396906129213631,0.15119816652209775,-0.2249481708576472,0.39194425124444904,-0.29143889194626077,-0.06540332827565395,-0.33648027130196084,-0.18726339153951027,-0.4207359012284289,0.597738257833968,1.0,0.0,0.0,0.0,1.0,0.0,0.0
IND_ANDHRAPRADESH_NIZAMABAD,Andhra Pradesh,NIZAMABAD,2004,Rabi,2.575988,-0.6521971331406632,0.0011331602520301002,1.4956215789529068,0.42317830629269937,0.842829484373678,-1.6225498751093475,-0.46650206374481873,-2.3317076172245423,-0.8494045057703477,-0.8857386558373513,-1.0966570992867124,1.314843690608937,-2.0128572806867853,-0.06685310134616243,0.03457417964299677,-0.47579866205516463,1.8384558633733068,-0.6721359534024599,-0.8600334630369755,0.9955198844660086,-0.08283234173572548,1.0,0.0,0.0,0.0,0.0,1.0,0.0
IND_ANDHRAPRADESH_PRAKASAM,Andhra Pradesh,PRAKASAM,2004,Kharif,3.478987,-0.4261347608693433,0.7958439581818378,0.4707338942814897,0.4675331753528813,0.2225695377994383,1.6903205886890764,1.3413817824851402,1.139735309407018,1.4667699292237548,-0.06303744756469906,0.147166348362223,0.13015374753601677,0.1627862692627332,1.354546178051182,1.543110838796191,-0.5165485716345505,-1.0478953815452874,-0.13633538395450945,-0.25166790731263533,-1.4796275529260468,0.24632203764911142,1.0,0.0,0.0,0.0,1.0,0.0,0.0
IND_ANDHRAPRADESH_PRAKASAM,Andhra Pradesh,PRAKASAM,2004,Rabi,3.334004,0.18529854528999484,0.7958439581818378,0.4707338942814897,0.42317830629269937,0.09842910127269483,0.5625863994278206,0.3733710702937308,0.14438440138510433,0.8159302185821913,-0.7853408377951057,-0.6858122537244788,1.0041479298583944,-0.1492096591709578,1.5307073881145998,0.7142924476821232,0.4482994916811612,-0.32957838838008535,-0.7085478304106113,-0.7872958947511115,-0.06777226756886552,0.6392137370653241,1.0,0.0,0.0,0.0,0.0,1.0,0.0
IND_ANDHRAPRADESH_SRIKAKULAM,Andhra Pradesh,SRIKAKULAM,2004,Kharif,2.35101,2.15490725298604,2.8367514851732647,1.597894743958143,0.4675331753528813,-1.0274021538495153,1.9452766375597248,0.7415991159464064,1.739543327192418,1.6081446869934217,0.419304036258105,0.8099429082490781,-0.3863553051575657,1.0475588444020183,1.2496477292153223,1.0550332512862268,0.603480284191111,-2.2174709347897554,0.2039169463460265,0.19102111151680787,-1.4605114456640549,1.1123342987361295,1.0,0.0,0.0,0.0,1.0,0.0,0.0
IND_ANDHRAPRADESH_SRIKAKULAM,Andhra Pradesh,SRIKAKULAM,2004,Rabi,2.61283,-0.824872256606784,2.8367514851732647,1.597894743958143,0.42317830629269937,-1.3784894705881194,0.3933776333120844,-0.518309471883257,-0.008962478877263655,1.0410353205300373,-0.7689490283635815,0.12535474211392464,0.6560092490088899,0.1942067577661921,1.4857996819319523,-0.007354107266386995,-0.6663294946406778,-1.3710328026218,-1.0068883640226034,-0.7482893168170518,0.4776262663168149,-0.8806995370018392,1.0,0.0,0.0,0.0,0.0,1.0,0.0
IND_ANDHRAPRADESH_VIZIANAGARAM,Andhra Pradesh,VIZIANAGARAM,2004,Kharif,2.327,1.1186037166933454,2.5004643770907284,1.5280363685641372,0.4675331753528813,-1.6354886415338414,-0.39973033383420514,-1.258067686845197,0.47729105257406484,-0.9122914834966448,0.787950511496866,1.1918758822971738,-0.43087470765311464,1.303852855632426,-0.7507199082187466,-0.5722104210969869,0.15378214070318943,-0.9995885099981918,0.5129361561257877,0.8875663063547384,0.21925258106166715,0.9242284604118367,1.0,0.0,0.0,0.0,1.0,0.0,0.0
IND_ANDHRAPRADESH_VIZIANAGARAM,Andhra Pradesh,VIZIANAGARAM,2004,Rabi,1.678903,-0.8221547050251047,2.5004643770907284,1.5280363685641372,0.42317830629269937,-0.815376782246142,-2.286592776421322,-2.0292882661355622,-1.680743951990222,-1.4636886014149284,-0.7637268589871666,0.12545690420408023,0.658641006943093,-0.4790801717838924,-0.5546866795203148,-1.2302053302058396,-0.6633309845865809,1.0122489323844004,-1.000424954763163,-0.6851012057373341,2.3566463238645583,-0.8470704131788559,1.0,0.0,0.0,0.0,0.0,1.0,0.0
IND_ANDHRAPRADESH_WARANGAL,Andhra Pradesh,WARANGAL,2004,Kharif,2.691996,0.8532632442356611,0.8525059997480255,1.3357032996521332,0.4675331753528813,0.015153093210752606,0.451785408052754,0.32552227491582764,0.7393267988146989,-0.49819486630026893,-0.012798244026783274,0.6849986719883283,0.2119597280750354,0.45080009538418847,0.594327307185586,0.7164476399998909,0.038639142008663745,-0.31501817217735356,-0.2851142331190184,-0.12515167504108288,-0.6932455550375409,0.8599159085086241,1.0,0.0,0.0,0.0,1.0,0.0,0.0
IND_ANDHRAPRADESH_WARANGAL,Andhra Pradesh,WARANGAL,2004,Rabi,2.91699,-0.5133808064160464,0.8525059997480255,1.3357032996521332,0.42317830629269937,0.5817805947083201,-1.6373476929035076,-0.49455432270762684,-1.34184448598746,-1.185343507591395,-0.8582900309977392,-0.43546405179727365,1.3084106159022832,-0.9560997665402896,0.778111321967346,0.011871187841009283,-0.3226278614701527,1.643440935495326,-0.8977731691955301,-0.8335667346601803,1.0201166423708778,0.14596917020440509,1.0,0.0,0.0,0.0,0.0,1.0,0.0
IND_ANDHRAPRADESH_WESTGODAVARI,Andhra Pradesh,WEST GODAVARI,2004,Kharif,3.447999,2.9992442095263905,1.5405613785784846,0.9211625636915421,0.4675331753528813,-0.3949886324379841,0.7209719014028826,0.2615984260660025,1.2895809072576825,-0.6726153089865428,0.30849411507646446,1.002927096553705,-0.12331180116850986,1.0214190149439681,1.0699589054805094,0.6644291345118489,0.9698756146303581,-0.8330495140668751,-0.009917522103717012,0.15835584138125702,-0.9075788750722995,1.222600468123508,1.0,0.0,0.0,0.0,1.0,0.0,0.0
IND_ANDHRAPRADESH_WESTGODAVARI,Andhra Pradesh,WEST GODAVARI,2004,Rabi,4.594,1.9173742850850737,1.5405613785784846,0.9211625636915421,0.42317830629269937,0.7457503842933495,-0.874783122046254,-0.1557181375873062,-0.2258494649741622,-1.084134053882236,-0.813289114642955,-0.43990810271905867,0.8960293809406283,-0.1457227367654633,1.261442068366704,0.2860949194556959,2.359483190229914,1.2207876330588667,-0.8399838671522732,-0.7993791562079938,0.3245543919048607,1.0756843262222562,1.0,0.0,0.0,0.0,0.0,1.0,0.0
IND_KARNATAKA_BANGALORERURAL,Karnataka,BANGALORE RURAL,2004,Kharif,2.774043,-0.7242280497736621,-0.19750098158330961,-0.4216397977124417,0.4675331753528813,-1.9539516285081553,-1.3133735205084616,-2.156823759445241,-0.28418007817680196,0.9210223420032894,0.09901098117133147,1.0737765060768707,0.6939612829808863,1.1697238963241414,-1.7918675008379519,-1.303579832297259,-0.5813173911412913,-0.5893497972933949,-0.2986432326248032,0.3322943574280934,2.53404726865847,-0.27332806037434143,0.0,1.0,0.0,0.0,1.0,0.0,0.0
IND_KARNATAKA_BANGALORERURAL,Karnataka,BANGALORE RURAL,2004,Rabi,3.4,-0.8595210392731947,-0.19750098158330961,-0.4216397977124417,0.42317830629269937,0.15413390650158462,-2.0822850540500064,-1.2587135927494726,-1.8388835041182614,-0.22450296554797744,-0.897262887640242,-1.1369089628081637,1.8859020899738288,-1.1787988341361093,-1.7179048200603577,-0.6065710440723745,-0.7029171187129407,1.6284302557421777,-0.6706706463343265,-0.8567450884569683,2.4792729804051046,-3.51711809943621,0.0,1.0,0.0,0.0,0.0,1.0,0.0
IND_KARNATAKA_BANGALORERURAL,Karnataka,BANGALORE RURAL,2004,Summer,4.47375,-0.8469602630671771,-0.19750098158330961,-0.4216397977124417,-2.2381138373182194,0.3133882298269428,-0.5961591187431403,-0.08942596708842769,-0.939869024253003,0.6952101617398112,-0.5317432669046425,-1.1203076231578188,-1.2713936506311108,-0.780894873318531,-1.8142286433999604,-2.0023274688694372,-0.6465879872494674,0.6784151058249617,-0.22198559299187565,-0.32055276982370046,1.652963753320301,-1.331667013022961,0.0,1.0,0.0,0.0,0.0,0.0,1.0
IND_KARNATAKA_BIDAR,Karnataka,BIDAR,2004,Kharif,0.437055,-0.7332180895991011,-0.3830668900350699,1.3260573039400396,0.4675331753528813,-0.4554823030837896,-0.4710041839621512,-0.5859042027528469,0.010426046620514594,0.5844121584044755,-0.042874071361320355,0.7123270311050492,0.15394680355886045,0.3105631213308274,-0.692482976360759,-0.02523240717517758,-0.589507861447587,-0.018082311249936783,-0.33330878477093173,-0.056732669093421964,0.06173337699360249,-0.3040101473205418,0.0,1.0,0.0,0.0,1.0,0.0,0.0
IND_KARNATAKA_CHITRADURGA,Karnataka,CHITRADURGA,2004,Kharif,1.947546,-0.803274041419833,-0.6853982879596192,-0.018470836404734677,0.4675331753528813,-0.3859190496159069,-0.4314751715191748,-0.6400468600413811,-0.02800742654446217,2.161640917573646,-0.5455078738412418,-0.27057443828553696,0.6716133887787241,0.33255482862556196,-0.7118752948991386,-0.06929139558054352,-0.6533325086991455,0.008130856291475233,-0.5730370356575638,-0.5318905922560883,0.5698947904841657,-0.6648195784420811,0.0,1.0,0.0,0.0,1.0,0.0,0.0
IND_KARNATAKA_CHITRADURGA,Karnataka,CHITRADURGA,2004,Rabi,4.127962,-0.8495988160563657,-0.6853982879596192,-0.018470836404734677,0.42317830629269937,0.8210641794273824,-1.4301293253792917,-0.3020014383706833,-1.8507711697200389,-0.14208409720670417,-0.9265972958657819,-1.4750144001793473,2.088612593430841,-1.7042861720130331,-0.6183695860497201,0.1677062869089981,-0.4854710742733261,1.6820474125491354,-0.5743417611291894,-0.90064913286142,1.479377119218226,-1.436075284005043,0.0,1.0,0.0,0.0,0.0,1.0,0.0
IND_KARNATAKA_CHITRADURGA,Karnataka,CHITRADURGA,2004,Summer,3.217304,-0.8517475777721121,-0.6853982879596192,-0.018470836404734677,-2.2381138373182194,1.1873184869057536,0.24847249359220971,1.0630542146116686,-0.650706820816879,1.3643283059822775,-0.6561082635355572,-1.1775694746902403,-1.1357689218724318,-1.1498946005516326,-0.7415835272166492,-1.3771012793194342,-0.6685783771812506,0.7558663016600433,-0.3543650466130207,-0.5482315142814014,0.6792722655873151,-1.5438937903935581,0.0,1.0,0.0,0.0,0.0,0.0,1.0
IND_KARNATAKA_DAKSHINAKANNADA,Karnataka,DAKSHINA KANNADA,2004,Kharif,2.270514,-0.3279869095589268,-1.3294282739422296,-0.5491692637226949,0.4675331753528813,-1.5337574095837112,1.0573942042252313,-0.21190153342288112,1.2429822534787052,-0.41189625005828084,3.1106392841110773,2.073790125568587,-0.8178583761377488,1.361964622085476,0.9418896348034881,0.2791150352447345,-0.22032086711984664,-1.9739472634665158,3.0589975141566184,2.7731729061235892,-1.0991440395322698,0.3374614065802616,0.0,1.0,0.0,0.0,1.0,0.0,0.0
IND_KARNATAKA_DAKSHINAKANNADA,Karnataka,DAKSHINA KANNADA,2004,Rabi,3.298574,-0.49505313295820946,-1.3294282739422296,-0.5491692637226949,0.42317830629269937,0.2556604063542207,0.7476936474711733,0.6471453818757227,0.09539863159472556,-1.3241341320363338,-0.9164591954405816,-0.3553689731149931,1.5935765207442327,-0.3809106306997503,0.9859250491457129,0.9358609124421494,7.284415673494413,-0.3396327116109719,-1.001689534835662,-0.9028035690087179,0.15406322514423038,0.1690024452441621,0.0,1.0,0.0,0.0,0.0,1.0,0.0
IND_KARNATAKA_DAKSHINAKANNADA,Karnataka,DAKSHINA KANNADA,2004,Summer,3.226157,-0.8261362340866348,-1.3294282739422296,-0.5491692637226949,-2.2381138373182194,-0.05034448519894801,1.7352985234626495,1.050775057205491,1.2914004810868631,-0.3339919974560247,1.201291664762783,-0.6762600982948951,-2.6454519062326,0.5380153152720505,0.9077331644707329,-1.3837627828470935,-0.5509333296039631,-1.2955209118592155,1.7617993048667746,1.6658943945319633,-0.961119885399871,-0.8972479047600327,0.0,1.0,0.0,0.0,0.0,0.0,1.0
IND_KARNATAKA_DHARWAD,Karnataka,DHARWAD,2004,Kharif,0.655505,-0.4863632877842351,-1.3656452247564865,0.3684610951399253,0.4675331753528813,-1.2641272010553777,-0.7219465177232123,-1.3953655203917712,0.011652843824649841,1.1145864918136688,0.05736256861375223,1.0463970659150736,0.2422339640523798,0.9229153846277218,-0.9658746835896723,-0.6839375501160275,-0.36461019148556956,-0.4737407501178158,-0.3397521213308093,0.15190425568763485,1.02198451071826,0.17952164270514487,0.0,1.0,0.0,0.0,1.0,0.0,0.0
IND_KARNATAKA_DHARWAD,Karnataka,DHARWAD,2004,Summer,4.450495,-0.856408494729062,-1.3656452247564865,0.3684610951399253,-2.2381138373182194,1.1758251362605403,-0.00814985518758054,0.751199731663491,-0.5772656478116693,0.4131823335722196,-0.46090550638197886,-1.1722059649570518,-1.371095785561261,-0.8754763399608594,-0.9943833910491668,-1.546283876264532,-0.6899881702766878,0.9325279109804249,-0.11337221565388925,-0.2934832208512496,0.6957147145488696,-1.9446233043314147,0.0,1.0,0.0,0.0,0.0,0.0,1.0
IND_KARNATAKA_GADAG,Karnataka,GADAG,2004,Kharif,2.061856,-0.8488720290054514,-1.1187200932133095,0.43114451806247717,0.4675331753528813,-0.5508022782114123,-0.5539786217732264,-0.8617639007554703,-0.1011944021186901,1.9412603843711733,-0.37137109006721397,0.07529531793749751,0.2422339640523798,0.40363423385979597,-0.8941430970787279,-0.24971527972856022,-0.6948747211022865,-0.0331518017908633,-0.4920838383180522,-0.347333125936417,0.4197428391138435,-1.404797347681942,0.0,1.0,0.0,0.0,1.0,0.0,0.0
IND_KARNATAKA_GADAG,Karnataka,GADAG,2004,Summer,4.040663,-0.8491090247829235,-1.1187200932133095,0.43114451806247717,-2.2381138373182194,1.4936849736382936,0.2042486507483186,1.1837691664650962,-0.8305251996907269,1.1121555448772744,-0.6788666066204267,-1.32841180080553,-1.371095785561261,-1.3451655485813536,-0.9247509730397662,-1.3116128218453185,-0.6564582853367783,1.029308897252333,-0.3234330165856995,-0.5805031793478383,0.3208978151940512,-1.4147579384489328,0.0,1.0,0.0,0.0,0.0,0.0,1.0
IND_KARNATAKA_HASSAN,Karnataka,HASSAN,2004,Kharif,2.498502,-0.04739970875054192,-0.9061681677665311,-0.5042975478074482,0.4675331753528813,-2.390631936404742,-1.4111378903597231,-2.4988946003243258,-0.2661883150861924,0.19151035980978634,0.7214645587878816,1.6034358624905023,0.126495744314437,1.4655297225642996,-1.9092410081974132,-1.5819425127949427,0.03530879724689863,-0.8627307769781071,0.2684105300434827,1.174398723248857,2.456202707535774,0.5267176942153403,0.0,1.0,0.0,0.0,1.0,0.0,0.0
IND_KARNATAKA_HASSAN,Karnataka,HASSAN,2004,Rabi,4.110791,-0.8486192335094813,-0.9061681677665311,-0.5042975478074482,0.42317830629269937,-0.08180289758076519,-2.198686400963107,-1.4620697742274187,-1.8982065890829039,-1.2967884834115206,-0.9322707638302818,-0.7384257301548021,1.822624647396581,-1.1921390626531443,-1.8471602143103918,-0.7711493665204137,-0.4640035707939465,1.5267364406691937,-0.8708556790809046,-0.8900786132235299,2.7052767507334226,-1.3944120430629843,0.0,1.0,0.0,0.0,0.0,1.0,0.0
IND_KARNATAKA_HASSAN,Karnataka,HASSAN,2004,Summer,3.732225,-0.8424889427322049,-0.9061681677665311,-0.5042975478074482,-2.2381138373182194,-0.26154736892150415,-0.6715804744843302,-0.5628958306032733,-0.7957024663586345,-0.17446110475516638,-0.034879639229524105,-0.8544307835269074,-1.807529644445594,-0.35085781182224646,-1.9310323764518822,-2.259187207832991,-0.6260491653432647,0.27990982237895795,0.2923171152235892,0.4257706085827355,1.5037668079069706,-1.1965629262930304,0.0,1.0,0.0,0.0,0.0,0.0,1.0
IND_KARNATAKA_HAVERI,Karnataka,HAVERI,2004,Kharif,1.291994,-0.3218566187816503,-1.2397488314249616,0.15122880816676934,0.4675331753528813,-1.372649450685092,-0.6505753654107839,-1.4040632568878075,0.14657640716340697,1.3730265379890674,0.7121484665052659,1.1952472312723237,0.30594736043822734,1.0946771357181047,-0.8374655475362287,-0.6910153976141646,-0.21473586877911457,-0.6109153649483496,0.4172094519075552,0.8445904825685622,1.094250124125006,0.34258115455021076,0.0,1.0,0.0,0.0,1.0,0.0,0.0
IND_KARNATAKA_HAVERI,Karnataka,HAVERI,2004,Summer,4.473459,-0.8078085606287978,-1.2397488314249616,0.15122880816676934,-2.2381138373182194,0.8120254046127912,0.07296367834541032,0.579833255509564,-0.3678686201896424,0.8047167245151885,-0.1461086233858157,-0.9398382908972979,-1.4671679786644194,-0.5711459323942583,-0.8675036491896911,-1.6392510357902428,-0.46674572524779445,0.5871267376006664,0.1873569692061558,0.11331762147097857,0.7433812577765927,-0.7022876421603121,0.0,1.0,0.0,0.0,0.0,0.0,1.0
IND_KARNATAKA_KODAGU,Karnataka,KODAGU,2004,Kharif,2.337014,-0.29003598572640577,-1.0603223205016303,-0.7035875144423978,0.4675331753528813,-2.4180640736104366,-0.6221874530902066,-1.9615911758817532,0.34808117972440555,-2.5274278214552095,2.4422016039299854,2.273261606598116,-0.8178583761377488,1.7999482868774248,-0.8082371251619194,-1.1447078713269543,-0.18574566488342434,-1.4553173670461648,2.1481586260646233,2.9681491860246525,0.6527081695685916,0.3682523381492077,0.0,1.0,0.0,0.0,1.0,0.0,0.0
IND_KARNATAKA_KODAGU,Karnataka,KODAGU,2004,Rabi,3.36,-0.859205044903232,-1.0603223205016303,-0.7035875144423978,0.42317830629269937,0.03097687139271245,-1.2376843164462656,-0.8856518360143367,-0.8957854924322426,-2.889863477040387,-0.8755199663785646,-0.21510042333084575,1.5935765207442327,-0.41922851189372123,-0.765998142095175,-0.304648193009952,-0.6959921763787273,0.9201315061633804,-1.0058245109457389,-0.8421784960680645,1.7225407499332828,-2.862328256080375,0.0,1.0,0.0,0.0,0.0,1.0,0.0
IND_KARNATAKA_KODAGU,Karnataka,KODAGU,2004,Summer,4.323224,-0.8413671627188373,-1.0603223205016303,-0.7035875144423978,-2.2381138373182194,-0.3662273322325117,0.017428456556289388,-0.346746545085626,0.20255967376872747,-2.644227225039768,1.0245115606871134,-0.6234422976842586,-2.6454519062326,0.5189134981312367,-0.8350265136581743,-2.1419251530887595,-0.6208962355349428,-0.30122501115070577,1.5208867647058981,1.859028467861315,0.19558617316975607,-1.168232832987764,0.0,1.0,0.0,0.0,0.0,0.0,1.0
IND_KARNATAKA_KOLAR,Karnataka,KOLAR,2004,Kharif,2.375072,-0.749444400496686,0.07396201585600445,-0.4458303378409435,0.4675331753528813,-1.7732301382849212,-1.1372808921548077,-1.9187345088562617,-0.20827955905545473,1.1078254206468192,0.13411556420167575,1.0110489827211053,0.6207150299803419,1.086143040350003,-1.6151175130053148,-1.1098329410939165,-0.6042908319027022,-0.5743683294775725,-0.2302756179115924,0.3262196322695604,2.0964208627299064,-0.365364049460488,0.0,1.0,0.0,0.0,1.0,0.0,0.0
IND_KARNATAKA_KOLAR,Karnataka,KOLAR,2004,Summer,4.472934,-0.8540543366728399,0.07396201585600445,-0.4458303378409435,-2.2381138373182194,0.41944203388561824,-0.4868766028046329,0.014811438980963184,-0.8083340585661409,0.7687083230198493,-0.5190263174046695,-1.0528295626098003,-1.2835332103634105,-0.7356127920426198,-1.6323806749206715,-1.9457781613497185,-0.6791744592813516,0.6829042648061904,-0.23266426915964672,-0.3116839430543547,1.5246974320060578,-1.6988320494402214,0.0,1.0,0.0,0.0,0.0,0.0,1.0
IND_KARNATAKA_KOPPAL,Karnataka,KOPPAL,2004,Kharif,3.106499,-0.22197079843643888,-0.8810958694992852,0.4841698717717585,0.4675331753528813,-0.19988090739354908,-0.36898284354010275,-0.4741578511617879,-0.05552542073214678,1.89165387345038,-0.45708558618997214,-0.1585537064295178,0.5802214354138502,0.18450206934935234,-0.6572769217772112,0.06570201414172487,-0.12373464238196842,0.10951543108728783,-0.5069376359950262,-0.45826336453050387,0.3215035759243466,0.41865991299907857,0.0,1.0,0.0,0.0,1.0,0.0,0.0
IND_KARNATAKA_KOPPAL,Karnataka,KOPPAL,2004,Summer,5.168733,-0.5104262590568951,-0.8810958694992852,0.4841698717717585,-2.2381138373182194,1.6734235534078874,0.368592040326618,1.4396451377086308,-0.7905324525493098,1.0690822038480412,-0.7064602917204947,-1.2811618341083937,-1.1605290938155022,-1.4581138726463443,-0.6888044334627701,-1.1727988439233725,0.8992713640904619,1.0520187603338762,-0.37636472533459414,-0.6227320119387537,0.3356028007793281,0.14976355725736695,0.0,1.0,0.0,0.0,0.0,0.0,1.0
IND_KARNATAKA_MANDYA,Karnataka,MANDYA,2004,Kharif,3.382003,0.27995465881232345,-0.5729209373097439,-0.6394047821920191,0.4675331753528813,-1.7251345426791789,-1.0574931008852926,-1.8577299694877925,-0.05105381857299669,0.5806897709081221,0.09225762015677141,1.247656383522335,0.126495744314437,1.2186974257637355,-1.2928251757302118,-1.0601900453197874,0.33354588620881465,-0.5942086517201443,-0.37538116305598423,0.26756354311274944,1.4985649330848756,0.6779368062155309,0.0,1.0,0.0,0.0,1.0,0.0,0.0
IND_KARNATAKA_MANDYA,Karnataka,MANDYA,2004,Rabi,4.135294,-0.8569140857210024,-0.5729209373097439,-0.6394047821920191,0.42317830629269937,0.6754904525369186,-1.557732987250612,-0.567817018445437,-1.748900973468729,-0.7967755898415849,-0.9049349636376909,-1.3278499093096714,1.822624647396581,-1.4620335532599351,-1.228262068405246,-0.047421091719510394,-0.645785661043238,1.6596730031057625,-0.6051935003582574,-0.8765668278916332,1.550372099772477,-2.021225225113313,0.0,1.0,0.0,0.0,0.0,1.0,0.0
IND_KARNATAKA_MANDYA,Karnataka,MANDYA,2004,Summer,4.830744,-0.5483771828894162,-0.5729209373097439,-0.6394047821920191,-2.2381138373182194,0.4019842038968078,-0.19296319182480345,0.19231749383798574,-0.6608025411363846,0.13161030795520046,-0.429185662762275,-0.9449974764501746,-1.807529644445594,-0.6331322923129207,-1.3205341999509976,-1.84948025006018,0.7249448479687902,0.4564393976116453,-0.16315251057131833,-0.20809181163752444,0.7104143111536773,0.09838598785789666,0.0,1.0,0.0,0.0,0.0,0.0,1.0
IND_KARNATAKA_RAICHUR,Karnataka,RAICHUR,2004,Kharif,2.679004,0.5597360739773034,-0.5535249870824451,0.6262314428335712,0.4675331753528813,0.24776778761053458,-0.0826468401762515,0.09411433056255741,0.09144320089639453,1.3747737810995884,-0.42062710739537285,-0.09030943020532887,0.5424147193780577,-0.041361279634815624,-0.18828269436344033,0.5281377112345672,0.5884414137440411,0.25506980934945356,-0.4883503161992449,-0.4609931857961294,-0.23754931205263996,0.7759759369675746,0.0,1.0,0.0,0.0,1.0,0.0,0.0
IND_KARNATAKA_RAICHUR,Karnataka,RAICHUR,2004,Rabi,3.372973,-0.8508311940992203,-0.5535249870824451,0.6262314428335712,0.42317830629269937,1.3203184962912686,-1.2685273713858385,0.1734041585070745,-2.0052890998640542,-0.5420333044679626,-0.9086742947961114,-1.5707913597005685,1.7729199000603628,-2.036749156428128,-0.07358724708081243,0.552457097274881,-0.5124787746111668,1.9585413013985626,-0.5143846075330772,-0.8905274927553233,0.7262914126973603,-1.4946983964862652,0.0,1.0,0.0,0.0,0.0,1.0,0.0
IND_KARNATAKA_RAICHUR,Karnataka,RAICHUR,2004,Summer,3.032383,-0.5814933928615077,-0.5535249870824451,0.6262314428335712,-2.2381138373182194,2.066811123597116,0.6909298519462179,1.9837201563090283,-0.7607498987426756,0.7466018993170168,-0.6982724459080917,-1.167506508809877,-1.1455904099741936,-1.6819198101217616,-0.22287899047750442,-0.8776354596757829,0.5728265025435682,1.128756972095461,-0.4108295504850881,-0.6330738093362659,-0.0680892498994144,0.04814999707545465,0.0,1.0,0.0,0.0,0.0,0.0,1.0
IND_KARNATAKA_UDUPI,Karnataka,UDUPI,2004,Kharif,2.422495,-0.04765250424651208,-1.4848945567694636,-0.3353775587209606,0.4675331753528813,-1.8435975912148626,0.4384793343258055,-0.8518322293239989,0.8159165408821768,-0.8268285052640387,2.9433364503851966,2.0243436739330942,-0.28218038437045667,1.420280940434192,0.12393363410412454,-0.2416333085369194,0.035078411319423665,-1.7702098638985466,2.870073265865154,2.9104763576447894,-0.06383615990519761,0.5265786882502633,0.0,1.0,0.0,0.0,1.0,0.0,0.0
IND_KARNATAKA_UDUPI,Karnataka,UDUPI,2004,Rabi,3.185023,-0.6901796564101805,-1.4848945567694636,-0.3353775587209606,0.42317830629269937,-0.12481689032806746,-0.2707141864058308,-0.24653240851219832,-0.38360421535838474,-1.738978315503844,-0.9424088642554821,0.2789554446634247,1.99636276314606,-0.30953634244903955,0.17133463838457239,0.21259796325531619,3.008207894166813,0.09755333619971325,-1.2832693643121482,-0.9158647228868946,1.3404875958468658,-0.1731525336366514,0.0,1.0,0.0,0.0,0.0,1.0,0.0
IND_KARNATAKA_UDUPI,Karnataka,UDUPI,2004,Summer,4.474576,-0.8568034876915154,-1.4848945567694636,-0.3353775587209606,-2.2381138373182194,-0.20066276798164928,1.0339200522206327,0.471578036906526,0.8138842941471636,-0.9398675378063629,1.013293567211851,-0.5298107420563124,-2.169466513885412,0.5018381718637861,0.09286594028083113,-1.6979800264495277,-0.6918025543739476,-0.9063900486387338,1.4701229075098585,1.5937121940662902,0.02914204540156457,-2.0033097232768693,0.0,1.0,0.0,0.0,0.0,0.0,1.0
IND_KARNATAKA_UTTARAKANNADA,Karnataka,UTTARA KANNADA,2004,Kharif,1.776499,0.3838694073745593,-1.6482627368515945,0.13753599437876132,0.4675331753528813,-1.450768492874292,1.2464036975679422,-0.05696745909194771,1.2074632127798015,0.14471463128420045,1.6506238804284952,2.373278292860812,-0.2622036780100092,1.1979615719679844,0.9166196444607151,0.4051937858343932,0.42821764489412273,-2.0453336935406705,1.1230458593577377,1.4008762406304993,-0.7646474051485486,0.7169055671828167,0.0,1.0,0.0,0.0,1.0,0.0,0.0
IND_KARNATAKA_UTTARAKANNADA,Karnataka,UTTARA KANNADA,2004,Rabi,3.142788,-0.8269578194485379,-1.6482627368515945,0.13753599437876132,0.42317830629269937,-0.08784507201888694,0.6589556591121228,0.37400655836084445,0.03234206695440088,-0.8769029233818949,-0.9665533387180417,0.5306828348077348,2.1859786172625086,-0.29604783602449564,0.9806784460509598,0.7148067549397689,0.01070746805002058,-0.5461180645833393,-1.4122565317070657,-0.9426766672946185,0.8615862901718936,-0.9083428350245191,0.0,1.0,0.0,0.0,0.0,1.0,0.0
IND_KARNATAKA_UTTARAKANNADA,Karnataka,UTTARA KANNADA,2004,Summer,3.218334,-0.83702224013185,-1.6482627368515945,0.13753599437876132,-2.2381138373182194,-0.22535839312897007,1.790176955506558,0.9819305166009843,1.3463921392259206,-0.1613567814261633,0.2540481639853247,-0.407675963274851,-1.8875056211811625,0.5915960193850089,0.88548197835404,-1.421111286081211,-0.6009380104650858,-1.4731595734284542,0.4765844972163278,0.5478072951476927,-0.07705796734597667,-1.0728617517710137,0.0,1.0,0.0,0.0,0.0,0.0,1.0
IND_TAMILNADU_COIMBATORE,Tamil Nadu,COIMBATORE,2004,Kharif,3.378091,-0.745225875657684,-0.5132307587234963,-1.2547600387087559,0.4675331753528813,-1.8701808512106257,-0.5836557880380927,-1.6358323529294987,0.3369808043817478,-0.04391165756162834,0.4654331990831023,1.3386317248062232,-0.6160137671419469,1.51256714452629,-0.5908432367226241,-0.8796192162410003,-0.6459464907711193,-1.0514338950952138,0.05361257201469424,0.6350924896164764,0.46417346588553365,-0.34858471553830356,0.0,0.0,1.0,0.0,1.0,0.0,0.0
IND_TAMILNADU_CUDDALORE,Tamil Nadu,CUDDALORE,2004,Kharif,2.754841,0.9510319023021223,0.6401433328649972,-1.0173719561818362,0.4675331753528813,0.22069307238797747,1.1282788456152781,0.8983690446934605,1.1531433821776862,0.4752474475420297,0.4693659439221301,0.8846233961530935,0.3240269160867781,0.5043879350283929,1.326997090478137,1.1826059420052573,0.22464897349002325,-0.6426211505373783,0.23691646442838551,0.21218657921496242,-1.0396565703277774,0.8847033489118772,0.0,0.0,1.0,0.0,1.0,0.0,0.0
IND_TAMILNADU_DHARMAPURI,Tamil Nadu,DHARMAPURI,2004,Kharif,2.771685,-0.6397469549641326,0.08151263418860487,-0.8134084470008486,0.4675331753528813,-0.8889458131321604,-0.444173106593157,-0.8430743008798847,0.30742768760512235,-0.32073573994350224,0.2584160896057215,0.9847422445059436,0.3353306471377695,0.8782850152054504,-0.3860843434547231,-0.2345064793951943,-0.5918100501585907,-0.3790987160663791,-0.06513751860284893,0.2695869778766101,0.4840016053928561,-0.05680221048197968,0.0,0.0,1.0,0.0,1.0,0.0,0.0
IND_TAMILNADU_DINDIGUL,Tamil Nadu,DINDIGUL,2004,Kharif,3.530312,-0.5273161581314018,-0.12437908046125698,-1.4464023570080367,0.4675331753528813,-1.2638144568201348,-0.43563483990548246,-1.1707592661703563,0.17930586954278227,0.8384461132576535,0.2251005831210017,0.63197654719738,0.1825784457608185,0.9739677321698089,-0.501818500174875,-0.5011625470758925,-0.5341054372546818,-0.6806997814252738,0.03199427458482711,0.2898220708220281,0.7022573649369197,0.12762470511359839,0.0,0.0,1.0,0.0,1.0,0.0,0.0
IND_TAMILNADU_ERODE,Tamil Nadu,ERODE,2004,Kharif,3.907113,0.014866981850609315,-0.3222312979575126,-1.042661916644677,0.4675331753528813,-0.46428381941851343,-0.1931577961937523,-0.49835501428571993,0.26553743800707735,-1.012871912989948,-0.010106570304989305,0.587740362159845,0.366561977108704,0.5894577385221507,-0.11855031594921532,0.04601139342026184,-0.2558328000093113,-0.22609761525885674,-0.24354367232305313,-0.035819365813059265,0.16097886434295916,0.5597024847437039,0.0,0.0,1.0,0.0,1.0,0.0,0.0
IND_TAMILNADU_KANNIYAKUMARI,Tamil Nadu,KANNIYAKUMARI,2004,Kharif,3.928325,-0.5117534354107385,-0.31241896934442215,-2.2087839546155306,0.4675331753528813,-1.719103046713748,0.3274818673859214,-0.9120542733675447,1.0859300462314097,0.9159325468552163,1.0213202349570814,1.6627409558260384,0.17547991512564026,1.7681999298614097,0.5522439767492565,-0.29063944294443583,-0.5261180163782043,-1.5917701955306927,0.6185386285292532,1.0363288170604106,0.41237231035031446,0.14806311413127632,0.0,0.0,1.0,0.0,1.0,0.0,0.0
IND_TAMILNADU_KARUR,Tamil Nadu,KARUR,2004,Kharif,2.97691,-0.5715237704891843,0.026074902983970957,-1.2962782482065152,0.4675331753528813,-0.05371765516480034,0.28904750451829775,0.11223210693149144,0.6764987894094394,0.4029267761843067,0.14958865865031198,0.5660309180017014,0.6440029809008085,0.5860564686290695,0.688050182760695,0.5428811859538686,-0.5567947303098926,-0.25151857827416313,-0.03613246773362229,0.03829202297505945,-0.17142475584064296,0.0638768098111606,0.0,0.0,1.0,0.0,1.0,0.0,0.0
IND_TAMILNADU_KRISHNAGIRI,Tamil Nadu,KRISHNAGIRI,2004,Kharif,2.568331,-0.5812089979285413,0.0038104879740130993,-0.6794255116803115,0.4675331753528813,-1.4036111299742597,-0.7930014379360882,-1.4323835684545314,0.07401749003204859,0.6086456606766542,0.24684350438267946,1.0954859502350132,0.3353306471377695,1.0521398554608152,-0.981788380039722,-0.7140612609212486,-0.5617657205393648,-0.5322406532340689,-0.12306732954304841,0.35849322827970037,1.1575214103686629,0.04860638273202986,0.0,0.0,1.0,0.0,1.0,0.0,0.0
IND_TAMILNADU_MADURAI,Tamil Nadu,MADURAI,2004,Kharif,3.256411,0.09419736842974667,-0.013487650828255086,-1.6214322694168066,0.4675331753528813,-0.35540414780566376,0.30057781337857886,-0.054168533506702844,0.7861169423802526,-0.6570420551752656,0.5854302700936206,1.0859848758505097,0.7844793243432279,0.8088087259907547,0.6843916319436418,0.4074714322611302,-0.21511690918256515,-0.4976125131709728,0.3023333923057648,0.4477142972870741,0.09190806336586109,0.5984785686375411,0.0,0.0,1.0,0.0,1.0,0.0,0.0
IND_TAMILNADU_NAMAKKAL,Tamil Nadu,NAMAKKAL,2004,Kharif,3.184362,-0.716738983205546,0.05618673883841943,-1.0910418993106639,0.4675331753528813,-0.27473847398662876,-0.019011211529596544,-0.19185761471573198,0.5324774270675307,-0.3242302261645657,0.19133377804819585,0.7739307714691,0.33821195104516594,0.6547716345110501,0.2769730139093992,0.2954259225587755,-0.6313257168687683,-0.20275398855643753,-0.06584006308757102,0.11284274328137509,-0.15144841707605672,-0.249285945252036,0.0,0.0,1.0,0.0,1.0,0.0,0.0
IND_TAMILNADU_PERAMBALUR,Tamil Nadu,PERAMBALUR,2004,Kharif,2.336865,-0.12595590912327065,0.3868219193408594,-1.1258900482043204,0.4675331753528813,-0.28508137262362926,0.1989700072405526,-0.05591410000071929,0.6152135002847828,0.14251158562309538,0.2587062101266335,0.775514283866515,0.33821195104516594,0.6530162938249641,0.3783928406569238,0.4060509645971354,-0.32810943672808296,-0.368659220866871,0.017441567401305313,0.1558182352118242,-0.2727442642108945,0.4812944484277684,0.0,0.0,1.0,0.0,1.0,0.0,0.0
IND_TAMILNADU_PUDUKKOTTAI,Tamil Nadu,PUDUKKOTTAI,2004,Kharif,2.948751,0.6260790919509736,0.3933337288818307,-1.4549727135244714,0.4675331753528813,0.1543912945162224,0.7741961963107165,0.6002383259051359,0.9596476524047154,0.2625395906075503,0.28293127362278087,0.5703217257882517,0.6440029809008085,0.5351087755452351,1.179055691319514,0.9399998613251501,0.05786854567710192,-0.438619682794038,0.12824286899171092,0.09540237899615728,-0.5756432662308719,0.7963752582499524,0.0,0.0,1.0,0.0,1.0,0.0,0.0
IND_TAMILNADU_RAMANATHAPURAM,Tamil Nadu,RAMANATHAPURAM,2004,Kharif,2.011737,1.1407549220277309,0.36740765376867396,-1.7949314082219572,0.4675331753528813,-0.5140995083181009,1.310988022513239,0.5580136743343564,1.538310848899382,1.6773507075888936,0.5357874254042458,0.933252551067334,0.7844793243432279,1.0696647201966505,1.4789568979111607,0.9056392383497591,0.32202324870757665,-1.3539151877053217,0.30052684934505214,0.31173723620849897,-0.434540849985151,0.92920091408666,0.0,0.0,1.0,0.0,1.0,0.0,0.0
IND_TAMILNADU_SALEM,Tamil Nadu,SALEM,2004,Kharif,3.538895,-0.428204523992599,0.1037089536855479,-0.9883955533599948,0.4675331753528813,-0.27473847398662876,-0.019011211529596544,-0.19185761471573198,0.5324774270675307,-0.3242302261645657,0.19133377804819585,0.7739307714691,0.33821195104516594,0.6547716345110501,0.2769730139093992,0.2954259225587755,-0.4832369230676018,-0.20275398855643753,-0.06584006308757102,0.11284274328137509,-0.15144841707605672,0.2441847768787827,0.0,0.0,1.0,0.0,1.0,0.0,0.0
IND_TAMILNADU_SIVAGANGA,Tamil Nadu,SIVAGANGA,2004,Kharif,2.108679,0.4856037947840526,0.25050409477294255,-1.6045227822246366,0.4675331753528813,-0.05615259242492516,0.908011025509971,0.5717073425201812,1.1672614401570638,0.21901044702773984,0.4341968896649171,0.7238713472926755,0.7844793243432279,0.7366970472365209,1.266321124742131,0.9167825622655112,-0.014229644459742796,-0.7013851218290073,0.25628661950714243,0.2250141638336645,-0.4455359786011493,0.7520217320086311,0.0,0.0,1.0,0.0,1.0,0.0,0.0
IND_TAMILNADU_THANJAVUR,Tamil Nadu,THANJAVUR,2004,Kharif,2.735374,1.6779611506828294,0.5755751674258607,-1.3722110581466194,0.4675331753528813,-0.057492924861676266,1.4823614949198538,0.9908840688763223,1.3306814894501,1.120284023695843,0.41259902866369613,0.5603098409529659,0.34246024574552264,0.5984675359732106,1.471020041767121,1.2578907281965137,0.5977415939857746,-1.1181023071027958,0.2936619860943419,0.15537117917000487,-1.0915809611074898,1.0354244687930643,0.0,0.0,1.0,0.0,1.0,0.0,0.0
IND_TAMILNADU_THENILGIRIS,Tamil Nadu,THE NILGIRIS,2004,Kharif,3.300762,-0.8368010440728761,-0.6512157492996632,-1.0589889488710345,0.4675331753528813,-2.1490593535525933,-1.181553386090932,-2.2266765151799253,-0.17131936481989546,-0.304782650673417,0.22574529538969412,1.0896116300510486,-0.4609434941344531,1.3736383512010455,-1.5586198921915493,-1.3604230296784945,-0.6929468905397508,-0.8385069230244563,-0.14703413282184521,0.4967638757001257,1.3873190867750715,-1.0685112152029428,0.0,0.0,1.0,0.0,1.0,0.0,0.0
IND_TAMILNADU_THENI,Tamil Nadu,THENI,2004,Kharif,4.033303,-0.5967717206492046,-0.28464257477421645,-1.6145979360239784,0.4675331753528813,-2.083070319916087,-1.0478115335300258,-2.0560925343508982,-0.07271250586244633,-0.9052265439627482,0.7652727574455842,1.4045262729568238,-0.2629803773241789,1.3656608272699904,-1.2576591053085977,-1.2216090517565505,-0.5697531414158424,-0.8832928855666675,0.4011312195572102,1.083279989630223,1.3620653478868114,0.022919893718158606,0.0,0.0,1.0,0.0,1.0,0.0,0.0
IND_TAMILNADU_THIRUVALLUR,Tamil Nadu,THIRUVALLUR,2004,Kharif,2.995265,0.19477837638887602,0.8951906154258501,-0.3953407852422446,0.4675331753528813,-0.03245104716819276,1.4911430170687294,1.004066105503536,1.3770911785825413,0.8573619191064741,0.6270786826512006,0.8409491026114153,0.2062221750768156,0.6011885518876764,1.3463894090164958,1.2686177081417849,-0.16349421139901799,-1.1047228528842123,0.4504899877838054,0.3250296868039347,-1.2006309209686257,0.6432467107083533,0.0,0.0,1.0,0.0,1.0,0.0,0.0
IND_TAMILNADU_THIRUVARUR,Tamil Nadu,THIRUVARUR,2004,Kharif,1.613675,1.4883645287052059,0.7291211567861182,-1.378547085218193,0.4675331753528813,-0.057492924861676266,1.4823614949198538,0.9908840688763223,1.3306814894501,1.120284023695843,0.41259902866369613,0.5603098409529659,0.34246024574552264,0.5984675359732106,1.471020041767121,1.2578907281965137,0.5004320151460091,-1.1181023071027958,0.2936619860943419,0.15537117917000487,-1.0915809611074898,1.0007481682943544,0.0,0.0,1.0,0.0,1.0,0.0,0.0
IND_TAMILNADU_TIRUCHIRAPPALLI,Tamil Nadu,TIRUCHIRAPPALLI,2004,Kharif,3.303371,0.12279485891137158,0.24439146582549692,-1.274815953480065,0.4675331753528813,0.05529604969171656,0.5535148419213761,0.3772271583075514,0.8081817563599202,0.4858068732969931,0.22197372861783932,0.6174184493501558,0.6440029809008085,0.54310532755961,0.9025452194596807,0.7585228718400295,-0.20043933611286036,-0.3570050120606797,0.033820890245102514,0.07003312508731556,-0.3962166336560872,0.6116703075113832,0.0,0.0,1.0,0.0,1.0,0.0,0.0
IND_TAMILNADU_TIRUNELVELI,Tamil Nadu,TIRUNELVELI,2004,Kharif,4.133499,0.5123211187643993,-0.21908538071159234,-2.009170930358211,0.4675331753528813,-1.5594247757476647,0.08052892318834208,-0.9578302498744292,1.016717500799015,0.12465931905894943,1.1431386181266576,1.820990033477639,0.17547991512564026,1.7297299024133241,0.5850909657786748,-0.3278899828913842,-0.0005170497573259887,-1.2872115666076722,0.7080628685823687,1.169515592139629,0.46113619389186283,0.760803670741712,0.0,0.0,1.0,0.0,1.0,0.0,0.0
IND_TAMILNADU_TIRUVANNAMALAI,Tamil Nadu,TIRUVANNAMALAI,2004,Kharif,2.829028,0.9861230770864808,0.5691892171779028,-0.6941694517979556,0.4675331753528813,-0.04960730235873447,0.6169801917452067,0.36985364466903065,0.9956292145881258,-0.14593546179841543,0.4848712739842019,1.099214866525705,0.3443894666226484,0.7140346000048345,0.8883308498918673,0.7525226205007751,0.242659321232396,-0.4856062134642935,0.17190099054227867,0.2951615815478579,-0.624699589365728,0.8932748570808576,0.0,0.0,1.0,0.0,1.0,0.0,0.0
IND_TAMILNADU_VELLORE,Tamil Nadu,VELLORE,2004,Kharif,3.066261,-0.39510411373900556,0.4730824974806388,-0.5657191069252958,0.4675331753528813,-1.0347293045038077,-0.45173835143609825,-0.9706812307872622,0.24481655967241672,0.44600011721354044,0.15666437579922018,1.1300167367077345,0.3443894666226484,0.9031547201020204,-0.6051375746142948,-0.33834756379693676,-0.4662483528598707,-0.4885109633933321,-0.24894322850562844,0.1886777803108808,0.6296123421880626,0.2771957636492648,0.0,0.0,1.0,0.0,1.0,0.0,0.0
IND_ANDHRAPRADESH_ADILABAD,Andhra Pradesh,ADILABAD,2005,Kharif,2.571994,0.23506765855912104,0.35229514612201734,1.8139650479090488,0.4675331753528813,-0.5297813978282039,0.05024361827049996,-0.1868616830259593,0.47919711244971425,-0.23177827548982988,0.705282280843682,1.3874141228556998,-0.37564086339267555,0.660518115673071,0.09880358832812011,0.2994913989763971,-0.2881135588757327,-0.45386521878521086,0.33314498613570426,0.5787476410658932,-0.750680231722228,0.6599917593318543,1.0,0.0,0.0,0.0,1.0,0.0,0.0
IND_ANDHRAPRADESH_ADILABAD,Andhra Pradesh,ADILABAD,2005,Rabi,2.386013,-0.7100399025623366,0.35229514612201734,1.8139650479090488,0.3788234372325174,1.1650811869556403,-1.5241957713744407,-0.13536730517638174,-2.632622698563745,-1.1017278081828068,-0.8884948007860148,-1.5390700307071403,0.9386365998343303,-2.5492184022507605,0.32331587258015776,0.2637347991588148,-0.6058881945824526,2.0212325612031394,-0.5017187341085219,-0.8673361300689899,0.38675860865941564,-0.22882463074150633,1.0,0.0,0.0,0.0,0.0,1.0,0.0
IND_ANDHRAPRADESH_ANANTAPUR,Andhra Pradesh,ANANTAPUR,2005,Kharif,2.797985,-0.46448067766431766,-0.2678187564418995,-0.006791370403704205,0.4675331753528813,-0.9161322227244479,-0.13008165510782732,-0.6639731593990219,0.42312792094016694,1.1151182614560018,0.10687647084938885,0.5756341544763613,0.18126857994970233,0.8428452100257517,-0.2957801137250381,-0.08876159890586152,-0.5543005786375651,-0.6278333327168448,-0.09309878909477565,0.09615503061682616,0.16266769382391302,0.20496264864150504,1.0,0.0,0.0,0.0,1.0,0.0,0.0
IND_ANDHRAPRADESH_ANANTAPUR,Andhra Pradesh,ANANTAPUR,2005,Rabi,2.401996,-0.4939629523818381,-0.2678187564418995,-0.006791370403704205,0.3788234372325174,1.1127500914820372,-0.9475323591540422,0.21328274841324543,-1.588334141461624,-0.016989507831827136,-0.968906538498772,-1.79891930701885,1.6806901136288508,-1.646040939804067,-0.15049677770719355,0.544350635261439,-0.46320443384577703,1.5626573118339382,-0.4997516095513007,-0.9432439623574879,0.6617231417213069,0.1703358001964175,1.0,0.0,0.0,0.0,0.0,1.0,0.0
IND_ANDHRAPRADESH_CHITTOOR,Andhra Pradesh,CHITTOOR,2005,Kharif,2.288978,-0.603012609455968,0.42459567446986046,-0.36461738338663735,0.4675331753528813,-1.2583637715773106,-0.4995867006516884,-1.112523556413088,0.14592141389341703,0.5859315002397207,0.5120942495297715,0.6043927828552681,-0.015286456168437747,0.8983976992725374,-0.9878059964109152,-0.45377280690669575,-0.6070136989387589,-0.6301219235700231,0.4002480207764165,0.5717069778871663,0.4522903679100073,0.012189295646409967,1.0,0.0,0.0,0.0,1.0,0.0,0.0
IND_ANDHRAPRADESH_CHITTOOR,Andhra Pradesh,CHITTOOR,2005,Rabi,2.917997,0.1887270842040902,0.42459567446986046,-0.36461738338663735,0.3788234372325174,-0.16103891262674064,-1.6609894720086373,-1.34791364707663,-1.055039096762985,-0.3398840638521873,-0.8173024485155702,-0.7958408248224584,1.2527919296590844,-0.24733678606128068,-0.8259137697020847,-0.7121999584649882,-0.01239840285559474,1.0751585730910005,-0.7051153987852566,-0.7694055571230898,2.0467964361761046,0.6406765371352324,1.0,0.0,0.0,0.0,0.0,1.0,0.0
IND_ANDHRAPRADESH_EASTGODAVARI,Andhra Pradesh,EAST GODAVARI,2005,Kharif,1.603999,2.575432560532409,1.9295220096615435,0.9989009108529308,0.4675331753528813,-0.39219627319474126,1.1614588905212602,0.5468179719934435,1.5643578087265597,-0.24294543797889132,1.064080776178157,0.7816440092758752,-1.1936204933697918,1.0910713139293584,1.2066047788925696,0.8965286526428123,0.6024249435121241,-1.1496320472415942,1.0180254952416166,0.7555029406869292,-1.9450455523581944,1.1706487198992972,1.0,0.0,0.0,0.0,1.0,0.0,0.0
IND_ANDHRAPRADESH_EASTGODAVARI,Andhra Pradesh,EAST GODAVARI,2005,Rabi,4.711003,1.826541703439294,1.9295220096615435,0.9989009108529308,0.3788234372325174,0.910878994657262,-0.1850341389523479,0.3108974605720434,-0.04662829905704514,-0.8567918569104668,-0.985298347930296,-1.0293322818739272,0.6613118503911732,-0.28621746793179387,1.4589825999550423,0.6229171915729462,1.069112416554934,0.8517446416330748,-0.8225808366307372,-0.9581493417006808,-0.2425997605505805,1.060833970448354,1.0,0.0,0.0,0.0,0.0,1.0,0.0
IND_ANDHRAPRADESH_GUNTUR,Andhra Pradesh,GUNTUR,2005,Kharif,3.09,3.704606842157143,0.9900908704822137,0.6550402800936405,0.4675331753528813,-0.023269769976402496,1.109694128380554,0.77906860361968,1.2155760668806936,0.401787269807872,0.4912700432509823,0.45058775612545626,-0.5569735951457446,0.6357530652347474,1.1740776631586431,1.0855243244183401,1.0320899903004952,-0.8214305143507457,0.4347529913260373,0.2451557236057644,-1.6138737379661579,1.297565336661668,1.0,0.0,0.0,0.0,1.0,0.0,0.0
IND_ANDHRAPRADESH_GUNTUR,Andhra Pradesh,GUNTUR,2005,Rabi,3.548992,-0.3629516865953002,0.9900908704822137,0.6550402800936405,0.3788234372325174,1.1016379210146214,-0.05716818253430691,0.5274877103059286,-0.07297328276359415,-0.24771625528309954,-0.9183449788265091,-1.2249216034775319,0.6250705592956797,-0.42688338859818575,1.398222358209217,0.7972428610945461,-0.37669277158047926,0.9095382231693929,-0.6623404760154824,-0.9024949013718887,-0.44995616439927705,0.30708199024280647,1.0,0.0,0.0,0.0,0.0,1.0,0.0
IND_ANDHRAPRADESH_KARIMNAGAR,Andhra Pradesh,KARIMNAGAR,2005,Kharif,3.412998,1.4626267872717433,0.6485176720929396,1.5303178944226856,0.4675331753528813,-0.4469488532364134,0.2901908051858775,0.0005158513144546666,0.7370160151044046,-0.20579753010711793,0.7108912775813142,1.26548366825455,-0.2666694485183165,0.7497931255801045,0.43678970916265736,0.4519712554587617,0.17898821397601028,-0.5622387979557408,0.3880438194418212,0.5502285856155461,-0.8152776678905936,0.995826239469083,1.0,0.0,0.0,0.0,1.0,0.0,0.0
IND_ANDHRAPRADESH_KARIMNAGAR,Andhra Pradesh,KARIMNAGAR,2005,Rabi,3.438999,1.0271549460261382,0.6485176720929396,1.5303178944226856,0.3788234372325174,1.4193285506786957,-1.0436224325768697,0.3263855804251699,-2.024631314195671,-1.1090244263611966,-0.928805435386056,-1.6418961744491245,0.9553291208366614,-2.1604260122993604,0.6607717062283412,0.6353830198655184,0.5412472285809086,1.8738028612138156,-0.5115142114954995,-0.9092763984696033,-0.021864991836663857,0.9030931495750946,1.0,0.0,0.0,0.0,0.0,1.0,0.0
IND_ANDHRAPRADESH_KHAMMAM,Andhra Pradesh,KHAMMAM,2005,Kharif,2.573,1.6601390682169328,1.2322371058845452,1.2141443629051327,0.4675331753528813,-0.5125581260158387,0.5814892199579469,0.1380845486273494,1.161967904913977,-0.5209090267371986,0.9019839940219726,1.0157995199133576,-0.5581742219565511,1.0246395180455317,0.8123809342968318,0.5639188018739406,0.2541441432452086,-0.8247577733603617,0.7241411009327167,0.6936525707007577,-1.1593274027534188,1.0322771777387325,1.0,0.0,0.0,0.0,1.0,0.0,0.0
IND_ANDHRAPRADESH_KHAMMAM,Andhra Pradesh,KHAMMAM,2005,Rabi,2.970008,-0.21795766993791252,1.2322371058845452,1.2141443629051327,0.3788234372325174,1.2441085944058459,-0.8408175322838943,0.23832542550385272,-0.8407290801753988,-1.0238460099419315,-0.9641840211305944,-1.2056640494831314,0.9020154777193851,-0.9650518569185222,1.0462940251964175,0.5645065815969676,-0.28094775162327584,1.5889465387908714,-0.7269946413094491,-0.9392870031419984,0.012611838036637043,0.42146153228446087,1.0,0.0,0.0,0.0,0.0,1.0,0.0
IND_ANDHRAPRADESH_KRISHNA,Andhra Pradesh,KRISHNA,2005,Kharif,2.734998,3.168048401960468,1.3401384380599264,0.8092353539734269,0.4675331753528813,-0.10576723145899863,1.090647225769568,0.7039490524289145,1.3831005910277583,-0.14297274521968373,0.7524913367187414,0.6237014178947458,-0.5569735951457446,0.8492434030414179,1.2922708458377852,1.0243952332233557,0.8279228014671415,-0.8726597403718855,0.6920448543307134,0.47004264530377915,-1.5636465688376984,1.2417193299774898,1.0,0.0,0.0,0.0,1.0,0.0,0.0
IND_ANDHRAPRADESH_KRISHNA,Andhra Pradesh,KRISHNA,2005,Rabi,3.924002,0.7888161924817672,1.3401384380599264,0.8092353539734269,0.3788234372325174,1.4064095232246985,-0.17300750831407222,0.646402390828552,-0.0989207010742599,-0.6628554263796869,-0.970824557498134,-1.2712521113632647,0.6250705592956797,-0.5250037239322329,1.524998218565112,0.8929529926610575,0.3838631143598142,1.2335525004367827,-0.709491247290095,-0.9477471029158631,-0.5444946526590316,0.8427903128728775,1.0,0.0,0.0,0.0,0.0,1.0,0.0
IND_ANDHRAPRADESH_KURNOOL,Andhra Pradesh,KURNOOL,2005,Kharif,3.304003,0.5395440337366865,-0.0734708749325743,0.40315814233704866,0.4675331753528813,-0.7579953340606443,0.011249767842127369,-0.4130630238712123,0.6683239290919398,0.4186519641791057,0.3277548941036732,0.9474530815990154,0.0921556127015043,0.908458798326906,0.09436534635336168,0.11541838238123094,-0.1722564701146367,-0.6054931650808131,0.03586830560057804,0.26929210940702497,-0.15621254446555838,0.7695776178801756,1.0,0.0,0.0,0.0,1.0,0.0,0.0
IND_ANDHRAPRADESH_KURNOOL,Andhra Pradesh,KURNOOL,2005,Rabi,3.28602,-0.5423574901416266,-0.0734708749325743,0.40315814233704866,0.3788234372325174,1.3518198565178845,-0.9643548854456361,0.29026691978536134,-1.242643441523517,-0.40724337061475846,-0.9407003767434452,-1.667436696988117,1.5289992342824925,-1.3653728211454847,0.263788623098607,0.6063124143973789,-0.49516125521496446,1.7632350359894182,-0.5162915139916077,-0.9192399005536542,0.46768221474993016,0.10694024914585598,1.0,0.0,0.0,0.0,0.0,1.0,0.0
IND_ANDHRAPRADESH_MAHBUBNAGAR,Andhra Pradesh,MAHBUBNAGAR,2005,Kharif,2.462994,0.3040650292404779,-0.01616497855024476,0.8470213881531867,0.4675331753528813,-0.9664170279769071,-0.23453555014174454,-0.7570901030625616,0.48058229204876113,0.5440736326786842,0.4786014471711596,1.0225422178636536,-0.206117969985637,0.9590306867652104,-0.27462849206155776,-0.16453620153298598,-0.2618591309177706,-0.5918672472318904,0.19422183245686436,0.46998599924853107,-0.08887923228264082,0.6872860509023522,1.0,0.0,0.0,0.0,1.0,0.0,0.0
IND_ANDHRAPRADESH_MAHBUBNAGAR,Andhra Pradesh,MAHBUBNAGAR,2005,Rabi,2.553009,0.0014846202826887128,-0.01616497855024476,0.8470213881531867,0.3788234372325174,1.0734735377364184,-1.282851545498261,-0.060117559799613314,-1.7437149811462824,-0.544803824904115,-0.9180387404988798,-1.6055775513986772,1.1680465180381792,-1.7293285162454068,-0.09715470253516588,0.32430060145256445,-0.13604168549652734,1.774377254049685,-0.5123773375767291,-0.8952537335642677,0.5054377959719304,0.5528160565093502,1.0,0.0,0.0,0.0,0.0,1.0,0.0
IND_ANDHRAPRADESH_MEDAK,Andhra Pradesh,MEDAK,2005,Kharif,2.885,0.07972482628545474,0.03211990604263495,1.3014749238188337,0.4675331753528813,-1.0497186889215766,-0.30923930227244245,-0.8493342634791087,0.2601694111327301,0.47266456642211346,0.7316671304399515,1.2231374818849001,-0.13994519280370343,0.8344443112408777,-0.5735500866858143,-0.2396005703281108,-0.3472234196286365,-0.6034510378579763,0.4305577971172695,0.735682790789007,0.06197267057415472,0.591651009254181,1.0,0.0,0.0,0.0,1.0,0.0,0.0
IND_ANDHRAPRADESH_MEDAK,Andhra Pradesh,MEDAK,2005,Rabi,2.935982,-0.4516355065253337,0.03211990604263495,1.3014749238188337,0.3788234372325174,0.8978470386415929,-1.4407225926702998,-0.258602836424246,-2.426961395906024,-0.6369716334732008,-0.9108340808962336,-1.5444846214854064,1.1453248059725523,-2.350726845991943,-0.3819557026012445,0.16454697089771886,-0.43525407994706833,1.7502239155388162,-0.5274117895497753,-0.8860125763374717,0.682553069377429,0.21924820126135433,1.0,0.0,0.0,0.0,0.0,1.0,0.0
IND_ANDHRAPRADESH_NALGONDA,Andhra Pradesh,NALGONDA,2005,Kharif,2.845003,1.673600428377344,0.531295707870846,1.0186224262280383,0.4675331753528813,-0.3807811086083227,0.5102883464683585,0.13567687070457707,0.8749833541936637,0.18049513150424984,0.49944177125666844,0.9666595545483365,-0.16667667771576491,0.7472956896446221,0.5925879961414003,0.56195953613051,0.2592663954283822,-0.6693800589745489,0.24213536631489174,0.34178067910265325,-0.8430242061439941,1.0346564342543036,1.0,0.0,0.0,0.0,1.0,0.0,0.0
IND_ANDHRAPRADESH_NALGONDA,Andhra Pradesh,NALGONDA,2005,Rabi,3.208998,1.5161246341064296,0.531295707870846,1.0186224262280383,0.3788234372325174,1.3235425446780242,-0.7126810381623391,0.40148318317077275,-1.127525920293555,-0.872613997381494,-0.9297725037890958,-1.530386253043883,1.0344622535422745,-1.353656673070697,0.8076999155598148,0.6958263680503,0.8641322706551509,1.5588127126310338,-0.5565372766163835,-0.9108984111170622,-0.02419125758825529,1.0059967263208807,1.0,0.0,0.0,0.0,0.0,1.0,0.0
IND_ANDHRAPRADESH_NIZAMABAD,Andhra Pradesh,NIZAMABAD,2005,Kharif,3.482005,0.7019019410235249,0.0011331602520301002,1.4956215789529068,0.4675331753528813,-0.8088609500357173,-0.11969464691511963,-0.5492473063785056,0.37622302378821487,0.17343019197035667,0.7563757281376176,1.3658068407877137,-0.07876634166369627,0.7619235286953058,-0.25973439174087376,0.004597413768529401,-0.11047720036553862,-0.550813448234875,0.40526619566728495,0.696226527148452,-0.17617099071713627,0.8186024757716935,1.0,0.0,0.0,0.0,1.0,0.0,0.0
IND_ANDHRAPRADESH_NIZAMABAD,Andhra Pradesh,NIZAMABAD,2005,Rabi,3.192001,-0.05842791226224036,0.0011331602520301002,1.4956215789529068,0.3788234372325174,1.13928830347232,-1.325867040357882,-0.015965768234013054,-2.5501391548519434,-0.8135497933901393,-0.9124458615679666,-1.628717264819004,0.9967307019562387,-2.570592196193434,-0.060427703449276594,0.35983678387400836,-0.17560427986101604,1.8573743192495284,-0.4963191779259458,-0.8907764493652924,0.32143115325340715,0.5206129635480101,1.0,0.0,0.0,0.0,0.0,1.0,0.0
IND_ANDHRAPRADESH_PRAKASAM,Andhra Pradesh,PRAKASAM,2005,Kharif,2.653999,-0.0002533487521061707,0.7958439581818378,0.4707338942814897,0.4675331753528813,-0.004773182349102419,1.6700330832260395,1.208086713485196,1.3303008947314248,1.4524881159724399,0.45524674523775016,0.06972748402399756,-0.33681992838147057,0.4242559191556407,1.3170810183183186,1.4346409890756044,-0.37765607938402146,-1.2123746457087454,0.5395525557469623,0.16367109834312427,-1.7283587863830565,0.551913872812575,1.0,0.0,0.0,0.0,1.0,0.0,0.0
IND_ANDHRAPRADESH_PRAKASAM,Andhra Pradesh,PRAKASAM,2005,Rabi,3.588003,0.6416892138271313,0.7958439581818378,0.4707338942814897,0.3788234372325174,0.13124279066365482,0.6904258696371249,0.4747550743423416,0.27021571954598644,0.6978486541285641,-0.8479585168919308,-0.9085256102644931,0.8626734025231907,-0.09219401576225125,1.5431292687467448,0.7548002669275121,0.2867095054261243,-0.39623717832972916,-0.6990132981179588,-0.8418796288679691,-0.2213031734602783,0.8010426380697201,1.0,0.0,0.0,0.0,0.0,1.0,0.0
IND_ANDHRAPRADESH_SRIKAKULAM,Andhra Pradesh,SRIKAKULAM,2005,Kharif,1.767999,1.5659885456865446,2.8367514851732647,1.597894743958143,0.4675331753528813,-0.9040692307935907,2.067171949160799,0.8737806339070715,1.849940205295323,2.055666824565221,1.3158892705229963,0.5142347382926252,-1.2546830901608275,1.0511170959824705,1.2114228704057362,1.1625969406004768,0.21831875184927826,-2.208492616827281,1.4367018627366648,0.9000469471502677,-2.1940677396788115,1.0152722230067999,1.0,0.0,0.0,0.0,1.0,0.0,0.0
IND_ANDHRAPRADESH_SRIKAKULAM,Andhra Pradesh,SRIKAKULAM,2005,Rabi,2.384942,-0.7926566305890861,2.8367514851732647,1.597894743958143,0.3788234372325174,-0.9824135130101478,0.7953207155926875,-0.039365304907998375,0.11234183420894991,0.770584416391001,-0.8957639316155304,-0.8384424164174981,0.5325491347991043,0.014424855552150588,1.4988426121715182,0.3410033419152976,-0.6604431873479943,-1.3497867760030755,-0.7860886688243316,-0.8754137569945709,-0.040924277321815056,-0.5877244374478082,1.0,0.0,0.0,0.0,0.0,1.0,0.0
IND_ANDHRAPRADESH_VIZIANAGARAM,Andhra Pradesh,VIZIANAGARAM,2005,Kharif,1.39,0.6308822063744067,2.5004643770907284,1.5280363685641372,0.4675331753528813,-1.442145687531128,-0.18007065238186767,-1.0064653439145914,0.45612210216736426,-0.595508710847791,1.4532774549815126,0.8167366872444516,-1.2469682110376292,1.1266823718589163,-0.7864457569074139,-0.367467150908643,-0.13750115073254193,-1.0061902143823576,1.4889310270008376,1.4938694610985312,-0.7950173693619483,0.7978165780050992,1.0,0.0,0.0,0.0,1.0,0.0,0.0
IND_ANDHRAPRADESH_VIZIANAGARAM,Andhra Pradesh,VIZIANAGARAM,2005,Rabi,2.541067,-0.800351093497678,2.5004643770907284,1.5280363685641372,0.3788234372325174,-0.2821886735764067,-1.927444515638773,-1.5257379543883536,-1.5281507116882405,-1.5295400529576408,-0.9120106807865986,-0.5950412366208996,0.38929571548628794,-0.7272082794988208,-0.5410117046963148,-0.8553243210224853,-0.66552413104582,1.1725194880905956,-0.9019683634042969,-0.8664290441645601,1.430508673176114,-0.6422340967348117,1.0,0.0,0.0,0.0,0.0,1.0,0.0
IND_ANDHRAPRADESH_WARANGAL,Andhra Pradesh,WARANGAL,2005,Kharif,3.163998,1.341600943576027,0.8525059997480255,1.3357032996521332,0.4675331753528813,-0.5443016658931185,0.3659162302535593,-0.017722308950613767,0.9169646491187974,-0.3638850480644941,0.7960094148555305,1.2010704704112103,-0.16667667771576491,0.9160747886749168,0.5569021316146409,0.4371298174522823,0.13293639067607252,-0.6937623538334186,0.5193594199861009,0.6292288451778669,-0.7187315591346461,0.9719256177461523,1.0,0.0,0.0,0.0,1.0,0.0,0.0
IND_ANDHRAPRADESH_WARANGAL,Andhra Pradesh,WARANGAL,2005,Rabi,3.282994,0.12876715250366672,0.8525059997480255,1.3357032996521332,0.3788234372325174,1.3184155879786275,-1.0281034061295184,0.240181565604137,-1.475605984005915,-0.9975781844997428,-0.94332757923837,-1.4856392575555684,1.0344622535422745,-1.5929479354536646,0.7842932755259795,0.5660005217263304,-0.05199228232295739,1.7830454013266208,-0.5910021017668771,-0.9210561590319721,0.11730525279948605,0.6143767539240599,1.0,0.0,0.0,0.0,0.0,1.0,0.0
IND_ANDHRAPRADESH_WESTGODAVARI,Andhra Pradesh,WEST GODAVARI,2005,Kharif,1.877,3.145960395500075,1.5405613785784846,0.9211625636915421,0.4675331753528813,-0.4009977895294694,0.9098111159227535,0.38992765935023543,1.3904533779757593,-0.5034365956318664,1.0026235791649787,0.7715299623504358,-0.5931918358099871,1.060250575975093,1.0311342842418683,0.7688579986366129,0.8195180433931022,-0.9744492197032727,0.9454626863196379,0.7330571855841953,-1.3731499666281002,1.239263688480004,1.0,0.0,0.0,0.0,1.0,0.0,0.0
IND_ANDHRAPRADESH_WESTGODAVARI,Andhra Pradesh,WEST GODAVARI,2005,Rabi,4.609999,2.1817983738698663,1.5405613785784846,0.9211625636915421,0.3788234372325174,1.2258593388414671,-0.5114501754171095,0.30356418574963573,-0.2640609698565375,-0.9857499824000435,-0.9832352686704778,-1.156677327253344,0.7147056689215371,-0.48024092010133773,1.2718305446241605,0.6170149035208665,1.3037017861529039,1.336199739340376,-0.769970291074858,-0.9563181271391388,-0.19381731417011355,1.1163000777076872,1.0,0.0,0.0,0.0,0.0,1.0,0.0
IND_KARNATAKA_BANGALORERURAL,Karnataka,BANGALORE RURAL,2005,Kharif,2.279885,-0.705884576597327,-0.19750098158330961,-0.4216397977124417,0.4675331753528813,-2.023135121118943,-1.1694879152160345,-2.0908232883870146,-0.15770310828125486,0.736270374837342,0.6586373482037321,0.8368115379600988,0.0772039003555673,1.2701350919930126,-1.8241147274383154,-1.2498714601055103,-0.5673299127679914,-0.7480019570537517,0.4914182221937397,0.9699945576351111,1.7731450612891932,-0.21658839956797676,0.0,1.0,0.0,0.0,1.0,0.0,0.0
IND_KARNATAKA_BANGALORERURAL,Karnataka,BANGALORE RURAL,2005,Rabi,2.222222,-0.8593156429327189,-0.19750098158330961,-0.4216397977124417,0.3788234372325174,-0.32038111313007234,-2.1507856870625526,-1.6625446083365965,-1.6001486276484793,-0.32260259974548267,-0.8324209512164251,-0.6475525509610675,1.6014297024549824,-0.6797232507868459,-1.7035819190185693,-0.9654350558031973,-0.698566059502554,1.3040546182271588,-0.7822146378085802,-0.7757533433799064,2.8399201970695627,-3.002391402679446,0.0,1.0,0.0,0.0,0.0,1.0,0.0
IND_KARNATAKA_BANGALORERURAL,Karnataka,BANGALORE RURAL,2005,Summer,3.10936,-0.82651542733059,-0.19750098158330961,-0.4216397977124417,-2.2381138373182194,0.5202685414409391,-0.43250900722922575,0.13475894349650597,-0.6954691366424941,-0.0837563971909626,-0.553099360805104,-1.0838357569721382,-1.2556832784389451,-0.7421632097248251,-1.8046024564141652,-1.8807060478460804,-0.6173403646675083,0.7230162206444146,-0.2629138274018095,-0.36568511293665573,1.4311670033212194,-0.9023344103080411,0.0,1.0,0.0,0.0,0.0,0.0,1.0
IND_KARNATAKA_BIDAR,Karnataka,BIDAR,2005,Kharif,0.545858,-0.7421133311135513,-0.3830668900350699,1.3260573039400396,0.4675331753528813,-1.0447817977795122,-0.4907565274105811,-0.9876854561168976,0.16781914777358592,0.5673195627579568,0.7369860066566701,1.3216728178403336,-0.28204007739757087,0.8257960473728647,-0.72632956943855,-0.35218487810990134,-0.5996940479522663,-0.46819531843511425,0.3984615505152661,0.771596674605677,0.07335159049011741,-0.3365965389619305,0.0,1.0,0.0,0.0,1.0,0.0,0.0
IND_KARNATAKA_BIDAR,Karnataka,BIDAR,2005,Rabi,1.607143,-0.8578304693938942,-0.3830668900350699,1.3260573039400396,0.3788234372325174,0.9920972162036716,-1.638215116239619,-0.3375344334753464,-2.606579966679754,-0.7172344334354472,-0.9153470667770858,-1.5551605599067058,1.2414831876447667,-2.508577412418266,-0.5442659957545611,0.10101777916703045,-0.6668027197890047,1.967425971432793,-0.5288369512187822,-0.889109364810304,0.8454472146545835,-2.2062192153948623,0.0,1.0,0.0,0.0,0.0,1.0,0.0
IND_KARNATAKA_CHITRADURGA,Karnataka,CHITRADURGA,2005,Kharif,2.718688,-0.8037164335377808,-0.6853982879596192,-0.018470836404734677,0.4675331753528813,-1.2924975709668023,-0.43222926344886,-1.1481270936962147,0.2467083104211648,1.5226057416690615,0.1274266744139844,0.6206365551900666,-0.029484519631466477,1.0020817252720906,-0.7426031233459786,-0.48274544908765604,-0.6547259107324893,-0.7057686535400841,-0.08519014546676451,0.18631343660569,0.47803566289756266,-0.6683396820299646,0.0,1.0,0.0,0.0,1.0,0.0,0.0
IND_KARNATAKA_CHITRADURGA,Karnataka,CHITRADURGA,2005,Rabi,3.099141,-0.8356950637780066,-0.6853982879596192,-0.018470836404734677,0.3788234372325174,0.8627940131021004,-1.2537810395382487,-0.13734515938160477,-1.7963201308259793,-0.1854261779918301,-0.9221810168252336,-1.7415552933962728,1.7867561719718807,-1.739654694372075,-0.6093316039314722,0.2621428957422763,-0.19339335384179948,1.587309024315557,-0.4641024951265617,-0.898046539765875,1.0989811563361656,-1.0473724761864496,0.0,1.0,0.0,0.0,0.0,1.0,0.0
IND_KARNATAKA_CHITRADURGA,Karnataka,CHITRADURGA,2005,Summer,2.956378,-0.7686884576274148,-0.6853982879596192,-0.018470836404734677,-2.2381138373182194,1.5275953842883343,0.5315853620953329,1.5126429227299518,-0.6708216655412601,0.7714431383232947,-0.7321037222077662,-1.3858779765182632,-1.1283717378235458,-1.4184617255221326,-0.7353759860762884,-1.133197185084307,-0.46473877071148517,0.8191370364779078,-0.3671513562349571,-0.6546342688467508,0.31049328043593794,-0.451090768786867,0.0,1.0,0.0,0.0,0.0,0.0,1.0
IND_KARNATAKA_DAKSHINAKANNADA,Karnataka,DAKSHINA KANNADA,2005,Kharif,2.412068,-0.35451463691729596,-1.3294282739422296,-0.5491692637226949,0.4675331753528813,-1.604795028732027,1.135868416004339,-0.21620525770985796,1.404185510385263,-0.49302910406043093,4.143693987851596,1.7315471235460855,-1.4189785466353313,1.519997611061956,0.9092625586647322,0.27561284772834543,-0.25344085646433423,-2.086721978893165,4.480024207053565,3.716014718903124,-1.5981928716408222,0.31460398428385333,0.0,1.0,0.0,0.0,1.0,0.0,0.0
IND_KARNATAKA_DAKSHINAKANNADA,Karnataka,DAKSHINA KANNADA,2005,Rabi,2.161834,-0.5015942164164375,-1.3294282739422296,-0.5491692637226949,0.3788234372325174,0.15735187411963497,0.7278830444062533,0.5797334898497801,0.1249796764868333,-1.2625606341358593,-0.795930236808391,-0.3122565710691743,1.4313315504591306,-0.3099239104033151,0.9975200852986492,0.8392936021128935,6.952011911066614,-0.40276943716059144,-0.8685272459315405,-0.7998360397878189,0.13222253800967124,0.16091761076107483,0.0,1.0,0.0,0.0,0.0,1.0,0.0
IND_KARNATAKA_DAKSHINAKANNADA,Karnataka,DAKSHINA KANNADA,2005,Summer,1.951548,-0.8279690014324185,-1.3294282739422296,-0.5491692637226949,-2.2381138373182194,0.20549146866771026,1.7947744837230046,1.2344658347266506,1.221676945509682,-0.5673629033498518,0.6415363552766452,-0.994495009130742,-2.1020179454429027,0.3154937734205996,0.9149902898618657,-1.2841096289719318,-0.6211761308970629,-1.1369479725514806,1.189747440007181,0.9623352298060375,-0.5058090502606818,-0.9223877618526612,0.0,1.0,0.0,0.0,0.0,0.0,1.0
IND_KARNATAKA_DHARWAD,Karnataka,DHARWAD,2005,Kharif,1.728849,-0.502352602904348,-1.3656452247564865,0.3684610951399253,0.4675331753528813,-1.7672209811934576,-0.7236736314976339,-1.6650555437172472,0.25077069960781884,0.8706561601648776,0.9220990168052002,1.6038955918961981,-0.3659326230618833,1.3816824734237119,-0.9984217914045762,-0.9033998042018738,-0.38550879207482314,-0.8689627859167665,0.5180948399136036,1.141382692347805,0.7496704831356509,0.15997069829175087,0.0,1.0,0.0,0.0,1.0,0.0,0.0
IND_KARNATAKA_DHARWAD,Karnataka,DHARWAD,2005,Summer,3.099315,-0.8549865200642298,-1.3656452247564865,0.3684610951399253,-2.2381138373182194,1.3054687912062002,-0.004719953184830321,0.8714180999453406,-0.6144567520755837,0.04443807015794603,-0.3809611850640246,-1.2812639961985495,-1.383893785873451,-1.0329004302711633,-0.9829579167763164,-1.481064817830138,-0.6924736653914239,1.0322136471813732,0.029043587748995157,-0.20526104650173582,0.5739508039913315,-1.7807551001701085,0.0,1.0,0.0,0.0,0.0,0.0,1.0
IND_KARNATAKA_GADAG,Karnataka,GADAG,2005,Kharif,4.446129,-0.8304179577996295,-1.1187200932133095,0.43114451806247717,0.4675331753528813,-1.3058115398386285,-0.6403586360409131,-1.3455867793382665,0.1789972413153359,1.4451952751632617,0.16132242194052784,1.0398586921450887,-0.3659326230618833,1.0447950153000782,-0.925650616683325,-0.6434297308706274,-0.6785792829795888,-0.565636475145452,-0.20771390360224198,0.2531453092662575,0.3774804691425373,-0.9583536658302947,0.0,1.0,0.0,0.0,1.0,0.0,0.0
IND_KARNATAKA_GADAG,Karnataka,GADAG,2005,Summer,4.049678,-0.8424257438582123,-1.1187200932133095,0.43114451806247717,-2.2381138373182194,1.4632929356347464,0.2363583716250773,1.2553674886937967,-0.845899304413064,0.5977823665546439,-0.5864309850965415,-1.2990401998856886,-1.383893785873451,-1.4266747219842484,-0.9142251424104537,-1.2727703784818372,-0.6593266432881422,0.982119914314287,-0.21985788683814653,-0.4755850436375562,0.24823403419090187,-1.1949181805244726,0.0,1.0,0.0,0.0,0.0,0.0,1.0
IND_KARNATAKA_HASSAN,Karnataka,HASSAN,2005,Kharif,2.286337,-0.12793087393553756,-0.9061681677665311,-0.5042975478074482,0.4675331753528813,-2.47663660109688,-1.216971381239842,-2.410954164194757,-0.1301846932368974,0.07923099818508507,1.4147075435069436,1.37234521455769,-0.43379108830374563,1.560817606799803,-1.940088789130091,-1.5103803315161959,-0.0510270002168066,-1.0710277537074167,1.2225663037934713,1.990772036394184,1.686043264229309,0.4800907494636259,0.0,1.0,0.0,0.0,1.0,0.0,0.0
IND_KARNATAKA_HASSAN,Karnataka,HASSAN,2005,Rabi,1.725038,-0.8493144211233993,-0.9061681677665311,-0.5042975478074482,0.3788234372325174,-0.3130407566221273,-2.122207067836207,-1.6063431203823282,-1.6318684742438623,-1.4198603607604294,-0.859112039140323,-0.4637629507704778,1.5071644627240164,-0.7855629693967676,-1.835815286118081,-0.9202005079517817,-0.4846702667614109,1.289156796315881,-0.8876766013151,-0.8068283197223095,2.6609931513745457,-1.4235739022744853,0.0,1.0,0.0,0.0,0.0,1.0,0.0
IND_KARNATAKA_HASSAN,Karnataka,HASSAN,2005,Summer,2.235284,-0.7715640063940754,-0.9061681677665311,-0.5042975478074482,-2.2381138373182194,0.2779699451855391,-0.48508867516491266,-0.10802527904191109,-0.6719790213942173,-0.78124825020665,-0.34163373667374036,-1.1591292174170877,-1.688205579357852,-0.5720307382685422,-1.9231754886317052,-2.0124176874480995,-0.4723270787221723,0.5701207471070457,0.030027150027606,-0.06256041247831116,1.1573111942368492,-0.465440826117505,0.0,1.0,0.0,0.0,0.0,0.0,1.0
IND_KARNATAKA_HAVERI,Karnataka,HAVERI,2005,Kharif,2.067473,-0.43623078098965173,-1.2397488314249616,0.15122880816676934,0.4675331753528813,-1.923101643588715,-0.6300446044865601,-1.673301840602786,0.37508039791884185,1.0750076370055022,1.6261409320248736,1.5375923953849746,-0.5670797059639238,1.554890358846257,-0.8688131304930644,-0.9101102893731179,-0.32644023980726755,-1.0595671948965026,1.420944793579336,1.9150050037350783,0.5575176463889017,0.23579865302031716,0.0,1.0,0.0,0.0,1.0,0.0,0.0
IND_KARNATAKA_HAVERI,Karnataka,HAVERI,2005,Summer,3.173988,-0.7865895386858022,-1.2397488314249616,0.15122880816676934,-2.2381138373182194,1.1734795544961976,0.20056333051132874,0.9227016397005675,-0.37889401290157826,0.3533582488093968,-0.2588849169869705,-1.2944939868737482,-1.4162956768752915,-0.8362309181175712,-0.8591069751834172,-1.4532432442734462,-0.5119785167040458,0.7796324374430486,0.186273043429728,-0.062072390163589924,0.49306519474550836,-0.5489926293833103,0.0,1.0,0.0,0.0,0.0,0.0,1.0
IND_KARNATAKA_KODAGU,Karnataka,KODAGU,2005,Kharif,2.304761,-0.3180488866235997,-1.0603223205016303,-0.7035875144423978,0.4675331753528813,-2.4175502795096837,-0.4538546739484286,-1.8541485485776592,0.5088014334549925,-2.5328974520620977,3.2353427546830535,1.9260126621579732,-1.4189785466353313,1.894184869509617,-0.8385851040703823,-1.0572756375264365,-0.22086486342321854,-1.5767359140798165,3.2723703105164006,3.7984084461761056,-0.0998975611964078,0.3457319020671651,0.0,1.0,0.0,0.0,1.0,0.0,0.0
IND_KARNATAKA_KODAGU,Karnataka,KODAGU,2005,Rabi,2.215385,-0.8585730561633066,-1.0603223205016303,-0.7035875144423978,0.3788234372325174,-0.1432187855966687,-1.2156598176786586,-0.9944558863420246,-0.7499146762805121,-2.8863270016017015,-0.7713989349846155,-0.07983781596434188,1.4313315504591306,-0.18654844635797352,-0.7552289508780331,-0.42771457251909517,-0.6826844655804951,0.766914272183691,-0.9293073802097558,-0.7336146565152882,1.7609499125264536,-2.446342829906053,0.0,1.0,0.0,0.0,0.0,1.0,0.0
IND_KARNATAKA_KODAGU,Karnataka,KODAGU,2005,Summer,2.149223,-0.8443533095149848,-1.0603223205016303,-0.7035875144423978,-2.2381138373182194,0.12195524954661435,0.12120123629889507,-0.02667586122594189,0.27484033449592404,-2.720460201623251,0.41443645862947165,-0.9639996252191849,-2.1020179454429027,0.3102634290185775,-0.8294787111897379,-1.9682852265773576,-0.6644133580243621,0.008394924466843008,0.894939701518362,0.9396089651342021,0.5651767739536996,-1.248027288744466,0.0,1.0,0.0,0.0,0.0,0.0,1.0
IND_KARNATAKA_KOLAR,Karnataka,KOLAR,2005,Kharif,2.248189,-0.7571072639682817,0.07396201585600445,-0.4458303378409435,0.4675331753528813,-1.7035328515733856,-0.9854165077354281,-1.7628975553042665,-0.12174834063941121,0.9117543568082843,0.5953104856113433,0.6439295117456285,-0.015286456168437747,1.068171015656193,-1.6492240031356968,-0.9830194658504772,-0.6130886280652749,-0.6293473235889461,0.4883470991605256,0.8085112852798723,1.2272770182803492,-0.39755624260435046,0.0,1.0,0.0,0.0,1.0,0.0,0.0
IND_KARNATAKA_KOLAR,Karnataka,KOLAR,2005,Rabi,2.2,-0.859205044903232,0.07396201585600445,-0.4458303378409435,0.3788234372325174,-0.5643745634543299,-2.102334843795861,-1.8463937638426642,-1.338503507706498,-0.3603914012588063,-0.7244155284036,-0.4729064578394372,1.2527919296590844,-0.26995626241420184,-1.508587224367234,-1.1134086010756759,-0.6962006931080768,1.076707092214394,-0.7163360378412413,-0.6471436492196392,2.7610535537662435,-2.862328256080375,0.0,1.0,0.0,0.0,0.0,1.0,0.0
IND_KARNATAKA_KOLAR,Karnataka,KOLAR,2005,Summer,4.408953,-0.697953117911263,0.07396201585600445,-0.4458303378409435,-2.2381138373182194,0.5156779028450287,-0.4229125792853789,0.09223333218539931,-0.4545789832631653,-0.02062774393647726,-0.5854961523069366,-1.0095639174287474,-1.4662479657993777,-0.5133624003784432,-1.6216449274412037,-1.9037764019749561,-0.2780728632863606,0.7124534936297385,-0.3324456586897017,-0.4053812105601042,1.2210605616975427,-0.1941242822670737,0.0,1.0,0.0,0.0,0.0,0.0,1.0
IND_KARNATAKA_KOPPAL,Karnataka,KOPPAL,2005,Kharif,3.21928,-0.20154176241834995,-0.8810958694992852,0.4841698717717585,0.4675331753528813,-1.1308758179674303,-0.4667472133913723,-1.0844139166646203,0.25495892493994243,1.322812290334173,0.06750066903895338,0.8859515033251193,-0.04787375281301461,0.9369152969289156,-0.6875849165237402,-0.43089837935216224,-0.11678570467758939,-0.5534189208984829,-0.2640780439764903,0.11587341920035936,0.39143575389320734,0.4327421326866125,0.0,1.0,0.0,0.0,1.0,0.0,0.0
IND_KARNATAKA_KOPPAL,Karnataka,KOPPAL,2005,Summer,3.642302,-0.2716451133945763,-0.8810958694992852,0.4841698717717585,-2.2381138373182194,1.6396471760015194,0.486631752867867,1.563655598718864,-0.8579835725162881,0.509926424931526,-0.6421985963385018,-1.281468320378861,-1.2072713596385733,-1.5810091272657976,-0.6794481395700364,-1.1055225564583733,0.8469260715521847,0.9399746335257524,-0.29621443597762187,-0.554480388778935,0.18773452941760868,0.38244281586793094,0.0,1.0,0.0,0.0,0.0,0.0,1.0
IND_KARNATAKA_MANDYA,Karnataka,MANDYA,2005,Kharif,2.964595,0.1029820119147099,-0.5729209373097439,-0.6394047821920191,0.4675331753528813,-1.7611671463540972,-0.9131696357627345,-1.7412585499732673,0.062496398301153305,0.4757792171843664,0.5274222837179519,1.0268330256502034,-0.43379108830374563,1.2579143054820467,-1.3255122281118996,-0.9654105649814039,0.15525436297144393,-0.7270525484746585,0.25333593267131255,0.7279296613753848,0.77451494816757,0.6025724629942866,0.0,1.0,0.0,0.0,1.0,0.0,0.0
IND_KARNATAKA_MANDYA,Karnataka,MANDYA,2005,Rabi,2.5,-0.8594104412437077,-0.5729209373097439,-0.6394047821920191,0.3788234372325174,0.24299689528315588,-1.6048651956966629,-0.9407495375389416,-1.4483155236925074,-0.8030273019118331,-0.8407699750960019,-0.8817591426436283,1.5071644627240164,-0.926988804429252,-1.214468036861077,-0.38448827205469027,-0.7005935164121059,1.3529486645715663,-0.7005789686839106,-0.8051904484285115,1.7646732186725214,-3.1718517233925994,0.0,1.0,0.0,0.0,0.0,1.0,0.0
IND_KARNATAKA_MANDYA,Karnataka,MANDYA,2005,Summer,3.326921,-0.4981972769393384,-0.5729209373097439,-0.6394047821920191,-2.2381138373182194,0.8112882217725775,0.0007168063727151422,0.5776663453790624,-0.46677014896153624,-0.46070510651556534,-0.5712157755553824,-1.1078438481587907,-1.688205579357852,-0.7612650268656432,-1.3139967894746694,-1.6404265952363004,0.24906972993293447,0.6388312863374844,-0.27604137291632486,-0.41842360351558683,0.4915302683010495,0.1651345220297128,0.0,1.0,0.0,0.0,0.0,0.0,1.0
IND_KARNATAKA_RAICHUR,Karnataka,RAICHUR,2005,Kharif,2.721421,0.7303572340386666,-0.5535249870824451,0.6262314428335712,0.4675331753528813,-0.7310099743338677,-0.24533609261848083,-0.6300249006878095,0.45633786135545684,0.8066159018092425,0.17486137958308592,1.0601889480861293,0.038123397444526856,0.8206727359395019,-0.21821083957164963,-0.06113595192351468,0.7157069341939417,-0.3985341337733608,-0.19884177039518358,0.1566443585394441,0.0033026908234510014,0.826666594816392,0.0,1.0,0.0,0.0,1.0,0.0,0.0
IND_KARNATAKA_RAICHUR,Karnataka,RAICHUR,2005,Summer,2.002605,0.36571553082020186,-0.5535249870824451,0.6262314428335712,-2.2381138373182194,2.1824818128895442,0.9273011835821439,2.2393252637862657,-0.8373521262248107,0.2929644108583545,-0.6638448107598753,-1.2133772872899078,-1.208462966715411,-1.8639686187559186,-0.21610167502956257,-0.7389684266845895,2.5288791133908726,1.0488499422294693,-0.34992898000949163,-0.6050375706089103,-0.3123483672372863,0.7103382727008276,0.0,1.0,0.0,0.0,0.0,0.0,1.0
IND_KARNATAKA_UDUPI,Karnataka,UDUPI,2005,Kharif,2.563403,-0.04261239404560692,-1.4848945567694636,-0.3353775587209606,0.4675331753528813,-1.9011872082476804,0.5168805694665349,-0.8406666229571006,0.9578909966482696,-0.826144801438177,4.06823041680106,1.7274606399398447,-0.6580056397402967,1.5533490840975044,0.09198628871825998,-0.2325472136517648,0.02519049637806722,-1.8723338295853875,4.387649643662436,4.009351105431437,-0.41349473913884194,0.5293419836095505,0.0,1.0,0.0,0.0,1.0,0.0,0.0
IND_KARNATAKA_UDUPI,Karnataka,UDUPI,2005,Rabi,2.105041,-0.6872251090510292,-1.4848945567694636,-0.3353775587209606,0.3788234372325174,-0.2786878881649245,-0.2706962136213344,-0.35983854320489683,-0.31466283246823823,-1.6835370997751529,-0.8386424246093146,0.2664916696643955,1.7821400725640546,-0.16648285942529184,0.18378561683452374,0.08306600679286635,2.9819293189692533,-0.023720434266383962,-1.1491435858289798,-0.8169693634762966,1.3333267489172946,-0.1654329542304132,0.0,1.0,0.0,0.0,0.0,1.0,0.0
IND_KARNATAKA_UDUPI,Karnataka,UDUPI,2005,Summer,2.315068,-0.8572932789649577,-1.4848945567694636,-0.3353775587209606,-2.2381138373182194,0.0694142180256017,1.0829238648768664,0.6323808261742482,0.7620799940271478,-1.141104363884735,0.5022140340120488,-0.9097515553463648,-1.8893676951498406,0.303334828180422,0.10219224605209623,-1.6107437192233527,-0.6985610478113169,-0.7290154552448779,0.9829384164046552,0.9137887521661203,0.2128424808510503,-2.088757107845816,0.0,1.0,0.0,0.0,0.0,0.0,1.0
IND_KARNATAKA_UTTARAKANNADA,Karnataka,UTTARA KANNADA,2005,Kharif,2.011923,0.37680693320589287,-1.6482627368515945,0.13753599437876132,0.4675331753528813,-1.5656796604525536,1.2852029436273598,-0.08700324117863441,1.3850351288716796,0.25767769673476276,2.8479512702320386,2.217021375967257,-0.8564678484969677,1.386163587045093,0.8822132731158239,0.3807519456851112,0.3998701524322319,-2.1639707224604465,2.6755688070950367,2.4836547240938027,-1.2292985620204129,0.7143621324919948,0.0,1.0,0.0,0.0,1.0,0.0,0.0
IND_KARNATAKA_UTTARAKANNADA,Karnataka,UTTARA KANNADA,2005,Rabi,2.176355,-0.8275266093144706,-1.6482627368515945,0.13753599437876132,0.3788234372325174,-0.3658687377670396,0.5146501453594258,0.12001931550590128,-0.006368526494207007,-0.8132425673615747,-0.8881402090382335,0.7475729522088582,1.9054197920944118,-0.16917141721421364,0.9942657942404081,0.46928626646631527,-0.018694909482562864,-0.6607847614447145,-1.3998315306772715,-0.8709869546250009,0.9345734137841921,-0.9161886820329653,0.0,1.0,0.0,0.0,0.0,1.0,0.0
IND_KARNATAKA_UTTARAKANNADA,Karnataka,UTTARA KANNADA,2005,Summer,2.363592,-0.8275740084699651,-1.6482627368515945,0.13753599437876132,-2.2381138373182194,-0.14838980294799295,1.7903593971024478,1.038947339409825,1.2564921034216523,-0.36441681770683143,0.14949195181000846,-0.8058016286126657,-1.6378002993498897,0.44988436887451166,0.8968174882625367,-1.3901793781568235,-0.6201338509891786,-1.4126351476343884,0.5028195155457954,0.4141056351241711,0.1506940607061075,-0.916848767846183,0.0,1.0,0.0,0.0,0.0,0.0,1.0
IND_TAMILNADU_COIMBATORE,Tamil Nadu,COIMBATORE,2005,Kharif,2.790305,-0.7425873226684953,-0.5132307587234963,-1.2547600387087559,0.4675331753528813,-1.7134736504793537,-0.37873738753371794,-1.3997595326008425,0.45686884219224955,0.01405123345301837,0.6266757374832662,0.8790044811945156,-1.0312302051484914,1.4557017175305758,-0.6238301703187693,-0.6875132100977845,-0.6497950140329138,-1.0762386990346517,0.4350340091199246,0.7533317014658407,-0.20592449180765746,-0.338401504925184,0.0,0.0,1.0,0.0,1.0,0.0,0.0
IND_TAMILNADU_CUDDALORE,Tamil Nadu,CUDDALORE,2005,Kharif,1.91043,0.9461655890046967,0.6401433328649972,-1.0173719561818362,0.4675331753528813,0.6828173577090687,1.5501081408605863,1.504471865779514,1.027160638302745,0.596490925994683,0.6883585837904875,-0.1439956085822911,0.28937510255550447,0.04700989631461514,1.2826546548924969,1.6758266020917223,0.1418617571610439,-0.5837163428855731,0.9138481845071591,0.3073284840170921,-1.4713526694128762,0.8835015868740497,0.0,0.0,1.0,0.0,1.0,0.0,0.0
IND_TAMILNADU_DHARMAPURI,Tamil Nadu,DHARMAPURI,2005,Kharif,2.942149,-0.4010448078943044,0.08151263418860487,-0.8134084470008486,0.4675331753528813,-0.5157525849901168,-0.10466145941372737,-0.38654847074659654,0.2966235953608193,-0.2538087321009053,0.5551126756583235,0.28728165501113684,-0.05663391888418441,0.5502408588038457,-0.42332959029692946,0.13699479638074774,-0.48968605847315416,-0.33070382179414737,0.5784333748014205,0.47655141369065,-0.3076518965452131,0.27144797659755504,0.0,0.0,1.0,0.0,1.0,0.0,0.0
IND_TAMILNADU_DINDIGUL,Tamil Nadu,DINDIGUL,2005,Kharif,3.172699,-0.48459371931244394,-0.12437908046125698,-1.4464023570080367,0.4675331753528813,-1.041475644435505,-0.1805328377581232,-0.853788467636256,0.2520008636653423,0.9934949475445404,0.3388117095117607,0.1283685237735236,0.2204683437876833,0.8152069190064184,-0.5364847685723051,-0.24322521195346128,-0.528852273621618,-0.6901006084683292,0.371503915001514,0.350348276069474,0.39170792752525607,0.181633697858183,0.0,0.0,1.0,0.0,1.0,0.0,0.0
IND_TAMILNADU_ERODE,Tamil Nadu,ERODE,2005,Kharif,4.12421,-0.17169609417537235,-0.3222312979575126,-1.042661916644677,0.4675331753528813,-0.2566216472164097,0.1269907162751625,-0.1474058610663867,0.30995843907024306,-0.835032951174369,0.19078577261980678,-0.010367594658282417,0.11000767061544862,0.3954045878247761,-0.15615542024885776,0.3315988663468388,-0.3821716131886438,-0.2941391817783646,0.24167369422493065,0.1066396895903998,-0.3807822613529314,0.4525486241120055,0.0,0.0,1.0,0.0,1.0,0.0,0.0
IND_TAMILNADU_KANNIYAKUMARI,Tamil Nadu,KANNIYAKUMARI,2005,Kharif,3.801327,-0.516603948989666,-0.31241896934442215,-2.2087839546155306,0.4675331753528813,-1.5828805933909849,0.4658212481632743,-0.7453225772149755,1.156899387705818,0.9174518886904603,1.1044719998117851,1.4791045987706826,0.17047296057906727,1.7013923293320552,0.5244549842046081,-0.1549602902119746,-0.5438580365326369,-1.5845347275256458,0.7942550405079508,1.0750595710654722,0.23494658853582162,0.1417927329135528,0.0,0.0,1.0,0.0,1.0,0.0,0.0
IND_TAMILNADU_KARUR,Tamil Nadu,KARUR,2005,Kharif,2.621209,-0.568916816936992,0.026074902983970957,-1.2962782482065152,0.4675331753528813,0.3274728898499024,0.7183690679681675,0.6632291995598827,0.6212565812639123,0.6795989243826562,0.2779186357336899,-0.40747163909453693,0.8203177339880185,0.17843211077092846,0.648845711983625,0.9912591513376079,-0.5683814567111927,-0.261817237113464,0.5062318744715858,0.08397274767568239,-0.4910171015122359,0.06789946225747437,0.0,0.0,1.0,0.0,1.0,0.0,0.0
IND_TAMILNADU_KRISHNAGIRI,Tamil Nadu,KRISHNAGIRI,2005,Kharif,2.629527,-0.5123222252766714,0.0038104879740130993,-0.6794255116803115,0.4675331753528813,-1.1781448752371901,-0.5936535874929059,-1.154146288503168,0.12766563338277198,0.5257655635639695,0.6424389524528156,0.6163968284485947,-0.05663391888418441,0.9024887371858943,-1.0178540941048844,-0.48764361344622315,-0.5418509301268961,-0.4988272267776627,0.5578588577488551,0.7133867848917226,0.45920781866129334,0.14733236589020313,0.0,0.0,1.0,0.0,1.0,0.0,0.0
IND_TAMILNADU_MADURAI,Tamil Nadu,MADURAI,2005,Kharif,3.30289,0.2621167766279287,-0.013487650828255086,-1.6214322694168066,0.4675331753528813,0.09360721850912812,0.5900031610995063,0.4236050542951235,0.7620003118302413,-0.5544105142043805,0.7342137439012895,0.47582179239398,0.8860465398200572,0.44718475955377623,0.6465866068343457,0.796263228222828,-0.178807965516971,-0.35322003488041853,0.7273928782619996,0.4991039838872982,-0.24584357644381677,0.6708916336424622,0.0,0.0,1.0,0.0,1.0,0.0,0.0
IND_TAMILNADU_NAMAKKAL,Tamil Nadu,NAMAKKAL,2005,Kharif,3.655764,-0.5620439393903032,0.05618673883841943,-1.0910418993106639,0.4675331753528813,0.13433098571270155,0.42006489591390256,0.3686498057076357,0.4741413612273244,-0.11790360493812337,0.38980844996539216,-0.13035696954646958,0.2983898255631915,0.23705763547355688,0.2379084876991445,0.7515429876290637,-0.5651595467234666,-0.19814159776002954,0.536682159709385,0.21422589446934104,-0.6597537102461366,0.07833414151220378,0.0,0.0,1.0,0.0,1.0,0.0,0.0
IND_TAMILNADU_PERAMBALUR,Tamil Nadu,PERAMBALUR,2005,Kharif,2.49308,-0.13357137343937187,0.3868219193408594,-1.1258900482043204,0.4675331753528813,0.14183684735856963,0.5820730330647919,0.49709942288800696,0.5379983652000325,0.25843736765238573,0.47441081742465496,-0.09250591514368284,0.2983898255631915,0.23140629472812127,0.3375690113215632,0.8560698150410012,-0.3642993147594383,-0.3094727404946509,0.6271698893415492,0.26866753590039794,-0.7606230208587466,0.4766350105135612,0.0,0.0,1.0,0.0,1.0,0.0,0.0
IND_TAMILNADU_PUDUKKOTTAI,Tamil Nadu,PUDUKKOTTAI,2005,Kharif,2.422937,0.65695174189633,0.3933337288818307,-1.4549727135244714,0.4675331753528813,0.6606125170067437,1.1960984681943683,1.2152495553054585,0.8534993224238467,0.5474161847162308,0.40671602921187106,-0.362928967786535,0.8203177339880185,0.056752274973408796,1.138091917417338,1.440469804662305,0.006283511512548758,-0.34501631689902323,0.6491294226639955,0.12491082219698198,-0.9028720144415767,0.8055594019544927,0.0,0.0,1.0,0.0,1.0,0.0,0.0
IND_TAMILNADU_RAMANATHAPURAM,Tamil Nadu,RAMANATHAPURAM,2005,Kharif,1.939472,1.1532051002042616,0.36740765376867396,-1.7949314082219572,0.4675331753528813,-0.19250907899135697,1.520503951234059,0.8973156856022497,1.5300849246387924,1.9850174292262681,0.68110557076769,0.2844211164867714,0.8860465398200572,0.8109541423848526,1.4433909858702132,1.1817487632424972,0.23891801778918909,-1.2521081038289221,0.7364657384646931,0.383189095808301,-0.6226735647795614,0.9319715864405277,0.0,0.0,1.0,0.0,1.0,0.0,0.0
IND_TAMILNADU_SALEM,Tamil Nadu,SALEM,2005,Kharif,3.677963,-0.26982814576729075,0.1037089536855479,-0.9883955533599948,0.4675331753528813,0.13433098571270155,0.42006489591390256,0.3686498057076357,0.4741413612273244,-0.11790360493812337,0.38980844996539216,-0.13035696954646958,0.2983898255631915,0.23705763547355688,0.2379084876991445,0.7515429876290637,-0.42817407892336773,-0.19814159776002954,0.536682159709385,0.21422589446934104,-0.6597537102461366,0.3838206261906588,0.0,0.0,1.0,0.0,1.0,0.0,0.0
IND_TAMILNADU_SIVAGANGA,Tamil Nadu,SIVAGANGA,2005,Kharif,2.143343,0.5611738483606338,0.25050409477294255,-1.6045227822246366,0.4675331753528813,0.42315028696066054,1.2396655212930598,1.0995907270898735,1.0843975667965378,0.5269810370321637,0.5761464134244397,-0.0849459204721401,0.8860465398200572,0.31285124834981926,1.2267967806696474,1.3463515765123308,-0.03861547093342581,-0.5636823706477447,0.7508980094508353,0.271997294170844,-0.7726675957727588,0.7764280519533314,0.0,0.0,1.0,0.0,1.0,0.0,0.0
IND_TAMILNADU_THANJAVUR,Tamil Nadu,THANJAVUR,2005,Kharif,2.578957,1.5877921572139713,0.5755751674258607,-1.3722110581466194,0.4675331753528813,0.4071109754674337,1.8484852895532122,1.529421428254318,1.255494462676401,1.3880680221579962,0.5861394535891833,-0.26076687763056466,0.544682681375426,0.18976809140760165,1.4292166004643234,1.6961294933580047,0.44264463340197274,-1.016928986847269,0.8324333150776876,0.22670043773358803,-1.3094673564018262,1.0192682824108241,0.0,0.0,1.0,0.0,1.0,0.0,0.0
IND_TAMILNADU_THENILGIRIS,Tamil Nadu,THE NILGIRIS,2005,Kharif,3.297902,-0.8370064404133519,-0.6512157492996632,-1.0589889488710345,0.4675331753528813,-1.9673772917497034,-0.9693373217509321,-1.9656240364024116,-0.06281451803684411,-0.2310186045722088,0.41072936308448593,0.604494944945424,-1.0728923563605581,1.2940153365570448,-1.5911270158444673,-1.1479896414472017,-0.6940569042140515,-0.8489112091339118,0.2739706678225689,0.6510926117698037,0.39054808952461784,-1.0725495895972876,0.0,0.0,1.0,0.0,1.0,0.0,0.0
IND_TAMILNADU_THENI,Tamil Nadu,THENI,2005,Kharif,4.15987,-0.6116392557559499,-0.28464257477421645,-1.6145979360239784,0.4675331753528813,-1.8112062239931428,-0.8045074212502621,-1.72190683866892,0.027695058516646647,-0.83343764224736,0.9447445352430486,1.0850654170391079,-0.060690794785809694,1.2170514965567316,-1.291505698386368,-0.9496629665685944,-0.5884089342417804,-0.8451262319536438,0.7501753922665491,1.183447343392169,1.1283150469059149,-0.0030811798038830065,0.0,0.0,1.0,0.0,1.0,0.0,0.0
IND_TAMILNADU_THIRUVALLUR,Tamil Nadu,THIRUVALLUR,2005,Kharif,2.799988,0.6728778581424504,0.8951906154258501,-0.3953407852422446,0.4675331753528813,0.21941975657305127,1.7589672798361924,1.3644954905438234,1.3217900505026783,0.8399654550929012,1.1762929465442058,0.06349559652448442,-0.2834862414109246,0.3349618811652847,1.3029266249934008,1.5619197899331083,0.013749412761505661,-1.1000576484527333,1.4399737127655128,0.7010852038277352,-1.786741684882785,0.8102243390850908,0.0,0.0,1.0,0.0,1.0,0.0,0.0
IND_TAMILNADU_THIRUVARUR,Tamil Nadu,THIRUVARUR,2005,Kharif,1.559597,1.6067044202562393,0.7291211567861182,-1.378547085218193,0.4675331753528813,0.4071109754674337,1.8484852895532122,1.529421428254318,1.255494462676401,1.3880680221579962,0.5861394535891833,-0.26076687763056466,0.544682681375426,0.18976809140760165,1.4292166004643234,1.6961294933580047,0.4515103152003933,-1.016928986847269,0.8324333150776876,0.22670043773358803,-1.3094673564018262,1.0227057026191761,0.0,0.0,1.0,0.0,1.0,0.0,0.0
IND_TAMILNADU_TIRUCHIRAPPALLI,Tamil Nadu,TIRUCHIRAPPALLI,2005,Kharif,2.975018,0.3976783613419296,0.24439146582549692,-1.274815953480065,0.4675331753528813,0.5270483896835533,0.9875798868644063,0.991215124590707,0.7111563364970613,0.7119609054734015,0.3690970683336236,-0.3585359979098291,0.8203177339880185,0.07615140591606966,0.8616614138813828,1.2581601272362366,-0.11525911315288405,-0.29936773165061586,0.6005534897203758,0.12056101631381533,-0.7412837089209211,0.7218371680636918,0.0,0.0,1.0,0.0,1.0,0.0,0.0
IND_TAMILNADU_TIRUNELVELI,Tamil Nadu,TIRUNELVELI,2005,Kharif,3.577265,0.5054482412177105,-0.21908538071159234,-2.009170930358211,0.4675331753528813,-1.3995231160421495,0.2511239781191566,-0.7616646911158492,1.1183444272476692,0.17274648814449436,1.2960160148405286,1.6595228499861265,0.17047296057906727,1.6730595132716146,0.5540832481982509,-0.16825880644550004,-0.06473853183320355,-1.2846589075791424,0.9619022272621278,1.2654655954410685,0.2515763940398792,0.7585610146834417,0.0,0.0,1.0,0.0,1.0,0.0,0.0
IND_TAMILNADU_TIRUVANNAMALAI,Tamil Nadu,TIRUVANNAMALAI,2005,Kharif,2.756879,1.3957149794321404,0.5691892171779028,-0.6941694517979556,0.4675331753528813,0.319676622842747,0.9345501963255325,0.8496135667571658,0.9016214773619923,-0.0777929804876195,0.844266128167217,0.22675061659372503,0.06877746444132292,0.3345099641864821,0.8462475194555273,1.142930810700816,0.35260231059485725,-0.42441281495930194,0.9623237539529617,0.5223276945269184,-1.1946300550656856,0.9827706497492085,0.0,0.0,1.0,0.0,1.0,0.0,0.0
IND_TAMILNADU_VELLORE,Tamil Nadu,VELLORE,2005,Kharif,2.878995,0.05935898914135833,0.4730824974806388,-0.5657191069252958,0.4675331753528813,-0.9462450248036675,-0.2832352934714959,-0.7738836565739663,0.2984540413207398,0.3193629752457604,0.6520935186764957,0.8016166979013666,0.06877746444132292,0.8178042523793202,-0.6422828610516665,-0.17820208009340568,-0.2738571197393754,-0.5407260439358594,0.4970987961702037,0.6419645284962611,0.1731876653920615,0.581862910916249,0.0,0.0,1.0,0.0,1.0,0.0,0.0
IND_ANDHRAPRADESH_ADILABAD,Andhra Pradesh,ADILABAD,2006,Kharif,2.398993,0.16332113685908864,0.35229514612201734,1.8139650479090488,0.4675331753528813,-0.5036449153113859,0.18437467956929923,-0.11366827417342458,0.6871895309229273,-0.16925735896944497,0.7869995609005433,1.4328762529751076,-0.5214017687494362,0.761033965800185,0.1207349011493369,0.35905307757663746,-0.33232867327199095,-0.530339362371436,0.41704887031104704,0.6390505471985065,-0.9318250665482207,0.6297214332205691,1.0,0.0,0.0,0.0,1.0,0.0,0.0
IND_ANDHRAPRADESH_ADILABAD,Andhra Pradesh,ADILABAD,2006,Rabi,2.500055,-0.7171023767310031,0.35229514612201734,1.8139650479090488,0.3788234372325174,0.3644854419178027,-2.2420552704954,-1.0530612278687919,-2.496701429762364,-1.3879856602969574,-0.8874471433493882,-0.4791383453389518,1.2429063012268546,-1.8892087273710578,0.3061954717954796,-0.47488389529214575,-0.6022033865677365,1.9098281796706957,-0.9169225245790887,-0.8498809295546963,1.657952262066734,-0.25042314382274233,1.0,0.0,0.0,0.0,0.0,1.0,0.0
IND_ANDHRAPRADESH_ANANTAPUR,Andhra Pradesh,ANANTAPUR,2006,Kharif,3.017003,-0.5064921291508595,-0.2678187564418995,-0.006791370403704205,0.4675331753528813,0.14708648273586974,0.06761205819927701,0.0699773593866779,0.22373135974380834,1.872965968876853,-0.41164948905382037,-0.19757962486909803,0.6575736717565278,0.14436708461095019,-0.2791666944411821,0.5084960721566909,-0.5761252790196613,0.06698285030821753,-0.4350171534590807,-0.45160350419257506,-0.12336759781954257,0.15476644168690804,1.0,0.0,0.0,0.0,1.0,0.0,0.0
IND_ANDHRAPRADESH_ANANTAPUR,Andhra Pradesh,ANANTAPUR,2006,Rabi,2.947999,-0.6882362910349099,-0.2678187564418995,-0.006791370403704205,0.3788234372325174,0.20805679830530904,-1.4876239927259265,-0.7782612074491768,-1.4301059506094458,-0.46853496331319916,-0.863753967474914,-0.5375239798630879,1.7181470644250976,-0.8567544405802706,-0.1710938124174534,-0.2537072836807994,-0.5814508843715158,1.240565334168005,-0.8644725606197181,-0.8318787349658567,1.758960836893473,-0.16805995603100543,1.0,0.0,0.0,0.0,0.0,1.0,0.0
IND_ANDHRAPRADESH_CHITTOOR,Andhra Pradesh,CHITTOOR,2006,Kharif,2.493988,-0.5902306371909766,0.42459567446986046,-0.36461738338663735,0.4675331753528813,-0.3495960405796983,-0.3409111633190591,-0.5418737927399907,-0.03218793617089905,1.0140820294121262,-0.2696193762607116,-0.01700813051841995,0.6431240579349748,0.3013535290049421,-0.9675540183909521,0.010597665107782667,-0.6066041070821999,-0.028785874624801314,-0.3290935178626004,-0.27636787279096936,0.4439348562659255,0.03389657060566376,1.0,0.0,0.0,0.0,1.0,0.0,0.0
IND_ANDHRAPRADESH_CHITTOOR,Andhra Pradesh,CHITTOOR,2006,Rabi,2.918015,-0.39881704758606734,0.42459567446986046,-0.36461738338663735,0.3788234372325174,-0.9660388715693453,-1.9419797686187799,-1.9709377217185864,-1.0761913345868928,-0.5960337651670979,-0.6654727092383258,0.38397807334376194,0.9478888425032499,0.17386258489501613,-0.8567587892975924,-1.2136495346738678,-0.3733803474116225,0.6441184856055941,-0.9796497107149618,-0.5725549379046391,2.632374294614904,0.2736120759011928,1.0,0.0,0.0,0.0,0.0,1.0,0.0
IND_ANDHRAPRADESH_EASTGODAVARI,Andhra Pradesh,EAST GODAVARI,2006,Kharif,2.403001,2.7416297994142944,1.9295220096615435,0.9989009108529308,0.4675331753528813,-0.3735433134498211,1.133411535846338,0.5408589691345583,1.5451450001396938,-0.366695830459699,1.1346284161799076,1.1369126777932614,-0.8741375073461629,1.093701946448066,1.233534111955619,0.8916794699278264,0.6061165856512543,-1.1146342117329804,0.9662780757669657,0.8157070921019035,-1.6956290333316744,1.191747567031846,1.0,0.0,0.0,0.0,1.0,0.0,0.0
IND_ANDHRAPRADESH_EASTGODAVARI,Andhra Pradesh,EAST GODAVARI,2006,Rabi,5.006001,1.80996779873475,1.9295220096615435,0.9989009108529308,0.3788234372325174,0.43072933618801257,-0.5724933190658067,-0.1825619493653739,-0.16100940946449374,-1.1109445890397187,-0.8829019218551014,-0.11891481544899944,0.7872363563603644,-0.07454764988114046,1.4222556008691687,0.2257495345580868,1.2145685537623112,0.7537607591700455,-1.0528147006238437,-0.8614472213024733,0.30494548021835116,1.0580701822429626,1.0,0.0,0.0,0.0,0.0,1.0,0.0
IND_ANDHRAPRADESH_GUNTUR,Andhra Pradesh,GUNTUR,2006,Kharif,2.716001,3.7007991099990925,0.9900908704822137,0.6550402800936405,0.4675331753528813,0.39565113313312705,1.2527283395588262,1.0975442008554985,1.1532474740616796,0.44417690701124096,0.5650090089827645,0.5099439305060738,-0.2570944998117654,0.36529740299493685,1.1970285721091631,1.3446862006304143,0.9552322121827246,-0.5948072062509692,0.5032611149361915,0.2634527888216205,-1.6007779152821948,1.2971926456598557,1.0,0.0,0.0,0.0,1.0,0.0,0.0
IND_ANDHRAPRADESH_GUNTUR,Andhra Pradesh,GUNTUR,2006,Rabi,3.488992,-0.4024667825591366,0.9900908704822137,0.6550402800936405,0.3788234372325174,0.3164230460749766,-0.769690710594918,-0.31516946669332263,-0.2596205203919499,-0.6563268732727086,-0.8265379517645999,-0.1071661750810637,0.6922074458198536,-0.042871725734767115,1.3697624711905614,0.11901853318478803,-0.3760041955783887,0.8063926102950435,-0.9872371911499569,-0.8066850363516004,0.35268423653806763,0.27006113268565013,1.0,0.0,0.0,0.0,0.0,1.0,0.0
IND_ANDHRAPRADESH_KARIMNAGAR,Andhra Pradesh,KARIMNAGAR,2006,Kharif,3.125001,1.7750030216983765,0.6485176720929396,1.5303178944226856,0.4675331753528813,-0.16161441632402998,0.44083891229931793,0.26767781282102987,0.7871553360800786,-0.2751554848861129,0.5485849639378046,1.0508411168368543,-0.24296759202785076,0.5857615333376427,0.459200831927039,0.669376280514005,0.2542865967718871,-0.4464008916948467,0.27025721840332495,0.3646844158238784,-1.007032537428127,1.0521828970483713,1.0,0.0,0.0,0.0,1.0,0.0,0.0
IND_ANDHRAPRADESH_KARIMNAGAR,Andhra Pradesh,KARIMNAGAR,2006,Rabi,3.288998,1.7751452191648598,0.6485176720929396,1.5303178944226856,0.3788234372325174,0.4894521882516019,-1.8308625554822677,-0.7157305860382218,-1.9918725212838668,-1.4521959002667506,-0.8946679207587519,-0.41584893048732696,1.2882284600458298,-1.5354060653523662,0.6413268118306227,-0.20337864489646398,1.1895337892081403,1.7107277783570811,-0.9507851687426788,-0.8634348415952418,1.2983840163990195,1.052206997793132,1.0,0.0,0.0,0.0,0.0,1.0,0.0
IND_ANDHRAPRADESH_KHAMMAM,Andhra Pradesh,KHAMMAM,2006,Kharif,2.460001,1.6002739348274981,1.2322371058845452,1.2141443629051327,0.4675331753528813,-0.3391414475729702,0.6518873504256184,0.30653171529990497,1.1782920935774253,-0.7453158158030725,0.8932320249744636,1.2632871833161976,-0.4035589444182656,0.9237716483770295,0.8366913047531295,0.7009939314485943,0.19068929805917498,-0.7390412436363095,0.6159893956846909,0.6549114803511654,-1.1632994391971376,1.0215398888044043,1.0,0.0,0.0,0.0,1.0,0.0,0.0
IND_ANDHRAPRADESH_KHAMMAM,Andhra Pradesh,KHAMMAM,2006,Rabi,2.892981,-0.5039483744726597,1.2322371058845452,1.2141443629051327,0.3788234372325174,0.3618880849996025,-1.5110378012487145,-0.5544898255240418,-0.9295411898520178,-1.5027345819654647,-0.8818865000319096,-0.004493274474313964,1.1830904321091402,-0.5880525683954442,1.0182181849485796,-0.07360178021608241,-0.44896181482767955,1.378739517557737,-1.0965129675735377,-0.8539674528345356,1.02529345436566,0.1579716547695839,1.0,0.0,0.0,0.0,0.0,1.0,0.0
IND_ANDHRAPRADESH_KRISHNA,Andhra Pradesh,KRISHNA,2006,Kharif,2.073002,3.1129705832759687,1.3401384380599264,0.8092353539734269,0.4675331753528813,0.1480693931895057,1.1572748965888406,0.8985797165117089,1.344433682694384,-0.18999637502055766,0.9825246741884688,0.875428808039057,-0.2570944998117654,0.675559815535922,1.3165612242131524,1.1827773777578043,0.7412761272773049,-0.7208381440810198,0.8796041590518628,0.626218836400583,-1.4701287635783205,1.2355707034345313,1.0,0.0,0.0,0.0,1.0,0.0,0.0
IND_ANDHRAPRADESH_KRISHNA,Andhra Pradesh,KRISHNA,2006,Rabi,3.749004,0.6391928583044258,1.3401384380599264,0.8092353539734269,0.3788234372325174,0.5541828397955575,-0.816198601263605,-0.19284679123249102,-0.20575317504401874,-1.1326808305605924,-0.8746657226225459,-0.04719702815950952,0.6922074458198536,-0.06656854903710442,1.4952042743424387,0.2174716367920943,0.37287004556596265,1.0274214663215435,-1.0707396213340301,-0.8537103556044959,0.2347100210291197,0.8002995044117663,1.0,0.0,0.0,0.0,0.0,1.0,0.0
IND_ANDHRAPRADESH_KURNOOL,Andhra Pradesh,KURNOOL,2006,Kharif,3.349006,0.4153108471858486,-0.0734708749325743,0.40315814233704866,0.4675331753528813,0.011601212253330362,0.2118138955912488,0.1336604404442401,0.557090247635962,0.8784048035246361,-0.11846658486559573,0.5693511859317691,0.4329843002638467,0.42789979711102677,0.11321787870561323,0.5603186510703847,-0.24061016755021464,-0.14414845817002922,-0.3712662596454706,-0.19886505244406177,-0.35963260694380145,0.7280561184682816,1.0,0.0,0.0,0.0,1.0,0.0,0.0
IND_ANDHRAPRADESH_KURNOOL,Andhra Pradesh,KURNOOL,2006,Rabi,2.947014,-0.6624985496014475,-0.0734708749325743,0.40315814233704866,0.3788234372325174,0.6004835500764791,-1.5166699043492657,-0.5561025374144486,-1.321805051900593,-0.8369757780681126,-0.8931850825407577,-0.5658739598813696,1.673512409773262,-0.8834572542548218,0.24108943764266288,-0.07489979377110575,-0.5629474165852991,1.5708448842105123,-0.8899849617649,-0.8647683640966456,1.458481062989849,-0.10557974324826422,1.0,0.0,0.0,0.0,0.0,1.0,0.0
IND_ANDHRAPRADESH_MAHBUBNAGAR,Andhra Pradesh,MAHBUBNAGAR,2006,Kharif,2.439999,0.3169417998164582,-0.01616497855024476,0.8470213881531867,0.4675331753528813,-0.5709966202586033,-0.08347390874429288,-0.4129125440010438,0.4855736522000507,0.7677967179187069,0.04354960825700145,0.8466701796601526,0.11345421118503649,0.7338333206971711,-0.25315699710260126,0.11554083649019459,-0.2764141453563137,-0.3895734203559183,-0.2784701695635067,0.004377190460110534,-0.13813423823812174,0.6922002114017903,1.0,0.0,0.0,0.0,1.0,0.0,0.0
IND_ANDHRAPRADESH_MAHBUBNAGAR,Andhra Pradesh,MAHBUBNAGAR,2006,Rabi,2.453008,-0.3038291399752779,-0.01616497855024476,0.8470213881531867,0.3788234372325174,0.21815261171777978,-1.89522593458325,-1.08199875631736,-1.732744700894621,-0.8312152900325455,-0.8974885369342848,-0.39444597259965186,1.428017299321114,-1.0850750405007579,-0.11813578401624336,-0.49817466681716144,-0.30509134635383256,1.5435055121009236,-0.9627083522833852,-0.8595730388695207,1.8677452964937944,0.3573054808717333,1.0,0.0,0.0,0.0,0.0,1.0,0.0
IND_ANDHRAPRADESH_MEDAK,Andhra Pradesh,MEDAK,2006,Kharif,2.614997,0.14418767775784677,0.03211990604263495,1.3014749238188337,0.4675331753528813,-0.8312891794775061,-0.24037368121025315,-0.6662002614775858,0.3543760732800205,0.4002679279726255,0.3670662246872401,1.1649561715410777,-0.13400319250213177,0.7811989770963915,-0.5523184966984455,-0.0905739197185351,-0.33929279791951267,-0.48115226357311575,-0.0006439349053912052,0.3464526888083479,-0.11311407823025278,0.6212899036529002,1.0,0.0,0.0,0.0,1.0,0.0,0.0
IND_ANDHRAPRADESH_MEDAK,Andhra Pradesh,MEDAK,2006,Rabi,2.838007,-0.25216406048637546,0.03211990604263495,1.3014749238188337,0.3788234372325174,-0.11841967345595932,-2.0794621106801143,-1.436004230524168,-2.22601627126431,-1.073463013554955,-0.8747946650762847,-0.10747266135153365,1.47299971482718,-1.4406957254965735,-0.3986314176512153,-0.78310088755533,-0.2679480320319778,1.4115966014863113,-1.047214417445632,-0.8282265904144474,2.3827061004295063,0.3969983305224604,1.0,0.0,0.0,0.0,0.0,1.0,0.0
IND_ANDHRAPRADESH_NALGONDA,Andhra Pradesh,NALGONDA,2006,Kharif,2.591001,1.6684023209914576,0.531295707870846,1.0186224262280383,0.4675331753528813,-0.06497644763358722,0.6239372979351753,0.41478693390292926,0.897560771602027,0.14820911750526702,0.23146711677434603,0.947963892049793,-0.14105462008213307,0.5793633403219777,0.6155189130110418,0.7890874174375284,0.2154863869531626,-0.502753040318113,-0.08424672858728116,0.07373485389616241,-1.0386754457192875,1.0337391856428504,1.0,0.0,0.0,0.0,1.0,0.0,0.0
IND_ANDHRAPRADESH_NALGONDA,Andhra Pradesh,NALGONDA,2006,Rabi,3.149003,1.1038783790530833,0.531295707870846,1.0186224262280383,0.3788234372325174,0.2884167627831194,-1.413029369564562,-0.6461101180147385,-1.2162757641090254,-1.2214691528154766,-0.8816930863513017,-0.08239186821824113,1.323811310561438,-0.8041472042740173,0.7853645638867667,-0.14734364463439717,0.7069437642617346,1.2499098461195262,-1.06566122834447,-0.852075977297821,1.2511740264783384,0.920892043501663,1.0,0.0,0.0,0.0,0.0,1.0,0.0
IND_ANDHRAPRADESH_NIZAMABAD,Andhra Pradesh,NIZAMABAD,2006,Kharif,3.162997,0.9472241701440718,0.0011331602520301002,1.4956215789529068,0.4675331753528813,-0.610692799260657,-0.05554818179996007,-0.39581803074930216,0.4963888270034206,0.14038450705374722,0.49452584020788154,1.2100607343449363,-0.23176207585787165,0.7363735698201178,-0.2384828096725328,0.12945162326854495,-0.047005953280910964,-0.4410667145524397,0.14036677952805024,0.4218188017071692,-0.4487170845587994,0.8837632845262386,1.0,0.0,0.0,0.0,1.0,0.0,0.0
IND_ANDHRAPRADESH_NIZAMABAD,Andhra Pradesh,NIZAMABAD,2006,Rabi,3.324007,-0.017601439663058736,0.0011331602520301002,1.4956215789529068,0.3788234372325174,0.30653050407349086,-1.9432094854529605,-1.0656282092034475,-2.362044909671356,-1.2050325602873249,-0.8812256699564992,-0.4477745836610682,1.3627956029767878,-1.7738700791848985,-0.07655766782489043,-0.4849986046925974,-0.09931525276394007,1.6478792608317483,-0.9214991000795625,-0.8432747973997942,1.7858876108374646,0.5428071036387795,1.0,0.0,0.0,0.0,0.0,1.0,0.0
IND_ANDHRAPRADESH_PRAKASAM,Andhra Pradesh,PRAKASAM,2006,Kharif,3.030007,-0.20879383320899406,0.7958439581818378,0.4707338942814897,0.4675331753528813,0.31759910756577364,1.7912959306280245,1.4419324317352864,1.2586034712113399,1.5147811312175399,0.5416865426627886,0.19656171895263605,0.048556223070998175,0.2179344117390077,1.340671673859812,1.62493467440615,-0.4677699326933389,-1.046082113407762,0.597361930489782,0.20319098404973823,-1.6005940894302368,0.42779379387124755,1.0,0.0,0.0,0.0,1.0,0.0,0.0
IND_ANDHRAPRADESH_PRAKASAM,Andhra Pradesh,PRAKASAM,2006,Rabi,3.721002,0.40240247717287203,0.7958439581818378,0.4707338942814897,0.3788234372325174,-0.31197922814250967,0.10375256238650125,-0.09422793770796609,0.09038368608198455,0.35544524529441424,-0.7201604274302249,-0.0312086610501011,0.9351219101636213,0.11275681260840634,1.511132108838696,0.2968463902227614,0.20263580314352603,-0.32094711060609,-0.8846054782818874,-0.7151235810096563,0.34443875914731964,0.7235118684446327,1.0,0.0,0.0,0.0,0.0,1.0,0.0
IND_ANDHRAPRADESH_SRIKAKULAM,Andhra Pradesh,SRIKAKULAM,2006,Kharif,2.535001,2.2054505524615746,2.8367514851732647,1.597894743958143,0.4675331753528813,-1.0182878932795472,1.9873841578912872,0.7747347833586652,1.8829109588343556,1.5796570275825603,1.136788202280031,1.0816429870188808,-0.8583900540254533,1.1786337963377729,1.2334941277937006,1.0819976460801644,0.4109596583150397,-2.2407617478571082,0.9906864784361589,0.7732652616270391,-1.8370636142056938,1.1197593158106005,1.0,0.0,0.0,0.0,1.0,0.0,0.0
IND_ANDHRAPRADESH_SRIKAKULAM,Andhra Pradesh,SRIKAKULAM,2006,Rabi,2.108905,-0.805486002009572,2.8367514851732647,1.597894743958143,0.3788234372325174,-1.2579592034624245,0.43781743755985514,-0.42711601470835464,-0.0835542240884828,0.9320316944011761,-0.878872470175769,0.033153455748161025,0.42054608711783215,0.062155173078505536,1.4623581689408807,0.028916799808844387,-0.6657444935908206,-1.3082081475864344,-1.107552952333451,-0.8534299765180496,0.2283142153387718,-0.6827043246217301,1.0,0.0,0.0,0.0,0.0,1.0,0.0
IND_ANDHRAPRADESH_VIZIANAGARAM,Andhra Pradesh,VIZIANAGARAM,2006,Kharif,2.396996,0.9961084991773024,2.5004643770907284,1.5280363685641372,0.4675331753528813,-1.5690304915444562,-0.276010606274227,-1.1264278964171552,0.5313673474475978,-0.7119662625194205,1.224952605023823,1.363303869578892,-0.9102034147255499,1.3104984137312239,-0.7648343173817305,-0.46508756657500605,-0.029213082564341828,-1.036751704544804,0.9898032796553643,1.3001986920535664,-0.36854306491552313,0.8956841641529547,1.0,0.0,0.0,0.0,1.0,0.0,0.0
IND_ANDHRAPRADESH_VIZIANAGARAM,Andhra Pradesh,VIZIANAGARAM,2006,Rabi,1.803,-0.8438003193675501,2.5004643770907284,1.5280363685641372,0.3788234372325174,-0.7577308467298867,-2.2335210356661874,-1.9759584285471994,-1.80540669148332,-1.5805395736991998,-0.8188819935738684,0.07922855840850401,0.516497014908704,-0.7419592754534099,-0.5742418568686851,-1.2176905202696862,-0.6932896598464818,1.0192694920857521,-1.05094793956444,-0.7495903986913157,2.182439105586044,-1.2321342244111329,1.0,0.0,0.0,0.0,0.0,1.0,0.0
IND_ANDHRAPRADESH_WARANGAL,Andhra Pradesh,WARANGAL,2006,Kharif,2.909001,1.3563894800902816,0.8525059997480255,1.3357032996521332,0.4675331753528813,-0.29821663050388425,0.5017987308729078,0.23664886359119075,0.9438391534522408,-0.5851012192763575,0.6705967607879904,1.2113377604718836,-0.14105462008213307,0.75357495713955,0.5804927871561705,0.644126243245562,0.10192085604287032,-0.5981696743506472,0.3591391320704121,0.4749658635164602,-0.9021989070492539,0.974915648813146,1.0,0.0,0.0,0.0,1.0,0.0,0.0
IND_ANDHRAPRADESH_WARANGAL,Andhra Pradesh,WARANGAL,2006,Rabi,2.641002,0.22552462858624733,0.8525059997480255,1.3357032996521332,0.3788234372325174,0.21307082644305128,-1.8244188392711655,-0.8058903092696832,-1.478094632752384,-1.5289256009005145,-0.8915249484488728,0.036524804723308456,1.323811310561438,-0.9884456763913377,0.7612908952509355,-0.2759449498687179,0.07547400951529,1.4882571976294976,-1.1246348196619722,-0.8587244724045677,1.4348002042433763,0.6560818583734249,1.0,0.0,0.0,0.0,0.0,1.0,0.0
IND_ANDHRAPRADESH_WESTGODAVARI,Andhra Pradesh,WEST GODAVARI,2006,Kharif,2.780999,3.015059727743024,1.5405613785784846,0.9211625636915421,0.4675331753528813,-0.3497524126973241,0.8705253589409703,0.4072629403942479,1.365647664765181,-0.5945211386548813,1.1297769563579918,1.1124959382459854,-0.5006894529740169,1.0330594449137305,1.0570040370136389,0.7829647119893115,0.7056387502374813,-0.9056330532026935,0.9698309435897027,0.837837813505427,-1.3134347768185004,1.2244269024414438,1.0,0.0,0.0,0.0,1.0,0.0,0.0
IND_ANDHRAPRADESH_WESTGODAVARI,Andhra Pradesh,WEST GODAVARI,2006,Rabi,4.635002,2.1234500134562526,1.5405613785784846,0.9211625636915421,0.3788234372325174,0.6412055894113485,-0.9591162917320195,-0.2550426988548606,-0.36472359198135507,-1.4053439309108007,-0.8827729794013627,-0.2481498594963022,0.6042029036574255,-0.22533293653658087,1.2385195405000933,0.16741239704748404,1.439938537656067,1.1994316825109625,-1.0018701891317334,-0.8601040311675526,0.21956309976246896,1.1076499846071521,1.0,0.0,0.0,0.0,0.0,1.0,0.0
IND_KARNATAKA_BANGALORERURAL,Karnataka,BANGALORE RURAL,2006,Kharif,2.032561,-0.7436301040893722,-0.19750098158330961,-0.4216397977124417,0.4675331753528813,-1.0280723200678967,-1.0097663794002998,-1.4706656474267334,-0.32822904194032587,1.3478054635239771,-0.372370394083688,-0.03125974209517904,0.5907464627653524,0.6045422515724638,-1.8048423613857685,-0.7452135862417711,-0.6001741072250074,-0.07941654611512483,-0.4514566944015697,-0.2941052940648436,1.4547022947587203,-0.3423982994544896,0.0,1.0,0.0,0.0,1.0,0.0,0.0
IND_KARNATAKA_BANGALORERURAL,Karnataka,BANGALORE RURAL,2006,Rabi,2.307692,-0.8593946415252096,-0.19750098158330961,-0.4216397977124417,0.3788234372325174,-1.1455049417606293,-2.604772547905157,-2.4382285990947445,-1.4626758184026882,-0.6196901693664976,-0.7284449800829322,0.6363184360290082,1.5825995045015209,-0.024633780948402757,-1.7305460449297039,-1.5897550849468651,-0.7001678263958158,0.9823542201096727,-1.157232883753062,-0.6190227500308481,4.127958314101954,-3.1387589587679665,0.0,1.0,0.0,0.0,0.0,1.0,0.0
IND_KARNATAKA_BANGALORERURAL,Karnataka,BANGALORE RURAL,2006,Summer,0.771955,-0.8484454366060018,-0.19750098158330961,-0.4216397977124417,-2.2381138373182194,0.3072562089287659,-0.6318082065801732,-0.1459010623646567,-0.6869171186024926,0.11189684764288152,-0.4497842197470217,-0.7247360100739029,-1.2143638771177723,-0.5591296977789653,-1.8233450323210754,-2.0329654869323113,-0.6669787364600288,0.6993821189490886,-0.2753589011311667,-0.20503228028050346,1.7864897315166692,-1.3874097218407886,0.0,1.0,0.0,0.0,0.0,0.0,1.0
IND_KARNATAKA_BIDAR,Karnataka,BIDAR,2006,Kharif,0.628656,-0.7477854300543818,-0.3830668900350699,1.3260573039400396,0.4675331753528813,-0.8408502175263861,-0.42082058231916675,-0.814091877884401,0.2847143334911121,0.48740218222400145,0.36413278386468534,1.2688039361846184,-0.40043210330831164,0.8025247014749962,-0.7057977022850342,-0.2109218180086679,-0.6039175368402543,-0.35809649385218745,-0.045104964438497555,0.3684343994278052,-0.20727822907424387,-0.3586900177488826,0.0,1.0,0.0,0.0,1.0,0.0,0.0
IND_KARNATAKA_BIDAR,Karnataka,BIDAR,2006,Rabi,1.71875,-0.8585888558818047,-0.3830668900350699,1.3260573039400396,0.3788234372325174,0.07735328103913652,-2.256959438525664,-1.4354260885257326,-2.401497495410062,-1.0499602223698394,-0.8930239044735844,-0.3600684292621687,1.5533495094262109,-1.6174383402142616,-0.5603353211664048,-0.7826355619412655,-0.682589850924716,1.6943348345335694,-0.9706571413105226,-0.8477820649089398,2.4609456174375897,-2.453160488613395,0.0,1.0,0.0,0.0,0.0,1.0,0.0
IND_KARNATAKA_CHITRADURGA,Karnataka,CHITRADURGA,2006,Kharif,2.356945,-0.7911240578947669,-0.6853982879596192,-0.018470836404734677,0.4675331753528813,-0.29709968680657955,-0.26564792362763434,-0.48616614480166237,0.1060643228865233,2.315778146759384,-0.403332700787678,-0.22041285201895716,0.4620779532836531,0.3896248075169496,-0.7258097753333784,0.05593017624637522,-0.6429601302715366,-0.04188365612299758,-0.41568714377944976,-0.40693935286625615,0.2315061414461218,-0.5776189897018671,0.0,1.0,0.0,0.0,1.0,0.0,0.0
IND_KARNATAKA_CHITRADURGA,Karnataka,CHITRADURGA,2006,Rabi,1.561656,-0.842046550614257,-0.6853982879596192,-0.018470836404734677,0.3788234372325174,0.07172943866843942,-1.817827557039959,-1.0830333262093197,-1.6395956817958757,-0.4493333365279734,-0.8851584147955275,-0.6495957927641867,1.9025805802788742,-0.9589677324051429,-0.6297265087623338,-0.4990073547581169,-0.32172636452520137,1.3721004643045736,-0.847089602797745,-0.8469340263730848,2.31480003184941,-1.1851749291740408,0.0,1.0,0.0,0.0,0.0,1.0,0.0
IND_KARNATAKA_CHITRADURGA,Karnataka,CHITRADURGA,2006,Summer,2.574361,-0.8218861098106364,-0.6853982879596192,-0.018470836404734677,-2.2381138373182194,1.5227366792050778,0.39468118853898626,1.4070511978289837,-0.6055842516784846,0.7472856031428797,-0.6585098167364393,-1.2017308090121273,-1.1337164312976968,-1.2945032767472904,-0.7573572790999096,-1.190481217257817,-0.5772866245617844,0.9143864273327071,-0.3478614919544535,-0.5663498876101393,0.3903973971066457,-0.8438801010114149,0.0,1.0,0.0,0.0,0.0,0.0,1.0
IND_KARNATAKA_DAKSHINAKANNADA,Karnataka,DAKSHINA KANNADA,2006,Kharif,2.573587,-0.33678735276238814,-1.3294282739422296,-0.5491692637226949,0.4675331753528813,-1.579440406803299,1.2117884454409666,-0.15526091028945485,1.4534570248995609,-0.5740100238790561,4.112280382559523,1.9801585699406397,-1.111467754169216,1.5325704171143024,0.9312938318907628,0.325206761858899,-0.23365971115152137,-2.1216846053117195,4.343208686828893,3.6545642993194485,-1.3878140657462172,0.330007504205743,0.0,1.0,0.0,0.0,1.0,0.0,0.0
IND_KARNATAKA_DAKSHINAKANNADA,Karnataka,DAKSHINA KANNADA,2006,Rabi,2.140284,-0.5131596103570726,-1.3294282739422296,-0.5491692637226949,0.3788234372325174,-0.02536653864748532,0.5808826940483712,0.40540846305496064,0.005554322148035769,-1.3468173724694315,-0.8518106726973728,-0.125810756534529,1.4890217689376741,-0.3063167219566483,0.9736283335543101,0.6989856840615848,6.852805786767188,-0.4403788728816431,-1.0113846487248224,-0.8439554245101627,0.33084797077861217,0.14625436119984722,0.0,1.0,0.0,0.0,0.0,1.0,0.0
IND_KARNATAKA_DAKSHINAKANNADA,Karnataka,DAKSHINA KANNADA,2006,Summer,2.280299,-0.8320927279604318,-1.3294282739422296,-0.5491692637226949,-2.2381138373182194,0.06301413064006992,1.649806391628303,1.0642731015600766,1.0751952550527364,-0.42230374162971446,1.271130121268972,-1.0594190174248608,-2.236801834556952,0.31044895283092716,0.9047643404470521,-1.3764400271310269,-0.611754910718482,-1.1443154746442123,1.9993396315009877,1.7453788657802403,-0.5243678487076763,-0.9847312968246804,0.0,1.0,0.0,0.0,0.0,0.0,1.0
IND_KARNATAKA_DHARWAD,Karnataka,DHARWAD,2006,Kharif,1.32531,-0.473628714674738,-1.3656452247564865,0.3684610951399253,0.4675331753528813,-1.607989487706305,-0.5473863987750406,-1.449417889758201,0.30066915028052305,1.140035467554044,0.5945207130821935,1.6599314983467466,-0.18053299348055699,1.316144997455835,-0.9798491481858878,-0.727923066056011,-0.3569366847238518,-0.8710577267746685,0.0881175425643146,0.7309572876541736,0.6756735593467528,0.1945027648625786,0.0,1.0,0.0,0.0,1.0,0.0,0.0
IND_KARNATAKA_DHARWAD,Karnataka,DHARWAD,2006,Summer,2.856115,-0.8574038769944445,-1.3656452247564865,0.3684610951399253,-2.2381138373182194,1.3783158591441271,-0.13943482759048093,0.7656909431612191,-0.5197574771916111,0.1795835264031032,-0.2990021379064037,-1.2338607863661797,-1.3238003093879693,-0.8694325449969922,-1.006258687143802,-1.538422322469026,-0.6972318865474668,1.1871160388515125,0.11248579983437856,-0.09589784526633557,0.7358715897685276,-2.1105442566765387,0.0,1.0,0.0,0.0,0.0,0.0,1.0
IND_KARNATAKA_GADAG,Karnataka,GADAG,2006,Kharif,2.757191,-0.8359794587109731,-1.1187200932133095,0.43114451806247717,0.4675331753528813,-0.8523323987346455,-0.42356936903058645,-0.9510285597425641,0.18104120189442835,1.947793554262734,-0.064504167975976,0.628196549861609,-0.18053299348055699,0.7967354071255097,-0.9081175616749588,-0.32235505716619434,-0.6833692448468,-0.3651559164070005,-0.3271866114040702,-0.03444117953971089,0.12863318845285662,-1.052713312930989,0.0,1.0,0.0,0.0,1.0,0.0,0.0
IND_KARNATAKA_GADAG,Karnataka,GADAG,2006,Summer,1.539071,-0.8456488864318319,-1.1187200932133095,0.43114451806247717,-2.2381138373182194,1.6637061432413771,0.18275703075240488,1.3265595152730214,-0.7944916617081057,0.6680899099806658,-0.5460397614629138,-1.2905607464027429,-1.3238003093879693,-1.3922814613870365,-0.9393252000650051,-1.2341483525144918,-0.6575347358667337,1.1788507049625394,-0.1728877698596055,-0.43246134362933664,0.2544826933452162,-1.287639117634469,0.0,1.0,0.0,0.0,0.0,0.0,1.0
IND_KARNATAKA_HASSAN,Karnataka,HASSAN,2006,Kharif,2.419688,-0.09304509549165481,-0.9061681677665311,-0.5042975478074482,0.4675331753528813,-2.2657576310465495,-1.1881212835429966,-2.27176028428399,-0.16703476330946973,0.3220218234574416,1.0135353343126097,1.5490345494824467,0.005729523984002136,1.420875568037881,-1.9185973020901521,-1.3971102807242035,-0.014078534375472898,-0.9257198390755926,0.6535253438683951,1.448225715832396,1.9632504627868386,0.5008895887005411,0.0,1.0,0.0,0.0,1.0,0.0,0.0
IND_KARNATAKA_HASSAN,Karnataka,HASSAN,2006,Rabi,2.530831,-0.8537067428658809,-0.9061681677665311,-0.5042975478074482,0.3788234372325174,-0.8877116212014324,-2.492105891557575,-2.2083106548703366,-1.5581242774579926,-1.373315617433043,-0.8569200174267662,0.18854199487539097,1.4916344852112777,-0.30430150601110567,-1.8597878898142053,-1.404702435479992,-0.5760886784866873,1.1039752680424355,-1.141275087600096,-0.7861222049665,3.608879774989965,-1.6717602475554374,0.0,1.0,0.0,0.0,0.0,1.0,0.0
IND_KARNATAKA_HASSAN,Karnataka,HASSAN,2006,Summer,2.863158,-0.8145708401459998,-0.9061681677665311,-0.5042975478074482,-2.2381138373182194,0.15449181944897722,-0.6033838059404075,-0.2509510597329837,-0.6466691218884194,-0.5165409189608651,-0.04851530371238515,-0.912305607600264,-1.592639493549733,-0.4379897838455949,-1.9411983496237795,-2.089955629244304,-0.5525826316292616,0.5584225269383,0.29807797999830743,0.35519989865609986,1.4297436972228048,-0.7647457210089398,0.0,1.0,0.0,0.0,0.0,0.0,1.0
IND_KARNATAKA_HAVERI,Karnataka,HAVERI,2006,Kharif,1.895781,-0.28472728031103234,-1.2397488314249616,0.15122880816676934,0.4675331753528813,-1.5477862224218042,-0.4836534679438986,-1.3891958457146474,0.358051554897893,1.461756101167445,1.2160716935225746,1.5470934697694791,-0.20140966885277312,1.3400870832906528,-0.8505203764079131,-0.678916931648489,-0.18676015268535742,-0.8697373858978377,0.9065216491664897,1.37190399938937,0.5855114917296022,0.37239506260910615,0.0,1.0,0.0,0.0,1.0,0.0,0.0
IND_KARNATAKA_HAVERI,Karnataka,HAVERI,2006,Summer,3.379256,-0.8094833307896002,-1.2397488314249616,0.15122880816676934,-2.2381138373182194,1.2599309966672583,0.04931924751798415,0.8294793601279007,-0.2701095068587884,0.5961870576276344,-0.06555182541260238,-1.1894202771483324,-1.32392057250758,-0.6722635456563049,-0.8797687908631842,-1.50381679127571,-0.5354019465907751,0.9572182853772053,0.3857555316915845,0.1826733465499083,0.678181504915297,-0.7169616484647229,0.0,1.0,0.0,0.0,0.0,0.0,1.0
IND_KARNATAKA_KODAGU,Karnataka,KODAGU,2006,Kharif,2.465916,-0.3177012928166407,-1.0603223205016303,-0.7035875144423978,0.4675331753528813,-2.3789487053309775,-0.42894531472283165,-1.8088541076553495,0.5081206276423407,-2.5631323545834976,3.381950324583884,2.2718824183810127,-1.111467754169216,1.872887687255996,-0.8159740604962638,-1.0204169507281748,-0.21646566160306938,-1.5643423143825965,3.31903933700149,3.9312418418065014,0.16437431678712125,0.3460184179242082,0.0,1.0,0.0,0.0,1.0,0.0,0.0
IND_KARNATAKA_KODAGU,Karnataka,KODAGU,2006,Rabi,2.266667,-0.8593630420882133,-1.0603223205016303,-0.7035875144423978,0.3788234372325174,-0.44916484484802216,-1.466202325474513,-1.3051615677178015,-0.8095138849102286,-2.8786463508876117,-0.7841481200980233,0.19850279866559917,1.4890217689376741,-0.04768611991492246,-0.7796866662847027,-0.6777903538460183,-0.6994784910465681,0.7071271947643805,-1.0545610254858664,-0.7358191074846563,2.21832248337023,-3.0791307862826027,0.0,1.0,0.0,0.0,0.0,1.0,0.0
IND_KARNATAKA_KODAGU,Karnataka,KODAGU,2006,Summer,2.302932,-0.8547495242867579,-1.0603223205016303,-0.7035875144423978,-2.2381138373182194,0.0242785232176878,-0.010229689380732003,-0.14766167684567844,0.1645577891227336,-2.646050435242065,1.057037294642683,-0.9163410101614248,-2.236801834556952,0.29618502587369827,-0.841533936013065,-2.033920628982233,-0.6882679452269129,0.02653640811454247,1.6764903317219875,1.8376870717701528,0.5165308331283288,-1.7584602219255856,0.0,1.0,0.0,0.0,0.0,0.0,1.0
IND_KARNATAKA_KOLAR,Karnataka,KOLAR,2006,Kharif,1.863879,-0.7058055780048363,0.07396201585600445,-0.4458303378409435,0.4675331753528813,-0.9782789700422504,-0.8700890935864184,-1.321148848422052,-0.25824338279815123,1.3792558395135708,-0.2047774398368947,0.12050204283151525,0.6431240579349748,0.590309245250629,-1.629051993439617,-0.6235431835748316,-0.5660988591568433,-0.14126131278602952,-0.3023767547436092,-0.1332235606234635,1.31730069873587,-0.216358988840439,0.0,1.0,0.0,0.0,1.0,0.0,0.0
IND_KARNATAKA_KOLAR,Karnataka,KOLAR,2006,Summer,2.704415,-0.8513683845281569,0.07396201585600445,-0.4458303378409435,-2.2381138373182194,0.5980748393948889,-0.4480165428799295,0.0858680336770461,-0.6277278359989307,0.2959271274370856,-0.5637854666586938,-0.9506674724538308,-1.3825458367411199,-0.635379984654859,-1.6428465293070988,-1.9072296078477495,-0.6768497938944968,0.7955557484176661,-0.32855155497438676,-0.3762914776688828,1.3290374020761835,-1.5228758889043668,0.0,1.0,0.0,0.0,0.0,0.0,1.0
IND_KARNATAKA_KOPPAL,Karnataka,KOPPAL,2006,Kharif,3.553483,-0.22947566472305317,-0.8810958694992852,0.4841698717717585,0.4675331753528813,-0.4278267771386201,-0.23674917483855726,-0.5529491111847927,0.20934788148881658,1.92431972290818,-0.22105642462139813,0.23701790665439998,0.16076371805562323,0.5411168928528831,-0.6714513071830751,0.001585042688002728,-0.13698540214341545,-0.16581965309513005,-0.36843600900702034,-0.2293696233934921,0.03565564786368329,0.41337302066085224,0.0,1.0,0.0,0.0,1.0,0.0,0.0
IND_KARNATAKA_KOPPAL,Karnataka,KOPPAL,2006,Summer,2.71036,-0.28584906032439994,-0.8810958694992852,0.4841698717717585,-2.2381138373182194,1.8314152393910423,0.47455411921990553,1.6926318954448338,-0.8203152167842837,0.3980268987656377,-0.602838912334783,-1.2610359023476676,-1.3262186002848633,-1.581158973421927,-0.705717733961177,-1.0355522785961648,1.2329364021462634,1.0998415068928002,-0.2552259834689971,-0.5159497856239785,-0.03461931147979771,0.3715228623355474,0.0,1.0,0.0,0.0,0.0,0.0,1.0
IND_KARNATAKA_MANDYA,Karnataka,MANDYA,2006,Kharif,3.016231,0.03597540576411808,-0.5729209373097439,-0.6394047821920191,0.4675331753528813,-1.1126696357014336,-0.7910797197927083,-1.349348776092618,-0.019937359538747965,0.8482458680949909,-0.10612034492012154,0.5457006620606621,0.005729523984002136,0.8726289174391829,-1.3056001154683745,-0.6464910835947375,0.1021527606646595,-0.30434981789254173,-0.34659691188195496,-0.026540565499005988,0.7391844121781164,0.5703533054428481,0.0,1.0,0.0,0.0,1.0,0.0,0.0
IND_KARNATAKA_MANDYA,Karnataka,MANDYA,2006,Rabi,2.846154,-0.8593946415252096,-0.5729209373097439,-0.6394047821920191,0.3788234372325174,-0.46978560020727633,-2.0002683465589173,-1.5925589979983108,-1.2953030561022598,-0.9673164206862289,-0.7563932569307817,0.0677353232659568,1.4916344852112777,-0.3152962163965599,-1.2393704380024124,-0.9091061656796141,-0.7001678263958158,1.0773834568889775,-0.9686097259550482,-0.6947154409330107,2.6251592934652774,-3.1387589587679665,0.0,1.0,0.0,0.0,0.0,1.0,0.0
IND_KARNATAKA_MANDYA,Karnataka,MANDYA,2006,Summer,3.009573,-0.656605254601643,-0.5729209373097439,-0.6394047821920191,-2.2381138373182194,0.6963547153203516,-0.11214156484524222,0.45225642157621265,-0.46733030919436364,-0.20477197436832847,-0.40621778819008003,-0.8792050903897294,-1.592639493549733,-0.6509711204235065,-1.3318397217380413,-1.7084620981768737,-0.019125155581795873,0.6299321888276181,-0.1604025507311216,-0.2012408281641848,0.7172121235055433,-0.09242480236164728,0.0,1.0,0.0,0.0,0.0,0.0,1.0
IND_KARNATAKA_RAICHUR,Karnataka,RAICHUR,2006,Kharif,3.49648,0.428551011287286,-0.5535249870824451,0.6262314428335712,0.4675331753528813,-0.07308545887598995,0.0005951786421224976,-0.08829736806211991,0.40255770929472484,1.2754088250744855,-0.17378289751947013,0.4968161019210296,0.13456640183316457,0.4167017700784082,-0.2016973806925503,0.37969884034801743,0.45581414301760614,-0.05802702391041468,-0.41165253116718964,-0.22808792403137368,-0.411942373763976,0.7326696223706523,0.0,1.0,0.0,0.0,1.0,0.0,0.0
IND_KARNATAKA_RAICHUR,Karnataka,RAICHUR,2006,Summer,2.317045,0.02894453103244787,-0.5535249870824451,0.6262314428335712,-2.2381138373182194,2.241456440107014,1.0020657495781309,2.3354819008273116,-0.8229165318850554,0.19462501057204115,-0.5991801702099493,-1.210005938314761,-1.3464218021872518,-1.8301890138457138,-0.2404220415263931,-0.6868029762657916,2.296009665103815,1.0412183719613741,-0.27072210753200293,-0.5402597118758392,-0.5120334649285235,0.5668338297667096,0.0,1.0,0.0,0.0,0.0,0.0,1.0
IND_KARNATAKA_UDUPI,Karnataka,UDUPI,2006,Kharif,2.565729,-0.04820549439394682,-1.4848945567694636,-0.3353775587209606,0.4675331753528813,-1.8946642570554424,0.5883003728711951,-0.7945595907358509,1.011898411312862,-0.9084171618167646,3.8066706493922347,2.0110626022128173,-0.4540464042246258,1.5924280102117634,0.11425746691587307,-0.19502727466509912,0.026316304473236386,-1.9188802466300345,3.9504662471698566,3.7253920156430094,-0.2741934127270575,0.5262744617599323,0.0,1.0,0.0,0.0,1.0,0.0,0.0
IND_KARNATAKA_UDUPI,Karnataka,UDUPI,2006,Rabi,2.216276,-0.6871935096140329,-1.4848945567694636,-0.3353775587209606,0.3788234372325174,-0.44598025940918085,-0.42800159104964797,-0.5555243954160073,-0.4244135754428194,-1.6875310381464796,-0.9117689136858388,0.43597857723314987,1.906119322573501,-0.15387212861573565,0.15971194819866652,-0.07443446815704569,3.056328482861651,-0.04171529442444183,-1.306814640900109,-0.882591075311388,1.6624368184284442,-0.1653511089275217,0.0,1.0,0.0,0.0,0.0,1.0,0.0
IND_KARNATAKA_UDUPI,Karnataka,UDUPI,2006,Summer,2.525,-0.8570720829059837,-1.4848945567694636,-0.3353775587209606,-2.2381138373182194,-0.06592584977630492,0.9293080411369422,0.4434082052100019,0.6679922238902073,-0.9889802626306994,1.0603253272130184,-0.8354797158029744,-1.8411391776068844,0.35002260911145333,0.09022698559310728,-1.7132622992482738,-0.6961113938823976,-0.7244998894461148,1.6488100790239506,1.6612864329242358,0.4359938009328899,-2.0481338448397564,0.0,1.0,0.0,0.0,0.0,0.0,1.0
IND_KARNATAKA_UTTARAKANNADA,Karnataka,UTTARA KANNADA,2006,Kharif,1.985314,0.3700762531256872,-1.6482627368515945,0.13753599437876132,0.4675331753528813,-1.5128705624441847,1.358763395090462,-0.010860426870674572,1.4500277444358578,0.08887881883889942,2.369042879240027,2.3845672038230457,-0.6407278382225033,1.41075738473355,0.9024652511358285,0.4427137248210589,0.40313564894677784,-2.175589722176577,2.01331023039717,2.027544476824205,-1.111464882866226,0.7119246312667576,0.0,1.0,0.0,0.0,1.0,0.0,0.0
IND_KARNATAKA_UTTARAKANNADA,Karnataka,UTTARA KANNADA,2006,Rabi,2.504443,-0.8293751763787526,-1.6482627368515945,0.13753599437876132,0.3788234372325174,-0.7317346918355827,0.2498183279504152,-0.2352337282764973,-0.012509727532885331,-0.6742995959436824,-0.9788351074366469,1.2481161129280365,2.0599899709628535,0.06439162991543872,0.9728804530005394,0.18335592203463516,-0.04530562312665299,-0.7574515126993401,-1.709472994143503,-0.9491011957328623,1.4337506959033477,-0.942683708157276,0.0,1.0,0.0,0.0,0.0,1.0,0.0
IND_KARNATAKA_UTTARAKANNADA,Karnataka,UTTARA KANNADA,2006,Summer,2.57767,-0.8368168437913742,-1.6482627368515945,0.13753599437876132,-2.2381138373182194,-0.39712199489982564,1.5097642226226262,0.6780213707979713,1.1492033219975526,-0.24465469754354308,0.3897278609318057,-0.5910058340597377,-1.6358780938214008,0.6061810452482292,0.8837726554312917,-1.5859834983907688,-0.6277084907510373,-1.4055845273520862,0.717597400875023,0.7653151566008808,0.46157907989265073,-1.0688205660787231,0.0,1.0,0.0,0.0,0.0,0.0,1.0
IND_TAMILNADU_COIMBATORE,Tamil Nadu,COIMBATORE,2006,Kharif,3.859347,-0.7613099890887857,-0.5132307587234963,-1.2547600387087559,0.4675331753528813,-1.7670646090758317,-0.39783294123694657,-1.4580253383321313,0.4647750556662988,-0.03327626471490425,0.5989047565093085,1.2045950625215915,-0.8001215703801026,1.524440668516701,-0.6004794197488741,-0.7349274410887635,-0.6557315901073997,-1.1046524347041138,0.2725053607544351,0.7376385353342632,0.0810385229262071,-0.41625004386199355,0.0,0.0,1.0,0.0,1.0,0.0,0.0
IND_TAMILNADU_CUDDALORE,Tamil Nadu,CUDDALORE,2006,Kharif,3.721396,0.8063222805777011,0.6401433328649972,-1.0173719561818362,0.4675331753528813,0.8407978742552508,1.5352938832742595,1.542392793063297,0.9813940181678736,0.6146470609258751,0.12929633999319476,-0.04382567918436296,0.3945973146759138,-0.01687213640460627,1.311263322756769,1.7066850375507285,0.1244464338510026,-0.44849583255275227,0.1782439636043369,-0.1206577467781408,-1.4220862947037065,0.8475075776761709,0.0,0.0,1.0,0.0,1.0,0.0,0.0
IND_TAMILNADU_DHARMAPURI,Tamil Nadu,DHARMAPURI,2006,Kharif,3.611813,-0.5268263668579596,0.08151263418860487,-0.8134084470008486,0.4675331753528813,-0.01929345041399808,-0.028936034346050292,-0.10214151611811705,0.23053226330689244,0.0005290911193268995,-0.11603279605127845,0.0479158777756995,0.42578555036231613,0.2963776852172914,-0.40141826955669524,0.3684330623233039,-0.5390339040433546,0.005736638168155514,-0.1633331648673894,-0.17494052886420933,-0.15966798308142013,0.1282824074351904,0.0,0.0,1.0,0.0,1.0,0.0,0.0
IND_TAMILNADU_DINDIGUL,Tamil Nadu,DINDIGUL,2006,Kharif,4.366529,-0.5656146757708818,-0.12437908046125698,-1.4464023570080367,0.4675331753528813,-0.9216052468412235,-0.26131797641849763,-0.8789487019293142,0.22187215524450138,0.9830114888813382,0.15224809675867243,0.3476594502933148,0.21715409264967114,0.8068060202215407,-0.51231434268275,-0.263699538972283,-0.558338027472055,-0.5371699258409248,0.052990318328226954,0.170593115958183,0.41518040823847574,0.07294334683443401,0.0,0.0,1.0,0.0,1.0,0.0,0.0
IND_TAMILNADU_ERODE,Tamil Nadu,ERODE,2006,Kharif,4.19215,-0.25055248919956563,-0.3222312979575126,-1.042661916644677,0.4675331753528813,0.07607120246151125,0.16055996991903768,0.0273012682053949,0.2572983269040503,-0.7461514538124598,-0.2890413333550942,-0.2773171362358318,0.3624559937665776,0.22890885879263903,-0.1320249785212417,0.4737680868544091,-0.40153815495366063,-0.05624896486294337,-0.25099064386110326,-0.3403186320221118,-0.3254526461632436,0.3981814548333438,0.0,0.0,1.0,0.0,1.0,0.0,0.0
IND_TAMILNADU_KANNIYAKUMARI,Tamil Nadu,KANNIYAKUMARI,2006,Kharif,4.397365,-0.5213912636946011,-0.31241896934442215,-2.2087839546155306,0.4675331753528813,-1.5520976250933782,0.40525063832757735,-0.7539902177369876,1.133608758520923,0.5361730551354056,1.7157237017597897,1.4250608530781737,0.17611931404491601,1.6926822241932602,0.5464862574306492,-0.16201364688831724,-0.5363289576002062,-1.5164403473710613,1.5767290148914965,1.6709473716057663,0.24879121825984515,0.13551649557451212,0.0,0.0,1.0,0.0,1.0,0.0,0.0
IND_TAMILNADU_KARUR,Tamil Nadu,KARUR,2006,Kharif,3.511968,-0.6424329071088156,0.026074902983970957,-1.2962782482065152,0.4675331753528813,0.49501444444497905,0.6473384733014146,0.657541060467322,0.6408128088965981,0.6912218894222901,-0.1491871244688258,-0.13153183358326245,0.7949101455843626,0.19806433573423163,0.6748554093221694,0.9866303860187648,-0.5965688787923592,-0.07837787795867722,-0.13410731430296402,-0.2687206552279761,-0.5058152608231433,-0.06229090333560845,0.0,0.0,1.0,0.0,1.0,0.0,0.0
IND_TAMILNADU_KRISHNAGIRI,Tamil Nadu,KRISHNAGIRI,2006,Kharif,2.852823,-0.5769430739340448,0.0038104879740130993,-0.6794255116803115,0.4675331753528813,-0.5291335704837782,-0.4676472585977699,-0.753809641892783,0.022262500285651868,0.8929145180512336,-0.14472249200812606,0.14762607776792588,0.42578555036231613,0.5077035785465428,-0.9966424961984826,-0.16186670195756242,-0.5639758763749236,-0.07855392340892241,-0.23824447963829493,-0.13598621141866973,0.4711365018136512,0.05539677896691624,0.0,0.0,1.0,0.0,1.0,0.0,0.0
IND_TAMILNADU_MADURAI,Tamil Nadu,MADURAI,2006,Kharif,3.979146,0.20261503676395112,-0.013487650828255086,-1.6214322694168066,0.4675331753528813,0.03146047119132997,0.4779840212226479,0.2865479885408201,0.7627908209492009,-0.5827462394317225,0.495428437384053,0.7862923843779734,1.0854387833683985,0.5594076379422702,0.6746155043505973,0.6847320257781313,-0.17600612637657215,-0.32112694930084273,0.3080139662822296,0.31609844474182586,0.027979701539845688,0.6465533527793235,0.0,0.0,1.0,0.0,1.0,0.0,0.0
IND_TAMILNADU_NAMAKKAL,Tamil Nadu,NAMAKKAL,2006,Kharif,3.789121,-0.6190967228870697,0.05618673883841943,-1.0910418993106639,0.4675331753528813,0.4409320306216868,0.4148105779522437,0.4906287884705462,0.4564426546672386,0.038968439551058096,-0.13970985411903583,-0.07105187621092948,0.44597071279675793,0.14206944355030454,0.26231881856033407,0.8508042883555399,-0.5849549677628336,0.04728336442586297,-0.14607064324279692,-0.2475745863353084,-0.6415600068538735,-0.016716409675170497,0.0,0.0,1.0,0.0,1.0,0.0,0.0
IND_TAMILNADU_PERAMBALUR,Tamil Nadu,PERAMBALUR,2006,Kharif,3.147699,-0.19711784123887205,0.3868219193408594,-1.1258900482043204,0.4675331753528813,0.45295034480463126,0.6087581571570689,0.6309061234465365,0.4971588544309234,0.411283156278162,-0.10555622168501405,-0.06865106709226289,0.44597071279675793,0.10910328920193993,0.3637186532268553,0.9649560087320667,-0.3749449062941846,-0.08360642783094793,-0.10448000974726805,-0.2304536901332616,-0.750434316483709,0.43573401849230775,0.0,0.0,1.0,0.0,1.0,0.0,0.0
IND_TAMILNADU_PUDUKKOTTAI,Tamil Nadu,PUDUKKOTTAI,2006,Kharif,3.041664,0.6155406797127173,0.3933337288818307,-1.4549727135244714,0.4675331753528813,0.6808515368018171,1.0990152136344198,1.11298343553533,0.8818341994153776,0.5051784816963806,-0.02562801817377729,-0.04811648697091328,0.7949101455843626,0.15377647181168203,1.1677401734919841,1.3572499922101602,0.029498424669928677,-0.25880685991429014,-0.01300871783649365,-0.20484893055982686,-0.8484211181275184,0.7931964925721875,0.0,0.0,1.0,0.0,1.0,0.0,0.0
IND_TAMILNADU_RAMANATHAPURAM,Tamil Nadu,RAMANATHAPURAM,2006,Kharif,1.711291,1.201030848098117,0.36740765376867396,-1.7949314082219572,0.4675331753528813,-0.2269556226161033,1.490121344131736,0.8434739880540604,1.5091414131236989,1.775348255962276,0.5512444020461649,0.48394367856137976,1.0854387833683985,0.838383124487693,1.4722195666251736,1.1379346830550676,0.3208846835801677,-1.257266235521085,0.4963360335867913,0.28551888404543985,-0.43320681832612157,0.9424577245709082,0.0,0.0,1.0,0.0,1.0,0.0,0.0
IND_TAMILNADU_SALEM,Tamil Nadu,SALEM,2006,Kharif,3.631736,-0.4253763743814328,0.1037089536855479,-0.9883955533599948,0.4675331753528813,0.4409320306216868,0.4148105779522437,0.4906287884705462,0.4564426546672386,0.038968439551058096,-0.13970985411903583,-0.07105187621092948,0.44597071279675793,0.14206944355030454,0.26231881856033407,0.8508042883555399,-0.4885443040876851,0.04728336442586297,-0.14607064324279692,-0.2475745863353084,-0.6415600068538735,0.24710260240080742,0.0,0.0,1.0,0.0,1.0,0.0,0.0
IND_TAMILNADU_SIVAGANGA,Tamil Nadu,SIVAGANGA,2006,Kharif,1.344842,0.42626005210505635,0.25050409477294255,-1.6045227822246366,0.4675331753528813,0.395182016780248,1.1721134797212793,1.0081892539462987,1.0911277664384336,0.47722259192784977,0.22598706249045458,0.20539873975112552,1.0854387833683985,0.3938728271176848,1.2567649100397125,1.2719729507274067,-0.06470269064738676,-0.5368354394854608,0.20072538711543358,0.004431937776771537,-0.5596394454613876,0.7318747455568164,0.0,0.0,1.0,0.0,1.0,0.0,0.0
IND_TAMILNADU_THANJAVUR,Tamil Nadu,THANJAVUR,2006,Kharif,3.641921,1.7353931274235512,0.5755751674258607,-1.3722110581466194,0.4675331753528813,0.4169624188776198,1.77521674464353,1.4520145830369104,1.2254067176384846,1.4225570818180902,0.07365767120497298,-0.11932346380962411,0.6429406566775604,0.2197325656125569,1.4602243180447263,1.633139099706762,0.5868256748630881,-0.9561404928778435,0.13862045466602846,-0.1553825380681939,-1.190321132333447,1.0454183406507636,0.0,0.0,1.0,0.0,1.0,0.0,0.0
IND_TAMILNADU_THENILGIRIS,Tamil Nadu,THE NILGIRIS,2006,Kharif,3.198559,-0.8398661894615144,-0.6512157492996632,-1.0589889488710345,0.4675331753528813,-1.924307942781796,-0.9806243751500343,-1.9863902584863926,-0.07558443180447459,-0.12610805084845061,0.27577496744028573,0.8054988573272929,-0.7251455328424568,1.3087097738993423,-1.5680761464891124,-1.1648883084842776,-0.6948273378396814,-0.8068011374354195,0.026915881595267612,0.5015504839913302,0.7813782591444236,-1.13293624910246,0.0,0.0,1.0,0.0,1.0,0.0,0.0
IND_TAMILNADU_THENI,Tamil Nadu,THENI,2006,Kharif,4.304995,-0.6239472364659973,-0.28464257477421645,-1.6145979360239784,0.4675331753528813,-1.8087042701112002,-0.9245783168924309,-1.8321784875322753,-0.04062036077276323,-0.8322221687791636,0.9521264907195861,1.3750014289017491,-0.03359751832223629,1.232973245273031,-1.266295684286501,-1.0393973376176437,-0.5873689323753675,-0.756258488670218,0.645436045944316,1.226046210905809,1.2994544892512434,-0.02581392245719022,0.0,0.0,1.0,0.0,1.0,0.0,0.0
IND_TAMILNADU_THIRUVALLUR,Tamil Nadu,THIRUVALLUR,2006,Kharif,3.551675,0.5571133207066129,0.8951906154258501,-0.3953407852422446,0.4675331753528813,0.32374229790092335,1.6882042661767398,1.331901550664188,1.3083130975230628,0.7330797569833254,0.7616623687409023,0.38893293471632545,0.33938451646140405,0.3429298910546785,1.3308955462667622,1.535396229931441,0.00042028837344217144,-0.9666328017124075,0.7957203475760847,0.38619880228794873,-1.3252007724811214,0.7751500187675289,0.0,0.0,1.0,0.0,1.0,0.0,0.0
IND_TAMILNADU_THIRUVARUR,Tamil Nadu,THIRUVARUR,2006,Kharif,3.314726,1.9353701644544499,0.7291211567861182,-1.378547085218193,0.4675331753528813,0.4169624188776198,1.77521674464353,1.4520145830369104,1.2254067176384846,1.4225570818180902,0.07365767120497298,-0.11932346380962411,0.6429406566775604,0.2197325656125569,1.4602243180447263,1.633139099706762,0.6863499656213552,-0.9561404928778435,0.13862045466602846,-0.1553825380681939,-1.190321132333447,1.0785687791295837,0.0,0.0,1.0,0.0,1.0,0.0,0.0
IND_TAMILNADU_TIRUCHIRAPPALLI,Tamil Nadu,TIRUCHIRAPPALLI,2006,Kharif,3.938039,0.2735873722575749,0.24439146582549692,-1.274815953480065,0.4675331753528813,0.653196010856665,0.9192494278168304,0.9599153115945493,0.7269537528904636,0.7404485648842704,-0.11295429496826837,-0.11988535530548172,0.7949101455843626,0.11026400228433932,0.889810263883457,1.232689672571651,-0.14068463775411708,-0.15050369892385526,-0.09356046118473536,-0.26237920242054563,-0.7368186426494993,0.6754347477617206,0.0,0.0,1.0,0.0,1.0,0.0,0.0
IND_TAMILNADU_TIRUNELVELI,Tamil Nadu,TIRUNELVELI,2006,Kharif,4.193091,0.5921412966169789,-0.21908538071159234,-2.009170930358211,0.4675331753528813,-1.4053312232681006,0.16085187647246257,-0.8090658502206,1.0830094412007765,-0.09898779908930212,1.8017283184034627,1.673059326931792,0.17611931404491601,1.6833822484716041,0.5787134919500976,-0.20683185076925956,0.01785292479866623,-1.22390562269975,1.5863839833815325,1.7733496049017579,0.3052607021265809,0.7860564324869088,0.0,0.0,1.0,0.0,1.0,0.0,0.0
IND_TAMILNADU_TIRUVANNAMALAI,Tamil Nadu,TIRUVANNAMALAI,2006,Kharif,3.284176,0.9014207862179775,0.5691892171779028,-0.6941694517979556,0.4675331753528813,0.7213965930138293,0.9837851016698861,1.0456286456455637,0.8226405679595162,-0.021121530032931827,0.28752484853721894,0.23088818124504154,0.41409998390654434,0.13331176820321317,0.8715574939602446,1.302439533037731,0.17177502346094808,-0.1434618809140777,0.26734667696662073,0.04952970915786534,-1.0775450025246245,0.8722973432861476,0.0,0.0,1.0,0.0,1.0,0.0,0.0
IND_TAMILNADU_VELLORE,Tamil Nadu,VELLORE,2006,Kharif,3.09912,-0.20095717283391895,0.4730824974806388,-0.5657191069252958,0.4675331753528813,-0.11461342554161638,-0.11950004254616761,-0.24949140499231068,0.12125149710291569,0.6972232896715116,-0.22241032038565378,0.1099282665003718,0.41409998390654434,0.2692912086141815,-0.6207913740117431,0.24852599882544557,-0.3768555756109691,-0.0038402343251445394,-0.32018123925641573,-0.257984894602775,-0.03518814098363425,0.43313864034868754,0.0,0.0,1.0,0.0,1.0,0.0,0.0
IND_ANDHRAPRADESH_ADILABAD,Andhra Pradesh,ADILABAD,2007,Kharif,2.4,-0.2276112979402732,0.35229514612201734,1.8139650479090488,0.4675331753528813,-0.5134070032257856,-0.09631779709499223,-0.3322252376138501,0.4886551647656371,-0.40338793578089877,0.3177940895523632,1.2937314861826745,-0.08977943684230809,0.600765177033855,0.08856764287281525,0.18120072971686405,-0.4690093391232156,-0.3348937035099687,-0.1126094530704775,0.2480094790419077,-0.3847804642429828,0.4146922510184023,1.0,0.0,0.0,0.0,1.0,0.0,0.0
IND_ANDHRAPRADESH_ADILABAD,Andhra Pradesh,ADILABAD,2007,Rabi,2.333333,-0.6700034158880617,0.35229514612201734,1.8139650479090488,0.3788234372325174,0.8297059445354885,-1.4759908714745873,-0.2296653079756679,-2.4623130867851244,-1.2998117900991988,-0.9821553756204169,-1.148964089446569,0.8418428280134849,-2.150797223939049,0.3208498880515463,0.1878377424227323,-0.5750301485496404,1.7220479871212042,-0.77165639783819,-0.9522009016906602,0.3965306260883866,-0.1229133150691843,1.0,0.0,0.0,0.0,0.0,1.0,0.0
IND_ANDHRAPRADESH_ANANTAPUR,Andhra Pradesh,ANANTAPUR,2007,Kharif,3.166667,-0.38560848292162625,-0.2678187564418995,-0.006791370403704205,0.4675331753528813,-0.7509809276415993,-0.2691021511765028,-0.6756804932985419,0.3247915325384124,0.965387123592484,0.14146528406477793,0.855966929864345,0.3073283819284587,0.7258843388910898,-0.313233200409573,-0.09828852858328833,-0.5279190359654984,-0.39707295653633057,-0.160181751035924,0.13100383824579032,0.28563912840937755,0.28623212630158046,1.0,0.0,0.0,0.0,1.0,0.0,0.0
IND_ANDHRAPRADESH_ANANTAPUR,Andhra Pradesh,ANANTAPUR,2007,Rabi,2.642857,-0.6384039788917911,-0.2678187564418995,-0.006791370403704205,0.3788234372325174,0.8627714273897678,-1.0697416181348605,-0.04581615246960424,-1.527625210513861,0.0396168879310183,-0.8477489854046055,-1.4586173847093145,1.5421900941187476,-1.3951778168841804,-0.15272020638053754,0.33581128769521085,-0.5534270256679964,1.4541007815629141,-0.48258945142452586,-0.8319538390279542,0.8017296426900926,-0.054082957349114794,1.0,0.0,0.0,0.0,0.0,1.0,0.0
IND_ANDHRAPRADESH_CHITTOOR,Andhra Pradesh,CHITTOOR,2007,Kharif,2.8,-0.6226042603936558,0.42459567446986046,-0.36461738338663735,0.4675331753528813,-1.3237273167433352,-0.6151573702618834,-1.2570444237280065,0.07331002996338726,0.2681611553979613,0.2857680076050294,0.8285364086574676,0.33844345755042965,0.9051621828920712,-1.0005409519871182,-0.5713777331560304,-0.6162838090330699,-0.5979936289004008,0.030308167821493426,0.3673399442900248,0.9491844796597906,-0.02327645682247446,1.0,0.0,0.0,0.0,1.0,0.0,0.0
IND_ANDHRAPRADESH_CHITTOOR,Andhra Pradesh,CHITTOOR,2007,Rabi,3.135135,-0.2750104534346791,0.42459567446986046,-0.36461738338663735,0.3788234372325174,0.01709460053695015,-1.7175072577075479,-1.2311593919166217,-1.1236644440526695,-0.2178385240052924,-0.7631627357520602,-1.0789830576897286,1.1291864975131027,-0.39367320696582997,-0.8310074426628262,-0.6182286752457791,-0.30499202374567924,1.2564421049503849,-0.5264282272711649,-0.7165514578017148,1.7746304032552453,0.37987958797459415,1.0,0.0,0.0,0.0,0.0,1.0,0.0
IND_ANDHRAPRADESH_EASTGODAVARI,Andhra Pradesh,EAST GODAVARI,2007,Kharif,2.954545,2.963931838683058,1.9295220096615435,0.9989009108529308,0.4675331753528813,-0.6693770211168193,0.9847581235146383,0.2838694468517331,1.5830674130171218,-0.42048053142742053,0.8360621645480953,1.1488145612964316,-0.8425323595117616,1.2827126550661785,1.1939297995592466,0.6825523426385646,0.7209684506457342,-1.2401898268473688,0.5897744500547872,0.6097987874380474,-1.493230765923095,1.2184953023510623,1.0,0.0,0.0,0.0,1.0,0.0,0.0
IND_ANDHRAPRADESH_EASTGODAVARI,Andhra Pradesh,EAST GODAVARI,2007,Rabi,4.751479,1.810552388319181,1.9295220096615435,0.9989009108529308,0.3788234372325174,0.3161068461023343,-0.41073636669775576,-0.17790638485157906,0.06296046757715003,-0.9883614036428339,-0.8739726569337009,-0.28293605119440945,0.5287818925772124,0.1721022769330406,1.4610847507007214,0.2294966302923909,1.1208092266210175,0.5463659910575613,-0.9772409867673446,-0.8533382581697992,0.08301684418263895,1.0581679573084588,1.0,0.0,0.0,0.0,0.0,1.0,0.0
IND_ANDHRAPRADESH_GUNTUR,Andhra Pradesh,GUNTUR,2007,Kharif,3.448763,3.6117202971066056,0.9900908704822137,0.6550402800936405,0.4675331753528813,-0.31818758381160267,0.8152090670669307,0.4123190640320848,1.2158336311650626,0.15618566214030932,0.4897066159994013,1.0499216580254525,-0.41434754844024235,0.8446433638993034,1.1617025650398398,0.7870791700505076,0.9624985569987862,-0.840725095697536,0.19729295549007914,0.29330937519553746,-1.2497987960082644,1.2883838880424365,1.0,0.0,0.0,0.0,1.0,0.0,0.0
IND_ANDHRAPRADESH_GUNTUR,Andhra Pradesh,GUNTUR,2007,Rabi,3.541667,-0.48040679391043806,0.9900908704822137,0.6550402800936405,0.3788234372325174,0.43633059284638287,-0.3197619153051178,-0.015265912130627102,0.05281439443057323,-0.4411150402638973,-0.7615509550803273,-0.4585526841725234,0.466820328967077,0.06653670464505865,1.4015979271951022,0.3604000727752476,-0.44541186686807077,0.5752716813609157,-0.7682239662128352,-0.7549780702463046,-0.11691936069758098,0.18659154724037783,1.0,0.0,0.0,0.0,0.0,1.0,0.0
IND_ANDHRAPRADESH_KARIMNAGAR,Andhra Pradesh,KARIMNAGAR,2007,Kharif,3.392308,1.194363366891904,0.6485176720929396,1.5303178944226856,0.4675331753528813,-0.27697236138123815,0.1909912281136033,-0.0036975850504140295,0.6343488712436758,-0.4074901587360633,0.1668830652580068,0.9970016953246605,-0.03056688770798191,0.5423727463518652,0.4249743893109074,0.4485425404077528,0.06117884367391878,-0.3564944802549842,-0.18394782731908277,0.06733663598760238,-0.619224662365436,0.9410105199442992,1.0,0.0,0.0,0.0,1.0,0.0,0.0
IND_ANDHRAPRADESH_KARIMNAGAR,Andhra Pradesh,KARIMNAGAR,2007,Rabi,3.585526,1.5419571738508808,0.6485176720929396,1.5303178944226856,0.3788234372325174,1.0859634366561015,-1.1293091015825483,0.13185601221094415,-1.8017606636321473,-1.1971982965589514,-0.9599289201572194,-1.2682383297036626,0.8709946082077782,-1.7140147988931331,0.6590333892655582,0.47881319614373874,0.9371832896047692,1.673100543565656,-0.6971063916594289,-0.934720301012431,0.0823646946443128,1.010826043337449,1.0,0.0,0.0,0.0,0.0,1.0,0.0
IND_ANDHRAPRADESH_KHAMMAM,Andhra Pradesh,KHAMMAM,2007,Kharif,3.082192,1.4471588628620689,1.2322371058845452,1.2141443629051327,0.4675331753528813,-0.62686614399757,0.3799277448179661,-0.035298357786904794,1.1071733479838104,-0.736123797699833,0.6337353368254578,1.276517173991394,-0.3289487072027743,1.0596654624130653,0.7997459391254064,0.4228271775252554,0.1554344801171164,-0.7689689701778804,0.28762010352573514,0.487704207156908,-0.8370828984733361,0.9928419361111858,1.0,0.0,0.0,0.0,1.0,0.0,0.0
IND_ANDHRAPRADESH_KHAMMAM,Andhra Pradesh,KHAMMAM,2007,Rabi,3.266667,-0.38560848292162625,1.2322371058845452,1.2141443629051327,0.3788234372325174,0.5667404958522326,-0.9895640805463174,-0.16162712331635282,-0.5760832847016589,-1.2634055057144102,-0.8890105706009692,-0.4484897182921596,0.8652340047782969,-0.3988579391598458,1.048012129171258,0.24259921995157027,-0.38060265009257027,1.1627833965906342,-0.9309131961748343,-0.8673872317128793,0.3504490670380989,0.28623212630158046,1.0,0.0,0.0,0.0,0.0,1.0,0.0
IND_ANDHRAPRADESH_KRISHNA,Andhra Pradesh,KRISHNA,2007,Kharif,3.616858,3.264126490147629,1.3401384380599264,0.8092353539734269,0.4675331753528813,-0.41259166510744044,0.8015867612404248,0.3518261562222087,1.399902872872647,-0.3534775564930593,0.6354921777576462,1.1232229577123611,-0.41434754844024235,1.0681377165103874,1.2798957477189818,0.7378526182468494,0.8328969809546736,-0.9052633577571734,0.3500461991681548,0.42644831397150335,-1.2054177533817836,1.252246460966184,1.0,0.0,0.0,0.0,1.0,0.0,0.0
IND_ANDHRAPRADESH_KRISHNA,Andhra Pradesh,KRISHNA,2007,Rabi,3.776596,0.6255735009590332,1.3401384380599264,0.8092353539734269,0.3788234372325174,0.6167226772432945,-0.4372982503160511,0.031289733007438696,0.08680687404001104,-0.8714618997743812,-0.818672462086543,-0.32497575129359296,0.466820328967077,0.08423116637213597,1.5291216681047368,0.3978710301183232,0.3106948522091341,0.8024946138809951,-0.8918517228243031,-0.8074371279144783,-0.15823230197620144,0.7962232694051642,1.0,0.0,0.0,0.0,0.0,1.0,0.0
IND_ANDHRAPRADESH_KURNOOL,Andhra Pradesh,KURNOOL,2007,Kharif,3.688889,0.562374626966492,-0.0734708749325743,0.40315814233704866,0.4675331753528813,-0.6605084881602648,-0.13771987658911217,-0.5035917137677771,0.5460342025296198,0.3722360711123347,0.6007260686683668,1.1762961635483857,0.23617370501652854,0.8236982011870618,0.07831170533655905,0.04174999042830306,-0.17446039930350696,-0.4208566968643719,0.2858938513632762,0.5402846695907619,0.0533577975575514,0.7768052920169074,1.0,0.0,0.0,0.0,1.0,0.0,0.0
IND_ANDHRAPRADESH_KURNOOL,Andhra Pradesh,KURNOOL,2007,Rabi,2.684211,-0.5594053864011146,-0.0734708749325743,0.40315814233704866,0.3788234372325174,1.1139245485233107,-1.0812271733661027,0.07976237529826208,-1.2031410714630264,-0.4277507080213818,-0.8651078632391694,-1.424546327642297,1.3668434591444445,-1.136398117719995,0.2630407425448466,0.43688490923435724,-0.49941952220274927,1.6603386101004445,-0.5175962394632341,-0.8498662599974482,0.5347096568967947,0.08227620550118002,1.0,0.0,0.0,0.0,0.0,1.0,0.0
IND_ANDHRAPRADESH_MAHBUBNAGAR,Andhra Pradesh,MAHBUBNAGAR,2007,Kharif,2.911765,0.7519712489441157,-0.01616497855024476,0.8470213881531867,0.4675331753528813,-0.9541083084326594,-0.39503550343328414,-0.8615833249112579,0.37634465136695056,0.4372639016608715,0.5277768754657332,1.0684129963436826,0.12850814718264197,0.8909386906119013,-0.2906021647545186,-0.2495683347978032,-0.10376867197110874,-0.46601235485208387,0.2374383546170371,0.5376640643287017,0.3168235259922539,0.8326960558715851,1.0,0.0,0.0,0.0,1.0,0.0,0.0
IND_ANDHRAPRADESH_MAHBUBNAGAR,Andhra Pradesh,MAHBUBNAGAR,2007,Rabi,2.782609,-0.13281298695146138,-0.01616497855024476,0.8470213881531867,0.3788234372325174,0.8245338164114236,-1.2905495728802294,-0.219197894951172,-1.5444262135125013,-0.6164642960665787,-0.8928949620198458,-1.3782158197565646,1.0539859688188469,-1.3273338165791895,-0.09885259352205372,0.19626258511947292,-0.20777827451714423,1.5837670093091636,-0.5704075120147479,-0.8700371069505441,0.5657077887227794,0.47710120675452317,1.0,0.0,0.0,0.0,0.0,1.0,0.0
IND_ANDHRAPRADESH_MEDAK,Andhra Pradesh,MEDAK,2007,Kharif,2.827586,0.05678363502616228,0.03211990604263495,1.3014749238188337,0.4675331753528813,-0.9013215492982489,-0.39452466696479216,-0.8388909604890461,0.14556719285963304,0.21939028248655407,0.2333367823535562,1.0246876217569276,0.030028687301883787,0.6246977488270166,-0.5893038464881181,-0.23110225516598665,-0.36297167218990245,-0.42478251040482434,-0.11206749018226382,0.24430662524629604,0.20457258807386564,0.5806097388403693,1.0,0.0,0.0,0.0,1.0,0.0,0.0
IND_ANDHRAPRADESH_MEDAK,Andhra Pradesh,MEDAK,2007,Rabi,3.371429,-0.3066098904309497,0.03211990604263495,1.3014749238188337,0.3788234372325174,0.5260410422296958,-1.5102015938014797,-0.5332507142126837,-2.1971382442451373,-0.8647029271459812,-0.923518794782772,-1.142272472541353,0.9952504633923261,-1.7937144252261852,-0.3832695468172939,-0.05650718660466385,-0.3265951466273232,1.5074979927144294,-0.7012614404690685,-0.8941555405117084,0.8374652905248164,0.3550656733045046,1.0,0.0,0.0,0.0,0.0,1.0,0.0
IND_ANDHRAPRADESH_NALGONDA,Andhra Pradesh,NALGONDA,2007,Kharif,3.165644,1.715754077330369,0.531295707870846,1.0186224262280383,0.4675331753528813,-0.3369522379262489,0.30551589924069145,0.032447679765336086,0.7786496824169798,-0.07194351442192165,0.2422176938548046,1.0070646612050242,0.050417294847011955,0.674908103682279,0.5782336820068495,0.47795601738098875,0.2555811318053718,-0.48664488162073477,-0.09408235137338729,0.12967570491765903,-0.5834504000759848,1.0420260089250528,1.0,0.0,0.0,0.0,1.0,0.0,0.0
IND_ANDHRAPRADESH_NALGONDA,Andhra Pradesh,NALGONDA,2007,Rabi,3.202703,1.4787582998583395,0.531295707870846,1.0186224262280383,0.3788234372325174,0.7808530487610552,-0.8548608985302332,-0.006715496258859474,-0.82927698413714,-0.946962696293889,-0.9018886981681156,-0.9629780043176249,0.9237420124702056,-0.7352114282658382,0.8093775935587758,0.36728199369903647,0.8939771957109127,1.2340330753371462,-0.7447790531226915,-0.8814052255710455,0.2525012519441,0.998917471103874,1.0,0.0,0.0,0.0,0.0,1.0,0.0
IND_ANDHRAPRADESH_NIZAMABAD,Andhra Pradesh,NIZAMABAD,2007,Kharif,3.577465,0.26217997550192124,0.0011331602520301002,1.4956215789529068,0.4675331753528813,-0.6947763207934412,-0.22110784868419384,-0.5797947200237875,0.2849278481102904,-0.05880120754704071,0.23282101253860196,1.0976313541282925,0.0683745829906178,0.5791873305512868,-0.2743685950090084,-0.02026077035122029,-0.28638892961244644,-0.3875136885880609,-0.14137363154494398,0.20470133382780215,-0.01888920958287199,0.6709167916289941,1.0,0.0,0.0,0.0,1.0,0.0,0.0
IND_ANDHRAPRADESH_NIZAMABAD,Andhra Pradesh,NIZAMABAD,2007,Rabi,3.491228,0.04098391652802697,0.0011331602520301002,1.4956215789529068,0.3788234372325174,0.8452449146200302,-1.3751294967351304,-0.22333617451898705,-2.341526251805872,-1.0451214124199606,-0.9413612068188557,-1.3127299199665878,0.9135336780003579,-2.0833957054168493,-0.06198410352060387,0.19293183335564654,-0.08896155427639661,1.6612997599011758,-0.6564993204425102,-0.9146418571218933,0.4510128586349333,0.5728436264841207,1.0,0.0,0.0,0.0,0.0,1.0,0.0
IND_ANDHRAPRADESH_PRAKASAM,Andhra Pradesh,PRAKASAM,2007,Kharif,3.680851,-0.11701326845332607,0.7958439581818378,0.4707338942814897,0.4675331753528813,-0.33715328779177595,1.3929894384795591,0.7991727142748973,1.3409324357394639,1.165864278753231,0.5317579737249132,0.8112710154211069,-0.12936704924103945,0.6802407240321349,1.3058854529765802,1.1018841933759733,-0.427772384277243,-1.2738145078440808,0.34344228101177,0.27555678674525397,-1.3072837397157842,0.4867045525274676,1.0,0.0,0.0,0.0,1.0,0.0,0.0
IND_ANDHRAPRADESH_PRAKASAM,Andhra Pradesh,PRAKASAM,2007,Rabi,3.5875,0.404377441985139,0.7958439581818378,0.4707338942814897,0.3788234372325174,-0.2969823151539657,0.47360219743449644,0.09175121463449204,0.29563153774825857,0.48901176121244533,-0.6665364844816695,-0.32727439832210137,0.683543490244372,0.18624726522858298,1.5448473727215855,0.446534293020741,0.1594734476459205,-0.5767909483033792,-0.7014822401642667,-0.6734940274961523,-0.034375012388651455,0.7242101365856419,1.0,0.0,0.0,0.0,0.0,1.0,0.0
IND_ANDHRAPRADESH_SRIKAKULAM,Andhra Pradesh,SRIKAKULAM,2007,Kharif,3.049751,2.316143380259511,2.8367514851732647,1.597894743958143,0.4675331753528813,-1.0431063822335698,1.9908383854401541,0.7637798488100171,1.8619981698564354,1.8267020099936013,0.9925983033867998,1.0605465154016747,-0.41184106458896913,1.1462051853431436,1.1996075505539603,1.0730829869475613,0.4794383442926821,-2.2628202427727513,0.8194061330609886,0.6573174544138802,-1.4947395998182202,1.1356017204077178,1.0,0.0,0.0,0.0,1.0,0.0,0.0
IND_ANDHRAPRADESH_SRIKAKULAM,Andhra Pradesh,SRIKAKULAM,2007,Rabi,3.0,-0.8280006008694147,2.8367514851732647,1.597894743958143,0.3788234372325174,-1.27044910238209,0.6128061430636862,-0.3379604328426241,0.07539505933333923,0.6109036880450576,-0.7987186173704893,-0.265262009597427,0.35946244428086144,0.1820869745534217,1.4993479368700007,0.10067490766192623,-0.6830453073495659,-1.4446914192896958,-0.890466706554424,-0.7801650978739684,0.08980295038616397,-0.9228338637592228,1.0,0.0,0.0,0.0,0.0,1.0,0.0
IND_ANDHRAPRADESH_VIZIANAGARAM,Andhra Pradesh,VIZIANAGARAM,2007,Kharif,2.919355,1.0995650559030923,2.5004643770907284,1.5280363685641372,0.4675331753528813,-1.5996570877244443,-0.34254097490901886,-1.181563720848828,0.49401252993757305,-0.6983681530939666,1.0435950438404313,1.2529688122104419,-0.6485068576761653,1.2813711751922614,-0.7976613143301454,-0.5099547520995273,0.025832904073003832,-1.012739105131457,0.8073022952242128,1.13081067178174,-0.06746747707930521,0.9199100062824043,1.0,0.0,0.0,0.0,1.0,0.0,0.0
IND_ANDHRAPRADESH_VIZIANAGARAM,Andhra Pradesh,VIZIANAGARAM,2007,Rabi,2.333333,-0.8122008823712794,2.5004643770907284,1.5280363685641372,0.3788234372325174,-0.5458994507666219,-1.9838639239909566,-1.6907518521555482,-1.4619599737530011,-1.6100332724413078,-0.8091629561233188,-0.3484219509843871,0.37240175375859685,-0.4926063620965281,-0.5451755802118505,-0.9881380476051792,-0.6722438977781754,1.0055286097494331,-0.8707954609822142,-0.7490255944990554,1.6304428970768423,-0.7418486359530813,1.0,0.0,0.0,0.0,0.0,1.0,0.0
IND_ANDHRAPRADESH_WARANGAL,Andhra Pradesh,WARANGAL,2007,Kharif,3.078261,0.9573675894198747,0.8525059997480255,1.3357032996521332,0.4675331753528813,-0.47766480491217195,0.22475508612642575,-0.06704961039357579,0.8234145233826393,-0.6194383447529174,0.34085867096486244,1.189015343772806,0.050417294847011955,0.7902087745474526,0.544307120605222,0.39698936053378875,-0.02718592939365275,-0.5390888212485817,-0.04273638589000585,0.23085003458121345,-0.4994455482865686,0.8862631497713777,1.0,0.0,0.0,0.0,1.0,0.0,0.0
IND_ANDHRAPRADESH_WARANGAL,Andhra Pradesh,WARANGAL,2007,Rabi,2.847222,0.2779796940000565,0.8525059997480255,1.3357032996521332,0.3788234372325174,0.6693248012648718,-1.170996502261244,-0.17392024791491592,-1.149787171257131,-1.2403635535721405,-0.9367676319044169,-0.7133960180665906,0.9237420124702056,-0.9224004607250903,0.7850209430917975,0.23270492794725361,0.07306125985820748,1.3749305164955976,-0.8862915850452199,-0.9109564132421288,0.41148415052771553,0.6771622322576791,1.0,0.0,0.0,0.0,0.0,1.0,0.0
IND_ANDHRAPRADESH_WESTGODAVARI,Andhra Pradesh,WEST GODAVARI,2007,Kharif,3.248031,3.1535284606606817,1.5405613785784846,0.9211625636915421,0.4675331753528813,-0.6899958017689969,0.668331419601897,0.08743302432685017,1.3860233003417575,-0.6490655105402251,0.7987010885773242,1.162759686602722,-0.47560156402999926,1.246026510429154,1.018319360341782,0.5227007487965487,0.7916601779781324,-1.027438900226878,0.5377660854858108,0.612385331384821,-1.0538739184428625,1.240106592315996,1.0,0.0,0.0,0.0,1.0,0.0,0.0
IND_ANDHRAPRADESH_WESTGODAVARI,Andhra Pradesh,WEST GODAVARI,2007,Rabi,4.239583,2.173945913776293,1.5405613785784846,0.9211625636915421,0.3788234372325174,0.5736743095382077,-0.724756857473983,-0.1833530910474678,-0.0991798348517409,-1.143203322038896,-0.8610461759464026,-0.4486940424724717,0.4922389414900202,0.032686848261501304,1.2742763161648452,0.22511277319147072,1.3692442285433344,0.9766051203756941,-0.8960067716339439,-0.8413827615496826,0.05732735362928401,1.1151456691638248,1.0,0.0,0.0,0.0,0.0,1.0,0.0
IND_KARNATAKA_BANGALORERURAL,Karnataka,BANGALORE RURAL,2007,Kharif,2.978894,-0.8281585980543961,-0.19750098158330961,-0.4216397977124417,0.4675331753528813,-1.9342040639398774,-1.3203063011523088,-2.1314829493079728,-0.2894493440183619,0.5722574237225043,0.30757540009357626,0.8475896384715554,0.34032357098705207,1.1286184793365164,-1.8399284634835251,-1.282958560347669,-0.6759056216393144,-0.5687700841598047,0.04997941339370319,0.571242472810979,2.1147033060754667,-0.9250710827240243,0.0,1.0,0.0,0.0,1.0,0.0,0.0
IND_KARNATAKA_BANGALORERURAL,Karnataka,BANGALORE RURAL,2007,Rabi,2.1875,-0.8593472423697152,-0.19750098158330961,-0.4216397977124417,0.3788234372325174,0.12970696222507228,-2.090652533871152,-1.3033662846699983,-1.7094532974264554,-0.01422447357475487,-0.7610996564922419,-1.3226396427117173,1.5895306689619026,-1.0355699862586472,-1.7118894570616565,-0.6763453953602424,-0.6986225549310449,1.6152357657477978,-0.42811214480924353,-0.7116070563286969,2.3130485351531473,-3.052058984397819,0.0,1.0,0.0,0.0,0.0,1.0,0.0
IND_KARNATAKA_BANGALORERURAL,Karnataka,BANGALORE RURAL,2007,Summer,3.05,-0.8580200660158719,-0.19750098158330961,-0.4216397977124417,-2.2381138373182194,0.6168394935095294,-0.5734998725335207,0.1745759171444955,-0.8546697470667626,0.18049513150424923,-0.5954086034380941,-1.185231631451938,-1.226933377502696,-0.9129735566493118,-1.8215457450340302,-1.8591051430247751,-0.6999687255712148,0.9011566117468349,-0.2757603551224362,-0.42381662030425654,1.4240678393239738,-2.256351951292098,0.0,1.0,0.0,0.0,0.0,0.0,1.0
IND_KARNATAKA_BIDAR,Karnataka,BIDAR,2007,Kharif,0.619935,-0.7519723554563876,-0.3830668900350699,1.3260573039400396,0.4675331753528813,-0.8515952158944203,-0.5466566323914784,-0.9419696715580951,0.07187112099565775,0.3233892311091631,0.30375547990156915,1.1796675125235339,-0.028666730418096757,0.6107549207757779,-0.7442624660662809,-0.3149833198065465,-0.6062587559951347,-0.2754959685974623,-0.0852704362650188,0.3305937878220314,0.25789954848851165,-0.37572976593254126,0.0,1.0,0.0,0.0,1.0,0.0,0.0
IND_KARNATAKA_BIDAR,Karnataka,BIDAR,2007,Rabi,1.730769,-0.8591892451847338,-0.3830668900350699,1.3260573039400396,0.3788234372325174,0.6453839461927893,-1.6222287973952758,-0.5553418242585932,-2.4175992485329436,-0.9216933554445312,-0.9023561145629183,-1.2304383563459538,1.0844957200720988,-2.0002235590058093,-0.5455596269826837,-0.07428752322627973,-0.6948564967705153,1.6826230462210017,-0.6402605064956557,-0.8735717215992319,0.9394921957222001,-2.8454753891823015,0.0,1.0,0.0,0.0,0.0,1.0,0.0
IND_KARNATAKA_CHITRADURGA,Karnataka,CHITRADURGA,2007,Kharif,2.513563,-0.8164984058027722,-0.6853982879596192,-0.018470836404734677,0.4675331753528813,-1.072526679220455,-0.5417428720754903,-1.090613687315786,0.13626149065963197,1.4435999662362584,0.020323848777328703,0.6986883920692281,0.08340446636430095,0.8169812877758207,-0.7617355448317827,-0.4359434886414942,-0.6652463618557397,-0.45316103698423016,-0.24924431899908125,0.06896583665126296,0.5202128077324308,-0.7842753037175828,0.0,1.0,0.0,0.0,1.0,0.0,0.0
IND_KARNATAKA_CHITRADURGA,Karnataka,CHITRADURGA,2007,Rabi,2.165138,-0.8527113606004983,-0.6853982879596192,-0.018470836404734677,0.3788234372325174,0.6003028643778181,-1.297460581488325,-0.40252976551126174,-1.7269800735720038,-0.06944835220906387,-0.8081797699135617,-1.391241486251452,1.6444398027993894,-1.473059420240105,-0.6119997183394768,0.04870538381747545,-0.5404449229307439,1.4120593773162917,-0.45978686472041363,-0.7873405136750615,1.2615258648576737,-1.6022428214390114,0.0,1.0,0.0,0.0,0.0,1.0,0.0
IND_KARNATAKA_CHITRADURGA,Karnataka,CHITRADURGA,2007,Summer,2.495726,-0.8041430259372304,-0.6853982879596192,-0.018470836404734677,-2.2381138373182194,1.4533744756027236,0.5013365454966523,1.406870621984781,-0.7012641226124184,0.8644268586403667,-0.5166569998172221,-1.1473294960040732,-1.3262406485234581,-1.381378369645849,-0.7532788945825664,-1.1905791805449917,-0.5403893387188415,0.7825371873720832,-0.19257908813137856,-0.40314800029246217,0.1872774093442758,-0.6717605514270183,0.0,1.0,0.0,0.0,0.0,0.0,1.0
IND_KARNATAKA_DAKSHINAKANNADA,Karnataka,DAKSHINA KANNADA,2007,Kharif,2.337007,-0.3377511355907744,-1.3294282739422296,-0.5491692637226949,0.4675331753528813,-1.6200971573850416,1.0491721696371,-0.26180065837250655,1.3211235538169377,-0.5056396412929751,5.116177973948392,1.7000811997780476,-1.4917878436346048,1.4642215418361868,0.888810659835105,0.23850925271216528,-0.22759116054112533,-2.0360384937677654,5.703495390846749,4.631521015873782,-1.6253873765992926,0.3291835773450194,0.0,1.0,0.0,0.0,1.0,0.0,0.0
IND_KARNATAKA_DAKSHINAKANNADA,Karnataka,DAKSHINA KANNADA,2007,Rabi,2.187497,-0.5221970493380059,-1.3294282739422296,-0.5491692637226949,0.3788234372325174,-0.1870350675210431,0.6454674221794979,0.33295814209171254,0.25114265087598825,-1.3872175952255479,-0.6436491989430616,0.18900172428109155,1.2580694762247777,-0.03949058776409583,0.9955392124806091,0.6406730373727731,7.337934916737622,-0.6145249775171112,-0.8758537812722101,-0.6624149601034651,0.2130171137447635,0.13445137117560244,0.0,1.0,0.0,0.0,0.0,1.0,0.0
IND_KARNATAKA_DAKSHINAKANNADA,Karnataka,DAKSHINA KANNADA,2007,Summer,2.278027,-0.8349366772900961,-1.3294282739422296,-0.5491692637226949,-2.2381138373182194,0.062343964421687104,1.7875497965257328,1.1631835202253256,1.2845626122792588,-0.6821111954568303,1.2727096663272703,-0.9090364207152732,-2.261224267572439,0.4209212475541658,0.9017055520590486,-1.3227806365828616,-0.6315975631510228,-1.2445293471958991,1.942212728543326,1.7201011043472427,-0.6246294653352452,-1.0334348671666655,0.0,1.0,0.0,0.0,0.0,0.0,1.0
IND_KARNATAKA_DHARWAD,Karnataka,DHARWAD,2007,Kharif,1.743705,-0.453657870493095,-1.3656452247564865,0.3684610951399253,0.4675331753528813,-1.7312107163924846,-0.7426962085625047,-1.6447407612437834,0.22054603586535684,0.8117056969573186,1.0125199124894189,1.5994515409744146,-0.4455097271173994,1.3273477815092842,-1.0198133180396702,-0.8868684994916901,-0.33354924789237067,-0.8268175051282203,0.632449009326744,1.2339898845643964,0.6453465492477851,0.21702915250160046,0.0,1.0,0.0,0.0,1.0,0.0,0.0
IND_KARNATAKA_DHARWAD,Karnataka,DHARWAD,2007,Summer,3.054054,-0.8555079107746684,-1.3656452247564865,0.3684610951399253,-2.2381138373182194,1.5141250432989026,0.26686260645798965,1.092352645334518,-0.4273232529260407,0.2343937831096117,-0.28907356896852865,-1.3540034043896008,-1.5247369318306834,-0.9756163854424502,-1.0048192573141463,-1.361206735975863,-0.6925278827784433,1.0001029570567763,0.17206157213878487,-0.11399271044578027,0.23005882664433597,-1.8341135539889464,0.0,1.0,0.0,0.0,0.0,0.0,1.0
IND_KARNATAKA_GADAG,Karnataka,GADAG,2007,Kharif,2.515275,-0.836327052517932,-1.1187200932133095,0.43114451806247717,0.4675331753528813,-1.1797085964134035,-0.6744630516994017,-1.281993986202826,0.11911382577111186,1.4435999662362515,0.20563027260646755,0.9625219898970206,-0.4455097271173994,0.9265925617289198,-0.9467022779419655,-0.5916806244223105,-0.6833730415825857,-0.44157724635814083,-0.12214398536312966,0.28861040637138874,0.2312681212982716,-1.0593289594334248,0.0,1.0,0.0,0.0,1.0,0.0,0.0
IND_KARNATAKA_GADAG,Karnataka,GADAG,2007,Summer,2.365571,-0.8514315834021494,-1.1187200932133095,0.43114451806247717,-2.2381138373182194,1.7526707087313547,0.5310015489884768,1.5724586711240296,-0.7417652646157863,0.7342952304515226,-0.58915489443177,-1.3840390588954556,-1.5247369318306834,-1.4863563053110271,-0.9371060790776389,-1.1007468462087653,-0.6804541111105565,0.9969341389523642,-0.1898492009907451,-0.49480577334682346,-0.14904586345484422,-1.5263108902371572,0.0,1.0,0.0,0.0,0.0,0.0,1.0
IND_KARNATAKA_HASSAN,Karnataka,HASSAN,2007,Kharif,2.467284,-0.12987423931080821,-0.9061681677665311,-0.5042975478074482,0.4675331753528813,-2.528328755407941,-1.406540362143283,-2.5384708061800443,-0.24935965955641443,-0.08181923635102342,1.478501822494136,1.4875329712085523,-0.27211135468082365,1.4988907096415043,-1.9569820975475312,-1.614147943452558,-0.0375567891269474,-0.9745724515184445,1.256750111150076,2.1305949192071383,2.066209661731405,0.478903134019916,0.0,1.0,0.0,0.0,1.0,0.0,0.0
IND_KARNATAKA_HASSAN,Karnataka,HASSAN,2007,Rabi,2.027273,-0.8561240997960956,-0.9061681677665311,-0.5042975478074482,0.3788234372325174,-0.4934102553067049,-2.164853647645574,-1.7363033559279106,-1.6404079747042861,-1.4427486998884205,-0.7463518633458854,-0.21014556195828338,1.522695442429425,-0.7197967096370643,-1.8421823773189974,-1.0248008078290993,-0.621793480135814,1.1778770082761283,-0.8469089485016729,-0.6772047924285025,2.8714516148065536,-1.906686052258918,0.0,1.0,0.0,0.0,0.0,1.0,0.0
IND_KARNATAKA_HASSAN,Karnataka,HASSAN,2007,Summer,2.367337,-0.764501532225409,-0.9061681677665311,-0.5042975478074482,-2.2381138373182194,0.12115105008455555,-0.5309909806910047,-0.23492495355946014,-0.6919263651624268,-0.777032076613842,-0.05676762075165752,-0.9630801664077812,-1.5598046553172824,-0.4938039092379967,-1.938649359300451,-2.0812613875078374,-0.42297452519959766,0.47975661749653986,0.3077530211879047,0.34137185170951045,1.4534727060850015,-0.43098797524702775,0.0,1.0,0.0,0.0,0.0,0.0,1.0
IND_KARNATAKA_HAVERI,Karnataka,HAVERI,2007,Kharif,2.438182,-0.263318661746059,-1.2397488314249616,0.15122880816676934,0.4675331753528813,-1.8960716061140372,-0.6934613032181464,-1.696385452687441,0.31048605305363297,1.0219826069554043,1.9301872379405782,1.5648185924115408,-0.5728693729806422,1.488672628899766,-0.8889051718652868,-0.9288947496882453,-0.15954742861509022,-0.9923706465381668,1.7888974492774723,2.2585140752104143,0.5792690745277457,0.3887221743826485,0.0,1.0,0.0,0.0,1.0,0.0,0.0
IND_KARNATAKA_HAVERI,Karnataka,HAVERI,2007,Summer,3.003392,-0.7943945996238809,-1.2397488314249616,0.15122880816676934,-2.2381138373182194,1.211880078809391,0.25609855230044176,0.9211216010637483,-0.20170556738232134,0.36896948616655306,0.027399565926237088,-1.1996875672090077,-1.510277296082502,-0.6752604687788811,-0.8773097649041836,-1.4541004230361951,-0.5115153149381931,0.7697034740492604,0.5055494026864285,0.28377889329432215,0.3902882906327898,-0.5994679487578021,0.0,1.0,0.0,0.0,0.0,0.0,1.0
IND_KARNATAKA_KODAGU,Karnataka,KODAGU,2007,Kharif,2.564677,-0.2789287836222167,-1.0603223205016303,-0.7035875144423978,0.4675331753528813,-2.4401795588169937,-0.6331096232975197,-1.968152098221322,0.39151022160741217,-2.5888851986909227,4.502685896866679,2.049628791246696,-1.4917878436346048,1.838385015179696,-0.8574976126655243,-1.1500468704778004,-0.17381768786970744,-1.4648414259044058,4.802110744249156,5.325294085510666,-0.045450828588244466,0.3768765152118466,0.0,1.0,0.0,0.0,1.0,0.0,0.0
IND_KARNATAKA_KODAGU,Karnataka,KODAGU,2007,Rabi,2.16,-0.859205044903232,-1.0603223205016303,-0.7035875144423978,0.3788234372325174,-0.554482021452837,-1.3263097384181883,-1.290495018072994,-0.660296798136512,-2.8974639451371327,-0.6129125415331141,0.4002218456785624,1.2580694762247777,0.09451886782203951,-0.7587460107794634,-0.6659857777418579,-0.6952331329604545,0.5228890172212858,-0.9205757558996429,-0.5562919014957658,1.9756517809100773,-2.862328256080375,0.0,1.0,0.0,0.0,0.0,1.0,0.0
IND_KARNATAKA_KODAGU,Karnataka,KODAGU,2007,Summer,2.767221,-0.8529483563779704,-1.0603223205016303,-0.7035875144423978,-2.2381138373182194,-0.05476758224026124,0.09401743851119464,-0.14215411359732621,0.3066270077832039,-2.7259298322301375,1.0474955530660237,-0.8153537840422483,-2.261224267572439,0.42907002423507995,-0.8424035915351553,-2.030932748723505,-0.6849467126310333,-0.11120155215676815,1.6249235665434096,1.822965514200865,0.480783576173237,-1.617839795869025,0.0,1.0,0.0,0.0,0.0,0.0,1.0
IND_KARNATAKA_KOLAR,Karnataka,KOLAR,2007,Kharif,1.517756,-0.7844091775330595,0.07396201585600445,-0.4458303378409435,0.4675331753528813,-1.742201442373927,-1.1321725274698644,-1.8833416433913814,-0.23227708716677475,0.6489841864024424,0.27675815365004214,0.7668305062032585,0.33844345755042965,1.0164193860521766,-1.662858602355443,-1.0810317346655156,-0.63591141435071,-0.5536125708937567,0.04333534983819265,0.48040387203973134,1.7529087820318225,-0.5358551182306323,0.0,1.0,0.0,0.0,1.0,0.0,0.0
IND_KARNATAKA_KOLAR,Karnataka,KOLAR,2007,Summer,3.007491,-0.846944463348679,0.07396201585600445,-0.4458303378409435,-2.2381138373182194,0.8277072941228956,-0.4738502728580454,0.3000309849083925,-0.7186345609669321,0.2277846461262903,-0.691454613666661,-1.314415594454162,-1.4101622577749997,-0.8924374977284065,-1.6387081685468496,-1.7910451492624084,-0.667163713427507,0.9952176958124868,-0.34460971462517,-0.555631909384485,1.0781063247699332,-1.3311098726246366,0.0,1.0,0.0,0.0,0.0,0.0,1.0
IND_KARNATAKA_KOPPAL,Karnataka,KOPPAL,2007,Kharif,3.770376,-0.2516900689314314,-0.8810958694992852,0.4841698717717585,0.4675331753528813,-0.9505564274752473,-0.5391400386407846,-1.0104079165131534,0.17127045306987979,1.3042763199441654,0.11143781015039299,0.8743050250473405,0.11743792702223156,0.7851235192807211,-0.708256728244035,-0.37067544856351353,-0.1489168721540551,-0.35892390746834235,-0.2047832894659744,0.14936389395149505,0.4644241426809088,0.3973466337781169,0.0,1.0,0.0,0.0,1.0,0.0,0.0
IND_KARNATAKA_KOPPAL,Karnataka,KOPPAL,2007,Summer,3.70785,-0.2795291729251458,-0.8810958694992852,0.4841698717717585,-2.2381138373182194,1.8869385105838492,0.7332198138736652,1.8621474691956192,-0.8229979676514346,0.6137354558247297,-0.5813377581738653,-1.3282585576702959,-1.3666640896035092,-1.6944426674553932,-0.7026289574517204,-0.9435892427639632,1.0134732279184338,0.9563996740335734,-0.20203332962577708,-0.5000194293473252,-0.201568529037869,0.3764145773770421,0.0,1.0,0.0,0.0,0.0,0.0,1.0
IND_KARNATAKA_MANDYA,Karnataka,MANDYA,2007,Kharif,3.24178,0.1624995514971856,-0.5729209373097439,-0.6394047821920191,0.4675331753528813,-1.7734982047722818,-1.0837890162396735,-1.845360524159499,-0.04699563795307842,0.24377571894225644,0.37014472577024965,1.086189200030823,-0.27211135468082365,1.1967437746356373,-1.3416858216144987,-1.050124317562918,0.2297218681079831,-0.613291978526639,0.0341420534381184,0.5771552661252333,1.071302860262489,0.6293626382059154,0.0,1.0,0.0,0.0,1.0,0.0,0.0
IND_KARNATAKA_MANDYA,Karnataka,MANDYA,2007,Rabi,2.528302,-0.8587626527852842,-0.5729209373097439,-0.6394047821920191,0.3788234372325174,0.46090384786376737,-1.5359518643092036,-0.7136918747805471,-1.5938240330825477,-0.7466513256704109,-0.7518319176297775,-1.12459843094437,1.522695442429425,-1.2005291187172127,-1.2222500372177498,-0.20173775983634643,-0.6846879271198816,1.4748011004193153,-0.49439219876785173,-0.7239049320973371,1.5063073341775448,-2.535951921870077,0.0,1.0,0.0,0.0,0.0,1.0,0.0
IND_KARNATAKA_MANDYA,Karnataka,MANDYA,2007,Summer,3.102698,-0.5123696244321658,-0.5729209373097439,-0.6394047821920191,-2.2381138373182194,0.8384969702388106,-0.09054047989179337,0.5917061172662792,-0.6657307727866106,-0.3232806375175394,-0.5306472560478642,-1.0730065754156048,-1.5598046553172824,-0.9191457911755736,-1.329500648264884,-1.6328099496587196,0.3238191047342023,0.7263170728364952,-0.23920796921734075,-0.36860308623833893,0.626155193395036,0.14727141619088868,0.0,1.0,0.0,0.0,0.0,0.0,1.0
IND_KARNATAKA_RAICHUR,Karnataka,RAICHUR,2007,Kharif,2.972966,0.6622762470302015,-0.5535249870824451,0.6262314428335712,0.4675331753528813,-0.4984176188080124,-0.328456483706259,-0.553009303132857,0.33383377846060724,0.7699237964880445,0.28268950652202024,1.0106914154055615,0.3347854543288556,0.6229376511201024,-0.23866273840125082,0.001536061044420387,0.6866014613997984,-0.15508088063021513,-0.045104964438496695,0.24806109778905058,0.1870747726548796,0.8071244379677917,0.0,1.0,0.0,0.0,1.0,0.0,0.0
IND_KARNATAKA_RAICHUR,Karnataka,RAICHUR,2007,Summer,2.746448,0.15006517303915312,-0.5535249870824451,0.6262314428335712,-2.2381138373182194,2.397303594191353,1.170167436031781,2.5591250838796196,-0.9259891711509962,0.5500370493820279,-0.4305717941399648,-1.384549869346236,-1.3357704985601564,-2.059089720629516,-0.23937245727559522,-0.5654754451039484,2.285895920317926,1.0423802719329873,0.007846817009961449,-0.3749774615571792,-0.6487438878266835,0.6238969175288056,0.0,1.0,0.0,0.0,0.0,0.0,1.0
IND_KARNATAKA_RAMANAGARA,Karnataka,RAMANAGARA,2007,Kharif,2.749136,-0.7682144660724708,-0.338848481629646,-0.5863816236647694,0.4675331753528813,-1.6029185633205574,-1.0372785720606073,-1.717904074122292,-0.1025506828928033,0.157932905250842,0.22308585728133495,0.8101472324293899,-0.057833543502324225,1.0400475085122454,-1.3664959940950219,-0.9464056872701415,-0.6211067265669007,-0.5125235628066851,-0.04052838893802326,0.3868338379702167,1.126086982223797,-0.44876902367098825,0.0,1.0,0.0,0.0,1.0,0.0,0.0
IND_KARNATAKA_RAMANAGARA,Karnataka,RAMANAGARA,2007,Summer,3.12069,-0.8550181195012261,-0.338848481629646,-0.5863816236647694,-2.2381138373182194,0.9435455249699235,-0.22671488706456996,0.5682312575191654,-0.650745118774191,-0.2839676675305412,-0.6406512868936383,-1.202190538417829,-1.3749893040587415,-0.9381048976915096,-1.3505523095235294,-1.645545176991008,-0.6910772259694516,0.9076526888608598,-0.3254402865420474,-0.5048168064665848,0.8601210441333108,-1.7838136598761964,0.0,1.0,0.0,0.0,0.0,0.0,1.0
IND_KARNATAKA_UDUPI,Karnataka,UDUPI,2007,Kharif,2.422195,-0.04823709383094309,-1.4848945567694636,-0.3353775587209606,0.4675331753528813,-1.9532814622897623,0.4136186261924323,-0.9217752729807813,0.8919148390374065,-0.8597222559971207,4.7637621300739825,1.711523353875518,-1.1706953361934878,1.5389876382132848,0.07145442156474426,-0.2985499783835307,0.037073216301218834,-1.8386563349536045,5.260109530189058,4.750338120083099,-0.802537557074888,0.5262570711272219,0.0,1.0,0.0,0.0,1.0,0.0,0.0
IND_KARNATAKA_UDUPI,Karnataka,UDUPI,2007,Rabi,2.198858,-0.6936239950427739,-1.4848945567694636,-0.3353775587209606,0.3788234372325174,-0.552629993041615,-0.3105144447120845,-0.545848124073578,-0.18547492864696924,-1.7757817148513784,-0.7274617938731752,0.6679376029322823,1.4657398311731868,0.08329810696059343,0.1795813153431032,-0.06664638682691001,3.251677373159189,-0.21078866400052398,-1.1684334501094844,-0.7062804056857949,1.2642527175578837,-0.18232360094376185,0.0,1.0,0.0,0.0,0.0,1.0,0.0
IND_KARNATAKA_UDUPI,Karnataka,UDUPI,2007,Summer,2.415493,-0.8573564778389502,-1.4848945567694636,-0.3353775587209606,-2.2381138373182194,-0.15127151768703528,1.082340051770015,0.5116207303597848,0.8653211863909498,-1.184177704913966,1.1204286284619407,-0.6843309034172169,-2.044183411220826,0.48212983456720787,0.08800786460574626,-1.676256667519256,-0.6980032313896852,-0.9025082464608565,1.6642660576878292,1.717627260810145,0.13970468714026485,-2.1010764538624422,0.0,1.0,0.0,0.0,0.0,0.0,1.0
IND_KARNATAKA_UTTARAKANNADA,Karnataka,UTTARA KANNADA,2007,Kharif,2.00835,0.36269778458705804,-1.6482627368515945,0.13753599437876132,0.4675331753528813,-1.5997687820941775,1.2704373371332724,-0.11098973248432781,1.381180783167434,0.1682644297305162,4.004806847368369,2.1229811719786844,-1.2936443321449058,1.3959392648496936,0.8600820394850002,0.3612327607162042,0.412736530662737,-2.1801492993379257,4.153240658160126,3.534280895930724,-1.5717681312351415,0.7092371578362155,0.0,1.0,0.0,0.0,1.0,0.0,0.0
IND_KARNATAKA_UTTARAKANNADA,Karnataka,UTTARA KANNADA,2007,Rabi,2.134625,-0.8294383752527451,-1.6482627368515945,0.13753599437876132,0.3788234372325174,-0.678477582156365,0.5585018476662863,-0.020104047801845687,0.23744033186024785,-0.900955598516484,-0.8517945548906553,1.1983631750220767,1.615689901863145,0.1624542502343423,0.9906476693992605,0.3565060321101798,0.014306925444274523,-0.9388774371217925,-1.53170916680933,-0.8361052570764077,0.836852799311825,-0.9436179092748418,0.0,1.0,0.0,0.0,0.0,1.0,0.0
IND_KARNATAKA_UTTARAKANNADA,Karnataka,UTTARA KANNADA,2007,Summer,2.254982,-0.8326457181078666,-1.6482627368515945,0.13753599437876132,-2.2381138373182194,-0.26318927615652987,1.8125442951627528,0.9696965031558463,1.3793330119411082,-0.4708467132658336,0.6712414730566834,-0.5492215391859465,-1.8599573492483887,0.6102482980574367,0.8801440927357383,-1.4277482987870738,-0.6248120369548593,-1.5191602495773426,1.0517677032078245,1.0510290805577067,-0.03680955692069565,-0.9937946285285857,0.0,1.0,0.0,0.0,0.0,0.0,1.0
IND_TAMILNADU_COIMBATORE,Tamil Nadu,COIMBATORE,2007,Kharif,3.774657,-0.7572336617162667,-0.5132307587234963,-1.2547600387087559,0.4675331753528813,-1.9384931277375075,-0.5592815908271107,-1.6195203350026728,0.3698243189197239,-0.38439616284031936,0.8497945358712612,1.263440426451431,-1.0717368282196045,1.5268049078689578,-0.6389041993682129,-0.8663451908292761,-0.6496530161145294,-1.1229083478944697,0.5618332522624251,1.0492767446302018,-0.009610238406733716,-0.3981071963711333,0.0,0.0,1.0,0.0,1.0,0.0,0.0
IND_TAMILNADU_CUDDALORE,Tamil Nadu,CUDDALORE,2007,Kharif,3.259976,0.7645794243056276,0.6401433328649972,-1.0173719561818362,0.4675331753528813,0.4922444240756686,1.2780998841606945,1.1871399155570006,0.9814255824184127,0.2284303664062723,0.09320857075309336,0.10144881301742732,0.4032131650035439,0.16083113370181806,1.2763971335496747,1.4175953771077736,0.16792786702403642,-0.5370466940257518,0.07621443172317108,-0.11762885354933995,-1.1829953375290003,0.8361760078691692,0.0,0.0,1.0,0.0,1.0,0.0,0.0
IND_TAMILNADU_DHARMAPURI,Tamil Nadu,DHARMAPURI,2007,Kharif,3.744216,-0.5625495303822435,0.08151263418860487,-0.8134084470008486,0.4675331753528813,-0.6348411219962924,-0.30070103558475847,-0.5833460449598846,0.2080609017803369,-0.562235124655901,0.07557569020433547,0.3981275228303643,0.09012617255803074,0.579120732259673,-0.4352848547154324,-0.023150687322785544,-0.5450606905601082,-0.2826786229674437,-0.062327340663961596,0.055645758540805404,0.0035264383875125037,0.07757478671753981,0.0,0.0,1.0,0.0,1.0,0.0,0.0
IND_TAMILNADU_DINDIGUL,Tamil Nadu,DINDIGUL,2007,Kharif,3.926661,-0.5866441010918998,-0.12437908046125698,-1.4464023570080367,0.4675331753528813,-0.9050968189951176,-0.313690877212175,-0.8758789125777723,0.09071820513299365,0.5997575109404621,-0.07172494538534004,0.07488666957687314,0.17474230132534538,0.6418468089173256,-0.5500793836301383,-0.26120147514941544,-0.5580052815477982,-0.4862575816302043,-0.1187516991369018,-0.05070538154417371,0.3735633891395989,0.0398025843625679,0.0,0.0,1.0,0.0,1.0,0.0,0.0
IND_TAMILNADU_ERODE,Tamil Nadu,ERODE,2007,Kharif,4.349844,-0.2535228362772151,-0.3222312979575126,-1.042661916644677,0.4675331753528813,-0.2695111774832524,-0.08919041208219777,-0.29583920500583505,0.21489421130730482,-1.065289206305943,-0.17531408915761687,0.04275669222282364,0.210669906117182,0.3711342675527258,-0.1687104470963687,0.2108101332644349,-0.3790386986877339,-0.1478454126251689,-0.23513321120595518,-0.2106393161983825,-0.16367925773221542,0.39599835287474855,0.0,0.0,1.0,0.0,1.0,0.0,0.0
IND_TAMILNADU_KANNIYAKUMARI,Tamil Nadu,KANNIYAKUMARI,2007,Kharif,4.433142,-0.53809156614713,-0.31241896934442215,-2.2087839546155306,0.4675331753528813,-1.5787479017109765,0.34297724026357396,-0.7982613955421205,1.0331410116374773,0.5825889482021772,0.6398439855713249,1.205003710882218,-0.008755166580769394,1.6101574268432772,0.5090011056167979,-0.19803964574562133,-0.5319207954836028,-1.4923749343226476,0.32332943604916264,0.6349833856117733,0.1284344600510949,0.11290461940009805,0.0,0.0,1.0,0.0,1.0,0.0,0.0
IND_TAMILNADU_KARUR,Tamil Nadu,KARUR,2007,Kharif,3.239685,-0.6631621377783691,0.026074902983970957,-1.2962782482065152,0.4675331753528813,0.33211937563067656,0.4981255734089739,0.49318694626348897,0.5248127853242506,0.25380337505488193,-0.24935929321702882,-0.23558392240711828,0.7605399481915192,0.1624152216380326,0.6371703366986903,0.8528860082079242,-0.5991139067242147,-0.09876394109698845,-0.21797105307917977,-0.34008784270035647,-0.40054744764923705,-0.10708556681858528,0.0,0.0,1.0,0.0,1.0,0.0,0.0
IND_TAMILNADU_KRISHNAGIRI,Tamil Nadu,KRISHNAGIRI,2007,Kharif,3.181952,-0.6228886553266222,0.0038104879740130993,-0.6794255116803115,0.4675331753528813,-1.2516174316456146,-0.749993872398133,-1.2934304563360313,0.014318129139836286,0.1947769447555661,0.2305000483713066,0.721112970858464,0.09012617255803074,0.8690754228795564,-1.0303891288714233,-0.6009871367036013,-0.5774772206982254,-0.44358416449093296,0.0036917682003206396,0.3164409591570637,0.7551465778136544,-0.02381260039568077,0.0,0.0,1.0,0.0,1.0,0.0,0.0
IND_TAMILNADU_MADURAI,Tamil Nadu,MADURAI,2007,Kharif,3.473426,0.11783374730295709,-0.013487650828255086,-1.6214322694168066,0.4675331753528813,0.4113777003911167,0.5428602527213728,0.5651765161546366,0.5425514732683414,-0.7064206648207733,-0.1413377525974859,0.03131453812535408,0.8915585994689971,0.1354048573681916,0.6333318571529296,0.9114680539364598,-0.1795305602717012,-0.06867777365020931,-0.188323675823921,-0.25493534369580617,-0.3582010801700925,0.6094095554800051,0.0,0.0,1.0,0.0,1.0,0.0,0.0
IND_TAMILNADU_NAMAKKAL,Tamil Nadu,NAMAKKAL,2007,Kharif,3.711594,-0.6667644735959439,0.05618673883841943,-1.0910418993106639,0.4675331753528813,0.038028100131464716,0.1783905952240861,0.1387466600561131,0.4108408700629472,-0.4062746852678686,-0.12713796487951903,0.010575633823690981,0.20071111762052987,0.2919013286167409,0.2270927718957881,0.5644575999533876,-0.6010491788888905,-0.09913363654250346,-0.16249011148572337,-0.20690843919355772,-0.550464851952673,-0.1153498398251756,0.0,0.0,1.0,0.0,1.0,0.0,0.0
IND_TAMILNADU_PERAMBALUR,Tamil Nadu,PERAMBALUR,2007,Kharif,2.503292,-0.25729896899826943,0.3868219193408594,-1.1258900482043204,0.4675331753528813,0.017230608487712903,0.3397905937220106,0.23002774930354386,0.4836506177718928,-0.08888417588491722,-0.0712897646039718,0.043625069989147724,0.20071111762052987,0.3154628527852043,0.32857257488621355,0.638738262451136,-0.3810673705527372,-0.23232962419751607,-0.10592524411583873,-0.16656051681968498,-0.6253471838341528,0.39320752844226997,0.0,0.0,1.0,0.0,1.0,0.0,0.0
IND_TAMILNADU_PUDUKKOTTAI,Tamil Nadu,PUDUKKOTTAI,2007,Kharif,1.799492,0.5412820027714814,0.3933337288818307,-1.4549727135244714,0.4675331753528813,0.6919539571529955,1.0144839408717632,1.10359349163649,0.7300643045665401,0.004023577340394101,-0.22165278346993905,-0.22577636175214508,0.7605399481915192,-0.020787164547277123,1.1270562887233506,1.3496088558107782,0.04796331762056283,-0.18888160707716717,-0.18732004084574683,-0.35901047425465776,-0.8666014480378766,0.7701319540591409,0.0,0.0,1.0,0.0,1.0,0.0,0.0
IND_TAMILNADU_RAMANATHAPURAM,Tamil Nadu,RAMANATHAPURAM,2007,Kharif,0.241405,1.0959469203670194,0.36740765376867396,-1.7949314082219572,0.4675331753528813,0.0835770641073677,1.5466052622194815,1.0884552166970132,1.2483857725992062,1.8991746155348537,-0.1684801391094693,-0.19185854782036396,0.8915585994689971,0.41613092757886233,1.4292765767072606,1.3372899724489786,0.345952251931527,-1.0534232086829647,-0.1344284774959793,-0.3159395719358307,-0.7605649022209393,0.9190845772441208,0.0,0.0,1.0,0.0,1.0,0.0,0.0
IND_TAMILNADU_SALEM,Tamil Nadu,SALEM,2007,Kharif,3.320114,-0.5165723495526697,0.1037089536855479,-0.9883955533599948,0.4675331753528813,0.038028100131464716,0.1783905952240861,0.1387466600561131,0.4108408700629472,-0.4062746852678686,-0.12713796487951903,0.010575633823690981,0.20071111762052987,0.2919013286167409,0.2270927718957881,0.5644575999533876,-0.5203597350162139,-0.09913363654250346,-0.16249011148572337,-0.20690843919355772,-0.550464851952673,0.141833868556466,0.0,0.0,1.0,0.0,1.0,0.0,0.0
IND_TAMILNADU_SIVAGANGA,Tamil Nadu,SIVAGANGA,2007,Kharif,1.028749,0.35275976165173095,0.25050409477294255,-1.6045227822246366,0.4675331753528813,0.5834093686493227,1.1650833968929546,1.1462394868437507,0.8980447567769017,0.20860295545630872,-0.1848558307342759,-0.1683101860394116,0.8915585994689971,0.0929484464649944,1.2143417142269295,1.3843123502912678,-0.05331870993704177,-0.3834118295973621,-0.1640758547512383,-0.33281305380023984,-0.8024186625530602,0.7055916587813172,0.0,0.0,1.0,0.0,1.0,0.0,0.0
IND_TAMILNADU_THANJAVUR,Tamil Nadu,THANJAVUR,2007,Kharif,3.192767,1.513960072672185,0.5755751674258607,-1.3722110581466194,0.4675331753528813,0.3307343654460141,1.6820742285548174,1.3671439362589017,1.12456034003417,0.8414847969281477,-0.04184253173141128,-0.10318185356498216,0.6476239029938421,0.15245402002107863,1.4202001719480535,1.5640749822508784,0.5705261362657417,-0.9566862337736031,-0.011563483467923321,-0.23725001712852242,-1.1304297505066156,1.0055896864412541,0.0,0.0,1.0,0.0,1.0,0.0,0.0
IND_TAMILNADU_THENILGIRIS,Tamil Nadu,THE NILGIRIS,2007,Kharif,3.862162,-0.8420623503327552,-0.6512157492996632,-1.0589889488710345,0.4675331753528813,-2.2356671678412727,-1.1752530696461743,-2.221740775438221,-0.14240188190626168,-0.6277187577550145,0.5403810003186847,1.0322476164284706,-1.008450365908381,1.3922525737068394,-1.6055213141410143,-1.3564065349044652,-0.6952264507054718,-0.911319321245591,0.2673466769666202,0.8687178338408906,0.7845528486266893,-1.1855766817619406,0.0,0.0,1.0,0.0,1.0,0.0,0.0
IND_TAMILNADU_THENI,Tamil Nadu,THENI,2007,Kharif,4.282083,-0.632084091492537,-0.28464257477421645,-1.6145979360239784,0.4675331753528813,-1.665333377125706,-0.9408034561536314,-1.7409274942588904,-0.15478825495849707,-1.051083360146392,0.2991135515669782,0.7774553635794825,-0.36486228129732845,1.0083181795795515,-1.3032810340761476,-0.9651411659416854,-0.5824175333025494,-0.6315302871719788,0.06700106262353331,0.47540215491265175,0.8440530012429561,-0.041504195334522084,0.0,0.0,1.0,0.0,1.0,0.0,0.0
IND_TAMILNADU_THIRUVALLUR,Tamil Nadu,THIRUVALLUR,2007,Kharif,3.633588,0.3840274045595407,0.8951906154258501,-0.3953407852422446,0.4675331753528813,-0.11512721964238495,1.4981974254431614,0.9557620671777449,1.358139721990102,0.5476440859915169,0.6226462858039342,0.771785367575826,0.03952446278802892,0.6117301100458263,1.296709087812549,1.22930993916424,-0.03652043212688882,-1.1749825920768033,0.47214843061279754,0.3280234119194417,-1.2898507917783908,0.7169623019457284,0.0,0.0,1.0,0.0,1.0,0.0,0.0
IND_TAMILNADU_THIRUVARUR,Tamil Nadu,THIRUVARUR,2007,Kharif,2.053077,1.5360954782880725,0.7291211567861182,-1.378547085218193,0.4675331753528813,0.3307343654460141,1.6820742285548174,1.3671439362589017,1.12456034003417,0.8414847969281477,-0.04184253173141128,-0.10318185356498216,0.6476239029938421,0.15245402002107863,1.4202001719480535,1.5640749822508784,0.5824182720936418,-0.9566862337736031,-0.011563483467923321,-0.23725001712852242,-1.1304297505066156,1.0097347886249146,0.0,0.0,1.0,0.0,1.0,0.0,0.0
IND_TAMILNADU_TIRUCHIRAPPALLI,Tamil Nadu,TIRUCHIRAPPALLI,2007,Kharif,3.709181,0.1087489091665293,0.24439146582549692,-1.274815953480065,0.4675331753528813,0.4578872359467058,0.7455650285289428,0.7657962790703443,0.6295738314227053,0.22485991309343953,-0.20148940726656026,-0.18629071390686197,0.7605399481915192,0.10055967979217702,0.8522851279076822,1.0747238720076822,-0.1844113400589057,-0.1787237845980588,-0.1777252904544046,-0.3197991505517516,-0.6159870106189153,0.605239737782656,0.0,0.0,1.0,0.0,1.0,0.0,0.0
IND_TAMILNADU_TIRUNELVELI,Tamil Nadu,TIRUNELVELI,2007,Kharif,3.86979,0.4630101973317191,-0.21908538071159234,-2.009170930358211,0.4675331753528813,-1.4241852328785405,0.10497609703769298,-0.845211115036356,0.97800359680372,-0.08576952512266364,0.7634192096730904,1.3758187256229961,-0.008755166580769394,1.587690017465592,0.5405286173023932,-0.23624532774249216,0.005912494491572337,-1.1983262187792327,0.41010371626208475,0.7659763044021917,0.1760849016855231,0.7444580513625618,0.0,0.0,1.0,0.0,1.0,0.0,0.0
IND_TAMILNADU_TIRUVANNAMALAI,Tamil Nadu,TIRUVANNAMALAI,2007,Kharif,3.441114,0.9123067922631928,0.5691892171779028,-0.6941694517979556,0.4675331753528813,0.12090532247115056,0.7014628134156428,0.5416414644594526,0.8745996731927113,-0.4406877778361946,0.35194772198638574,0.6916392078484644,0.3035240585780174,0.4891511973115345,0.8377508850443979,0.8923162312944415,0.24729316132410006,-0.41237130616258477,0.1665215070592661,0.1600675623118371,-0.7910119151160893,0.875049222914909,0.0,0.0,1.0,0.0,1.0,0.0,0.0
IND_TAMILNADU_VELLORE,Tamil Nadu,VELLORE,2007,Kharif,3.347178,-0.15926171571733988,0.4730824974806388,-0.5657191069252958,0.4675331753528813,-1.004125047197771,-0.4149824512506613,-0.9181336601225702,0.20699332868445441,0.03661345970642869,0.3014989869611432,0.9062817592661574,0.3035240585780174,0.8107210483642067,-0.6537783076079299,-0.2955865889465975,-0.32839768490893156,-0.49099320424177845,0.0193484738598353,0.3243466479138775,0.5353018782027349,0.4605480471387033,0.0,0.0,1.0,0.0,1.0,0.0,0.0
IND_ANDHRAPRADESH_ADILABAD,Andhra Pradesh,ADILABAD,2008,Kharif,2.440997,0.0015794185936775246,0.35229514612201734,1.8139650479090488,0.4675331753528813,-0.48329420114657046,-0.008672854429134765,-0.2576775099297499,0.5369839603306098,-0.5375458198331468,0.36435843315872846,1.2534285416161461,-0.577397279434088,0.6483639274537276,0.10993917742696305,0.24186449529779172,-0.40933725773516866,-0.3745919525401041,-0.038782064076001474,0.27976182984970704,-0.8604072629011907,0.55286521414605,1.0,0.0,0.0,0.0,1.0,0.0,0.0
IND_ANDHRAPRADESH_ADILABAD,Andhra Pradesh,ADILABAD,2008,Rabi,2.866991,-0.49955605273017806,0.35229514612201734,1.8139650479090488,0.42317830629269937,0.6787698483286051,-1.913418716775778,-0.6954593359266987,-2.551205415446158,-1.2257509045816952,-0.8805809576878059,-1.060236314146109,0.8185448551663841,-2.218834426842818,0.287825308630141,-0.15072337804181032,-0.48618288629842493,1.9196693052453317,-0.6800245243309073,-0.8509185864800338,0.8063199181523422,0.16345253311334493,1.0,0.0,0.0,0.0,0.0,1.0,0.0
IND_ANDHRAPRADESH_ANANTAPUR,Andhra Pradesh,ANANTAPUR,2008,Kharif,3.121989,-0.3807737690611968,-0.2678187564418995,-0.006791370403704205,0.4675331753528813,-0.3351874668845316,-0.23132457805407722,-0.38176321087507226,0.1881259031412218,1.1247660821098162,-0.12072307780602129,0.4366426308191654,0.709514310924884,0.38296973537649176,-0.297719345578888,0.14088883704581112,-0.5404519089245895,-0.09673941841919004,-0.32192756411843854,-0.1518824251022611,0.3409363000348863,0.2907636926568209,1.0,0.0,0.0,0.0,1.0,0.0,0.0
IND_ANDHRAPRADESH_ANANTAPUR,Andhra Pradesh,ANANTAPUR,2008,Rabi,2.704985,-0.5686324220040256,-0.2678187564418995,-0.006791370403704205,0.42317830629269937,0.39739319707771215,-1.3650433862879339,-0.5964139814657783,-1.3202299971275586,-0.210753756742206,-0.8370467617442987,-0.8187251330173955,1.3574869884385128,-0.9546217706235607,-0.18581630868236404,-0.0705649183137679,-0.5280965713308368,1.301062907446322,-0.72071188634608,-0.8110822380953624,1.17451340897357,0.06833611285093359,1.0,0.0,0.0,0.0,0.0,1.0,0.0
IND_ANDHRAPRADESH_CHITTOOR,Andhra Pradesh,CHITTOOR,2008,Kharif,2.627984,-0.5815881911724966,0.42459567446986046,-0.36461738338663735,0.4675331753528813,-1.1132057686761447,-0.575701334457268,-1.0794781769229198,-0.015866974075287105,0.2942178678724351,0.2551764104555384,0.7681586133752861,0.38435590784817053,0.6874809097346205,-0.9851670417232277,-0.42688188457813186,-0.6093140652165854,-0.46064296861962867,0.0159361149340442,0.3050552802262121,0.7874676957866914,0.04799776481102594,1.0,0.0,0.0,0.0,1.0,0.0,0.0
IND_ANDHRAPRADESH_CHITTOOR,Andhra Pradesh,CHITTOOR,2008,Rabi,3.128009,-0.2603641143869077,0.42459567446986046,-0.36461738338663735,0.42317830629269937,-0.7428482273735211,-1.8218434608727254,-1.7989389724733433,-0.998832239763151,-0.45335090767072833,-0.717081926347215,-0.00025354773284186875,0.8722553665783921,0.09308122484858469,-0.8678144052174848,-1.043781194718564,-0.3410471935913587,0.733064449994333,-0.8929356486007313,-0.6433015669302303,2.238451809762721,0.39092927744028505,1.0,0.0,0.0,0.0,0.0,1.0,0.0
IND_ANDHRAPRADESH_EASTGODAVARI,Andhra Pradesh,EAST GODAVARI,2008,Kharif,2.983,2.935982136659857,1.9295220096615435,0.9989009108529308,0.4675331753528813,-0.3492609574705083,1.0368391177548861,0.4530389169011225,1.5093508594616971,-0.44957592757238546,0.4723960915849881,1.2090901944884553,-1.1613118062856567,1.0941205642810616,1.2168407243478796,0.8202152519362553,0.5969126906290454,-1.025608027544329,0.11318834431909924,0.27299392807215594,-1.858917887194935,1.2152190980901265,1.0,0.0,0.0,0.0,1.0,0.0,0.0
IND_ANDHRAPRADESH_EASTGODAVARI,Andhra Pradesh,EAST GODAVARI,2008,Rabi,4.689999,1.8241559459460754,1.9295220096615435,0.9989009108529308,0.42317830629269937,0.3521779660592662,-0.46389297142781927,-0.21206474620514204,-0.04569567026848427,-1.1321799002090729,-0.7791032465954991,0.03647372367822877,0.41887042098455246,0.03398530397085916,1.4126286655913727,0.24049300927738707,0.9237867351891522,0.613262232341772,-0.9846076675071407,-0.7667339303749651,-0.0220311113409803,1.060437184876556,1.0,0.0,0.0,0.0,0.0,1.0,0.0
IND_ANDHRAPRADESH_GUNTUR,Andhra Pradesh,GUNTUR,2008,Kharif,3.407999,3.5878785218929194,0.9900908704822137,0.6550402800936405,0.4675331753528813,0.26680050821254153,1.14124436169657,0.9547388040605721,1.0113358662255438,0.189915050882778,0.2619458892768171,0.637442219020724,-0.29028611863240056,0.3394525088283234,1.178875762590827,1.228477251223281,0.8204575076959102,-0.6156685921049397,0.07573268693364847,0.03878384072060222,-1.5319794665294642,1.285996462533787,1.0,0.0,0.0,0.0,1.0,0.0,0.0
IND_ANDHRAPRADESH_GUNTUR,Andhra Pradesh,GUNTUR,2008,Rabi,3.653997,-0.048158095238452416,0.9900908704822137,0.6550402800936405,0.42317830629269937,0.4301871549947157,-0.4680265767289906,-0.09443893111515926,-0.0799870350515158,-0.6240702503424077,-0.7658866450872888,-0.2507549927952814,0.5190776610170832,-0.053790434113099445,1.3565442876819285,0.3356888335862472,-0.21228606298076372,0.6777302696778498,-0.855279264219644,-0.7580171315913613,-0.04612245935446241,0.5263005464391776,1.0,0.0,0.0,0.0,0.0,1.0,0.0
IND_ANDHRAPRADESH_KARIMNAGAR,Andhra Pradesh,KARIMNAGAR,2008,Kharif,3.386002,1.6747696075462062,0.6485176720929396,1.5303178944226856,0.4675331753528813,-0.22621843977588105,0.320597737834317,0.11825130173843107,0.6995799722563394,-0.6748183546476484,0.3968519315008646,1.10381216058273,-0.2620022372846595,0.5545982898836542,0.44660582091762013,0.5477793503124412,0.16442423924101301,-0.41029396984968725,0.06047743526540217,0.2544297402863003,-0.9058373691647031,1.034862486199585,1.0,0.0,0.0,0.0,1.0,0.0,0.0
IND_ANDHRAPRADESH_KARIMNAGAR,Andhra Pradesh,KARIMNAGAR,2008,Rabi,3.604998,1.9140563442004652,0.6485176720929396,1.5303178944226856,0.42317830629269937,0.8721643535788877,-1.5180601600404815,-0.3067524682058199,-1.915111629328173,-1.3136694564452738,-0.7892252292139821,-0.8682226656979627,0.8559987993846481,-1.7922388869543313,0.6232862758532514,0.1638612278875182,0.9783361087857313,1.7859538867838487,-0.6417057408642258,-0.7734461485416557,0.43765933640735283,1.075150472830998,1.0,0.0,0.0,0.0,0.0,1.0,0.0
IND_ANDHRAPRADESH_KHAMMAM,Andhra Pradesh,KHAMMAM,2008,Kharif,3.018,1.6411636063006723,1.2322371058845452,1.2141443629051327,0.4675331753528813,-0.40258384957962845,0.4784218810527931,0.12646750264992787,1.0817747880054054,-0.9215594686916448,0.5633166392774448,1.3634571127141268,-0.3667624385872159,0.92332448841906,0.8221370698088782,0.5544653446618951,0.15290023491489219,-0.6635001409363799,0.16575874447585184,0.3991255918442285,-0.9965652271451488,1.028901642872479,1.0,0.0,0.0,0.0,1.0,0.0,0.0
IND_ANDHRAPRADESH_KHAMMAM,Andhra Pradesh,KHAMMAM,2008,Rabi,3.228998,-0.28259431831378407,1.2322371058845452,1.2141443629051327,0.42317830629269937,0.453726927526927,-1.3498297620433568,-0.5069614706847114,-0.6918168707428627,-1.3882971064632748,-0.761002949651938,-0.08417970479597014,0.7970197611409121,-0.4292061801212356,1.0059465690015437,0.001829950905935592,-0.354535932751852,1.3344475088784644,-0.9146543095284163,-0.7411097359217416,0.58874387737852,0.37404878708078093,1.0,0.0,0.0,0.0,0.0,1.0,0.0
IND_ANDHRAPRADESH_KRISHNA,Andhra Pradesh,KRISHNA,2008,Kharif,3.503001,3.4675952649666155,1.3401384380599264,0.8092353539734269,0.4675331753528813,0.009992813329204051,1.008013345604162,0.7079819129495708,1.2712694333805388,-0.43430654212816067,0.5344496474467075,1.0953837881448574,-0.29028611863240056,0.7305842754706263,1.2991281296096209,1.0276770033435962,0.7792105294674635,-0.7216303486071277,0.23515006686680118,0.2899848263379334,-1.3649495869844324,1.2737531777198834,1.0,0.0,0.0,0.0,1.0,0.0,0.0
IND_ANDHRAPRADESH_KRISHNA,Andhra Pradesh,KRISHNA,2008,Rabi,3.877999,1.0467149975268297,1.3401384380599264,0.8092353539734269,0.42317830629269937,0.5358016687794794,-0.5995437110748162,-0.12651594783637862,-0.013874766534272984,-1.0916961187254088,-0.7493497753953087,0.004548070504489293,0.5190776610170832,0.026260503305736947,1.4833673486964956,0.3097285624858113,0.4520552227203538,0.8561414032062366,-0.935008026885784,-0.7421138647342325,-0.016884001444539946,0.9076986569506394,1.0,0.0,0.0,0.0,0.0,1.0,0.0
IND_ANDHRAPRADESH_KURNOOL,Andhra Pradesh,KURNOOL,2008,Kharif,3.329003,0.4686190973985571,-0.0734708749325743,0.40315814233704866,0.4675331753528813,0.027886251359965114,0.085758915603878,0.07199378964700899,0.3727358053890916,0.6176097775046074,-0.12393052134277062,0.35823322662445856,0.4299396389522894,0.27652663729582794,0.09310584525241876,0.5101369572168085,-0.24918258947654945,-0.040087992530504504,-0.2951104375016314,-0.19810766504734711,-0.30929680857251896,0.7463477367986561,1.0,0.0,0.0,0.0,1.0,0.0,0.0
IND_ANDHRAPRADESH_KURNOOL,Andhra Pradesh,KURNOOL,2008,Rabi,3.54501,-0.42695634623124634,-0.0734708749325743,0.40315814233704866,0.42317830629269937,0.7559479575086293,-1.305925492720182,-0.3531430971054766,-1.1349970450937168,-0.635680693333947,-0.8143045364661469,-0.8937631882369552,1.3637256377684615,-0.937058013321816,0.22721799701835335,0.1263167980790613,-0.44213118341038227,1.5408443554843667,-0.6629025116032601,-0.7955127997184432,0.9173206676281938,0.2454748832721148,1.0,0.0,0.0,0.0,0.0,1.0,0.0
IND_ANDHRAPRADESH_MAHBUBNAGAR,Andhra Pradesh,MAHBUBNAGAR,2008,Kharif,2.961996,0.6636666222580374,-0.01616497855024476,0.8470213881531867,0.4675331753528813,-0.42809484362597644,-0.13900913053340747,-0.3353552189134758,0.21761589141678833,0.6015807211427578,0.030107357454748556,0.5199047342962793,0.18138383210598666,0.4101418383545417,-0.2730091335032048,0.17865368425040637,-0.182297925051166,-0.23676596954367257,-0.16680574189187067,-0.017229913326856302,-0.1521456114896238,0.8075322105085494,1.0,0.0,0.0,0.0,1.0,0.0,0.0
IND_ANDHRAPRADESH_MAHBUBNAGAR,Andhra Pradesh,MAHBUBNAGAR,2008,Rabi,2.807003,-0.0961260405987912,-0.01616497855024476,0.8470213881531867,0.42317830629269937,0.302380565578446,-1.7220499127732458,-0.8814757715732686,-1.5035451469220669,-0.797692203761972,-0.7480281152444878,-0.6132260886686614,1.0587634212454928,-1.0738706903647777,-0.13226477364627828,-0.30126845960253884,-0.24139168764433858,1.48455430641003,-0.6906028370008613,-0.7157733423672415,1.2304858540720869,0.4990912394043216,1.0,0.0,0.0,0.0,0.0,1.0,0.0
IND_ANDHRAPRADESH_MEDAK,Andhra Pradesh,MEDAK,2008,Kharif,2.624997,0.38317421976064137,0.03211990604263495,1.3014749238188337,0.4675331753528813,-0.7641608632697365,-0.2356301997170926,-0.631409315493409,0.12907508238334034,0.10270482953964018,0.4656588483771444,0.9896971058785083,-0.03362457752414707,0.5238156080960238,-0.5683321535533505,-0.06226252972599204,-0.27848275888178237,-0.43168349205440026,0.19101020052670878,0.4350666190919817,-0.058348816436274514,0.7166558485563294,1.0,0.0,0.0,0.0,1.0,0.0,0.0
IND_ANDHRAPRADESH_MEDAK,Andhra Pradesh,MEDAK,2008,Rabi,3.335992,-0.1445995769510703,0.03211990604263495,1.3014749238188337,0.42317830629269937,0.16695948867322724,-1.9126115630779126,-1.113852574782966,-2.1300959062160176,-0.932510834551907,-0.7144708416590075,-0.4794959126544965,0.9965833796347117,-1.638680372680051,-0.41638541786554184,-0.4893334801499375,-0.27080424042882756,1.5157439499537295,-0.7013618039668862,-0.6727573260891868,1.4492164284224085,0.46980015898703503,1.0,0.0,0.0,0.0,0.0,1.0,0.0
IND_ANDHRAPRADESH_NALGONDA,Andhra Pradesh,NALGONDA,2008,Kharif,3.111002,2.2010898301560893,0.531295707870846,1.0186224262280383,0.4675331753528813,-0.0027180059460571353,0.5824135907104595,0.41057349753807226,0.6565268956685847,-0.13226138528120024,0.2197011178706959,0.803404534479098,-0.07967031944613139,0.358180899834025,0.5984056917029292,0.7856587023865172,0.344907238373877,-0.4236382149782238,-0.04209405950397527,0.0642324669679063,-0.9876618970287264,1.1191235520212823,1.0,0.0,0.0,0.0,1.0,0.0,0.0
IND_ANDHRAPRADESH_NALGONDA,Andhra Pradesh,NALGONDA,2008,Rabi,3.257999,1.7962378433598702,0.531295707870846,1.0186224262280383,0.42317830629269937,0.5340272011935636,-1.1667037094402144,-0.3843727964038784,-0.9668938360829725,-1.1651780013429287,-0.7153895566418954,-0.37564814801095275,0.8535003330746759,-0.7893971332395456,0.769990143230649,0.10104226998882274,0.9068467631994778,1.2652001277530545,-0.7433137460545578,-0.7023467541488748,0.5128463507187392,1.055767611791598,1.0,0.0,0.0,0.0,0.0,1.0,0.0
IND_ANDHRAPRADESH_NIZAMABAD,Andhra Pradesh,NIZAMABAD,2008,Kharif,3.650998,0.9050231220355524,0.0011331602520301002,1.4956215789529068,0.4675331753528813,-0.5538627039420042,-0.10976982409866272,-0.4089699714024976,0.2996882736594463,-0.1781455087056364,0.46636803187270626,1.0685662394789186,-0.16209665724382052,0.5280588706759308,-0.2530370446168049,0.11874913414506065,-0.09953318539803793,-0.35704022115072437,0.1609011511814886,0.39780809230284747,-0.37739279806108783,0.8732098585037861,1.0,0.0,0.0,0.0,1.0,0.0,0.0
IND_ANDHRAPRADESH_NIZAMABAD,Andhra Pradesh,NIZAMABAD,2008,Rabi,3.469996,0.37813410955973625,0.0011331602520301002,1.4956215789529068,0.42317830629269937,0.5192699201309138,-1.7751263832085065,-0.7738361975379866,-2.294390593568784,-1.0585452486048252,-0.7674823079523044,-0.7923162327120772,0.9712639841854429,-1.9724395929962304,-0.09487518837331718,-0.21415460648532847,0.04637734514816945,1.6938895643827077,-0.6444557007044223,-0.7386895914529409,1.0289355624124454,0.7148412000695761,1.0,0.0,0.0,0.0,0.0,1.0,0.0
IND_ANDHRAPRADESH_PRAKASAM,Andhra Pradesh,PRAKASAM,2008,Kharif,3.536999,-0.11015619062513535,0.7958439581818378,0.4707338942814897,0.4675331753528813,0.2149073040359647,1.7383878678197369,1.3625091562575518,1.1475089530288238,1.2831574684342442,0.21154550767172686,0.21765819056984267,-0.08229305764636467,0.1764627041475165,1.3211194186737176,1.5603033956947898,-0.4476531559370721,-1.0887203214569876,0.17792280041132025,-0.04171893997640638,-1.643304928756978,0.4908089869374792,1.0,0.0,0.0,0.0,1.0,0.0,0.0
IND_ANDHRAPRADESH_PRAKASAM,Andhra Pradesh,PRAKASAM,2008,Rabi,3.746001,0.46689692808226035,0.7958439581818378,0.4707338942814897,0.42317830629269937,-0.2533197898096971,0.3603821685115378,0.07608370022834597,0.222322270706734,0.333409373992932,-0.7725916526816978,-0.19834584054526883,0.6870942588509616,0.11480154671874257,1.4991674637634231,0.4736946143890322,0.10023632030948078,-0.46044390184127415,-0.8842240969901809,-0.7687021354357298,-0.06142925806201103,0.7457683737788342,1.0,0.0,0.0,0.0,0.0,1.0,0.0
IND_ANDHRAPRADESH_SRIKAKULAM,Andhra Pradesh,SRIKAKULAM,2008,Kharif,2.010001,2.3504603688374606,2.8367514851732647,1.597894743958143,0.4675331753528813,-0.9778545314372697,1.9543257407159056,0.7674816536162985,1.8012195921670355,1.912013054042684,0.6313499014312927,1.002876015508628,-0.9345236240893723,1.1091575071230735,1.2214788871323021,1.07609535802809,0.39612854525016217,-2.1849729446746236,0.39217879555189794,0.36122720135312697,-1.8895581146405385,1.1404011955372828,1.0,0.0,0.0,0.0,1.0,0.0,0.0
IND_ANDHRAPRADESH_SRIKAKULAM,Andhra Pradesh,SRIKAKULAM,2008,Rabi,2.32096,-0.8174621886311585,2.8367514851732647,1.597894743958143,0.42317830629269937,-1.3610817189540936,0.4497560961476981,-0.4914676663816272,-0.0370106892683579,0.72617843887784,-0.6941462873884552,0.17102119641364324,0.38884272440241513,0.16053332328790673,1.4538778209569982,0.014369251663886853,-0.6790803002338668,-1.3981157507613409,-0.9316759587582469,-0.678357910195665,0.2184788172101447,-0.7943700179178403,1.0,0.0,0.0,0.0,0.0,1.0,0.0
IND_ANDHRAPRADESH_VIZIANAGARAM,Andhra Pradesh,VIZIANAGARAM,2008,Kharif,2.388,1.177994858527836,2.5004643770907284,1.5280363685641372,0.4675331753528813,-1.50996650883122,-0.3934543429355671,-1.194986525268336,0.42108339921883703,-0.7062687306372446,0.5790476186335584,1.074695964888277,-1.0461869284577476,1.209264253458857,-0.7759898985615092,-0.5208776586191423,-0.005927094513054021,-0.9052105441221103,0.29882066988215567,0.6574374864267998,-0.42840205773358947,0.937437648090109,1.0,0.0,0.0,0.0,1.0,0.0,0.0
IND_ANDHRAPRADESH_VIZIANAGARAM,Andhra Pradesh,VIZIANAGARAM,2008,Rabi,2.385251,-0.832819515011346,2.5004643770907284,1.5280363685641372,0.42317830629269937,-0.8519667531001033,-2.3015618086362455,-2.1393790084297284,-1.577711874520507,-1.544121472928698,-0.6517886913353129,0.28079436228623283,0.36441127165295095,-0.43488857218944843,-0.5834123340122729,-1.3193029398882794,-0.6883987048073716,0.9942467374445985,-0.9220611356673403,-0.5480129014119833,2.208338720197299,-0.9966815193853646,1.0,0.0,0.0,0.0,0.0,1.0,0.0
IND_ANDHRAPRADESH_WARANGAL,Andhra Pradesh,WARANGAL,2008,Kharif,3.009002,1.555418534011292,0.8525059997480255,1.3357032996521332,0.4675331753528813,-0.3865221992124619,0.3554805709686104,0.06832208081477546,0.842489852122735,-0.8688383070085987,0.4934137115443861,1.2866312209168353,-0.07967031944613139,0.7329960850311784,0.5665183225599603,0.5071490769580819,0.12349694616572034,-0.561869102510231,0.1088927866125154,0.3466303660068143,-0.7185604764400224,1.0133220569186416,1.0,0.0,0.0,0.0,1.0,0.0,0.0
IND_ANDHRAPRADESH_WARANGAL,Andhra Pradesh,WARANGAL,2008,Rabi,2.949004,0.37287280329985717,0.8525059997480255,1.3357032996521332,0.42317830629269937,0.5776925807762041,-1.571112171272772,-0.4988211711582753,-1.3251703549997484,-1.3407095670966274,-0.7627920261975616,-0.39705110589862963,0.8535003330746759,-1.0930272393826106,0.7457673205134903,0.008417981968214814,0.04318489783014007,1.5922842556761976,-0.7939370943536519,-0.7430621227709119,0.6294521335646385,0.7129390119967957,1.0,0.0,0.0,0.0,0.0,1.0,0.0
IND_ANDHRAPRADESH_WESTGODAVARI,Andhra Pradesh,WEST GODAVARI,2008,Kharif,3.047999,3.176343254171989,1.5405613785784846,0.9211625636915421,0.4675331753528813,-0.32428609639887007,0.7549546893307754,0.2978941707519113,1.3151378496309964,-0.7544318668145539,0.5278735823060371,1.2533774605710677,-0.6219467477095453,1.0278790492304164,1.040530562296541,0.6939650655940385,0.6793360278003255,-0.801924678463646,0.1648755456950591,0.3423558417044927,-1.329158826429092,1.242638036266676,1.0,0.0,0.0,0.0,1.0,0.0,0.0
IND_ANDHRAPRADESH_WESTGODAVARI,Andhra Pradesh,WEST GODAVARI,2008,Rabi,4.214,2.2215662653296726,1.5405613785784846,0.9211625636915421,0.42317830629269937,0.5021541694920288,-0.86649145224093,-0.33895053027316274,-0.1928837478408205,-1.3511742426876885,-0.7640814507349479,-0.029829472832994145,0.5231365413040315,-0.02948720675739288,1.2281532763172314,0.13780299349990982,1.1649253221479852,1.0228165925408097,-0.9398455474805826,-0.7492053198292024,0.18576388032351093,1.1221010549668256,1.0,0.0,0.0,0.0,0.0,1.0,0.0
IND_KARNATAKA_BANGALORERURAL,Karnataka,BANGALORE RURAL,2008,Kharif,4.35073,-0.8314449395020083,-0.19750098158330961,-0.4216397977124417,0.4675331753528813,-1.842123225534424,-1.3395234825861142,-2.082306127735169,-0.3473850348762273,0.4571672797026,0.3852954640845394,1.0161060061838287,0.4462433092012172,1.0241590589417564,-1.8251942998105817,-1.242940557538129,-0.6806963428536827,-0.4822965589997014,0.08055013482888183,0.6500656975829695,2.1541881590689327,-0.9743430457543059,0.0,1.0,0.0,0.0,1.0,0.0,0.0
IND_KARNATAKA_BANGALORERURAL,Karnataka,BANGALORE RURAL,2008,Rabi,2.166667,-0.8594104412437077,-0.19750098158330961,-0.4216397977124417,0.42317830629269937,-0.9460135351538731,-2.4571467987001716,-2.2816072901181808,-1.4349852684859636,-0.33594794136810174,-0.7139228362306185,0.19390550460858122,1.2924627240488837,-0.14034646682887694,-1.7435146757795477,-1.4344098023147343,-0.7002015414095927,1.0327293055853541,-0.9652977305270749,-0.6128554920346985,3.453752129364484,-3.1718517233925994,0.0,1.0,0.0,0.0,0.0,1.0,0.0
IND_KARNATAKA_BANGALORERURAL,Karnataka,BANGALORE RURAL,2008,Summer,3.020501,-0.852663961445004,-0.19750098158330961,-0.4216397977124417,-2.2381138373182194,0.37021832514558545,-0.9083896659503872,-0.3590708464528663,-0.9245511038966142,0.7038704102007122,-0.6068361284006808,-1.042255786278658,-1.3089197527211407,-0.7351846601679659,-1.8250243671223498,-2.1486111474382126,-0.6852177995661308,0.9491642060285077,-0.34617538519112134,-0.4031229588762919,1.911467448539745,-1.5991877492854663,0.0,1.0,0.0,0.0,0.0,0.0,1.0
IND_KARNATAKA_BIDAR,Karnataka,BIDAR,2008,Kharif,0.74105,-0.7726541869704467,-0.3830668900350699,1.3260573039400396,0.4675331753528813,-0.679228464527004,-0.37691297157481085,-0.6872674433019235,0.011491936289696561,0.32346519820092434,0.4729924504335293,0.9725338747323065,-0.2135321913098043,0.4462856826170041,-0.7230108839979555,-0.10771749497354378,-0.6306816386100859,-0.26250381436941606,0.20688770588142008,0.4519771844635662,-0.1630754870789761,-0.47100410291641914,0.0,1.0,0.0,0.0,1.0,0.0,0.0
IND_KARNATAKA_CHITRADURGA,Karnataka,CHITRADURGA,2008,Kharif,2.137512,-0.776414519973003,-0.6853982879596192,-0.018470836404734677,0.4675331753528813,-0.6623179369498862,-0.508027665154898,-0.8279661219144341,0.01657139577137861,1.4835586565032297,-0.18793433181728578,0.36717240951310537,0.40564849317572127,0.5040739716536411,-0.7457418800578913,-0.22221208685517704,-0.633880768183098,-0.15428867610411523,-0.3783318498918153,-0.17030787937465586,0.5312855072129162,-0.49074332710515983,0.0,1.0,0.0,0.0,1.0,0.0,0.0
IND_KARNATAKA_CHITRADURGA,Karnataka,CHITRADURGA,2008,Rabi,1.71558,-0.8508785932547147,-0.6853982879596192,-0.018470836404734677,0.42317830629269937,0.13293014193058514,-1.7555834800390242,-1.023704053261711,-1.4930478738381718,-0.27888872482414595,-0.8038440799066,-0.7534435574077302,1.5308202183519775,-0.9572285919006444,-0.6439794417689466,-0.4163753220289937,-0.5000904813507943,1.3752843463672983,-0.7050150352874394,-0.7668769671374716,1.835720207678298,-1.497114351728366,0.0,1.0,0.0,0.0,0.0,1.0,0.0
IND_KARNATAKA_CHITRADURGA,Karnataka,CHITRADURGA,2008,Summer,2.098596,-0.8145708401459998,-0.6853982879596192,-0.018470836404734677,-2.2381138373182194,1.195997139433774,-0.05266560458489178,0.8404493426635696,-0.6933267657445048,1.4614142492545135,-0.6227766392441199,-1.0923152104550833,-1.2575243063616917,-1.1288305123186515,-0.752049381603066,-1.4978655215800425,-0.5785044655323984,0.9806411325322368,-0.3463560394871928,-0.49713118805357726,0.7425512756126599,-0.7647457210089398,0.0,1.0,0.0,0.0,0.0,0.0,1.0
IND_KARNATAKA_DAKSHINAKANNADA,Karnataka,DAKSHINA KANNADA,2008,Kharif,2.53649,-0.3406582837944313,-1.3294282739422296,-0.5491692637226949,0.4675331753528813,-1.3909003106989841,1.0933230358426393,-0.09398550715469235,1.2395692461397205,-0.7162204196581089,3.6085666870295388,1.9639658786509175,-0.867688397556897,1.2624905595200158,0.9011857579538874,0.37507007502917217,-0.2631734089773408,-1.8873681110362706,3.722259725832662,3.1695906477538833,-1.2331481924656609,0.3266890409312444,0.0,1.0,0.0,0.0,1.0,0.0,0.0
IND_KARNATAKA_DAKSHINAKANNADA,Karnataka,DAKSHINA KANNADA,2008,Rabi,2.248004,-0.529085726603193,-1.3294282739422296,-0.5491692637226949,0.42317830629269937,-0.3088449021184809,0.4851241036358875,0.14753071577438767,0.1448175854596083,-1.339258261722685,-0.5425421974052532,0.49257637517955777,1.1812574217277083,-0.019418658522047237,0.9596518298168022,0.5315174446419815,7.047429652399093,-0.5944779432220453,-0.8692297904162625,-0.5683979360698321,0.27413967228968095,0.12524038533808665,0.0,1.0,0.0,0.0,0.0,1.0,0.0
IND_KARNATAKA_DAKSHINAKANNADA,Karnataka,DAKSHINA KANNADA,2008,Summer,2.243781,-0.8341940905206838,-1.3294282739422296,-0.5491692637226949,-2.2381138373182194,-0.32444246851649444,1.5042909747459066,0.7371599597762664,1.198172731562839,-0.7742972613103983,1.1447181631849563,-0.3590978894056861,-2.4075243525821275,0.627202320293741,0.8997563241647542,-1.5539005218421138,-0.6334766436260705,-1.344347117484539,1.5667127378093204,1.6835427426018617,-0.46211848231207386,-1.0201965879087478,0.0,1.0,0.0,0.0,0.0,0.0,1.0
IND_KARNATAKA_DHARWAD,Karnataka,DHARWAD,2008,Kharif,0.8455,-0.34296504269515904,-1.3656452247564865,0.3684610951399253,0.4675331753528813,-1.224408683179383,-0.7137731342273047,-1.3336386776464777,0.05066513520166298,0.8726313045506976,0.23978390504048877,1.014931142147035,-0.17169465638163645,0.9121692745739072,-1.0022602709503317,-0.6337068746188623,-0.26513586577024195,-0.44835499619256897,-0.10020452474024767,0.3332138557426764,0.5506225677680024,0.32469971704762324,0.0,1.0,0.0,0.0,1.0,0.0,0.0
IND_KARNATAKA_DHARWAD,Karnataka,DHARWAD,2008,Summer,3.022222,-0.8574670758684371,-1.3656452247564865,0.3684610951399253,-2.2381138373182194,0.6737701137609413,-0.360663506767489,0.15019817817633735,-0.40378116187854673,0.302080461869834,-0.42064322520208997,-0.814434325230844,-1.4325712857296329,-0.48749609961809376,-0.9995113598172976,-1.8723301867929216,-0.6986731274517102,0.7919908280502154,-0.20381979988692725,-0.1931637925546038,1.2022120190522503,-2.1234885824611456,0.0,1.0,0.0,0.0,0.0,0.0,1.0
IND_KARNATAKA_GADAG,Karnataka,GADAG,2008,Kharif,1.596364,-0.8422203475177366,-1.1187200932133095,0.43114451806247717,0.4675331753528813,-0.5017461110259708,-0.5529326232901148,-0.8142423577545792,-0.07104914000201809,1.6331378601832263,-0.271392334999618,0.05379019795966679,-0.17169465638163645,0.39529517634570027,-0.9303087715487302,-0.21104427211763713,-0.6898631817346234,0.0047507836467800876,-0.35912227640956523,-0.25339651723144757,-0.001727280394931889,-1.1896142135294758,0.0,1.0,0.0,0.0,1.0,0.0,0.0
IND_KARNATAKA_GADAG,Karnataka,GADAG,2008,Summer,1.125466,-0.8468812644746865,-1.1187200932133095,0.43114451806247717,-2.2381138373182194,0.9454890070032267,-0.2748429800605275,0.5005153159409488,-0.5481796118001797,1.0146137990544637,-0.538706159406529,-0.8415583601672546,-1.4325712857296329,-0.8315214674963771,-0.9300288824151879,-1.6822814096803027,-0.6690183429240949,0.9440148766088681,-0.34019372072120474,-0.3725583471116695,0.8575868806825331,-1.328888236344,0.0,1.0,0.0,0.0,0.0,0.0,1.0
IND_KARNATAKA_HASSAN,Karnataka,HASSAN,2008,Kharif,2.450999,-0.11203635712641345,-0.9061681677665311,-0.5042975478074482,0.4675331753528813,-2.3006509521502236,-1.4348309722793906,-2.425189559913196,-0.3370927043472788,-0.15254459878173682,1.008055280028718,1.5323310477419452,0.04713411168156563,1.3002755759686575,-1.942367886360379,-1.521964490224218,-0.06867969544816853,-0.7746728427658018,0.6532643987740698,1.4999920449356323,2.247334360928078,0.4896873262367402,0.0,1.0,0.0,0.0,1.0,0.0,0.0
IND_KARNATAKA_HASSAN,Karnataka,HASSAN,2008,Rabi,2.013333,-0.8548601223162448,-0.9061681677665311,-0.5042975478074482,0.42317830629269937,-1.1764921667883783,-2.5480616561231604,-2.441024010955352,-1.4232153849428675,-1.2789908964573817,-0.6439070838505389,0.5504001182078371,1.23464121833143,-0.06786726900934767,-1.872548948826359,-1.5634274515195405,-0.5934756022130517,0.91689217315062,-1.0181892938768418,-0.5167577406934871,3.6727869051110305,-1.7687261446506812,0.0,1.0,0.0,0.0,0.0,1.0,0.0
IND_KARNATAKA_HASSAN,Karnataka,HASSAN,2008,Summer,2.664798,-0.772211794852499,-0.9061681677665311,-0.5042975478074482,-2.2381138373182194,-0.40965410318353723,-1.0476290919341407,-0.9979030393016948,-0.6586275538461747,-0.28601877900812256,-0.09177549694169736,-0.5628090971766907,-1.7758242773448496,-0.07659653291884587,-1.9399088604013939,-2.4951807666290193,-0.4598405259396665,0.4353403503998522,0.10686544395660481,0.41950470397887674,2.073559184590127,-0.46873817866380574,0.0,1.0,0.0,0.0,0.0,0.0,1.0
IND_KARNATAKA_HAVERI,Karnataka,HAVERI,2008,Kharif,1.2065,-0.1177400555042403,-1.2397488314249616,0.15122880816676934,0.4675331753528813,-1.31704799343347,-0.6718115671724706,-1.3460683149228256,0.147518985827171,1.0045861429418343,0.9100106617672038,1.1642410369099812,-0.06781337804491366,1.0415887832610016,-0.8735512536823425,-0.6438215840193118,-0.0735319237822648,-0.5517288845761272,0.6758060403838605,1.0376107500916474,0.6646561879337082,0.48626730087089587,0.0,1.0,0.0,0.0,1.0,0.0,0.0
IND_KARNATAKA_HAVERI,Karnataka,HAVERI,2008,Summer,3.20912,-0.7851043651469775,-1.2397488314249616,0.15122880816676934,-2.2381138373182194,0.5596072984598675,-0.2782363937440925,0.14220769707011777,-0.2957826056740792,0.7312185632351474,-0.19932962116643768,-0.7821000236964792,-1.4523976631905648,-0.3768596876762358,-0.8741610121518366,-1.8766650622502583,-0.49595750664393684,0.6423697998874047,0.05909241899552353,0.09790564099686068,1.1865143016604303,-0.5400020688314945,0.0,1.0,0.0,0.0,0.0,0.0,1.0
IND_KARNATAKA_KODAGU,Karnataka,KODAGU,2008,Kharif,2.393997,-0.3084900569322278,-1.0603223205016303,-0.7035875144423978,0.4675331753528813,-2.2863540728247713,-0.697134460682082,-1.9125949301531642,0.315756300894105,-2.613118700963101,3.0908788530756315,2.2276973143885535,-0.867688397556897,1.7076525687436657,-0.8443628154699359,-1.1048368134481747,-0.23580714491190075,-1.2972813663616707,2.9739093407070314,3.6751093156922083,0.5398419797989154,0.3535448668150656,0.0,1.0,0.0,0.0,1.0,0.0,0.0
IND_KARNATAKA_KODAGU,Karnataka,KODAGU,2008,Rabi,2.2,-0.8592840434957226,-1.0603223205016303,-0.7035875144423978,0.42317830629269937,-0.8086832209726645,-1.5374073895862332,-1.5881990248821924,-0.7523276502393618,-2.891391166907695,-0.47613683372985527,0.8635780055809624,1.1812574217277083,0.1831098304949367,-0.7932563558748115,-0.8732271117530671,-0.6972368982387039,0.47533391083635373,-0.9323182851442772,-0.39156446699795666,2.250322074100449,-2.957699337297125,0.0,1.0,0.0,0.0,0.0,1.0,0.0
IND_KARNATAKA_KODAGU,Karnataka,KODAGU,2008,Summer,2.520607,-0.852316367638045,-1.0603223205016303,-0.7035875144423978,-2.2381138373182194,-0.6839531363665933,-0.3081203271509762,-0.7771039257956825,0.16809887717610497,-2.7278669930700765,0.8929419044535509,-0.18511584987006968,-2.4075243525821275,0.6961101455193198,-0.8446227125225476,-2.375396157240124,-0.6842440127718201,-0.3160128289712439,1.184789483215001,1.81925065265928,0.9512772000178901,-1.5774006004547436,0.0,1.0,0.0,0.0,0.0,0.0,1.0
IND_KARNATAKA_KOLAR,Karnataka,KOLAR,2008,Kharif,1.57705,-0.7973649467015304,0.07396201585600445,-0.4458303378409435,0.4675331753528813,-1.61647825980579,-1.126577651862557,-1.7920003621958807,-0.2854854352933797,0.6090254961354648,0.3633268935288192,0.8543834174669254,0.38435590784817053,0.8888979286760486,-1.6477046049821784,-1.0067020905241715,-0.6517037090470897,-0.4585832368517644,0.11674121214183593,0.5576163467176735,1.6737551066891785,-0.620282578936261,0.0,1.0,0.0,0.0,1.0,0.0,0.0
IND_KARNATAKA_KOLAR,Karnataka,KOLAR,2008,Summer,2.137615,-0.8561556992330919,0.07396201585600445,-0.4458303378409435,-2.2381138373182194,0.4744291721037212,-0.7166070603501444,-0.1955594195220094,-0.8635374076121198,0.6950962111021685,-0.645825102849901,-1.0702992800264712,-1.4499422911651327,-0.7580540378057385,-1.6446458165941542,-2.0599053909044596,-0.6949995577749197,0.8924951755948032,-0.38371133337482766,-0.46764979703918,1.5479241540705067,-1.9107456072295312,0.0,1.0,0.0,0.0,0.0,0.0,1.0
IND_KARNATAKA_KOPPAL,Karnataka,KOPPAL,2008,Kharif,3.704999,-0.2223657913988923,-0.8810958694992852,0.4841698717717585,0.4675331753528813,-0.25628656410721246,-0.38759188632094815,-0.5338381676727063,-0.005678595144763698,1.5236692809537324,-0.2936993794964029,0.017726980134609348,0.1793894687057431,0.2700380608844096,-0.6920831347414255,0.017136714526476207,-0.16253940828363572,0.07853143184426158,-0.3727315667136052,-0.29984156640637716,0.033359990016341094,0.4183832105256813,0.0,1.0,0.0,0.0,1.0,0.0,0.0
IND_KARNATAKA_KOPPAL,Karnataka,KOPPAL,2008,Summer,3.286062,-0.3083320597472465,-0.8810958694992852,0.4841698717717585,-2.2381138373182194,1.2288352841344072,-0.06777176872463551,0.8741267376084715,-0.6228431630144456,1.0115371318380892,-0.5775339557885758,-0.8822699530944088,-1.310852982368924,-1.0928246216602462,-0.6957616776394248,-1.4795953685225665,0.8396641309496344,1.0174522361783644,-0.3725509124175331,-0.4439976835754072,0.6528970265115311,0.3536728652025421,0.0,1.0,0.0,0.0,0.0,0.0,1.0
IND_KARNATAKA_MANDYA,Karnataka,MANDYA,2008,Kharif,3.192001,0.21773536736666663,-0.5729209373097439,-0.6394047821920191,0.4675331753528813,-1.5862314244828888,-1.0967545323209655,-1.771805963618559,-0.12814073265779677,0.16165529274719603,0.30195028554922837,1.135124841215532,0.04713411168156563,1.0468119921317864,-1.326471847998323,-0.9902687491011669,0.21186430101362602,-0.45632985508863316,-0.07001518459677479,0.48500281493819203,1.3024961947731546,0.6528649268262973,0.0,1.0,0.0,0.0,1.0,0.0,0.0
IND_KARNATAKA_MANDYA,Karnataka,MANDYA,2008,Rabi,3.142857,-0.8593788418067114,-0.5729209373097439,-0.6394047821920191,0.42317830629269937,-0.5135151381046152,-2.0465012401113905,-1.7073681681352102,-1.216353838413353,-0.7918105977728361,-0.6402966951458569,0.0719239689623527,1.23464121833143,-0.2538890787103535,-1.2511581639030207,-0.9696719679733615,-0.6994604185842282,1.0763806455279026,-0.8256720323635129,-0.5629814586749633,2.475362013252798,-3.10795033196923,0.0,1.0,0.0,0.0,0.0,1.0,0.0
IND_KARNATAKA_MANDYA,Karnataka,MANDYA,2008,Summer,3.22145,-0.5253411933191349,-0.5729209373097439,-0.6394047821920191,-2.2381138373182194,0.43576058130317563,-0.610061168350004,-0.17334859068435282,-0.505500115653211,0.18243229234418903,-0.5017157929902575,-0.8221475630376197,-1.7758242773448496,-0.4264088166362016,-1.3293207195361711,-2.047855906582373,0.23173854228790375,0.7849138009503771,-0.30175450105714213,-0.2731042037507231,1.1168946710455634,0.13027082897298317,0.0,1.0,0.0,0.0,0.0,0.0,1.0
IND_KARNATAKA_RAICHUR,Karnataka,RAICHUR,2008,Kharif,3.543501,0.6322567818837445,-0.5535249870824451,0.6262314428335712,0.4675331753528813,0.06945889577348838,-0.13139523459823613,-0.0560043879228196,0.1652185341006025,1.0440890306582404,-0.20258541812333822,0.1954890170059976,0.16612344441971888,0.14036643009334795,-0.22200933495540895,0.40597749213176637,0.5645066394816967,0.14982983919328186,-0.32911359056216405,-0.2566999592328103,-0.41390189423528667,0.7982282062149156,0.0,1.0,0.0,0.0,1.0,0.0,0.0
IND_KARNATAKA_RAICHUR,Karnataka,RAICHUR,2008,Summer,2.669499,0.25431171568984984,-0.5535249870824451,0.6262314428335712,-2.2381138373182194,1.9630358846809324,0.4356575709760232,1.7276636092212816,-0.797091924667194,0.974047372053388,-0.6606051316096923,-1.0366368713200793,-1.2990461506008806,-1.6202902267653092,-0.23379466668569027,-1.0165474008849036,2.415844821751713,1.2317171536709695,-0.41534590788687087,-0.5820178274952996,-0.03318082262725657,0.6677736747157622,0.0,1.0,0.0,0.0,0.0,0.0,1.0
IND_KARNATAKA_RAMANAGARA,Karnataka,RAMANAGARA,2008,Kharif,2.644114,-0.7608201978153435,-0.338848481629646,-0.5863816236647694,0.4675331753528813,-1.5036222686305447,-1.0737912167848558,-1.6850693664503682,-0.15963063184726953,0.07246992701823872,0.345274950005411,1.0101295239097012,0.17601508600791996,0.9513433411047552,-1.3526214899036464,-0.9196862006941259,-0.6206142140007825,-0.4078469380912959,0.03305812766169237,0.5145194906110807,1.31975991527863,-0.41403072272288793,0.0,1.0,0.0,0.0,1.0,0.0,0.0
IND_KARNATAKA_RAMANAGARA,Karnataka,RAMANAGARA,2008,Summer,3.138889,-0.8539121392063567,-0.338848481629646,-0.5863816236647694,-2.2381138373182194,0.5937857755972604,-0.6106814697760374,-0.051459895843579816,-0.6095293621387051,0.16306068394479908,-0.6053049367625348,-0.9872925817747465,-1.6095715385986347,-0.60705906114649,-1.3536410860329757,-1.9817306877416412,-0.6887144413553087,0.9098972683514848,-0.3658667034628947,-0.4221360964104204,1.1952242121245618,-1.6875581498273917,0.0,1.0,0.0,0.0,0.0,0.0,1.0
IND_KARNATAKA_UDUPI,Karnataka,UDUPI,2008,Kharif,2.308503,-0.05318240572085944,-1.4848945567694636,-0.3353775587209606,0.4675331753528813,-1.696116345423304,0.46132102213130055,-0.7380995434466311,0.8056350123411822,-1.0409797369420026,3.2260588980138736,1.978217490227674,-0.47161684600013987,1.3139044406451446,0.08478913956999688,-0.1490824929816872,-0.018611381295277868,-1.670515325425065,3.240294136613963,3.1297229793549026,-0.34357523613956414,0.5235270559826839,0.0,1.0,0.0,0.0,1.0,0.0,0.0
IND_KARNATAKA_UDUPI,Karnataka,UDUPI,2008,Rabi,2.189765,-0.6965785424019253,-1.4848945567694636,-0.3353775587209606,0.42317830629269937,-0.7795505063025492,-0.4813323831422635,-0.7965321999350777,-0.2905583637886165,-1.6899394707632545,-0.6209392092783442,0.9930173738085767,1.5237076570195078,0.13820075715450827,0.14562427302753767,-0.23252272282997252,3.118954120952092,-0.2659954147086901,-1.163515638716431,-0.5940726078506485,1.5520864848154077,-0.19034345353963952,0.0,1.0,0.0,0.0,0.0,1.0,0.0
IND_KARNATAKA_UDUPI,Karnataka,UDUPI,2008,Summer,2.181818,-0.8571668812169725,-1.4848945567694636,-0.3353775587209606,-2.2381138373182194,-0.5381584755579586,0.8106480271696678,0.11615963154302648,0.7339522486619029,-1.2506109266601098,0.8769691579966783,-0.22506122712105336,-2.0872997439875536,0.6174266424891355,0.08581873173980185,-1.8907962664247382,-0.6978322264098982,-1.0107761983612282,1.1805942890062349,1.517230821435751,0.44655090745981524,-2.0650934010159214,0.0,1.0,0.0,0.0,0.0,0.0,1.0
IND_KARNATAKA_UTTARAKANNADA,Karnataka,UTTARA KANNADA,2008,Kharif,1.491502,0.3628715814905375,-1.6482627368515945,0.13753599437876132,0.4675331753528813,-1.3681593370219423,1.2969035313104842,0.03958042561157232,1.2843206196918233,-0.0716396460548705,2.365916024736867,2.2959415906127405,-0.5439611256035813,1.195759071323935,0.8752560289392056,0.4837603421458993,0.3353347562415945,-2.0167791215110107,2.044242260424494,2.0075944380465707,-1.0719854265356743,0.7093006465647412,0.0,1.0,0.0,0.0,1.0,0.0,0.0
IND_KARNATAKA_UTTARAKANNADA,Karnataka,UTTARA KANNADA,2008,Rabi,2.323253,-0.8292961777862619,-1.6482627368515945,0.13753599437876132,0.42317830629269937,-1.0359273800454936,0.2655049202081323,-0.41881019737440334,0.13910480297263558,-0.8168647115966876,-0.7310560647711397,1.781044656226654,1.655218384894741,0.33413327086673095,0.9593905047584602,0.07317171478854637,0.006116151399116072,-1.008528426837723,-1.6103138582999157,-0.7157978531574566,1.2376145147073092,-0.9415186984400435,0.0,1.0,0.0,0.0,0.0,1.0,0.0
IND_KARNATAKA_UTTARAKANNADA,Karnataka,UTTARA KANNADA,2008,Summer,2.210175,-0.8406561753864211,-1.6482627368515945,0.13753599437876132,-2.2381138373182194,-0.5211362536111016,1.5993430462049416,0.693234885672549,1.2069966230141147,-0.4749489362209982,0.2812066683040251,-0.14328047395119936,-1.863851869938537,0.6420014120942874,0.8793044253351219,-1.5777300914465697,-0.6515794798521823,-1.5681448961078828,0.40651070304022147,0.6283284930191715,0.18943165942355464,-1.1511652279411284,0.0,1.0,0.0,0.0,0.0,0.0,1.0
IND_TAMILNADU_COIMBATORE,Tamil Nadu,COIMBATORE,2008,Kharif,9.886125,-0.8189473621699832,-0.5132307587234963,-1.2547600387087559,0.4675331753528813,-1.4672992595943362,-0.592510286825323,-1.3907307403904134,0.24163390121956785,-0.4375731270739404,0.3443562350225227,0.9094487840609948,-0.49541391079364316,1.1974668418017247,-0.6268689666258266,-0.6801659635599266,-0.6840383815616679,-0.727527871190315,0.07147727462619018,0.4536591825278546,0.3029062371622711,-0.8103868089840849,0.0,0.0,1.0,0.0,1.0,0.0,0.0
IND_TAMILNADU_CUDDALORE,Tamil Nadu,CUDDALORE,2008,Kharif,2.0765,0.8438782114477688,0.6401433328649972,-1.0173719561818362,0.4675331753528813,0.6588254070910562,1.3070472840420002,1.318237978452421,0.9283371784438484,0.20138608173888625,0.5614147380848005,0.10727205215631813,0.5645170763776761,0.03551217696974045,1.2873527939197995,1.5242773968374845,0.15897896077719378,-0.42671901035750875,0.6570179935924428,0.23314825078191434,-1.1563859657219207,0.8574625009129977,0.0,0.0,1.0,0.0,1.0,0.0,0.0
IND_TAMILNADU_DHARMAPURI,Tamil Nadu,DHARMAPURI,2008,Kharif,3.816133,-0.5377913714956655,0.08151263418860487,-0.8134084470008486,0.4675331753528813,-0.48079224726461056,-0.3293322033665368,-0.50482564870321,0.1621286044015492,-0.6360751378488643,0.3875519570249662,0.5752255061157396,0.2834170671713263,0.4784764425701581,-0.42292974867757516,0.04074586673479491,-0.5414982893071223,-0.14055713098504077,0.25660778270015894,0.3396413005547161,0.09540273601340686,0.11332134928398746,0.0,0.0,1.0,0.0,1.0,0.0,0.0
IND_TAMILNADU_DINDIGUL,Tamil Nadu,DINDIGUL,2008,Kharif,3.70002,-0.5493251659993043,-0.12437908046125698,-1.4464023570080367,0.4675331753528813,-0.6027624990098169,-0.3165856172003135,-0.6904576165496037,0.007292628398497038,0.45283715547214676,-0.04003733737907,-0.06144863973626744,0.32174291900678276,0.4280472647567389,-0.539163707421942,-0.11031352208358493,-0.5473457180253605,-0.2459027284113528,-0.025714736660176186,-0.041850372025916856,0.3133852902018848,0.09702379867407877,0.0,0.0,1.0,0.0,1.0,0.0,0.0
IND_TAMILNADU_ERODE,Tamil Nadu,ERODE,2008,Kharif,5.159146,-0.25837334985614263,-0.3222312979575126,-1.042661916644677,0.4675331753528813,-0.0394654535872552,-0.11633772155072564,-0.16052770574555392,0.11798101989079259,-1.136850206746045,-0.02711085639177191,0.07994369303959573,0.3795604159535849,0.18974906332428287,-0.15665522227304154,0.32092086804514575,-0.3998391916242855,0.053092864283919086,-0.0651776640019767,-0.08888496249244485,-0.14539544658828835,0.39241028862615684,0.0,0.0,1.0,0.0,1.0,0.0,0.0
IND_TAMILNADU_KANNIYAKUMARI,Tamil Nadu,KANNIYAKUMARI,2008,Kharif,4.599824,-0.5722505575400986,-0.31241896934442215,-2.2087839546155306,0.4675331753528813,-1.1358350479834416,0.32964684099049296,-0.5506016252100847,0.9469302054357608,0.46180127230009943,0.40937546732023,0.8226110074284197,0.29581719699612014,1.3262251245935262,0.5158583893886232,0.0034953267878454343,-0.5589682856124775,-1.133682329449435,0.18657413392318004,0.36772964060020114,0.15081669350009883,0.0627488532133372,0.0,0.0,1.0,0.0,1.0,0.0,0.0
IND_TAMILNADU_KARUR,Tamil Nadu,KARUR,2008,Kharif,3.849373,-0.6126820371768268,0.026074902983970957,-1.2962782482065152,0.4675331753528813,0.44792409816678336,0.46085883675504663,0.5722189740787744,0.4802651064022659,0.09374071271168567,0.19091471507354493,-0.01961326381739801,0.8274122558525406,0.08300151591053229,0.6475462267207741,0.9171989062359912,-0.5794662546416263,0.01946818328722311,0.24546743444242786,0.021860764109425234,-0.41305509971466137,-0.004962945205602894,0.0,0.0,1.0,0.0,1.0,0.0,0.0
IND_TAMILNADU_KRISHNAGIRI,Tamil Nadu,KRISHNAGIRI,2008,Kharif,3.577252,-0.6285923537044491,0.0038104879740130993,-0.6794255116803115,0.4675331753528813,-1.1148141676002492,-0.7642486424237188,-1.215722651378283,-0.03402455469537499,0.15983208254489903,0.4364211469919082,0.8682774617281351,0.2834170671713263,0.7601539169467353,-1.016374680113274,-0.5377518348344225,-0.5875324957530145,-0.32545766737686177,0.20231113038094803,0.515066340741302,0.8487770240316603,-0.034703450468831956,0.0,0.0,1.0,0.0,1.0,0.0,0.0
IND_TAMILNADU_MADURAI,Tamil Nadu,MADURAI,2008,Kharif,4.006477,0.19422538624144128,-0.013487650828255086,-1.6214322694168066,0.4675331753528813,0.5190957505587851,0.5538067484748042,0.6727395273548767,0.45578429454386044,-0.802443068808335,0.20867653807604225,0.07483558853179723,0.9447118917601249,0.006532406076483747,0.6432479293127739,0.9989982510241534,-0.17038133824480614,0.00828929719670723,0.23047312786850885,0.02569256265630657,-0.40422141869559164,0.6430124516405674,0.0,0.0,1.0,0.0,1.0,0.0,0.0
IND_TAMILNADU_NAMAKKAL,Tamil Nadu,NAMAKKAL,2008,Kharif,4.838666,-0.6398417532751214,0.05618673883841943,-1.0910418993106639,0.4675331753528813,0.1912727754010892,0.15445425784322872,0.23854490995536787,0.35267903888569446,-0.5478013772210585,0.26663617103155923,0.20330441690292858,0.4732544058663905,0.17971174937405504,0.23800844810398958,0.6456691650185138,-0.5932356485113969,0.03895641462929753,0.25217171609662997,0.12508332802521818,-0.4158104446819213,-0.05699478489939549,0.0,0.0,1.0,0.0,1.0,0.0,0.0
IND_TAMILNADU_PERAMBALUR,Tamil Nadu,PERAMBALUR,2008,Kharif,9.177676,-0.6636993282073057,0.3868219193408594,-1.1258900482043204,0.4675331753528813,0.14588018354279753,0.3375526434790892,0.33494231478872133,0.4301524396825959,-0.18589415206539125,0.34396940766130696,0.22925358780254548,0.4732544058663905,0.20666027237312024,0.33990808479471024,0.7241132672210585,-0.6053309856385465,-0.129325431259439,0.33828359722395634,0.17944654708851968,-0.49539890059694836,-0.10830829698782,0.0,0.0,1.0,0.0,1.0,0.0,0.0
IND_TAMILNADU_PUDUKKOTTAI,Tamil Nadu,PUDUKKOTTAI,2008,Kharif,1.865105,0.663271629295584,0.3933337288818307,-1.4549727135244714,0.4675331753528813,0.7259984010467153,0.9695546571904201,1.1133144912497401,0.7175470450887547,-0.07255125115602024,0.21847616456017868,-0.019715425907554467,0.8274122558525406,-0.021277137692714807,1.1374521708264116,1.3575193912498742,0.0674152100060417,-0.12953668579973399,0.2798318960951047,-0.012149820106687264,-0.8251087026696534,0.8074164038980824,0.0,0.0,1.0,0.0,1.0,0.0,0.0
IND_TAMILNADU_RAMANATHAPURAM,Tamil Nadu,RAMANATHAPURAM,2008,Kharif,1.576063,1.175324706101651,0.36740765376867396,-1.7949314082219572,0.4675331753528813,0.2829068363275991,1.6118463769099796,1.2647875285666612,1.1810892473170778,1.8409838232449183,-0.009768096363924776,-0.2315996008910356,0.9447118917601249,0.24819382123539344,1.4376732507135555,1.480781697333359,0.3270151969185859,-0.9435532431853701,0.07884395536598754,-0.20453040106518522,-0.8488523926448625,0.9368520931150083,0.0,0.0,1.0,0.0,1.0,0.0,0.0
IND_TAMILNADU_SALEM,Tamil Nadu,SALEM,2008,Kharif,4.022286,-0.38673026293499385,0.1037089536855479,-0.9883955533599948,0.4675331753528813,0.1912727754010892,0.15445425784322872,0.23854490995536787,0.35267903888569446,-0.5478013772210585,0.26663617103155923,0.20330441690292858,0.4732544058663905,0.17971174937405504,0.23800844810398958,0.6456691650185138,-0.46491342055762636,0.03895641462929753,0.25217171609662997,0.12508332802521818,-0.4158104446819213,0.28517407885377893,0.0,0.0,1.0,0.0,1.0,0.0,0.0
IND_TAMILNADU_SIVAGANGA,Tamil Nadu,SIVAGANGA,2008,Kharif,1.634716,0.41753860749408567,0.25050409477294255,-1.6045227822246366,0.4675331753528813,0.657842496637445,1.1647428392472932,1.2079061376409796,0.8495686613760877,0.14365109199952636,0.1485732368271206,-0.08872591780791132,0.9447118917601249,0.026668875247713976,1.2244177230344988,1.434494044144844,-0.05716617011281622,-0.3245070219455316,0.2198948151985558,-0.07616038109378055,-0.808403184980044,0.7288357191536152,0.0,0.0,1.0,0.0,1.0,0.0,0.0
IND_TAMILNADU_THANJAVUR,Tamil Nadu,THANJAVUR,2008,Kharif,2.016788,1.938435309843088,0.5755751674258607,-1.3722110581466194,0.4675331753528813,0.37186023238062127,1.6748738669036682,1.382583170938737,1.1359842138734237,0.9056010223755427,0.34390493643443754,-0.001990303265493232,0.765689214096301,0.15175949497997868,1.430955911508478,1.5766387738306253,0.7138961949630364,-0.9190653210563493,0.4290724173495728,0.058146428524009044,-1.0574982017136205,1.079058221468541,0.0,0.0,1.0,0.0,1.0,0.0,0.0
IND_TAMILNADU_THENILGIRIS,Tamil Nadu,THE NILGIRIS,2008,Kharif,3.930323,-0.8473552560296305,-0.6512157492996632,-1.0589889488710345,0.4675331753528813,-1.750623197851574,-1.1762504170370462,-1.9823273019917138,-0.2704263417913812,-0.6172352990918147,0.2127382253688091,0.6866332654308235,-0.5408242625669977,1.0462363926114198,-1.5929263031315486,-1.161582047542238,-0.6984406153521951,-0.528350048783668,-0.004879274513285175,0.42851525919162026,0.9697881883723092,-1.3458263467225895,0.0,0.0,1.0,0.0,1.0,0.0,0.0
IND_TAMILNADU_THENI,Tamil Nadu,THENI,2008,Kharif,5.153861,-0.6134562233832355,-0.28464257477421645,-1.6145979360239784,0.4675331753528813,-1.312736590761896,-0.9391979701097977,-1.5305566357559022,-0.2398760752689552,-1.1803033832340888,0.1916077807623902,0.5304274295823462,0.028759911389968817,0.7550163344508806,-1.2919855083295797,-0.7939503216095647,-0.5798586852524339,-0.3548220484776458,0.030187731624112944,0.317438088395472,0.9780601110387309,-0.006365160500845199,0.0,0.0,1.0,0.0,1.0,0.0,0.0
IND_TAMILNADU_THIRUVALLUR,Tamil Nadu,THIRUVALLUR,2008,Kharif,3.840759,0.439768811420962,0.8951906154258501,-0.3953407852422446,0.4675331753528813,0.23807271631796995,1.646242699121901,1.2776987014275878,1.1925197145775461,0.6609110198091267,0.8448624870157573,0.1302585224414108,0.14531792472660543,0.25719410464478837,1.3106435682468094,1.4912882598824895,-0.04589593960661013,-1.0037783917140155,1.000983773312222,0.4582655313325961,-1.4278030384730258,0.7365414813692175,0.0,0.0,1.0,0.0,1.0,0.0,0.0
IND_TAMILNADU_THIRUVARUR,Tamil Nadu,THIRUVARUR,2008,Kharif,1.160475,1.953381843542324,0.7291211567861182,-1.378547085218193,0.4675331753528813,0.37186023238062127,1.6748738669036682,1.382583170938737,1.1359842138734237,0.9056010223755427,0.34390493643443754,-0.001990303265493232,0.765689214096301,0.15175949497997868,1.430955911508478,1.5766387738306253,0.7214737202440921,-0.9190653210563493,0.4290724173495728,0.058146428524009044,-1.0574982017136205,1.0814372277085884,0.0,0.0,1.0,0.0,1.0,0.0,0.0
IND_TAMILNADU_TIRUCHIRAPPALLI,Tamil Nadu,TIRUCHIRAPPALLI,2008,Kharif,3.617593,0.28635354480406827,0.24439146582549692,-1.274815953480065,0.4675331753528813,0.5563346534267715,0.7165203264631484,0.8309239668815762,0.6035333247311857,0.14023257287022411,0.2609143496469082,0.0481712830010889,0.8274122558525406,0.050886868290645974,0.862681010010707,1.1277220103674457,-0.12367435021769187,-0.0801207279161004,0.306006696325882,0.05129498003334758,-0.6157996789770311,0.680437236902257,0.0,0.0,1.0,0.0,1.0,0.0,0.0
IND_TAMILNADU_TIRUNELVELI,Tamil Nadu,TIRUNELVELI,2008,Kharif,4.097832,0.5832302553840306,-0.21908538071159234,-2.009170930358211,0.4675331753528813,-1.0225992959511254,0.06255234460657808,-0.640829355366287,0.8903940033038409,-0.14958188220300636,0.497894461811804,1.0299489693999622,0.29581719699612014,1.3362576815229172,0.5484054972035217,-0.06992815694715293,0.02683584979814854,-0.8511469863520109,0.2153383123976456,0.46759513692094007,0.2403615248633156,0.7833070263380605,0.0,0.0,1.0,0.0,1.0,0.0,0.0
IND_TAMILNADU_TIRUVANNAMALAI,Tamil Nadu,TIRUVANNAMALAI,2008,Kharif,3.120586,0.7501700810353282,0.5691892171779028,-0.6941694517979556,0.4675331753528813,0.31141123948272714,0.73763490049423,0.7043703960653918,0.7832652175585729,-0.4419032513043937,0.6773984752227031,0.45263099792857264,0.379407080476073,0.29083099893011094,0.8515654129928621,1.024738104728452,0.11147086149930154,-0.28841770464541333,0.6657496179025563,0.4081572014216378,-0.856469976819273,0.8321966986358815,0.0,0.0,1.0,0.0,1.0,0.0,0.0
IND_TAMILNADU_VELLORE,Tamil Nadu,VELLORE,2008,Kharif,3.624713,-0.11042478583960365,0.4730824974806388,-0.5657191069252958,0.4675331753528813,-0.8994004061388841,-0.39931679955018445,-0.8177033947685721,0.16071677054649378,0.016178312022361585,0.4074090949007156,0.9591506409218732,0.379407080476073,0.6968189416229104,-0.6384843656678708,-0.2138607166238155,-0.3248323981367487,-0.41980042416289964,0.13047093864325554,0.4114151758745165,0.49681682415336736,0.4906489220877887,0.0,0.0,1.0,0.0,1.0,0.0,0.0
IND_ANDHRAPRADESH_ADILABAD,Andhra Pradesh,ADILABAD,2009,Kharif,1.987011,-0.26113830059331633,0.35229514612201734,1.8139650479090488,0.4675331753528813,0.04470742344131251,0.35596708189098575,0.2919050719190097,0.5460424793775329,-0.2643681578558614,0.28526835559679264,1.2269685602657503,0.008938544892352785,0.3236829847785654,0.10308189365514825,0.6890913920572648,-0.42578881763337345,-0.22238305625869473,-0.12688114246011148,0.1345186556272013,-0.8266732167157358,0.3903519995202399,1.0,0.0,0.0,0.0,1.0,0.0,0.0
IND_ANDHRAPRADESH_ADILABAD,Andhra Pradesh,ADILABAD,2009,Rabi,2.269043,-0.6978109204447799,0.35229514612201734,1.8139650479090488,0.3788234372325174,1.3560207990116666,-1.2971900437848092,0.20211547928533818,-2.9318542722737635,-1.3366021070196903,-1.0108128359638289,-1.4543265769227636,0.8864694651240319,-2.7675543045508686,0.28972188662487064,0.5353625036634581,-0.5917824099220709,2.0074204825852893,-0.6873510596715774,-0.9799778985265226,0.03212323988744835,-0.1937316742466705,1.0,0.0,0.0,0.0,0.0,1.0,0.0
IND_ANDHRAPRADESH_ANANTAPUR,Andhra Pradesh,ANANTAPUR,2009,Kharif,3.150003,-0.35043830954477706,-0.2678187564418995,-0.006791370403704205,0.4675331753528813,-0.18491386184970976,-0.012200058616348345,-0.17867557808850834,0.2831511315190571,1.8162945184221673,-0.22453787087234145,0.28671976351527895,0.6219617576536723,0.36638676076489546,-0.28914274284385955,0.3061529025040532,-0.46739921941122536,-0.13689538561995093,-0.3923024487879971,-0.2660179767756261,0.07279144092923844,0.3181933043939054,1.0,0.0,0.0,0.0,1.0,0.0,0.0
IND_ANDHRAPRADESH_ANANTAPUR,Andhra Pradesh,ANANTAPUR,2009,Rabi,2.41399,-0.5526431068839127,-0.2678187564418995,-0.006791370403704205,0.3788234372325174,1.0667204097491072,-1.0721764574665298,0.06123140282174371,-1.7500221299242336,-0.005852564296394926,-0.9069980428975092,-1.431033620367202,1.5987989467134436,-1.6204395210018958,-0.18120030638713552,0.4219699987625054,-0.490511620702392,1.6165884950969631,-0.5672159527841544,-0.8869191442760337,0.7423985738739117,0.09222314457608606,1.0,0.0,0.0,0.0,0.0,1.0,0.0
IND_ANDHRAPRADESH_CHITTOOR,Andhra Pradesh,CHITTOOR,2009,Kharif,2.844013,-0.547429199779528,0.42459567446986046,-0.36461738338663735,0.4675331753528813,-0.6513495498423851,-0.39856270762050405,-0.7415605804606417,0.0017300254552941618,1.0787300245018563,-0.04828965441834237,0.5302231054020328,0.6440901716625359,0.4827292191917201,-0.9787695758136524,-0.15189893748787003,-0.5591891037657724,-0.22486529710713704,-0.2684940378804565,-0.04378413289793517,0.6526296674522808,0.0997440343341654,1.0,0.0,0.0,0.0,1.0,0.0,0.0
IND_ANDHRAPRADESH_CHITTOOR,Andhra Pradesh,CHITTOOR,2009,Rabi,3.24099,-0.30416093406373873,0.42459567446986046,-0.36461738338663735,0.3788234372325174,-0.20352263752352326,-1.8104738503715618,-1.4036891356636243,-1.3306940354632224,-0.41415595625743884,-0.7762987482266838,-0.5635753128528609,1.2229736913436025,-0.445294478429994,-0.858375828332747,-0.7570916348113096,-0.3171673960631909,1.149861271491964,-0.7453210160109052,-0.723862306727402,2.0927647635821724,0.35703882062187636,1.0,0.0,0.0,0.0,0.0,1.0,0.0
IND_ANDHRAPRADESH_EASTGODAVARI,Andhra Pradesh,EAST GODAVARI,2009,Kharif,3.050002,2.3343604556878605,1.9295220096615435,0.9989009108529308,0.4675331753528813,0.2973377488967403,1.3889027467316013,1.0908327986457533,1.4433241990499805,-0.4677320625035782,0.02967217667338087,0.5900900902334307,-0.8090270543874696,0.5849385687341382,1.2090438127705565,1.339224747370607,0.7836112499819269,-0.7708350519504574,-0.1949275939803048,-0.15930566423774167,-1.9972730119584685,1.1381559301518778,1.0,0.0,0.0,0.0,1.0,0.0,0.0
IND_ANDHRAPRADESH_EASTGODAVARI,Andhra Pradesh,EAST GODAVARI,2009,Rabi,4.371997,0.7902539668650975,1.9295220096615435,0.9989009108529308,0.3788234372325174,1.2170283253195917,-0.011890008699795838,0.5657972248345872,-0.0004936928524316993,-0.9324462664442551,-0.8583706200313258,-1.0899654823814964,0.37833272994086425,-0.36442612304022004,1.4117246341527425,0.8280768057317623,0.44630969839060325,0.9677055851837749,-0.6406820331864881,-0.8522658630405903,-0.6719183927307428,0.8431796254991841,1.0,0.0,0.0,0.0,0.0,1.0,0.0
IND_ANDHRAPRADESH_GUNTUR,Andhra Pradesh,GUNTUR,2009,Kharif,3.585999,2.1506571287100416,0.9900908704822137,0.6550402800936405,0.4675331753528813,0.5858666447833815,1.3523414509151133,1.303430759227315,1.0674009894539136,0.5566841699112303,0.058651993151138886,0.4325561472129248,-0.08246343039914969,0.15894259643250314,1.1736378373773393,1.5122279125153957,0.698012626738369,-0.5169951172428995,-0.0969326747113999,-0.15456932151740002,-1.6064236651099268,1.1117042741941356,1.0,0.0,0.0,0.0,1.0,0.0,0.0
IND_ANDHRAPRADESH_GUNTUR,Andhra Pradesh,GUNTUR,2009,Rabi,3.412998,0.915371937651831,0.9900908704822137,0.6550402800936405,0.3788234372325174,1.020487456605201,-0.1407889272585509,0.47508978813093095,-0.0767865348751206,-0.5029442785123251,-0.7709154007830958,-0.9567971978631887,0.44993137820270074,-0.34237417766957223,1.3588070317273913,0.7550696659672383,0.5335936167147078,0.906103002585317,-0.5840970931170406,-0.7761849714450938,-0.5446030490077355,0.8758210128049991,1.0,0.0,0.0,0.0,0.0,1.0,0.0
IND_ANDHRAPRADESH_KARIMNAGAR,Andhra Pradesh,KARIMNAGAR,2009,Kharif,3.230003,0.4815748665670281,0.6485176720929396,1.5303178944226856,0.4675331753528813,0.3308907375636414,0.6293862202657703,0.6267528790297497,0.745221177102413,-0.3138227345931284,0.15078137634739402,0.905362300454754,0.27781080141200987,0.27278761892385545,0.43794924985875516,0.9615762753246613,-0.07971376898850542,-0.19472631602528112,-0.16799003116611688,-0.017358124274494357,-0.8753449777146397,0.7506823155789323,1.0,0.0,0.0,0.0,1.0,0.0,0.0
IND_ANDHRAPRADESH_KARIMNAGAR,Andhra Pradesh,KARIMNAGAR,2009,Rabi,3.088999,0.36391436291141444,0.6485176720929396,1.5303178944226856,0.3788234372325174,1.5505289536161613,-0.8698634439072257,0.6345048370710477,-2.2996705442324843,-1.5132570734437696,-0.9876999011311781,-1.452794145570423,0.9135687547435788,-2.3869382084119217,0.6228117148781462,0.8833770813400417,0.14889012257805934,1.8514472288117054,-0.6591689894844529,-0.9618225298268296,-0.31314559888214466,0.7096813894935896,1.0,0.0,0.0,0.0,0.0,1.0,0.0
IND_ANDHRAPRADESH_KHAMMAM,Andhra Pradesh,KHAMMAM,2009,Kharif,2.256998,-0.0937086836685765,1.2322371058845452,1.2141443629051327,0.4675331753528813,0.07332352096614345,0.7661444405454014,0.5995461185023303,1.1416280421546698,-0.7860341769876762,0.15890475093292897,0.9586398304710932,-0.0715766114961481,0.6404434877726276,0.8134005304261455,0.9394365724239085,-0.34777333883983413,-0.4966794722846839,-0.1788092162308315,-0.0077527967925811285,-1.1217250152418834,0.5005028634192232,1.0,0.0,0.0,0.0,1.0,0.0,0.0
IND_ANDHRAPRADESH_KHAMMAM,Andhra Pradesh,KHAMMAM,2009,Rabi,3.608,0.0034595850949556257,1.2322371058845452,1.2141443629051327,0.3788234372325174,1.330837729761301,-0.7435469307002511,0.5054878858387268,-0.8730754149454794,-1.5053460032082557,-0.9003575065299694,-1.0283106609723691,0.8896704684910668,-1.0452997758954699,1.0036850466201674,0.779535996938306,-0.10256753663795165,1.5868996456967188,-0.7171991639224706,-0.8869603500308089,-0.22579317799919885,0.5538390576150124,1.0,0.0,0.0,0.0,0.0,1.0,0.0
IND_ANDHRAPRADESH_KRISHNA,Andhra Pradesh,KRISHNA,2009,Kharif,3.437002,2.7458325245347983,1.3401384380599264,0.8092353539734269,0.4675331753528813,0.5294609880697239,1.292597909647461,1.2110060229665596,1.2714675165883391,-0.2253970397817953,0.08532696326831904,0.6807078642017774,-0.08246343039914969,0.37568673648654405,1.290851408089086,1.4370165987895116,0.9753409398591258,-0.518209830849578,-0.16122553141322465,-0.1258969796433651,-1.5476664745747029,1.1922683935272118,1.0,0.0,0.0,0.0,1.0,0.0,0.0
IND_ANDHRAPRADESH_KRISHNA,Andhra Pradesh,KRISHNA,2009,Rabi,3.918998,0.8537530355091033,1.3401384380599264,0.8092353539734269,0.3788234372325174,1.2439956658441798,-0.18466522390209558,0.5687183633530599,0.012224995759979516,-1.001495316363929,-0.7832777585352875,-0.8000805515639305,0.44993137820270074,-0.3092842356521111,1.4835615932893405,0.8304279246238717,0.4906074297575578,1.1139961446685367,-0.6610758959429833,-0.788911675862833,-0.6187124923020051,0.8600435789539038,1.0,0.0,0.0,0.0,0.0,1.0,0.0
IND_ANDHRAPRADESH_KURNOOL,Andhra Pradesh,KURNOOL,2009,Kharif,3.131001,0.43452330487958113,-0.0734708749325743,0.40315814233704866,0.4675331753528813,0.04350112424823012,0.2979506543977518,0.1985774564372118,0.513903338625941,1.000180051619623,-0.038038729346121486,0.6540435586710679,0.4880397542301964,0.34439981049099283,0.09830378630393632,0.6131453536775933,-0.10163794384818631,-0.18134686180669418,-0.304384024699958,-0.1347443014105834,-0.37052191799557505,0.7347351563173176,1.0,0.0,0.0,0.0,1.0,0.0,0.0
IND_ANDHRAPRADESH_KURNOOL,Andhra Pradesh,KURNOOL,2009,Rabi,3.527003,-0.15221504126717153,-0.0734708749325743,0.40315814233704866,0.3788234372325174,1.5374518261758445,-0.9318903610232656,0.44155755222099796,-1.479771414097464,-0.46907260886318386,-0.9419414478606796,-1.6259588883847924,1.3436727647655897,-1.5486901380053077,0.22940633061371624,0.7280807803515031,-0.21116800022659737,1.8860308225675002,-0.5341361439035408,-0.9217263623377422,0.1842816905570306,0.4650185759520745,1.0,0.0,0.0,0.0,0.0,1.0,0.0
IND_ANDHRAPRADESH_MAHBUBNAGAR,Andhra Pradesh,MAHBUBNAGAR,2009,Kharif,2.271999,0.6475351096714413,-0.01616497855024476,0.8470213881531867,0.4675331753528813,-0.31883541115604724,0.05255454515177602,-0.16648670860442535,0.3823086112913972,0.8327485813754794,-0.025740842820798863,0.668397332337982,0.3164703834043997,0.4451154554929509,-0.2701702580058324,0.31607168533016544,-0.0023829175918394303,-0.2892979318966404,-0.29470898351036096,-0.08701552000138661,-0.19244369368057265,0.802778063960365,1.0,0.0,0.0,0.0,1.0,0.0,0.0
IND_ANDHRAPRADESH_MAHBUBNAGAR,Andhra Pradesh,MAHBUBNAGAR,2009,Rabi,2.692995,0.22217508826464263,-0.01616497855024476,0.8470213881531867,0.3788234372325174,1.1907159704526382,-1.1317685352508955,0.10087977250470102,-1.8505426327030996,-0.7521813941845567,-0.9446653571959084,-1.4695487283560025,0.9320812576227305,-1.7452145741645426,-0.13072847550246378,0.45388153955860105,0.05001097316449453,1.7574325390442795,-0.5989910361931421,-0.920911553776106,0.16013015369481678,0.6547013516972229,1.0,0.0,0.0,0.0,0.0,1.0,0.0
IND_ANDHRAPRADESH_MEDAK,Andhra Pradesh,MEDAK,2009,Kharif,2.693996,-0.07798796376293186,0.03211990604263495,1.3014749238188337,0.4675331753528813,-0.33273019075046567,-0.02382766966111019,-0.20946375952606688,0.19667686903953438,0.5120155199549876,0.15535883345511547,0.8068780455443989,0.35226970753531794,0.2890471161190511,-0.5698915358687924,0.2810987918099574,-0.3404480686843787,-0.24496968752507073,-0.12358921973170113,0.0823772821738268,-0.1237186924224242,0.5095757398995108,1.0,0.0,0.0,0.0,1.0,0.0,0.0
IND_ANDHRAPRADESH_MEDAK,Andhra Pradesh,MEDAK,2009,Rabi,2.955001,-0.32801850899592305,0.03211990604263495,1.3014749238188337,0.3788234372325174,0.7712767067322089,-1.2945338554229733,-0.27266081554437954,-2.4509090730405516,-0.9886686296713997,-0.9411677931382477,-1.0125266180432702,0.9649692120663371,-2.1158604014368887,-0.41162836889627374,0.15323221122941522,-0.3338107670532882,1.5446802507462571,-0.7742257033823157,-0.9139332388614936,0.5433467309494434,0.3374348634726172,1.0,0.0,0.0,0.0,0.0,1.0,0.0
IND_ANDHRAPRADESH_NALGONDA,Andhra Pradesh,NALGONDA,2009,Kharif,3.234998,0.6996741807152878,0.531295707870846,1.0186224262280383,0.4675331753528813,0.3408315364696212,0.8478782755044146,0.8221359424634258,0.7311314568057489,0.28897613854083526,-0.018858539352498257,0.5039163671868712,0.2429194638341704,0.1477635974832083,0.592228138684011,1.1205706904039183,0.021911787222987224,-0.3450163168990221,-0.2215038482023515,-0.17526995625268796,-1.045323044384247,0.8179649472342343,1.0,0.0,0.0,0.0,1.0,0.0,0.0
IND_ANDHRAPRADESH_NALGONDA,Andhra Pradesh,NALGONDA,2009,Rabi,3.432002,1.9012427724984775,0.531295707870846,1.0186224262280383,0.3788234372325174,1.254136650681307,-0.6559664977699443,0.45853666985960234,-1.1855503274282353,-1.1711608906381854,-0.9146540010882407,-1.1754240707969648,0.9597978979229583,-1.2793437814846786,0.7699218411010704,0.7417466589119206,1.2213490682672374,1.4630715130363565,-0.6771942736924569,-0.8985699915265194,-0.13160538341109684,1.0730827692125204,1.0,0.0,0.0,0.0,0.0,1.0,0.0
IND_ANDHRAPRADESH_NIZAMABAD,Andhra Pradesh,NIZAMABAD,2009,Kharif,3.248006,0.3369442434350975,0.0011331602520301002,1.4956215789529068,0.4675331753528813,-0.07650330658973185,0.15513537313455766,0.059172904708188576,0.35232523870858057,0.16674508789527218,0.1878845674106868,0.9809111661250919,0.3493493181140365,0.25924913764312923,-0.256815547919618,0.499703867133046,-0.14710598105371822,-0.17256219383949628,-0.1514701994253726,0.0783102273143818,-0.36352044908334585,0.6997280825075256,1.0,0.0,0.0,0.0,1.0,0.0,0.0
IND_ANDHRAPRADESH_NIZAMABAD,Andhra Pradesh,NIZAMABAD,2009,Rabi,3.141991,-0.14011245689759988,0.0011331602520301002,1.4956215789529068,0.3788234372325174,1.2105010544556067,-1.1350887707031854,0.12412716654750315,-2.657070346451224,-1.1144008818610582,-0.9657152127687406,-1.3579366448606052,0.9203415727631429,-2.513411044936806,-0.0916163438397743,0.4725925274083516,-0.20272512292526984,1.7754273992023444,-0.6690648303692481,-0.9397852902727387,0.12945105179175054,0.47259373648041403,1.0,0.0,0.0,0.0,0.0,1.0,0.0
IND_ANDHRAPRADESH_PRAKASAM,Andhra Pradesh,PRAKASAM,2009,Kharif,3.572014,-0.3388571158856439,0.7958439581818378,0.4707338942814897,0.4675331753528813,0.44546682203273047,1.887406163343224,1.614141595162158,1.2095482770273795,1.609208226278097,0.11614420971185425,0.1566674227467283,0.26406272245487344,0.07420578439680708,1.3182605510954095,1.7650711567049104,-0.46200284290432575,-1.0148692550794138,0.08307929497388258,-0.1366117769191902,-1.5572690486849157,0.3282362104798163,1.0,0.0,0.0,0.0,1.0,0.0,0.0
IND_ANDHRAPRADESH_PRAKASAM,Andhra Pradesh,PRAKASAM,2009,Rabi,3.858998,0.6609648703948563,0.7958439581818378,0.4707338942814897,0.3788234372325174,0.12593514826560148,0.5658801486713707,0.42518700510708335,0.22859177146488485,0.4087489612502002,-0.6998842265798244,-0.7436870777978349,0.6742210940890072,-0.07385987928397116,1.5025618019523779,0.714904718226938,0.35611611362978646,-0.3102854674461743,-0.5793800087196231,-0.7140471252737259,-0.3280170838672154,0.8067394927917153,1.0,0.0,0.0,0.0,0.0,1.0,0.0
IND_ANDHRAPRADESH_SRIKAKULAM,Andhra Pradesh,SRIKAKULAM,2009,Kharif,2.100001,1.9378665199771552,2.8367514851732647,1.597894743958143,0.4675331753528813,-0.705923418892499,2.163136228599283,1.076627498901351,1.7667145354808864,1.7341740922271067,0.3229840233153439,0.6301887106196509,-0.7604247189810466,0.8380929462170932,1.2167407639430086,1.3276650794843816,0.598860719825961,-2.121790232581867,0.15459832351855776,0.07433569988309444,-1.9533328136209709,1.0789674376455525,1.0,0.0,0.0,0.0,1.0,0.0,0.0
IND_ANDHRAPRADESH_SRIKAKULAM,Andhra Pradesh,SRIKAKULAM,2009,Rabi,2.365953,-0.816814400172735,2.8367514851732647,1.597894743958143,0.3788234372325174,-0.7390298769188683,0.8758425738948018,0.13322529589148918,0.21524460897833447,0.5964640647025702,-0.9962101030779281,-1.0173282362806013,0.14058056000649982,0.03615936833949699,1.4508165528275259,0.47991528312441717,-0.6748006196562508,-1.2162581499835283,-0.84088713863263,-0.9668461567937222,-0.5122161189202897,-0.7875599670845483,1.0,0.0,0.0,0.0,0.0,1.0,0.0
IND_ANDHRAPRADESH_VIZIANAGARAM,Andhra Pradesh,VIZIANAGARAM,2009,Kharif,2.198001,0.7922605311143607,2.5004643770907284,1.5280363685641372,0.4675331753528813,-1.1566548785011332,-0.1135159582009592,-0.7970274606066914,0.43522881288200344,-0.6563583513494058,0.41129348631959267,1.047214362636317,-0.7718406956103522,0.9383376461569336,-0.7795085048117834,-0.19703552205211095,0.0650534884779187,-0.8293701641567675,0.10070312519061762,0.41157441074304596,-0.5565957436626223,0.8437223851531215,1.0,0.0,0.0,0.0,1.0,0.0,0.0
IND_ANDHRAPRADESH_VIZIANAGARAM,Andhra Pradesh,VIZIANAGARAM,2009,Rabi,2.521043,-0.801409674637053,2.5004643770907284,1.5280363685641372,0.3788234372325174,0.32044330287010925,-1.5884607731286882,-0.9657922146295627,-1.8222742154133473,-1.5889882894847007,-0.9817363126457663,-1.1710311009202579,0.23647035404490213,-1.239659898986701,-0.5820440702133055,-0.40464421839021675,-0.6640541868190369,1.4021096969717193,-0.7624631014381168,-0.9466845941005262,0.6198509518780675,-0.650282388322551,1.0,0.0,0.0,0.0,0.0,1.0,0.0
IND_ANDHRAPRADESH_WARANGAL,Andhra Pradesh,WARANGAL,2009,Kharif,2.481006,0.47297981970404246,0.8525059997480255,1.3357032996521332,0.4675331753528813,0.12454655892434323,0.6452708018813206,0.5381804274454557,0.9031047165660244,-0.599838835078243,0.16199936982265561,0.9326395785263992,0.2429194638341704,0.4669977513085997,0.5580016960678639,0.8894997867882608,-0.08371871776466981,-0.36883526631711844,-0.16473825383683352,0.001358408699925928,-0.8349516038102992,0.7478113951375749,1.0,0.0,0.0,0.0,1.0,0.0,0.0
IND_ANDHRAPRADESH_WARANGAL,Andhra Pradesh,WARANGAL,2009,Rabi,2.670991,-0.22623672243093543,0.8525059997480255,1.3357032996521332,0.3788234372325174,1.3089973459361242,-0.9462042649731266,0.4558285310247665,-1.6110133821582378,-1.557420815049789,-0.9630235390469467,-1.1195414074816488,0.9597978979229583,-1.6638700698998135,0.7439683645869007,0.739566975772355,-0.2628064924310129,1.7163522845983845,-0.7593919784049046,-0.9398721577371357,-0.1293159053022926,0.41566241393183484,1.0,0.0,0.0,0.0,0.0,1.0,0.0
IND_ANDHRAPRADESH_WESTGODAVARI,Andhra Pradesh,WEST GODAVARI,2009,Kharif,3.101002,2.503954634046845,1.5405613785784846,0.9211625636915421,0.4675331753528813,0.21155647294406224,1.0686082809859898,0.8382372885720248,1.2903056224499643,-0.7000394291127331,0.06664642528293477,0.7145745970884797,-0.25550802882552814,0.6199454850183543,1.0320939041283073,1.13367328006311,0.8626354455390051,-0.6066374605074056,-0.19779799001788223,-0.1072281854617074,-1.4282644803074493,1.1612587247269155,1.0,0.0,0.0,0.0,1.0,0.0,0.0
IND_ANDHRAPRADESH_WESTGODAVARI,Andhra Pradesh,WEST GODAVARI,2009,Rabi,3.931999,0.968269395183588,1.5405613785784846,0.9211625636915421,0.3788234372325174,1.400243623758024,-0.37512376717990176,0.499554323223089,-0.18399132749069597,-1.2564929200717285,-0.8405282079952421,-1.053033886790112,0.385257881245269,-0.47137204610712075,1.2278672958560177,0.7747602866886981,0.5704954586405935,1.3749661146363734,-0.6329741165541126,-0.8359966141107026,-0.6145930064187148,0.88893440858434,1.0,0.0,0.0,0.0,0.0,1.0,0.0
IND_KARNATAKA_BANGALORERURAL,Karnataka,BANGALORE RURAL,2009,Kharif,4.426885,-0.835505467156029,-0.19750098158330961,-0.4216397977124417,0.4675331753528813,-1.5120887018560758,-1.194762157633414,-1.8322988714284156,-0.29329036259460267,1.1556846884570824,-0.036104592540041315,0.6910262353075292,0.48891065965472563,0.91199326480322,-1.8131990512301295,-1.0394953009048151,-0.6836362313072488,-0.3269716582489607,-0.3165079352362987,0.11917991411319957,1.8367212265922224,-1.0438470791547663,0.0,1.0,0.0,0.0,1.0,0.0,0.0
IND_KARNATAKA_BANGALORERURAL,Karnataka,BANGALORE RURAL,2009,Rabi,2.333333,-0.8595526387101909,-0.19750098158330961,-0.4216397977124417,0.3788234372325174,-0.48699591300437156,-2.449114991034643,-1.8942274070825786,-1.781925086375517,-0.3359669319879987,-0.8223150864046596,-0.3396870922760526,1.6570113075696407,-0.69477725057095,-1.7325067047598486,-1.1519081729340575,-0.7034413719902272,1.388653599761541,-0.8906072154513676,-0.7565283056914304,3.2587981316090393,-3.6981777209070517,0.0,1.0,0.0,0.0,0.0,1.0,0.0
IND_KARNATAKA_BANGALORERURAL,Karnataka,BANGALORE RURAL,2009,Summer,3.057554,-0.8574038769944445,-0.19750098158330961,-0.4216397977124417,-2.2381138373182194,0.6229380060967938,-0.6204238509965919,0.12013230011561071,-1.1210208874977934,0.16784661072582596,-0.5432030274806641,-1.202497024688297,-1.1953492757142274,-1.1216236257619752,-1.8261339276160173,-1.8886410741069681,-0.6985563398589426,0.9399218198906768,-0.20396030878387147,-0.3516264581766387,1.5193581765951554,-2.1105442566765387,0.0,1.0,0.0,0.0,0.0,0.0,1.0
IND_KARNATAKA_BIDAR,Karnataka,BIDAR,2009,Kharif,0.769597,-0.7799852563535815,-0.3830668900350699,1.3260573039400396,0.4675331753528813,-0.3394318529342604,-0.23205434443763467,-0.36755791113066016,0.10956683241146271,0.6549096195599058,0.1666412981572469,0.8931539306811179,0.15352488044755236,0.30043542398484874,-0.7225310740547439,0.1524485049320443,-0.6352185860045395,-0.09955614562309578,-0.14344111959998204,0.11309620374173708,-0.14606441563208766,-0.5103311444859568,0.0,1.0,0.0,0.0,1.0,0.0,0.0
IND_KARNATAKA_CHITRADURGA,Karnataka,CHITRADURGA,2009,Kharif,1.966537,-0.7703632277882172,-0.6853982879596192,-0.018470836404734677,0.4675331753528813,-0.754086031120088,-0.351419799242361,-0.782822160862293,0.17444357210479505,2.026647395512021,-0.11156816359057836,0.47316557804992426,0.28507068506600663,0.6658887921895654,-0.7348661880116185,-0.18547585416588222,-0.6268274961793286,-0.33994620793198055,-0.32487825095427014,-0.10054580261865786,0.3757144365778707,-0.45939232055847984,0.0,1.0,0.0,0.0,1.0,0.0,0.0
IND_KARNATAKA_CHITRADURGA,Karnataka,CHITRADURGA,2009,Rabi,1.74548,-0.8368800426653668,-0.6853982879596192,-0.018470836404734677,0.3788234372325174,0.8435961576197685,-1.353265131423409,-0.29094835981103023,-1.9243807247055533,-0.10900370338663165,-0.9000029147821881,-1.4400238843009274,1.6494647968138965,-1.6852150063349156,-0.6385191585159614,0.1385132273319072,-0.12609059287169716,1.6441770541919136,-0.5549716060504322,-0.8754952053242258,1.1451401703070356,-1.0700601171073538,0.0,1.0,0.0,0.0,0.0,1.0,0.0
IND_KARNATAKA_CHITRADURGA,Karnataka,CHITRADURGA,2009,Summer,2.141389,-0.7965749607766236,-0.6853982879596192,-0.018470836404734677,-2.2381138373182194,1.5914957332108974,0.5504863114295954,1.5169315990299017,-1.0324454980743152,1.058370843909553,-0.7256565995208344,-1.475218724359659,-1.1893972534860353,-1.6836037954954044,-0.7572073384926445,-1.1308705570139865,-0.5298174038583373,0.8558161060363613,-0.32401512487304035,-0.6474412782776573,0.24330743588278642,-0.6146513823536419,0.0,1.0,0.0,0.0,0.0,0.0,1.0
IND_KARNATAKA_DAKSHINAKANNADA,Karnataka,DAKSHINA KANNADA,2009,Kharif,2.270509,-0.34479781004094273,-1.3294282739422296,-0.5491692637226949,0.4675331753528813,-1.493458080985101,1.1904062904025865,-0.10277353157283689,1.431547086175851,-0.49470038007920175,4.940219878015305,1.955486425167972,-1.299457049592897,1.4693876664570091,0.9188587575290587,0.3679187550656548,-0.2557038628620297,-2.0384503164361085,5.38399823189485,4.371021531515716,-1.5826029173404268,0.3231128161473017,0.0,1.0,0.0,0.0,1.0,0.0,0.0
IND_KARNATAKA_DAKSHINAKANNADA,Karnataka,DAKSHINA KANNADA,2009,Rabi,2.251002,-0.5286275347667471,-1.3294282739422296,-0.5491692637226949,0.3788234372325174,0.11111892097570981,0.7790392647081363,0.620051287109873,0.16032228988276032,-1.4184010371247537,-0.8615458279546397,-0.32298359053555076,1.223978890585036,-0.30473917820930546,0.9704144684719382,0.8717439409884339,7.723467314231,-0.47622620063469207,-0.9460279389461341,-0.8558163713186762,-0.06219271235331288,0.1258589763356963,0.0,1.0,0.0,0.0,0.0,1.0,0.0
IND_KARNATAKA_DAKSHINAKANNADA,Karnataka,DAKSHINA KANNADA,2009,Summer,2.152047,-0.8379860229602363,-1.3294282739422296,-0.5491692637226949,-2.2381138373182194,0.0896532378206881,1.7898850489531333,1.1901796089345065,1.194794094185556,-0.7935549190721461,0.3906626937214104,-0.9916855516514529,-2.3232770307149595,0.32934383956565727,0.8995763954360102,-1.3081351251507283,-0.6446912899203743,-1.224697827225853,0.8762118728256354,0.6761710457541038,-0.7113894689140954,-1.092328518469881,0.0,1.0,0.0,0.0,0.0,0.0,1.0
IND_KARNATAKA_DHARWAD,Karnataka,DHARWAD,2009,Kharif,1.149507,-0.4380477486169373,-1.3656452247564865,0.3684610951399253,0.4675331753528813,-1.5598045366047573,-0.5235473635786577,-1.3948839848072159,0.2969423241484422,0.9482185608541973,0.747849408384151,1.449222187400062,-0.3003671746339919,1.2574195753157835,-0.9886456638115212,-0.683545696967342,-0.3370244760917174,-0.8503371772808881,0.36186901921104403,0.8799636518146855,0.4962889510476323,0.2338781572796593,0.0,1.0,0.0,0.0,1.0,0.0,0.0
IND_KARNATAKA_DHARWAD,Karnataka,DHARWAD,2009,Summer,3.054152,-0.8552235158417019,-1.3656452247564865,0.3684610951399253,-2.2381138373182194,1.457998622509561,0.19859296127570608,1.0333494882393783,-0.5563537005471069,0.06677239513606396,-0.5958599020261796,-1.3898112169892685,-1.3733978221091951,-1.0594446064997165,-1.00281005317692,-1.3932162400591346,-0.6925079878829264,1.005278693293969,-0.19593122895847956,-0.4749280778830759,0.44499846783427666,-1.8042218637984897,0.0,1.0,0.0,0.0,0.0,0.0,1.0
IND_KARNATAKA_GADAG,Karnataka,GADAG,2009,Kharif,0.883621,-0.8449378990994157,-1.1187200932133095,0.43114451806247717,0.4675331753528813,-0.8834727890153775,-0.4069550210314661,-0.9447084051952581,0.18236563784688878,1.7448094850738327,0.05036744049843152,0.67350543684578,-0.3003671746339919,0.7819220442624814,-0.9174738555676405,-0.3172119845896922,-0.6918619353216355,-0.40172055642279125,-0.20193296612795952,0.07903501697363366,0.012755484234664998,-1.26546726236485,0.0,1.0,0.0,0.0,1.0,0.0,0.0
IND_KARNATAKA_GADAG,Karnataka,GADAG,2009,Summer,2.674354,-0.8424731430137067,-1.1187200932133095,0.43114451806247717,-2.2381138373182194,1.709880595687769,0.45499638014043087,1.4811775818765989,-0.8847664703803952,0.6121401468977213,-0.6913740246330743,-1.40396066647587,-1.3733978221091951,-1.5576117203159547,-0.9360864829482992,-1.1502672878739377,-0.6571385085201404,1.0182180338869242,-0.30932190879257354,-0.6070423644933942,0.07896106802998004,-1.1961511715646123,0.0,1.0,0.0,0.0,0.0,0.0,1.0
IND_KARNATAKA_HASSAN,Karnataka,HASSAN,2009,Kharif,2.698001,-0.20359572582310753,-0.9061681677665311,-0.5042975478074482,0.4675331753528813,-2.392508401816209,-1.3093841309449783,-2.3985546228924455,-0.1961412108696457,0.2642108666263211,1.4115806890037823,1.5808069595209506,-0.05505746982459046,1.4814657423430897,-1.928413413845146,-1.5002901129375366,-0.13256539421116076,-0.9378493705974438,1.136755513159597,1.981217391915636,2.0908448861795312,0.4313461993545536,0.0,1.0,0.0,0.0,1.0,0.0,0.0
IND_KARNATAKA_HASSAN,Karnataka,HASSAN,2009,Rabi,2.031532,-0.8420623503327552,-0.9061681677665311,-0.5042975478074482,0.3788234372325174,-0.46883700028932185,-2.34667957874744,-1.7940262701938894,-1.8042464756651226,-1.3034985024419607,-0.884884412081333,-0.37707841727313673,1.5073438552107667,-0.8356644121287343,-1.8619102535478527,-1.071259896770158,-0.2580564722242671,1.328830924201458,-0.9538362190763274,-0.8305487396914839,2.9444096163039575,-1.1855766817619406,0.0,1.0,0.0,0.0,0.0,1.0,0.0
IND_KARNATAKA_HASSAN,Karnataka,HASSAN,2009,Summer,2.735136,-0.780143253538563,-0.9061681677665311,-0.5042975478074482,-2.2381138373182194,0.18096338507499968,-0.5796299101554415,-0.23424779414369698,-0.9034657636824457,-0.6466725471497105,-0.361571463583077,-1.1845675778659246,-1.6736818032792047,-0.6992858024782211,-1.9407485278020156,-2.0808940251809442,-0.48423592018752937,0.5620930745758956,0.015193425050195004,-0.076051641075929,1.3096434122008385,-0.5112180325060509,0.0,1.0,0.0,0.0,0.0,0.0,1.0
IND_KARNATAKA_HAVERI,Karnataka,HAVERI,2009,Kharif,1.083007,-0.16542360593161265,-1.2397488314249616,0.15122880816676934,0.4675331753528813,-1.637253412575573,-0.4978595868772621,-1.4279293642973823,0.3827743593437395,1.2113685667188572,1.646691135589468,1.5777420968162725,-0.40879940985541163,1.3897123245838876,-0.8593368841145343,-0.7104366192959092,-0.09927667792835755,-0.9299625344264807,1.4307603436658758,1.840403719996692,0.42868476957765317,0.45660182122085186,0.0,1.0,0.0,0.0,1.0,0.0,0.0
IND_KARNATAKA_HAVERI,Karnataka,HAVERI,2009,Summer,2.088133,-0.7638695434854835,-1.2397488314249616,0.15122880816676934,-2.2381138373182194,1.2002862032314057,0.23146893685519954,0.8919134582630128,-0.3778635453357796,0.41284048165928755,-0.32936808576185245,-1.2321240308335286,-1.3990820156879642,-0.8039355037061652,-0.8777295986044944,-1.4699459847361782,-0.43909273169582,0.7783913170188254,0.07398636207162587,-0.14445750254394427,0.5390345186455354,-0.4280306931053789,0.0,1.0,0.0,0.0,0.0,0.0,1.0
IND_KARNATAKA_KODAGU,Karnataka,KODAGU,2009,Kharif,2.441499,-0.3124241868382635,-1.0603223205016303,-0.7035875144423978,0.4675331753528813,-2.340615197639628,-0.5178795113329908,-1.8342852057147108,0.4525557627135639,-2.5473311994969365,4.185696992156959,2.257477563669016,-1.299457049592897,1.8253460210860724,-0.8269697050283121,-1.0411116951431425,-0.22747163929859218,-1.4697706985112458,4.3256651474104135,4.849617278631783,0.0006481806806292263,0.3503458185404275,0.0,1.0,0.0,0.0,1.0,0.0,0.0
IND_KARNATAKA_KODAGU,Karnataka,KODAGU,2009,Rabi,2.2,-0.859442040680704,-1.0603223205016303,-0.7035875144423978,0.3788234372325174,-0.2786427167402578,-1.3548883576445307,-1.1052157218339334,-0.8095752997573298,-2.897387138629992,-0.843751769338708,-0.015833266481625908,1.223978890585036,-0.1914638418146384,-0.7803941208625887,-0.5168611638451118,-0.7006251052538428,0.7609515836051105,-1.0445648211032539,-0.8039776440419647,1.70510608308798,-3.2464493860013435,0.0,1.0,0.0,0.0,0.0,1.0,0.0
IND_KARNATAKA_KODAGU,Karnataka,KODAGU,2009,Summer,2.653465,-0.856408494729062,-1.0603223205016303,-0.7035875144423978,-2.2381138373182194,-0.052287967232259924,0.04355409308783808,-0.16833761100756112,0.18942284312432345,-2.7390341555591364,0.26802230240924996,-0.958585034440919,-2.3232770307149595,0.333318330468696,-0.8438130332433581,-2.045137425363364,-0.6957950498567349,-0.0727268190058325,0.7104715925299879,0.7723641355385281,0.42897207144973737,-1.9446233043314147,0.0,1.0,0.0,0.0,0.0,0.0,1.0
IND_KARNATAKA_KOLAR,Karnataka,KOLAR,2009,Kharif,1.662578,-0.7990555165808308,0.07396201585600445,-0.4458303378409435,0.4675331753528813,-1.234572870824796,-0.9668074649545827,-1.516020280297125,-0.2543560699877991,1.3618593755000035,-0.021582448687727955,0.5620465964856182,0.6440901716625359,0.7319590544903468,-1.6383882952513786,-0.782121254683613,-0.6518491999623969,-0.27324258683432756,-0.24773886653182012,0.08630118870084413,1.5655913859025528,-0.6325773560588172,0.0,1.0,0.0,0.0,1.0,0.0,0.0
IND_KARNATAKA_KOLAR,Karnataka,KOLAR,2009,Summer,1.980699,-0.8080297566877718,0.07396201585600445,-0.4458303378409435,-2.2381138373182194,0.844930565935255,-0.5061789236498727,0.2827859917864745,-1.0404424061615725,0.3082337963025824,-0.6615077287858627,-1.2921442588001604,-1.3162608139808734,-1.1636804469154967,-1.645065650294491,-1.800400643187281,-0.5615928931264008,1.0321872403638275,-0.31606633584590277,-0.5160968763983861,1.2065614026614466,-0.7041983026543115,0.0,1.0,0.0,0.0,0.0,0.0,1.0
IND_KARNATAKA_KOPPAL,Karnataka,KOPPAL,2009,Kharif,3.09699,-0.2733198835553786,-0.8810958694992852,0.4841698717717585,0.4675331753528813,-0.50612453031938,-0.21485618333168352,-0.5612856959924201,0.2124192934942328,1.7575719564899013,-0.08798781236312561,0.5068279867563155,0.2993338910521509,0.5385623726674457,-0.6815073239096879,-0.005198914948614766,-0.1933699659493597,-0.24336767392783545,-0.3087398005052329,-0.10234787430969139,0.16438016408561573,0.3811690579750998,0.0,1.0,0.0,0.0,1.0,0.0,0.0
IND_KARNATAKA_KOPPAL,Karnataka,KOPPAL,2009,Summer,3.541603,-0.2774120106463957,-0.8810958694992852,0.4841698717717585,-2.2381138373182194,1.906607889093309,0.6578349464516557,1.779308300664941,-1.023256092601842,0.58558964832679,-0.7039942672927433,-1.392007701927621,-1.1944663439777354,-1.808382830363332,-0.7025090049659136,-0.9885299007538669,0.9103367227336728,1.0264569609583722,-0.3297358442486318,-0.6322494567342918,0.03466157350749973,0.3780413919694762,0.0,1.0,0.0,0.0,0.0,0.0,1.0
IND_KARNATAKA_MANDYA,Karnataka,MANDYA,2009,Kharif,3.248996,0.10813272014510202,-0.5729209373097439,-0.6394047821920191,0.4675331753528813,-1.3448152137483655,-0.9347463951700635,-1.5402174434210687,-0.052113535677631447,0.7428795118206653,0.061327549066215174,0.897495819512745,-0.05505746982459046,0.9747859397524778,-1.3141567261224152,-0.8018118754050761,0.13928422917086297,-0.38332380687223494,-0.2763023180106508,0.17907577181348147,0.9071904480060002,0.6049555003197676,0.0,1.0,0.0,0.0,1.0,0.0,0.0
IND_KARNATAKA_MANDYA,Karnataka,MANDYA,2009,Summer,3.435199,-0.5639715050470757,-0.5729209373097439,-0.6394047821920191,-2.2381138373182194,0.8463379149938658,-0.16972013250833887,0.5135167767239698,-0.8691295406652725,-0.22653654615823063,-0.5594658944584492,-1.18543595563225,-1.6736818032792047,-1.0706973392718748,-1.3321995791954617,-1.675228053003958,0.11542280784389784,0.7897990621946752,-0.2309179442976235,-0.3995947808017609,0.5664848330088528,0.07543215225969,0.0,1.0,0.0,0.0,0.0,0.0,1.0
IND_KARNATAKA_RAICHUR,Karnataka,RAICHUR,2009,Kharif,2.621999,0.660806873209875,-0.5535249870824451,0.6262314428335712,0.4675331753528813,0.11750981363135853,0.10436795838472185,0.11066711628167368,0.32818377761481576,1.3279020854822443,-0.20729181768479857,0.4323518230326133,0.3319161767334084,0.1971129315683301,-0.21583178193652194,0.5416076632206364,0.6212558417924975,0.017073965163894804,-0.42805192671055287,-0.2747569308527092,-0.4214396316855377,0.8066930914479628,0.0,1.0,0.0,0.0,1.0,0.0,0.0
IND_KARNATAKA_RAICHUR,Karnataka,RAICHUR,2009,Summer,2.994402,0.4076953828697474,-0.5535249870824451,0.6262314428335712,-2.2381138373182194,2.490523715168044,1.1335331635769321,2.5676121485574255,-1.2148445700719224,0.4487349325169816,-0.7031561413434422,-1.3976776979312777,-1.1910538779587074,-2.2634513354643913,-0.24162156638440924,-0.5608711706068865,2.810819245535777,1.1423564831268493,-0.32646399421978467,-0.6572087303664496,-0.5169270687065007,0.7253807745863459,0.0,1.0,0.0,0.0,0.0,0.0,1.0
IND_KARNATAKA_RAMANAGARA,Karnataka,RAMANAGARA,2009,Kharif,2.857507,-0.7419553339285699,-0.338848481629646,-0.5863816236647694,0.4675331753528813,-1.1404591948902616,-0.8867764182238823,-1.3901589168837598,-0.10884080673945415,0.7534389375756226,-0.11906294371413713,0.5804868537587707,0.28714722826466393,0.799394581769196,-1.3398665422464713,-0.6797006379458654,-0.6020537951777809,-0.2569935917767627,-0.3763847980341584,-0.03482976183959342,1.0591311613504106,-0.33599650128587494,0.0,1.0,0.0,0.0,1.0,0.0,0.0
IND_KARNATAKA_RAMANAGARA,Karnataka,RAMANAGARA,2009,Summer,3.154378,-0.8458858822093039,-0.338848481629646,-0.5863816236647694,-2.2381138373182194,0.8853080805926787,-0.2904234923495875,0.473925522881234,-0.8824734327931838,-0.26710297315930626,-0.5801289226700658,-1.19963648616393,-1.4057145267346391,-1.085139654510207,-1.3556502901702123,-1.6967065037162967,-0.6666054413975809,0.9078639434011565,-0.25107093465935676,-0.42316680613867863,0.9140254793897669,-1.295281311649518,0.0,1.0,0.0,0.0,0.0,0.0,1.0
IND_KARNATAKA_UDUPI,Karnataka,UDUPI,2009,Kharif,2.422499,-0.09990217331984554,-1.4848945567694636,-0.3353775587209606,0.4675331753528813,-1.8170366700930596,0.5663830558182095,-0.7475496792935491,0.990951392658813,-0.8762830820013036,4.533196904982585,1.935564817587555,-0.9604804140725915,1.5311290398029607,0.10204230544484683,-0.15677261102464815,-0.04213717117878911,-1.8418427576030418,4.884930702648071,4.403056971642363,-0.770040157008646,0.4968771847446885,0.0,1.0,0.0,0.0,1.0,0.0,0.0
IND_KARNATAKA_UDUPI,Karnataka,UDUPI,2009,Rabi,2.305289,-0.7129312510474953,-1.4848945567694636,-0.3353775587209606,0.3788234372325174,-0.22888639247253387,-0.16093168900242197,-0.22376217388627065,-0.3216678127652081,-1.8035856704363855,-0.8900582280375956,0.19329253206764188,1.6019929347318407,-0.26273226635166946,0.15496189603290458,0.19258896185054455,3.0302283542460184,-0.06391073519309518,-1.1844113189620122,-0.8673501657552377,1.0337948610761085,-0.23754105902664377,0.0,1.0,0.0,0.0,0.0,1.0,0.0
IND_KARNATAKA_UDUPI,Karnataka,UDUPI,2009,Summer,2.20979,-0.857340678120452,-1.4848945567694636,-0.3353775587209606,-2.2381138373182194,-0.030641598378577165,1.1019707674878458,0.5981617036967386,0.7265792605935588,-1.2865053775178044,0.2908773523344232,-0.8761913087301286,-2.0153703721467857,0.3044479710545238,0.08605863671141027,-1.6293077621423395,-0.6983809306656443,-0.821650571163543,0.7065574161151091,0.6568284419059006,0.09818195437087733,-2.0979646087164703,0.0,1.0,0.0,0.0,0.0,0.0,1.0
IND_KARNATAKA_UTTARAKANNADA,Karnataka,UTTARA KANNADA,2009,Kharif,1.919002,0.34764065285833506,-1.6482627368515945,0.13753599437876132,0.4675331753528813,-1.4546777958148323,1.4021844949124473,0.054297356914567906,1.4868874942119292,0.1242794836001352,3.5685461729504113,2.2731594445079617,-0.9111134056639584,1.3921907324360525,0.8902700817456964,0.4957363540026069,0.34815238438461144,-2.1611539952565364,3.5509191623588054,3.064829857947011,-1.3810408502538822,0.7037021723035399,0.0,1.0,0.0,0.0,1.0,0.0,0.0
IND_KARNATAKA_UTTARAKANNADA,Karnataka,UTTARA KANNADA,2009,Rabi,2.335738,-0.8311289451320455,-1.6482627368515945,0.13753599437876132,0.3788234372325174,-0.31407969938941377,0.7006571136975057,0.29522676956150695,0.1419609526278849,-0.9169313520017947,-0.9027912953442859,0.7471643038482342,1.6414272116530715,-0.13276767141040688,0.962511190187611,0.6103044183496203,0.020359377894939273,-0.7545858623675438,-1.417917032983966,-0.8863247760847843,0.5528069467277948,-0.9693619793686618,0.0,1.0,0.0,0.0,0.0,1.0,0.0
IND_KARNATAKA_UTTARAKANNADA,Karnataka,UTTARA KANNADA,2009,Summer,2.283843,-0.8270368180410285,-1.6482627368515945,0.13753599437876132,-2.2381138373182194,-0.12694448395982127,1.8713999539970747,1.09664132163447,1.2909688925678766,-0.6008643908170356,0.07871866251421444,-0.6822876616140973,-1.7583470394870353,0.4526101418098105,0.8779549598698146,-1.3588801079055448,-0.6143183148515401,-1.4543843261598723,0.3661445042180653,0.32192211565794165,-0.02781477884790017,-0.9094243273703696,0.0,1.0,0.0,0.0,0.0,0.0,1.0
IND_TAMILNADU_ARIYALUR,Tamil Nadu,ARIYALUR,2009,Kharif,3.097313,-0.44915495072112643,0.5517609924645694,-1.1462880455089428,0.4675331753528813,1.2912836062504887,1.7563644464014978,1.9651208443555548,0.7774543091778218,1.135629376231832,-0.04160076463065028,-0.5798190851876593,0.7907881271596138,-0.46528794787561917,1.3765974433581643,2.0506831204532854,-0.49087701855440563,-0.2534726827718722,0.17603596665235435,-0.27955834326157214,-1.4148170745376112,0.2219550310974235,0.0,0.0,1.0,0.0,1.0,0.0,0.0
IND_TAMILNADU_COIMBATORE,Tamil Nadu,COIMBATORE,2009,Kharif,3.508697,-0.8150922308564382,-0.5132307587234963,-1.2547600387087559,0.4675331753528813,-1.4561074837473902,-0.4235450434844619,-1.2986972517921187,0.37602606286487944,0.020356502069289236,0.4296194325571962,1.1117808036148953,-0.6756773029748218,1.2969599324505015,-0.6111751830664288,-0.6052730305173512,-0.6814675358264697,-0.8409891638729118,0.09815389234605353,0.5246693041375955,0.029544677745399685,-0.7699446095269151,0.0,0.0,1.0,0.0,1.0,0.0,0.0
IND_TAMILNADU_CUDDALORE,Tamil Nadu,CUDDALORE,2009,Kharif,2.896079,0.9023371698908693,0.6401433328649972,-1.0173719561818362,0.4675331753528813,1.2273050712691191,1.6657031360169028,1.8723951483544543,0.8257832450283601,0.6641776047549084,0.029108053438274117,-0.3373373642024625,0.7907881271596138,-0.3669698413717263,1.295209681739987,1.9752268985094683,0.21301820495360918,-0.23827996041576924,0.16880979480950054,-0.22139837844087526,-1.35784444099706,0.8725296512530439,0.0,0.0,1.0,0.0,1.0,0.0,0.0
IND_TAMILNADU_DHARMAPURI,Tamil Nadu,DHARMAPURI,2009,Kharif,3.922944,-0.5387077551685573,0.08151263418860487,-0.8134084470008486,0.4675331753528813,-0.03738793831026004,-0.09101482804110327,-0.12820462963221366,0.1587551575899021,0.02635790231851513,-0.1554730690885839,0.07422261599086138,0.6133348832067402,0.226654030919464,-0.4116142308500662,0.34722401065068587,-0.5375187027260062,0.03640375560075154,-0.22278850097441463,-0.20802205275456592,0.018952373643775187,0.1120480061233753,0.0,0.0,1.0,0.0,1.0,0.0,0.0
IND_TAMILNADU_DINDIGUL,Tamil Nadu,DINDIGUL,2009,Kharif,4.736529,-0.596582124027227,-0.12437908046125698,-1.4464023570080367,0.4675331753528813,-0.38989536917830114,-0.1414173595991643,-0.4887543985686412,0.06455845571722367,1.2201047822715212,-0.22453787087234126,-0.3028576587748238,0.4904550385490985,0.3613918888939322,-0.5250892824209283,0.05382396557218533,-0.5676612918673655,-0.2049193475944416,-0.16062335042632003,-0.23860074993513045,0.25854569101211994,0.023241884818276496,0.0,0.0,1.0,0.0,1.0,0.0,0.0
IND_TAMILNADU_ERODE,Tamil Nadu,ERODE,2009,Kharif,4.103978,-0.25740956702775636,-0.3222312979575126,-1.042661916644677,0.4675331753528813,0.273837253505532,0.14202390377655164,0.15707510824328774,0.1464676858560132,-0.7077880724724916,-0.35963732677699767,-0.350669516967819,0.5507659908425444,0.019214623607901028,-0.14330051218684797,0.5793725104252294,-0.3910107178365646,0.11301873554715712,-0.31008467137598583,-0.4115465855474475,-0.2851074353939275,0.3931255253254596,0.0,0.0,1.0,0.0,1.0,0.0,0.0
IND_TAMILNADU_KANNIYAKUMARI,Tamil Nadu,KANNIYAKUMARI,2009,Kharif,4.404981,-0.5861543098184576,-0.31241896934442215,-2.2087839546155306,0.4675331753528813,-0.9535945143319039,0.512137087973387,-0.3718616354176292,0.9893024762108527,1.051002036008611,0.2759844989276106,0.5648049729198291,0.19839605256797216,1.2357513454374593,0.5350307950363561,0.14894631741567083,-0.562230137260669,-1.1221337479134041,0.12175938703270574,0.21508393575748286,-0.10388293239699314,0.04060310428846133,0.0,0.0,1.0,0.0,1.0,0.0,0.0
IND_TAMILNADU_KARUR,Tamil Nadu,KARUR,2009,Kharif,4.268767,-0.62239886405318,0.026074902983970957,-1.2962782482065152,0.4675331753528813,0.9522911941197836,0.7724204314440426,1.0354261104477658,0.4396208731298017,1.0008637554454822,-0.31503935559014656,-0.6653798356932851,1.089207027782959,-0.23313106033403272,0.6605010951876393,1.2941371444499472,-0.5811073557176277,0.19146458817611306,-0.13087560967324316,-0.4288615742966884,-0.5773889230273459,-0.022889641963883944,0.0,0.0,1.0,0.0,1.0,0.0,0.0
IND_TAMILNADU_KRISHNAGIRI,Tamil Nadu,KRISHNAGIRI,2009,Kharif,3.940327,-0.5990626798314342,0.0038104879740130993,-0.6794255116803115,0.4675331753528813,-0.733489589341872,-0.5761148687412855,-0.9136192640173488,-0.00695168658301946,0.8893440647384058,-0.04875707081314505,0.47137774147219413,0.6133348832067402,0.5817133086117479,-1.0057388930386462,-0.29191296567766806,-0.5689532451205158,-0.16110163502858,-0.2459523962706696,-0.023413822758320563,0.8121342703947214,0.019010703670268643,0.0,0.0,1.0,0.0,1.0,0.0,0.0
IND_TAMILNADU_MADURAI,Tamil Nadu,MADURAI,2009,Kharif,3.993567,-0.054035590519758744,-0.013487650828255086,-1.6214322694168066,0.4675331753528813,1.118514755152043,0.9159898046369219,1.2528394268748744,0.2924665134225573,-0.13552797022697755,-0.2411069761777559,-0.6633365938901655,1.2032024344791608,-0.4692743313307382,0.6567025998038073,1.4710588410815928,-0.28508771232397895,0.21855798296874757,-0.03960504475810326,-0.38371232716862025,-0.6556810693432481,0.5230543701963615,0.0,0.0,1.0,0.0,1.0,0.0,0.0
IND_TAMILNADU_NAMAKKAL,Tamil Nadu,NAMAKKAL,2009,Kharif,4.299242,-0.6907484462761133,0.05618673883841943,-1.0910418993106639,0.4675331753528813,0.6921326681445596,0.4337845039248797,0.6814372638509131,0.3211268529084921,0.15968014836137345,-0.2714406884197701,-0.38320814268249603,0.6808726467962918,-0.12390986208895174,0.249803775874731,1.0060760985222916,-0.6167057023135744,0.23151492810674104,-0.18746054974269086,-0.37145521109161544,-0.6109688035067957,-0.17465409744342966,0.0,0.0,1.0,0.0,1.0,0.0,0.0
IND_TAMILNADU_PERAMBALUR,Tamil Nadu,PERAMBALUR,2009,Kharif,3.505005,-0.6685972409417277,0.3868219193408594,-1.1258900482043204,0.4675331753528813,0.7456342712452511,0.6506953986657991,0.8605083093577299,0.36943797249317345,0.5224230115264255,-0.21449647728744473,-0.3769762551829809,0.6808726467962918,-0.17164656611287898,0.35034395105966887,1.1517964881898188,-0.6051687890857823,0.1166980854572693,-0.11899257153166361,-0.33702473067175137,-0.7472351512086942,-0.11961391278172998,0.0,0.0,1.0,0.0,1.0,0.0,0.0
IND_TAMILNADU_PUDUKKOTTAI,Tamil Nadu,PUDUKKOTTAI,2009,Kharif,1.977388,0.6461447344436054,0.3933337288818307,-1.4549727135244714,0.4675331753528813,1.3881226248064222,1.3881000037096891,1.765313672738785,0.53600827427518,0.7485770437028382,-0.2508421314350231,-0.7859311020773293,1.089207027782959,-0.5490067574538091,1.1493674510829444,1.8880885545704669,0.07958587437117909,0.0893582270342888,-0.003554476342094755,-0.420961833949843,-1.0878480532702826,0.8023659248865984,0.0,0.0,1.0,0.0,1.0,0.0,0.0
IND_TAMILNADU_RAMANATHAPURAM,Tamil Nadu,RAMANATHAPURAM,2009,Kharif,1.754341,1.2557452732571597,0.36740765376867396,-1.7949314082219572,0.4675331753528813,0.6787070049030187,1.8595777385833576,1.6557643272522518,1.0764596487863904,2.1838233083682455,-0.19944244581345924,-0.8599475363953296,1.2032024344791608,-0.07704369287682158,1.451667707390691,1.7989419632444446,0.39708304462668165,-0.810920600971129,0.0895427042333217,-0.37637302617276097,-0.9374091596339553,0.9541598165997685,0.0,0.0,1.0,0.0,1.0,0.0,0.0
IND_TAMILNADU_SALEM,Tamil Nadu,SALEM,2009,Kharif,4.3665,-0.47437130144415035,0.1037089536855479,-0.9883955533599948,0.4675331753528813,0.6921326681445596,0.4337845039248797,0.6814372638509131,0.3211268529084921,0.15968014836137345,-0.2714406884197701,-0.38320814268249603,0.6808726467962918,-0.12390986208895174,0.249803775874731,1.0060760985222916,-0.5040103832453595,0.23151492810674104,-0.18746054974269086,-0.37145521109161544,-0.6109688035067957,0.19364283979596245,0.0,0.0,1.0,0.0,1.0,0.0,0.0
IND_TAMILNADU_SIVAGANGA,Tamil Nadu,SIVAGANGA,2009,Kharif,1.785742,0.362223793032114,0.25050409477294255,-1.6045227822246366,0.4675331753528813,1.2939195933761085,1.568960439102625,1.857046201596731,0.6365714153380193,0.6184454155139916,-0.22774531440908985,-0.8282262074019004,1.2032024344791608,-0.5210830451847072,1.236233042886228,1.9627365793951161,-0.06828817605394938,-0.11576993159062114,0.04182989737093142,-0.4090025606697739,-1.0702180554991914,0.7090639608652818,0.0,0.0,1.0,0.0,1.0,0.0,0.0
IND_TAMILNADU_THANJAVUR,Tamil Nadu,THANJAVUR,2009,Kharif,2.6215,1.7147744947834846,0.5755751674258607,-1.3722110581466194,0.4675331753528813,0.9696038214279366,2.0205885283434,1.9597336650033252,0.9369239171594377,1.457198075661705,-0.05945929447345204,-0.694496031387736,1.0579686824633765,-0.3512288594469483,1.4425513184695915,2.046299263352363,0.6361584853595772,-0.698198699179587,0.19885862605602944,-0.2921939393860867,-1.2330763764895265,1.0418561250534433,0.0,0.0,1.0,0.0,1.0,0.0,0.0
IND_TAMILNADU_THENILGIRIS,Tamil Nadu,THE NILGIRIS,2009,Kharif,3.502947,-0.8515579811501345,-0.6512157492996632,-1.0589889488710345,0.4675331753528813,-1.6647749052770666,-1.0185235760030509,-1.8461430194844186,-0.1550956206159313,-0.12299340008619519,0.1833876993365521,0.7105902755724,-0.6650109664577774,1.100104896484558,-1.5784720285921217,-1.0507610789295319,-0.7004598713124501,-0.5748436521932508,-0.05084575651365286,0.36773528695360436,0.6676415354966859,-1.5332611935233245,0.0,0.0,1.0,0.0,1.0,0.0,0.0
IND_TAMILNADU_THENI,Tamil Nadu,THENI,2009,Kharif,5.055624,-0.6167425648308476,-0.28464257477421645,-1.6145979360239784,0.4675331753528813,-1.0632560465328698,-0.7716192828977032,-1.3147384059526417,-0.20916854863607975,-0.591178586617339,0.014811558880002794,0.2220000794014715,0.05283157697325089,0.6400296269604538,-1.2782509487049831,-0.6183266385329449,-0.5781613924868046,-0.27949220031802585,-0.06879074992340208,0.09513936388498588,0.7441753743319999,-0.01236692944907411,0.0,0.0,1.0,0.0,1.0,0.0,0.0
IND_TAMILNADU_THIRUVALLUR,Tamil Nadu,THIRUVALLUR,2009,Kharif,3.166391,0.41926077681038243,0.8951906154258501,-0.3953407852422446,0.4675331753528813,0.5612492056948918,1.8771407828810978,1.6214850128266487,1.1936236216329317,0.9090955085966069,0.43564749226947674,0.19625523268216669,0.47881958172649663,0.07034784050408636,1.3148019210880413,1.7710469172223737,-0.03858160405021758,-0.9161957802173599,0.46542407625903304,0.10281282891481382,-1.4137213934290358,0.7294374577968136,0.0,0.0,1.0,0.0,1.0,0.0,0.0
IND_TAMILNADU_THIRUVARUR,Tamil Nadu,THIRUVARUR,2009,Kharif,2.90598,1.7671347618863051,0.7291211567861182,-1.378547085218193,0.4675331753528813,0.9696038214279366,2.0205885283434,1.9597336650033252,0.9369239171594377,1.457198075661705,-0.05945929447345204,-0.694496031387736,1.0579686824633765,-0.3512288594469483,1.4425513184695915,2.046299263352363,0.6634290716832183,-0.698198699179587,0.19885862605602944,-0.2921939393860867,-1.2330763764895265,1.0508472911367064,0.0,0.0,1.0,0.0,1.0,0.0,0.0
IND_TAMILNADU_TIRUCHIRAPPALLI,Tamil Nadu,TIRUCHIRAPPALLI,2009,Kharif,4.141346,0.15625866269042216,0.24439146582549692,-1.274815953480065,0.4675331753528813,1.1684197995474226,1.068170421155843,1.3957652075659588,0.50202199358227,1.0092201355393413,-0.2571603116682162,-0.6615487573124353,1.089207027782959,-0.3727020514712614,0.8741164803240435,1.587365753775904,-0.17556054146476496,0.14775250288039923,-0.06029999800805056,-0.4047160799590499,-0.8384720879505522,0.6266277228249856,0.0,0.0,1.0,0.0,1.0,0.0,0.0
IND_TAMILNADU_TIRUNELVELI,Tamil Nadu,TIRUNELVELI,2009,Kharif,4.138393,0.499080954662962,-0.21908538071159234,-2.009170930358211,0.4675331753528813,-0.7715550305458713,0.27311427181050635,-0.3937414085409088,0.930719788359795,0.41454974122394117,0.33217117314422184,0.790174543803898,0.19839605256797216,1.1917631738271648,0.5654787343496692,0.13114148997225486,0.0029909822392089006,-0.8056920510988774,0.10317206723692492,0.27048912356679194,-0.0834595579744363,0.7564732366384216,0.0,0.0,1.0,0.0,1.0,0.0,0.0
IND_TAMILNADU_TIRUPPUR,Tamil Nadu,TIRUPPUR,2009,Kharif,4.19627,-0.6706670040649834,-0.3291995822477884,-1.278711303995774,0.4675331753528813,0.4871288219420329,0.5393330485341498,0.535471789782321,0.40347952569591106,1.2333230562381634,-0.3663584521781243,-0.5278185812982714,0.4904550385490985,0.023643410000157725,0.3939066954876036,0.8872956128269107,-0.6062467583100519,-0.006428102443747809,-0.2488428650078109,-0.44113636368898246,-0.6425047391919291,-0.12447884378417708,0.0,0.0,1.0,0.0,1.0,0.0,0.0
IND_TAMILNADU_TIRUVANNAMALAI,Tamil Nadu,TIRUVANNAMALAI,2009,Kharif,3.089877,0.8021669546126915,0.5691892171779028,-0.6941694517979556,0.4675331753528813,0.7427302176322705,1.0021752145356693,1.1132242033276223,0.7654302937217273,0.07505280813815618,0.20382507825412643,0.3407124281627079,0.7860196944669389,0.03991717825784528,0.8578429264166046,1.357445918784504,0.16084665104488446,-0.13995857645421528,0.11995284407199322,-0.023708286688603895,-0.8550357857197814,0.8463923679609932,0.0,0.0,1.0,0.0,1.0,0.0,0.0
IND_TAMILNADU_VELLORE,Tamil Nadu,VELLORE,2009,Kharif,3.415919,-0.231324231787335,0.4730824974806388,-0.5657191069252958,0.4675331753528813,-0.400618028672387,-0.19089552040470478,-0.4477937779073347,0.14469110955033443,0.7004898746172921,-0.00269237921501749,0.6657921990390072,0.7860196944669389,0.4322810132949822,-0.6318869789486418,0.08715597403227135,-0.37742463037052654,-0.17756188462644792,-0.264981315456849,-0.034711608019474344,0.4721671182583797,0.412061110901168,0.0,0.0,1.0,0.0,1.0,0.0,0.0
IND_ANDHRAPRADESH_ADILABAD,Andhra Pradesh,ADILABAD,2010,Kharif,2.786242,0.13424965482251966,0.35229514612201734,1.8139650479090488,0.4675331753528813,-0.48039014753358406,0.5803215937442474,0.15722558811345427,0.9960415138428927,-0.45740053802390523,0.9526744961479745,1.314776876754805,-0.9237931472418698,0.9673079030085229,0.0870682368002639,0.5794949645342008,-0.3776902500060925,-0.7985622103639772,0.6697842305148152,0.7343069925228035,-1.4668470163484044,0.6168468847402208,1.0,0.0,0.0,0.0,1.0,0.0,0.0
IND_ANDHRAPRADESH_ADILABAD,Andhra Pradesh,ADILABAD,2010,Rabi,2.889994,-0.422832619703233,0.35229514612201734,1.8139650479090488,0.3788234372325174,1.1880508563974372,-1.1069282552004602,0.1628322519172029,-2.5925454685141176,-1.1379036730461716,-0.873634182992637,-1.3706047440399456,0.7203770772039633,-2.4465337711355217,0.31474556569382406,0.5037448527288743,-0.4751735674754107,1.7373551876513076,-0.5494114682713485,-0.8588330658457985,-0.06735889540669235,0.24971082775506195,1.0,0.0,0.0,0.0,0.0,1.0,0.0
IND_ANDHRAPRADESH_ANANTAPUR,Andhra Pradesh,ANANTAPUR,2010,Kharif,2.916736,-0.30703648283039936,-0.2678187564418995,-0.006791370403704205,0.4675331753528813,-0.47350977435820923,0.07520162858833648,-0.2980362111103629,0.5110785486313761,1.1556087213653181,0.036457773301376305,0.5618422723053051,0.10795016907739426,0.6940741406042903,-0.31459266191535573,0.20902230327355806,-0.5228652768958985,-0.4275816330637038,-0.17537678460547648,-0.015700125109764984,-0.2483521669243145,0.3547210703513273,1.0,0.0,0.0,0.0,1.0,0.0,0.0
IND_ANDHRAPRADESH_ANANTAPUR,Andhra Pradesh,ANANTAPUR,2010,Rabi,2.79499,-0.46732462699398203,-0.2678187564418995,-0.006791370403704205,0.3788234372325174,0.8622293702937933,-0.5765021959452313,0.23093129362898931,-1.1786392423478544,-0.019524122567477386,-0.8145624213736241,-1.1618365128062207,1.0036368116000427,-1.1336710832543149,-0.15728834165484368,0.5585553119013013,-0.4985494622301033,1.0967132473258285,-0.5578821474871367,-0.80821430734766,0.10079982440442652,0.20173703829041212,1.0,0.0,0.0,0.0,0.0,1.0,0.0
IND_ANDHRAPRADESH_CHITTOOR,Andhra Pradesh,CHITTOOR,2010,Kharif,2.976802,-0.5749049102477853,0.42459567446986046,-0.36461738338663735,0.4675331753528813,-1.0190250761197637,-0.30276870700485553,-0.8891211411530642,0.21813578969448694,0.4248812657036178,0.19458957500509602,0.6022984600070703,-0.10574135939299008,0.8232843403748881,-1.0019204055738575,-0.2719774367382777,-0.610989033175795,-0.5839452019708846,0.00565889275754141,0.2139140241490037,0.13324730563552106,0.058604984590847495,1.0,0.0,0.0,0.0,1.0,0.0,0.0
IND_ANDHRAPRADESH_CHITTOOR,Andhra Pradesh,CHITTOOR,2010,Rabi,3.019009,-0.1713958995239078,0.42459567446986046,-0.36461738338663735,0.3788234372325174,0.02348635712695812,-1.2158565723721284,-0.896506460394653,-0.8582274891860319,-0.2104650993197606,-0.7307498264435105,-0.873688337521306,0.6707003912623237,-0.24481656373319904,-0.8341404557934284,-0.3488786171678673,-0.3430703981568307,0.8984316032498753,-0.5667342079946315,-0.6963431670992019,0.9431209584161251,0.45274344636231423,1.0,0.0,0.0,0.0,0.0,1.0,0.0
IND_ANDHRAPRADESH_EASTGODAVARI,Andhra Pradesh,EAST GODAVARI,2010,Kharif,1.926039,2.895045066031188,1.9295220096615435,0.9989009108529308,0.4675331753528813,-0.6591681557234977,1.2376221754190777,0.4115967606552588,1.9152255968189205,-0.5593483751689304,1.497939897395234,1.4061608663993195,-1.3757249134737168,1.52880285661734,1.1994276218252578,0.7864913903274795,0.5305606322996769,-1.415143795300373,1.3129335972282536,1.1496305291743372,-1.998535798765436,1.210376735656618,1.0,0.0,0.0,0.0,1.0,0.0,0.0
IND_ANDHRAPRADESH_EASTGODAVARI,Andhra Pradesh,EAST GODAVARI,2010,Rabi,4.915998,1.871981693839931,1.9295220096615435,0.9989009108529308,0.3788234372325174,1.2026186408516786,0.1796752797287831,0.6943881766996362,0.1068820117510347,-0.6057881915739949,-0.8488772318748189,-1.3262153158671763,0.20930091093892034,-0.4167063075939732,1.444590952542222,0.9315750186284028,0.7305072177642398,0.8177128190591688,-0.536022977662508,-0.8464350502264839,-0.8999055858288164,1.0683247525444928,1.0,0.0,0.0,0.0,0.0,1.0,0.0
IND_ANDHRAPRADESH_GUNTUR,Andhra Pradesh,GUNTUR,2010,Kharif,2.397002,3.4232612548608476,0.9900908704822137,0.6550402800936405,0.4675331753528813,-0.05054553506447796,1.261096327423678,0.8186448094753811,1.565115491024968,-0.036238981293631636,0.5943434172083042,1.185031022256723,-0.8768664779687164,0.9189813284017347,1.1597833252669516,1.1177297550759542,0.7043340399520911,-0.9524963520577912,0.2745126307107828,0.3238945411068453,-1.8788584898334646,1.2691545169885015,1.0,0.0,0.0,0.0,1.0,0.0,0.0
IND_ANDHRAPRADESH_GUNTUR,Andhra Pradesh,GUNTUR,2010,Rabi,3.455996,0.06299292439592945,0.9900908704822137,0.6550402800936405,0.3788234372325174,0.9542661480473207,0.1889473446584942,0.5817722011074626,0.2450247108879451,-0.21530390926963908,-0.6963383091020118,-0.898871292744755,0.14966042553730463,-0.13567266050613166,1.386579677156119,0.84093448717302,-0.2199240322955275,0.6152839915837824,-0.5139831535418072,-0.7159098857324607,-0.8612736362438232,0.5836252295337809,1.0,0.0,0.0,0.0,0.0,1.0,0.0
IND_ANDHRAPRADESH_KARIMNAGAR,Andhra Pradesh,KARIMNAGAR,2010,Kharif,3.280925,1.661213449074806,0.6485176720929396,1.5303178944226856,0.4675331753528813,-0.3252466679785416,0.8229689162788082,0.41057349753806643,1.1587230999589677,-0.5249352826006014,0.9572197176422621,1.1872785882401542,-0.7069086329457528,0.9382805619069785,0.42397478526257104,0.7856587023865195,0.12465282440831205,-0.851903981788057,0.7255461899021612,0.6906229969188925,-1.476563165181022,1.032467537657926,1.0,0.0,0.0,0.0,1.0,0.0,0.0
IND_ANDHRAPRADESH_KARIMNAGAR,Andhra Pradesh,KARIMNAGAR,2010,Rabi,3.732001,2.647479276883906,0.6485176720929396,1.5303178944226856,0.3788234372325174,1.4721565318235963,-0.6720511939610209,0.6501755280815842,-2.0192812725498928,-1.2264615757796353,-0.8837078121909678,-1.4557568461849464,0.6736799100507552,-2.175114483654206,0.6495130719460971,0.8959898545633709,1.1379487550435872,1.6465265314825852,-0.5284957153262032,-0.8748460509937654,-0.5101127768164587,1.1799177504510356,1.0,0.0,0.0,0.0,0.0,1.0,0.0
IND_ANDHRAPRADESH_KHAMMAM,Andhra Pradesh,KHAMMAM,2010,Kharif,3.130588,1.7795375409073413,1.2322371058845452,1.2141443629051327,0.4675331753528813,-0.4387951642461182,0.8652467154332028,0.3483952151822479,1.508518966103141,-0.8566835723266284,0.9352511470865406,1.3105371500133303,-0.9270462646274135,1.2203861681582016,0.8006855669308887,0.735060664562469,0.16357923772455252,-0.9719845833998527,0.6497516763504628,0.6832913722742493,-1.6052026359003517,1.0529508031169024,1.0,0.0,0.0,0.0,1.0,0.0,0.0
IND_ANDHRAPRADESH_KHAMMAM,Andhra Pradesh,KHAMMAM,2010,Rabi,3.536991,-0.05041745498368576,1.2322371058845452,1.2141443629051327,0.3788234372325174,1.479519474043871,-0.42411568585363596,0.7084157272935213,-0.6513193091129333,-1.1040320033970346,-0.8242008697905872,-1.2271691694609637,0.5654200519674366,-1.0478248078081391,1.0311544972298003,0.9428652874749086,-0.2795090924993668,1.472896599888241,-0.5442126390844071,-0.826139389106041,-0.6384107325762269,0.5250554789028582,1.0,0.0,0.0,0.0,0.0,1.0,0.0
IND_ANDHRAPRADESH_KRISHNA,Andhra Pradesh,KRISHNA,2010,Kharif,2.776946,3.253856673123841,1.3401384380599264,0.8092353539734269,0.4675331753528813,-0.21185454382859817,1.213904767953289,0.6855303163196416,1.7614905818745321,-0.5557779218561008,1.0290245465679644,1.344097396629568,-0.8768664779687164,1.1937040383255992,1.2797957873141732,1.0094068502861169,0.6486029703095777,-1.045465954331903,0.7533468787975787,0.7009959857791445,-1.7933748934571772,1.2511329854956508,1.0,0.0,0.0,0.0,1.0,0.0,0.0
IND_ANDHRAPRADESH_KRISHNA,Andhra Pradesh,KRISHNA,2010,Rabi,3.870998,0.6412310219906853,1.3401384380599264,0.8092353539734269,0.3788234372325174,1.379622868398754,0.11976347556753016,0.7989101643135681,0.20208481141793982,-0.5951120870814086,-0.760116470282485,-1.0504798345362134,0.14966042553730463,-0.34586112650135553,1.5122640361632946,1.015700991486891,0.08387861571989794,1.0005626691123275,-0.5338350534100886,-0.7750124446813732,-1.0219378400245254,0.8009063327509353,1.0,0.0,0.0,0.0,0.0,1.0,0.0
IND_ANDHRAPRADESH_KURNOOL,Andhra Pradesh,KURNOOL,2010,Kharif,2.799683,0.7853086549751811,-0.0734708749325743,0.40315814233704866,0.4675331753528813,-0.3792620651799988,0.32736023965533195,-0.013779736352055807,0.7956536948941753,0.3886449629329929,0.22245726281935804,0.9709503623348886,0.09771778198362198,0.8033952362867944,0.07537286943435717,0.4403381151071539,-0.16350377917319792,-0.5357967713290104,-0.10450008244683356,0.118022502051748,-0.506020300428901,0.8418391347423708,1.0,0.0,0.0,0.0,1.0,0.0,0.0
IND_ANDHRAPRADESH_KURNOOL,Andhra Pradesh,KURNOOL,2010,Rabi,3.203992,-0.3387307181376588,-0.0734708749325743,0.40315814233704866,0.3788234372325174,1.194826570097084,-0.5049818648693185,0.46736094246747034,-0.9602283309006625,-0.4508694666707918,-0.8640440879958258,-1.2989891188406095,0.8780380182464613,-1.0458288302009786,0.25475341748973285,0.748848997231849,-0.4309870045322607,1.307062661122028,-0.5656101368190765,-0.8554776909753363,-0.20309626615309453,0.3283445827583071,1.0,0.0,0.0,0.0,0.0,1.0,0.0
IND_ANDHRAPRADESH_MAHBUBNAGAR,Andhra Pradesh,MAHBUBNAGAR,2010,Kharif,2.762267,1.2008570511946377,-0.01616497855024476,0.8470213881531867,0.4675331753528813,-0.6628540699245901,0.19763210220402086,-0.27922622733863883,0.7013303151626824,0.3179955675940383,0.29568045873618704,1.0192730309786604,-0.367415868203782,0.9169120243409106,-0.2919416341793345,0.2243290668940998,-0.02679608056317927,-0.6654014317990253,-0.03229858211699697,0.21997548174027962,-0.6656435343792725,0.9424200607015077,1.0,0.0,0.0,0.0,1.0,0.0,0.0
IND_ANDHRAPRADESH_MAHBUBNAGAR,Andhra Pradesh,MAHBUBNAGAR,2010,Rabi,2.798995,0.18771590222020954,-0.01616497855024476,0.8470213881531867,0.3788234372325174,1.0153153284811274,-0.7276589892026476,0.2587733951331267,-1.482102767080805,-0.5805188507246362,-0.9340276047624708,-1.437980642497808,0.6071273018493563,-1.4654169903177567,-0.10596756527670981,0.580964413841769,-0.1543952581539254,1.3267484329665507,-0.5981479828114759,-0.9131122144055185,-0.24162730287834852,0.6402456102295777,1.0,0.0,0.0,0.0,0.0,1.0,0.0
IND_ANDHRAPRADESH_MEDAK,Andhra Pradesh,MEDAK,2010,Kharif,3.49016,0.4346181031905699,0.03211990604263495,1.3014749238188337,0.4675331753528813,-0.9418666055102467,0.06092253301662462,-0.5084070696133413,0.6577190423399146,0.13499084353862362,0.6792197873817604,1.3084939082102134,-0.419877647557139,1.062686170639791,-0.5872846463104212,0.03783145894144405,-0.2788745820148643,-0.7863446561170058,0.33169975176713334,0.6151713876860855,-0.5095716800960939,0.7347678656618479,1.0,0.0,0.0,0.0,1.0,0.0,0.0
IND_ANDHRAPRADESH_MEDAK,Andhra Pradesh,MEDAK,2010,Rabi,3.655993,0.13015752773150263,0.03211990604263495,1.3014749238188337,0.3788234372325174,0.8758937262547469,-0.9671586398275547,0.03886643603972193,-2.2753797666011066,-0.7963451357905779,-0.932818769258671,-1.3446044920952505,0.6974639463396244,-2.143226937785633,-0.38998025881316917,0.4039692447447478,-0.18463610681741785,1.3902021188849314,-0.6333354251462553,-0.9097156911755505,0.02443257163751074,0.6150044791672359,1.0,0.0,0.0,0.0,0.0,1.0,0.0
IND_ANDHRAPRADESH_NALGONDA,Andhra Pradesh,NALGONDA,2010,Kharif,3.116998,2.3974961308064096,0.531295707870846,1.0186224262280383,0.4675331753528813,-0.14068289143662108,0.8775797673154118,0.5106727071776855,1.190043393908891,-0.20435415536363516,0.2946005656861253,1.0552851677586408,-0.5950749558245946,0.8199116126067868,0.577553951253979,0.8671151756695831,0.36687621471582876,-0.7459774343759412,-0.047794706180004115,0.11573470480678257,-1.4600989723709155,1.1468967833788701,1.0,0.0,0.0,0.0,1.0,0.0,0.0
IND_ANDHRAPRADESH_NALGONDA,Andhra Pradesh,NALGONDA,2010,Rabi,3.420001,2.2871666965339306,0.531295707870846,1.0186224262280383,0.3788234372325174,1.3389460004885467,-0.34083926184296015,0.6899151833432358,-0.8852413699339808,-0.879987422067019,-0.9054668512593628,-1.3792374406581247,0.6126072913330773,-1.1759040455879408,0.7952082890132649,0.9279748678248502,0.9486427494225335,1.3018475334995552,-0.585662763682992,-0.8935335611756299,-0.5880346820083082,1.1315085659649624,1.0,0.0,0.0,0.0,0.0,1.0,0.0
IND_ANDHRAPRADESH_NIZAMABAD,Andhra Pradesh,NIZAMABAD,2010,Kharif,3.662295,0.9846853027031506,0.0011331602520301002,1.4956215789529068,0.4675331753528813,-0.754867891708194,0.2850337894086994,-0.22734076810270665,0.8106512030362362,-0.1217779266180011,0.7215935012416208,1.2831577098515325,-0.6359584033371734,1.0281597134593587,-0.2733489988796375,0.2665512436649932,-0.09791258669527926,-0.8011676830275886,0.39442693790300737,0.6010524632473511,-0.9345386242170279,0.892926874263851,1.0,0.0,0.0,0.0,1.0,0.0,0.0
IND_ANDHRAPRADESH_NIZAMABAD,Andhra Pradesh,NIZAMABAD,2010,Rabi,3.973001,0.7976956342777193,0.0011331602520301002,1.4956215789529068,0.3788234372325174,1.138701074951689,-0.8603946242840449,0.26552852795708914,-2.430790675448777,-0.9596357699721381,-0.9140092888195473,-1.4367036163708575,0.6676627452994235,-2.3939650115060354,-0.06822991679388662,0.5864013762797875,0.16608417212651136,1.5200463373350361,-0.5737195074427219,-0.895718715509284,-0.19891236919536284,0.8451892323620868,1.0,0.0,0.0,0.0,0.0,1.0,0.0
IND_ANDHRAPRADESH_PRAKASAM,Andhra Pradesh,PRAKASAM,2010,Kharif,2.931789,-0.08734139711382796,0.7958439581818378,0.4707338942814897,0.4675331753528813,-0.13961062548721032,1.7312604828069376,1.1090107669627576,1.6610263421300338,0.9772379899074028,0.6288677591968225,0.9984830456319237,-0.6091577671313287,0.7795245057644149,1.303506395341442,1.3540172037334985,-0.4505895513937153,-1.362946319302872,0.3908138519815787,0.3124324039391667,-1.8633533716838002,0.5041998458103462,1.0,0.0,0.0,0.0,1.0,0.0,0.0
IND_ANDHRAPRADESH_PRAKASAM,Andhra Pradesh,PRAKASAM,2010,Rabi,3.486001,0.8452369872386084,0.7958439581818378,0.4707338942814897,0.3788234372325174,0.03744432734822581,0.8717845083419994,0.517598439279874,0.5776476646184688,0.7470048186987395,-0.5326458640808133,-0.5514180241242987,0.16354380050401546,0.18328937070231394,1.5300918915258275,0.7892833440118644,0.19106213751332862,-0.6014070626442249,-0.44665931920589913,-0.574959481939285,-0.8015508677299443,0.8578185436677365,1.0,0.0,0.0,0.0,0.0,1.0,0.0
IND_ANDHRAPRADESH_SRIKAKULAM,Andhra Pradesh,SRIKAKULAM,2010,Kharif,0.8136,2.3928194141309613,2.8367514851732647,1.597894743958143,0.4675331753528813,-0.9642724960780943,2.2446268080971046,0.9677101688695591,2.1515477017180156,1.7541534373605965,1.2183604220764355,1.2112866794268073,-0.8758171822500965,1.2890442497902297,1.211602799134397,1.2390327954160096,0.3653376255060408,-2.384362021621559,1.0413298994348161,0.803694247387717,-1.971067438778883,1.1462551477527345,1.0,0.0,0.0,0.0,1.0,0.0,0.0
IND_ANDHRAPRADESH_SRIKAKULAM,Andhra Pradesh,SRIKAKULAM,2010,Rabi,2.369963,-0.747453635965921,2.8367514851732647,1.597894743958143,0.3788234372325174,-0.777177145047873,0.9232112663474141,0.12853930285144596,0.17524751608486375,1.381887406725449,-0.8586446227455204,-1.096044126745776,0.015648224774123105,-0.08465739670100508,1.4815200815074732,0.47614369656831634,-0.6457274950510014,-1.280601789421099,-0.6386346178310136,-0.8449935570404361,-0.6098498678941984,-0.3573670983362352,1.0,0.0,0.0,0.0,0.0,1.0,0.0
IND_ANDHRAPRADESH_VIZIANAGARAM,Andhra Pradesh,VIZIANAGARAM,2010,Kharif,2.575129,1.135746411263822,2.5004643770907284,1.5280363685641372,0.4675331753528813,-1.552253997211007,0.01579864496633751,-0.9539779651979676,0.8679544865989335,-0.9117597138543087,1.711242951492372,1.373877645910034,-1.1497084196282839,1.5679674091065292,-0.7865257252313232,-0.324755157701895,-0.04821620077995364,-1.234714813344767,1.591261649375454,1.7341576040479882,-0.7540144801816115,0.9280814491536402,1.0,0.0,0.0,0.0,1.0,0.0,0.0
IND_ANDHRAPRADESH_VIZIANAGARAM,Andhra Pradesh,VIZIANAGARAM,2010,Rabi,3.232975,-0.7449888798802119,2.5004643770907284,1.5280363685641372,0.3788234372325174,0.15240560311888193,-1.4935758222033573,-0.978298338911747,-1.6492478831235045,-1.4423646673527157,-0.8324209512164253,-0.963999625219184,0.012099460552854203,-1.1081899040670324,-0.5549384533865946,-0.41470994614708273,-0.6444325044092224,1.2010157997751152,-0.6578642640128269,-0.7957990356697501,0.42559046728134775,-0.3476605041604523,1.0,0.0,0.0,0.0,0.0,1.0,0.0
IND_ANDHRAPRADESH_WARANGAL,Andhra Pradesh,WARANGAL,2010,Kharif,3.067817,1.8149447100616625,0.8525059997480255,1.3357032996521332,0.4675331753528813,-0.3923303064384129,0.8222878009874808,0.3698837406430824,1.284523051751923,-0.7463793550877497,0.9044339006430059,1.165109414676308,-0.5950749558245946,1.044024377925703,0.543947263147786,0.7525471113225741,0.1752274712455807,-0.9042775032358042,0.6685196504423148,0.6530706080506395,-1.3602152692200842,1.0589019076689676,1.0,0.0,0.0,0.0,1.0,0.0,0.0
IND_ANDHRAPRADESH_WARANGAL,Andhra Pradesh,WARANGAL,2010,Rabi,3.452998,0.7011277548171162,0.8525059997480255,1.3357032996521332,0.3788234372325174,1.4515583621766732,-0.619468502131481,0.6692542140303189,-1.377421372951972,-1.1718521492024523,-0.8700076764812378,-1.3354099039812133,0.6126072913330773,-1.654063326909467,0.770467591775443,0.9113455998274994,0.11534808808363572,1.5922393668118795,-0.558725200868803,-0.8636648911693476,-0.5719474783340041,0.8183810264784359,1.0,0.0,0.0,0.0,0.0,1.0,0.0
IND_ANDHRAPRADESH_WESTGODAVARI,Andhra Pradesh,WEST GODAVARI,2010,Kharif,2.18156,3.1874504562761783,1.5405613785784846,0.9211625636915421,0.4675331753528813,-0.5996350566573914,0.9957775959064274,0.29834561036244617,1.7378239873943795,-0.8184721251701834,1.3833261738283045,1.4036578951904999,-1.0532684218176402,1.4561250923843971,1.0218579586730179,0.6943324279209339,0.6267565525987874,-1.1932032961771133,1.1711801929109638,1.0777397274703422,-1.6697983312242368,1.2438652751907227,1.0,0.0,0.0,0.0,1.0,0.0,0.0
IND_ANDHRAPRADESH_WESTGODAVARI,Andhra Pradesh,WEST GODAVARI,2010,Rabi,4.648998,2.3061737578871875,1.5405613785784846,0.9211625636915421,0.3788234372325174,1.456866004574731,-0.14064136123844936,0.6574783743777514,-0.03751549879989821,-0.8577135349961595,-0.8213319001949024,-1.2588394174093138,0.2129609185458208,-0.5124603273070024,1.2575197491630838,0.9018676517936595,0.9586289238860234,1.2498920470491437,-0.528194624832751,-0.822773105190061,-0.869530009191314,1.1341976727707637,1.0,0.0,0.0,0.0,0.0,1.0,0.0
IND_KARNATAKA_BANGALORERURAL,Karnataka,BANGALORE RURAL,2010,Kharif,2.930111,-0.8354106688450402,-0.19750098158330961,-0.4216397977124417,0.4675331753528813,-1.7252238981749652,-1.0047553168998404,-1.8353385648059273,-0.1258459415011062,0.6119882127141958,0.19160778076239038,0.6517959926876387,-0.09715757923058446,1.1275576636915452,-1.8383091049251616,-1.0419688739058925,-0.6840594914126361,-0.6324457235132517,-0.01750500253871341,0.3748345030358264,1.2382753102150805,-1.0420947630879613,0.0,1.0,0.0,0.0,1.0,0.0,0.0
IND_KARNATAKA_BANGALORERURAL,Karnataka,BANGALORE RURAL,2010,Summer,3.232258,-0.8571510814984744,-0.19750098158330961,-0.4216397977124417,-2.2381138373182194,0.7442715999345457,-0.2877233567304058,0.36688919122661984,-0.7675383168911062,0.302080461869834,-0.5925396338424096,-1.1767010969239147,-1.2913803789181846,-0.9228063187038668,-1.8025332760340484,-1.754774242187176,-0.6981107549471356,0.7947635438915645,-0.27553955542723807,-0.43228687731337234,1.151815101251719,-2.062221699985084,0.0,1.0,0.0,0.0,0.0,0.0,1.0
IND_KARNATAKA_BIDAR,Karnataka,BIDAR,2010,Kharif,0.977471,-0.7817548248253727,-0.3830668900350699,1.3260573039400396,0.4675331753528813,-0.9261176993783116,-0.09950444363655242,-0.6160302727616516,0.5635516601488464,0.20282945648237088,0.6779464806510925,1.3864435829992183,-0.5363875556459275,1.0309948978737271,-0.7417834480263029,-0.049747719789837525,-0.6383899234716005,-0.65783147743851,0.2994830689677509,0.6351113415839624,-0.5138093964046837,-0.5203663526766873,0.0,1.0,0.0,0.0,1.0,0.0,0.0
IND_KARNATAKA_CHITRADURGA,Karnataka,CHITRADURGA,2010,Kharif,2.349704,-0.7341344732719929,-0.6853982879596192,-0.018470836404734677,0.4675331753528813,-0.8898393680899866,-0.22434314631799204,-0.7838755199535097,0.36068513567698945,1.507032487857785,0.09027512993053985,0.5848798236354764,-0.07891566837055652,0.8832894011180737,-0.7607959170263056,-0.1863330329286311,-0.5978574909180183,-0.5388951712533113,-0.11740682826614832,0.09633254073091593,0.051177554127255026,-0.3072594129850102,0.0,1.0,0.0,0.0,1.0,0.0,0.0
IND_KARNATAKA_CHITRADURGA,Karnataka,CHITRADURGA,2010,Rabi,2.202518,-0.8445429061369624,-0.6853982879596192,-0.018470836404734677,0.3788234372325174,0.46686647591946556,-0.8614521807614415,-0.22844816692630995,-1.3087072365299877,-0.17613259062778083,-0.7938832753552905,-1.0586528017486911,1.0737562234906253,-1.0619072715039397,-0.6133135625555365,0.18881737529444814,-0.4134380361225635,0.9913605497239057,-0.5726757270654208,-0.7785797156948048,0.5916267258896015,-1.2536092110681292,0.0,1.0,0.0,0.0,0.0,1.0,0.0
IND_KARNATAKA_CHITRADURGA,Karnataka,CHITRADURGA,2010,Summer,2.29719,-0.7797482605761096,-0.6853982879596192,-0.018470836404734677,-2.2381138373182194,1.6448744725048856,0.6986653756119787,1.6090252795762725,-0.6265919438363378,1.0742099825419966,-0.732587256409286,-1.3612569127906746,-1.265774356367174,-1.4330324803228611,-0.7345962949185727,-1.0809092805565452,-0.49147735841683693,0.7906440803558415,-0.3774285784114583,-0.6584203739935506,0.09164193057920127,-0.5090041064474198,0.0,1.0,0.0,0.0,0.0,0.0,1.0
IND_KARNATAKA_DAKSHINAKANNADA,Karnataka,DAKSHINA KANNADA,2010,Kharif,2.476333,-0.34756276077811643,-1.3294282739422296,-0.5491692637226949,0.4675331753528813,-1.5640712615284447,1.2494930419250296,-0.11851372599302876,1.5165759865519706,-0.6436718470250985,6.324820064067499,1.8843305293743393,-1.706033584647873,1.5651560097963013,0.8931089572430793,0.35511005526798395,-0.268823863043018,-2.136859723122795,7.136304758387456,5.62778245100569,-1.9071036252321836,0.320708062286476,0.0,1.0,0.0,0.0,1.0,0.0,0.0
IND_KARNATAKA_DAKSHINAKANNADA,Karnataka,DAKSHINA KANNADA,2010,Rabi,2.256696,-0.5280903443378104,-1.3294282739422296,-0.5491692637226949,0.3788234372325174,-0.18739643891836663,1.0901330294190148,0.6112270145020089,0.6385791357396763,-1.4157896158819632,-0.5530348895782348,0.1894614536867962,0.8005073916097022,0.17123174212123982,0.9919008746515087,0.8646416026685,5.706869524634374,-0.936616955183052,-0.7631857186224024,-0.5963633891964555,-0.3814482256979694,0.12658313136538843,0.0,1.0,0.0,0.0,0.0,1.0,0.0
IND_KARNATAKA_DAKSHINAKANNADA,Karnataka,DAKSHINA KANNADA,2010,Summer,2.296862,-0.8399609877725032,-1.3294282739422296,-0.5491692637226949,-2.2381138373182194,0.12972917767982714,2.0325323714877004,1.3757664328198667,1.5009323932728464,-0.7271216973260025,0.7205619616117116,-0.8307291786107224,-2.3122599267657074,0.46162231777127705,0.9155900522908893,-1.2074533567602708,-0.6522203688528048,-1.368720610070893,1.2238108111664048,1.026362091669646,-0.8320236594494482,-1.1350848401185085,0.0,1.0,0.0,0.0,0.0,0.0,1.0
IND_KARNATAKA_DHARWAD,Karnataka,DHARWAD,2010,Kharif,1.207202,-0.41908808641917494,-1.3656452247564865,0.3684610951399253,0.4675331753528813,-1.5815179220802795,-0.3514927758807172,-1.3115181367309332,0.4704437144912956,0.6593916779738803,0.9749654228380416,1.4228643681398216,-0.45430597212445667,1.4128885300651635,-1.0161547672226534,-0.6157061206011103,-0.329703154541479,-0.991965742002602,0.655070941734785,1.0960029098979573,0.2550651034962211,0.2535227575144777,0.0,1.0,0.0,0.0,1.0,0.0,0.0
IND_KARNATAKA_DHARWAD,Karnataka,DHARWAD,2010,Summer,3.234432,-0.8552867147156944,-1.3656452247564865,0.3684610951399253,-2.2381138373182194,1.7624551355197013,0.4558356114815282,1.3690399826230946,-0.4324404492228035,0.17912772385252895,-0.5671540882626155,-1.4774662903430906,-1.426126184711023,-1.1433441828694269,-0.9842474059987227,-1.211102489207407,-0.6931336899404061,1.0590429737986258,-0.12573699858499265,-0.4592257660088462,0.11173579848696617,-1.8106936868079226,0.0,1.0,0.0,0.0,0.0,0.0,1.0
IND_KARNATAKA_GADAG,Karnataka,GADAG,2010,Kharif,2.212717,-0.8459332813647983,-1.1187200932133095,0.43114451806247717,0.4675331753528813,-1.0133286632635286,-0.2538013826678023,-0.9172909728495922,0.36456501335277497,1.338461511237212,0.1997472731546412,0.8133142572242232,-0.45430597212445667,0.9875823257838077,-0.9445231411165279,-0.29490084593639576,-0.6930158392616187,-0.6148939921238709,-0.07083816527887686,0.22335175445367525,-0.15495253235559306,-1.2968255713026435,0.0,1.0,0.0,0.0,1.0,0.0,0.0
IND_KARNATAKA_GADAG,Karnataka,GADAG,2010,Summer,3.163514,-0.8362164544884451,-1.1187200932133095,0.43114451806247717,-2.2381138373182194,2.0752887262596125,0.7619726093860362,1.8900915810868935,-0.7602015224967116,0.7316743657857242,-0.7514773258819962,-1.5208851786593776,-1.426126184711023,-1.675947370470337,-0.917253942677025,-0.9284294240741796,-0.6422240191374093,1.0840238231883221,-0.3382265961639836,-0.6882803925227869,-0.28182153355424927,-1.0572133305696445,0.0,1.0,0.0,0.0,0.0,0.0,1.0
IND_KARNATAKA_HASSAN,Karnataka,HASSAN,2010,Kharif,2.944362,-0.2942071114099135,-0.9061681677665311,-0.5042975478074482,0.4675331753528813,-2.415740830720058,-1.144383951621476,-2.323013728065195,-0.07137979306207445,-0.11972681514041728,1.9063973552257993,1.496165667826732,-0.6994092252451947,1.588760347152228,-1.953203594244692,-1.4388181502374533,-0.22340973948564266,-1.0755697263237283,1.7862478529350918,2.542521714347254,1.2621947094545338,0.36497016221607265,0.0,1.0,0.0,0.0,1.0,0.0,0.0
IND_KARNATAKA_HASSAN,Karnataka,HASSAN,2010,Rabi,2.688508,-0.6891210752708055,-0.9061681677665311,-0.5042975478074482,0.3788234372325174,-0.6932712237339197,-1.6897156572550878,-1.5296632342725591,-1.1962176466789551,-1.4571883232309115,-0.6556408471407547,0.032846969477694554,0.9975775547568491,-0.26055833411447554,-1.8383823355863993,-0.8584836370337657,2.5924767158424475,0.6765127937041937,-0.829425627181884,-0.5879983736482021,2.0416744579099775,-0.1703713288220099,0.0,1.0,0.0,0.0,0.0,1.0,0.0
IND_KARNATAKA_HASSAN,Karnataka,HASSAN,2010,Summer,2.584913,-0.7779154932303258,-0.9061681677665311,-0.5042975478074482,-2.2381138373182194,0.027193746267644047,-0.3615757147469425,-0.21483589089127159,-0.5285628509492378,-0.6736788482712144,-0.2754862579058198,-0.8741480669270097,-1.6469543271377938,-0.35313404628915807,-1.9172378405844006,-2.070362971810013,-0.4865845809445497,0.2831050473009016,0.0004199181714743932,0.03945800494777987,1.3222348941911166,-0.49887271848187764,0.0,1.0,0.0,0.0,0.0,0.0,1.0
IND_KARNATAKA_HAVERI,Karnataka,HAVERI,2010,Kharif,1.985043,-0.1486759043235892,-1.2397488314249616,0.15122880816676934,0.4675331753528813,-1.728172629535831,-0.3429545091930348,-1.3745992983077862,0.5552022845972842,0.8338121206601541,2.1275981346144297,1.615235583903512,-0.6469935467543594,1.5630581636104948,-0.8862662171775837,-0.6670388830789516,-0.09953971578358933,-1.1137187753917086,2.014936119061811,2.325893263358856,0.1387045522425993,0.4672470922309932,0.0,1.0,0.0,0.0,1.0,0.0,0.0
IND_KARNATAKA_HAVERI,Karnataka,HAVERI,2010,Summer,3.006744,-0.7658919074532449,-1.2397488314249616,0.15122880816676934,-2.2381138373182194,1.1811529576966497,0.4244921453075137,0.984864874069369,-0.1182911433496811,0.3701089925429859,-0.3109293148772275,-1.205868373663444,-1.4969952367138644,-0.6645500363812862,-0.8556883293379672,-1.4195193826646737,-0.4544866728735665,0.623620959436354,0.08663216279661734,-0.1304724297516809,0.350540283097999,-0.4375637670125343,0.0,1.0,0.0,0.0,0.0,0.0,1.0
IND_KARNATAKA_KODAGU,Karnataka,KODAGU,2010,Kharif,2.526281,-0.3020121723479923,-1.0603223205016303,-0.7035875144423978,0.4675331753528813,-2.385091895666139,-0.3913866715154684,-1.802263089341727,0.5566423158494758,-2.6221587848828163,5.3116869694296005,2.1358025142932595,-1.706033584647873,1.9233263791110666,-0.8524796003426935,-1.0150534607555397,-0.23005311589399025,-1.596364981782088,5.775757109275275,6.078918918242011,-0.45183488712826936,0.3587629462051528,0.0,1.0,0.0,0.0,1.0,0.0,0.0
IND_KARNATAKA_KODAGU,Karnataka,KODAGU,2010,Rabi,2.4,-0.8595210392731947,-1.0603223205016303,-0.7035875144423978,0.3788234372325174,-0.559563806727577,-0.8208223365601265,-0.9966163117046343,-0.2601783601001388,-2.931719647321976,-0.47418657911705925,0.46703585264056874,0.8005073916097022,0.37908755958762097,-0.7579374912619172,-0.429453420866383,-0.7031206237510531,0.15305993278589394,-0.7740651217858096,-0.4326932251272606,1.1776260001313932,-3.51711809943621,0.0,1.0,0.0,0.0,0.0,1.0,0.0
IND_KARNATAKA_KODAGU,Karnataka,KODAGU,2010,Summer,2.85,-0.8573880772759465,-1.0603223205016303,-0.7035875144423978,-2.2381138373182194,-0.14101797454580958,0.3050658766374966,-0.05732861078035681,0.482137497744013,-2.760570826073753,0.600903364542257,-0.6988379202193645,-2.3122599267657074,0.5442874472357374,-0.8235410631424437,-1.984914494574711,-0.6987434429984609,-0.3319097331283253,1.0229633793342319,1.1965529910295132,0.33615995696818146,-2.1073659658833446,0.0,1.0,0.0,0.0,0.0,0.0,1.0
IND_KARNATAKA_KOLAR,Karnataka,KOLAR,2010,Kharif,2.160233,-0.7404859601082433,0.07396201585600445,-0.4458303378409435,0.4675331753528813,-1.6095308700085729,-0.8354495159133103,-1.631227668902181,-0.049153089548547885,0.7220645286777877,0.25712666506833515,0.6876038052873049,-0.10574135939299008,1.06633480561601,-1.6623388082502664,-0.875872120506695,-0.6032635870685292,-0.6637994182017992,0.05001955879283125,0.4072093749610711,0.9687338917115506,-0.33045443224016996,0.0,1.0,0.0,0.0,1.0,0.0,0.0
IND_KARNATAKA_KOLAR,Karnataka,KOLAR,2010,Summer,1.665196,-0.8273686121294893,0.07396201585600445,-0.4458303378409435,-2.2381138373182194,1.008719189707401,-0.156693802561745,0.585340818757926,-0.6899378173787128,0.5395535907188288,-0.6481944204373482,-1.308541274270194,-1.388323477445881,-1.0044153895441803,-1.621704903684089,-1.636263155531512,-0.6186039183369819,0.908339266116813,-0.2930429494465916,-0.515157676072926,0.828757927263603,-0.9139954164679676,0.0,1.0,0.0,0.0,0.0,0.0,1.0
IND_KARNATAKA_KOPPAL,Karnataka,KOPPAL,2010,Kharif,4.142483,-0.20746665685515067,-0.8810958694992852,0.4841698717717585,0.4675331753528813,-0.6095981944373036,-0.0762005704547844,-0.535704118062867,0.3967766817378186,1.351831719387373,0.0015788395650751716,0.6004084613391855,-0.0477695247760106,0.7422104343778931,-0.7080368153533778,0.015618283575316728,-0.1495799340916659,-0.4252578331204797,-0.2339689946312729,-0.020414599443960072,-0.16200613194529825,0.4287034810848078,0.0,1.0,0.0,0.0,1.0,0.0,0.0
IND_KARNATAKA_KOPPAL,Karnataka,KOPPAL,2010,Summer,4.145799,-0.2772382137429162,-0.8810958694992852,0.4841698717717585,-2.2381138373182194,2.2767406915047417,1.0108229461808773,2.2338177005378883,-0.8787781007688606,0.683245344787246,-0.7955111738337405,-1.5251249054008502,-1.2927824464543487,-1.9337184366683131,-0.6841562746378459,-0.741956306943325,0.8500158551345692,1.0626871146187011,-0.39139917730764,-0.7450299871458613,-0.3909209428837474,0.3781746735964433,0.0,1.0,0.0,0.0,0.0,0.0,1.0
IND_KARNATAKA_MANDYA,Karnataka,MANDYA,2010,Kharif,3.710428,0.10173383415335721,-0.5729209373097439,-0.6394047821920191,0.4675331753528813,-1.6052418062109546,-0.8125348514694526,-1.6115148059094146,0.10586553825092829,0.2873048625220681,0.3347339044122777,0.9790211674572081,-0.6994092252451947,1.223730353801335,-1.3387669777932483,-0.8598306322323681,0.11359855223359534,-0.6770028269701421,0.03215485618133617,0.48764956892687417,0.35264417594356984,0.6019930591184155,0.0,1.0,0.0,0.0,1.0,0.0,0.0
IND_KARNATAKA_MANDYA,Karnataka,MANDYA,2010,Summer,3.591968,-0.546844610195097,-0.5729209373097439,-0.6394047821920191,-2.2381138373182194,0.6541342435624027,0.09310523053174269,0.5615048073223894,-0.5053082050099561,-0.2651658123193689,-0.5089849238197729,-0.9581763860802945,-1.6469543271377938,-0.7354415392927564,-1.307819236455746,-1.6491943094381452,0.13027867562609802,0.44812125008759823,-0.25735368962272553,-0.339403018298651,0.5535662201778773,0.10057944223496909,0.0,1.0,0.0,0.0,0.0,0.0,1.0
IND_KARNATAKA_RAICHUR,Karnataka,RAICHUR,2010,Kharif,3.086124,0.7250643283417912,-0.5535249870824451,0.6262314428335712,0.4675331753528813,-0.017908440229360303,0.2610974520278452,0.10178880394142295,0.5567302748943018,0.8987639841169351,-0.05907246711223593,0.6035244050889397,0.04569295863152785,0.47312955115781175,-0.241881463436995,0.5343828707917444,0.6441512216661547,-0.20307087036687863,-0.31072699776201623,-0.14381253806934438,-0.6447017496807874,0.8251775890482077,0.0,1.0,0.0,0.0,1.0,0.0,0.0
IND_KARNATAKA_RAICHUR,Karnataka,RAICHUR,2010,Summer,2.852845,0.3168312017869713,-0.5535249870824451,0.6262314428335712,-2.2381138373182194,3.0017265065485335,1.6468143494556853,3.2098301384851733,-1.1275856203241015,0.5862733521526534,-0.8440257720529025,-1.6479237377683267,-1.307445527313213,-2.506915661517675,-0.2259677669869661,-0.21246473978161745,2.4359345657491853,1.1737541891779661,-0.4035632332431084,-0.8136722103704646,-1.020110021076246,0.6921582333078029,0.0,1.0,0.0,0.0,0.0,0.0,1.0
IND_KARNATAKA_RAMANAGARA,Karnataka,RAMANAGARA,2010,Kharif,2.510654,-0.7350350572263866,-0.338848481629646,-0.5863816236647694,0.4675331753528813,-1.4696001636107587,-0.7766789964903991,-1.5075031196452853,0.07454173716204937,0.19151035980978326,0.2014074072465272,0.738582688275133,-0.5633405251366128,1.1104228746637206,-1.3645567622411667,-0.775190352116233,-0.5986239759384309,-0.5960571289477015,-0.03940431776246779,0.32378208669390474,0.3681107531982831,-0.31047585885759066,0.0,1.0,0.0,0.0,1.0,0.0,0.0
IND_KARNATAKA_RAMANAGARA,Karnataka,RAMANAGARA,2010,Summer,2.960951,-0.8502940036702836,-0.338848481629646,-0.5863816236647694,-2.2381138373182194,0.9223682724691067,0.034213083378232506,0.6747258616411542,-0.5426644955183372,-0.1334388752035134,-0.574213687604806,-1.1189795159857907,-1.4671860181323613,-0.8700604717464869,-1.3319896623453062,-1.5877713283816433,-0.6798051730300685,0.7021284279729022,-0.27539904653029407,-0.4281226104728458,0.6562770169064294,-1.468193879841438,0.0,1.0,0.0,0.0,0.0,0.0,1.0
IND_KARNATAKA_UDUPI,Karnataka,UDUPI,2010,Kharif,2.586907,-0.11385332475369901,-1.4848945567694636,-0.3353775587209606,0.4675331753528813,-1.8801216501165867,0.65626594872699,-0.7429750912402655,1.09203415142824,-1.0220639310931898,5.7188711205295,1.8595051414664379,-1.3175125526175093,1.6358310682600328,0.07627251307789006,-0.15305000611212854,-0.06990027006854828,-1.9566067866174317,6.3914269502863155,5.550007595629721,-1.0919194522365012,0.48860068484855035,0.0,1.0,0.0,0.0,1.0,0.0,0.0
IND_KARNATAKA_UDUPI,Karnataka,UDUPI,2010,Rabi,2.179693,-0.717686966315434,-1.4848945567694636,-0.3353775587209606,0.3788234372325174,-0.592742218143515,0.17101807321614657,-0.2681269651355039,0.1886707024929903,-1.8197918434431155,-0.622792757050837,0.6898513712707354,1.0009759900785944,0.3070351727615123,0.17917705558433275,0.1568813436765524,2.040001997722247,-0.5908878120473788,-1.0466925272569818,-0.619014659202137,0.5694503716625775,-0.25225864881658605,0.0,1.0,0.0,0.0,0.0,1.0,0.0
IND_KARNATAKA_UDUPI,Karnataka,UDUPI,2010,Summer,2.417722,-0.85710368234298,-1.4848945567694636,-0.3353775587209606,-2.2381138373182194,-0.18082584791759373,1.2740131924127351,0.6399650116310095,1.0480895601198206,-1.3086118012206378,0.529646541044943,-0.5507028894932079,-2.0944734390724884,0.553784839321811,0.10420145018930183,-1.6066292611621498,-0.6979842477107567,-1.0645140720483666,0.8760111458300005,0.9463619628346706,-0.027738697352023188,-2.05371576716342,0.0,1.0,0.0,0.0,0.0,0.0,1.0
IND_KARNATAKA_UTTARAKANNADA,Karnataka,UTTARA KANNADA,2010,Kharif,1.907365,0.33209372985617,-1.6482627368515945,0.13753599437876132,0.4675331753528813,-1.5054763951680572,1.5021138383682806,0.07837413614238707,1.6037833813572537,-0.1574824597462868,4.300762014311974,2.082882551592467,-1.1459431817917265,1.491683823084829,0.8626610179297505,0.515329011436893,0.3096711003718839,-2.273506201602583,4.537572636702061,3.6988513120956124,-1.5887267857824623,0.6979142253678099,0.0,1.0,0.0,0.0,1.0,0.0,0.0
IND_KARNATAKA_UTTARAKANNADA,Karnataka,UTTARA KANNADA,2010,Rabi,2.19057,-0.8274318110034818,-1.6482627368515945,0.13753599437876132,0.3788234372325174,-0.740204333960139,0.90877439071415,0.1736039502040495,0.5734782631280365,-0.9689293573361867,-0.7160503867173059,1.4544324539980185,1.1717867010581566,0.3863692706653013,0.9875146562686635,0.51241460364355,-0.0825033067049586,-1.24101665688745,-1.4632813339974309,-0.7201445517061037,0.2882370802930949,-0.9148714304248876,0.0,1.0,0.0,0.0,0.0,1.0,0.0
IND_KARNATAKA_UTTARAKANNADA,Karnataka,UTTARA KANNADA,2010,Summer,2.013479,-0.8349840764455906,-1.6482627368515945,0.13753599437876132,-2.2381138373182194,-0.12248787860758978,2.02961330595345,1.207244026212222,1.509111111443183,-0.6107780962920158,0.17803658750639897,-0.39623380917738116,-1.8102485931415178,0.5569958283817169,0.8949882128540075,-1.2988775945130266,-0.6389340716444037,-1.56537218026653,0.3774253613727404,0.4238584196413882,-0.17136821080301018,-1.0342933383788309,0.0,1.0,0.0,0.0,0.0,0.0,1.0
IND_TAMILNADU_ARIYALUR,Tamil Nadu,ARIYALUR,2010,Kharif,3.881996,-0.4612733348091962,0.5517609924645694,-1.1462880455089428,0.4675331753528813,0.45927224613136824,1.3852782403599164,1.1998404165996592,1.2068302443424062,0.24878954699856828,0.45784171211923985,0.42162480356623694,-0.033443180652077166,0.34345316334592685,1.3554258296137376,1.4279305039043582,-0.5037391444408306,-0.6405966278595645,0.40450343308387365,0.16666107625297105,-1.5052817511756056,0.2085726815714017,0.0,0.0,1.0,0.0,1.0,0.0,0.0
IND_TAMILNADU_COIMBATORE,Tamil Nadu,COIMBATORE,2010,Kharif,3.908102,-0.8174779883496567,-0.5132307587234963,-1.2547600387087559,0.4675331753528813,-1.7150150327816276,-0.38963523219492546,-1.4238664078026801,0.45925032982373215,-0.29422322491845293,0.7641283931686533,1.0857805516701997,-1.2453085799869594,1.4887867973996711,-0.6354655614417908,-0.7071303583538685,-0.6834028079911453,-1.0695665764703794,0.524959703164312,0.9045435109078296,-0.3886240551780286,-0.794537421095557,0.0,0.0,1.0,0.0,1.0,0.0,0.0
IND_TAMILNADU_CUDDALORE,Tamil Nadu,CUDDALORE,2010,Kharif,2.603342,0.9702443599958549,0.6401433328649972,-1.0173719561818362,0.4675331753528813,0.3958075052507543,1.3039822652310389,1.1110271972230807,1.2521712380945067,-0.015879800701334417,0.5390271045544285,0.5840625269142282,-0.033443180652077166,0.43939751645589653,1.2747377908293929,1.355658088793615,0.2182943008708185,-0.6317767508023133,0.44177843617325446,0.24121833948107715,-1.447354614518978,0.8894166272804543,0.0,0.0,1.0,0.0,1.0,0.0,0.0
IND_TAMILNADU_DHARMAPURI,Tamil Nadu,DHARMAPURI,2010,Kharif,4.07694,-0.49838687356131606,0.08151263418860487,-0.8134084470008486,0.4675331753528813,-0.7592016332537281,-0.15815333532886783,-0.6010424776923355,0.4766653789856778,-0.7191071691450762,0.38985680338554374,0.7813375230054064,-0.45846106290710337,0.8825758479936501,-0.4346651002054574,-0.03755129053698603,-0.5224585705585365,-0.48384575896185195,0.1784848359990982,0.3575109025222672,-0.45923432057831926,0.16490020589088236,0.0,0.0,1.0,0.0,1.0,0.0,0.0
IND_TAMILNADU_DINDIGUL,Tamil Nadu,DINDIGUL,2010,Kharif,5.343779,-0.5696910031434007,-0.12437908046125698,-1.4464023570080367,0.4675331753528813,-0.7758887720913923,-0.20060141330609144,-0.740055781758894,0.18329208367148545,0.7360424735620547,0.1873204441755806,0.09220314385831173,-0.060638680767314525,0.6595904966113175,-0.5488598666911344,-0.15067439639822688,-0.5584232262230855,-0.4662764230274459,0.197052083095316,0.1844759452171852,0.023958577369332802,0.06670863455809029,0.0,0.0,1.0,0.0,1.0,0.0,0.0
IND_TAMILNADU_ERODE,Tamil Nadu,ERODE,2010,Kharif,4.215554,-0.28039815744254326,-0.3222312979575126,-1.042661916644677,0.4675331753528813,-0.21717119582775368,0.05841700176639337,-0.21665669732036738,0.3973625142277479,-1.1556900455030998,0.1093586130838579,0.39603319998216735,-0.2360895437786218,0.5219746410350127,-0.1683705817199412,0.27524548540146343,-0.412508747071661,-0.21342234284124822,-0.01943198169680709,0.04138131217567548,-0.6090055728526357,0.375745135659209,0.0,0.0,1.0,0.0,1.0,0.0,0.0
IND_TAMILNADU_KANNIYAKUMARI,Tamil Nadu,KANNIYAKUMARI,2010,Kharif,4.731709,-0.5911786203008647,-0.31241896934442215,-2.2087839546155306,0.4675331753528813,-0.9146801959179547,0.4738243528363497,-0.4031915443878229,0.9303798764529205,1.1170934058418225,0.22856591156522715,0.37371078328308843,-0.18676262307652552,1.1932426073051352,0.5091210581026048,0.12345137192929613,-0.5692612363274501,-1.0637394720672977,0.1377974739839252,0.17546134587787784,-0.40368016317955463,0.03232236931146751,0.0,0.0,1.0,0.0,1.0,0.0,0.0
IND_TAMILNADU_KARUR,Tamil Nadu,KARUR,2010,Kharif,3.848663,-0.6256378063452978,0.026074902983970957,-1.2962782482065152,0.4675331753528813,0.30899864109655945,0.5930925054565921,0.5051952399033537,0.7448055109942605,0.21088196820917626,0.1664478844766393,0.19135145235468137,0.43558298584016,0.37227595255180523,0.6371903287796521,0.8626578461032849,-0.5866417815376945,-0.18571278897275673,0.1320968273078976,0.00864671488217822,-0.6610321702038366,-0.029028781283610968,0.0,0.0,1.0,0.0,1.0,0.0,0.0
IND_TAMILNADU_KRISHNAGIRI,Tamil Nadu,KRISHNAGIRI,2010,Kharif,4.292465,-0.6014800367616489,0.0038104879740130993,-0.6794255116803115,0.4675331753528813,-1.2490037833939314,-0.5131117042937136,-1.1699767708454445,0.22789236967768872,0.19584048404023957,0.35262466986851276,0.7995223750531688,-0.45846106290710337,1.0345008222250611,-1.0300692555759314,-0.500525785709272,-0.5744569933154344,-0.612957492171183,0.12497101896286314,0.42023820000633244,0.09911832787667228,0.014848387774026722,0.0,0.0,1.0,0.0,1.0,0.0,0.0
IND_TAMILNADU_MADURAI,Tamil Nadu,MADURAI,2010,Kharif,4.258729,0.10519397250444885,-0.013487650828255086,-1.6214322694168066,0.4675331753528813,0.49249015168907795,0.7179068825919087,0.735008097632776,0.5931948402536749,-0.826752538172278,0.2963896422317505,0.03861912757150423,0.6181173465966929,0.09681114737853956,0.6319124194042616,1.0496697613135852,-0.21802262701406006,-0.13143797666237145,0.35394030288347106,0.09097651487007151,-0.6995290000397364,0.6035974116529046,0.0,0.0,1.0,0.0,1.0,0.0,0.0
IND_TAMILNADU_NAMAKKAL,Tamil Nadu,NAMAKKAL,2010,Kharif,3.838099,-0.6374875952188993,0.05618673883841943,-1.0910418993106639,0.4675331753528813,-0.05146142889625271,0.28009570354659785,0.10434696173438335,0.6791887649828284,-0.6445834521262457,0.2834631612444517,0.5441682307083233,-0.14554344102170177,0.5852763172130319,0.2274726214341703,0.5364645906441375,-0.5926186030115085,-0.24326204665769682,0.13918249025380583,0.15679393670381997,-0.8009497953783153,-0.052236926043145754,0.0,0.0,1.0,0.0,1.0,0.0,0.0
IND_TAMILNADU_PERAMBALUR,Tamil Nadu,PERAMBALUR,2010,Kharif,3.840927,-0.634533047859748,0.3868219193408594,-1.1258900482043204,0.4675331753528813,-0.0873599993274995,0.43519538559976767,0.18801376955101087,0.736204463151759,-0.26512782877348556,0.34037513676334286,0.5452409326549607,-0.14554344102170177,0.5911322098541347,0.32823270950977046,0.6045490752282988,-0.5911284601503458,-0.3837991295879006,0.20963766572161857,0.19556707179103147,-0.8675899204846229,-0.04633650664133845,0.0,0.0,1.0,0.0,1.0,0.0,0.0
IND_TAMILNADU_PUDUKKOTTAI,Tamil Nadu,PUDUKKOTTAI,2010,Kharif,2.24835,0.6082096103295825,0.3933337288818307,-1.4549727135244714,0.4675331753528813,0.6733680140299046,1.1026883710983506,1.1216510760573537,0.9025995482719009,-0.13803488425513377,0.26149459068873115,0.06533451414729106,0.43558298584016,0.13340690861980703,1.1267564075088674,1.3643033488864984,0.03568998951978068,-0.2673626687961724,0.2999848864568377,0.02095568994873538,-1.1147790826660775,0.7909717552338231,0.0,0.0,1.0,0.0,1.0,0.0,0.0
IND_TAMILNADU_RAMANATHAPURAM,Tamil Nadu,RAMANATHAPURAM,2010,Kharif,1.933065,1.216435573633799,0.36740765376867396,-1.7949314082219572,0.4675331753528813,0.2762498518916997,1.739798749494617,1.3332859654697993,1.235184621026489,1.3995390530141119,0.4033635254146661,-0.13096994208740514,0.6181173465966929,0.2672028764700374,1.4257579704569916,1.536522807733915,0.3424689746523146,-1.0413993044312613,0.5538041724370323,0.10922489383541358,-1.1285019197939987,0.9457835562241149,0.0,0.0,1.0,0.0,1.0,0.0,0.0
IND_TAMILNADU_SALEM,Tamil Nadu,SALEM,2010,Kharif,4.438311,-0.33353261075177226,0.1037089536855479,-0.9883955533599948,0.4675331753528813,-0.05146142889625271,0.28009570354659785,0.10434696173438335,0.6791887649828284,-0.6445834521262457,0.2834631612444517,0.5441682307083233,-0.14554344102170177,0.5852763172130319,0.2274726214341703,0.5364645906441375,-0.4393088418967408,-0.24326204665769682,0.13918249025380583,0.15679393670381997,-0.8009497953783153,0.332778763389081,0.0,0.0,1.0,0.0,1.0,0.0,0.0
IND_TAMILNADU_SIVAGANGA,Tamil Nadu,SIVAGANGA,2010,Kharif,2.245011,0.4664229365273163,0.25050409477294255,-1.6045227822246366,0.4675331753528813,0.6239767637352834,1.320280381130613,1.2660515594761321,0.964921968526364,-0.19333892705810177,0.38266826158961487,0.013129686077591103,0.6181173465966929,0.10166330862462009,1.2129422685592284,1.481810311848656,-0.035824870130952556,-0.46375897308896175,0.47140574072894986,0.10053686259712337,-1.0828202672225777,0.7456087840657853,0.0,0.0,1.0,0.0,1.0,0.0,0.0
IND_TAMILNADU_THANJAVUR,Tamil Nadu,THANJAVUR,2010,Kharif,2.868635,1.7664553739908853,0.5755751674258607,-1.3722110581466194,0.4675331753528813,0.285855567688491,1.731382110537535,1.3439098443040625,1.2988302146633903,0.5376923969706533,0.4701073630311286,0.2930538131049491,0.3522697075353134,0.32452022044455303,1.4200602273812746,1.5451680678268018,0.6198896243873792,-1.027738177492286,0.4703017422529593,0.15956950624508767,-1.3239407507947722,1.050731780160301,0.0,0.0,1.0,0.0,1.0,0.0,0.0
IND_TAMILNADU_THENILGIRIS,Tamil Nadu,THE NILGIRIS,2010,Kharif,3.571429,-0.8534065482144163,-0.6512157492996632,-1.0589889488710345,0.4675331753528813,-1.9728056381185763,-0.9916681730879447,-1.997134521216804,-0.054508771293798886,-0.4790511591761658,0.46664203458690207,0.7955891345821652,-1.2583571284650126,1.34020600881139,-1.6022026287004405,-1.1736315318643302,-0.7015244760267542,-0.8370281412424009,0.26851089354130225,0.7228262323973292,0.2338722516896567,-1.6496320922390098,0.0,0.0,1.0,0.0,1.0,0.0,0.0
IND_TAMILNADU_THENI,Tamil Nadu,THENI,2010,Kharif,4.819928,-0.6169953603268178,-0.28464257477421645,-1.6145979360239784,0.4675331753528813,-1.3902748222284822,-0.8125835025616874,-1.5214676515974148,-0.1305022997400591,-0.9536935485071043,0.43624385111801794,0.4569218057151253,-0.5491685186828431,0.8834511398262778,-1.3020015408942327,-0.7865540934281257,-0.5822826732474421,-0.5075590811097788,0.36373578027044706,0.5782191090573365,0.3979955951826572,-0.012831962525551927,0.0,0.0,1.0,0.0,1.0,0.0,0.0
IND_TAMILNADU_THIRUVALLUR,Tamil Nadu,THIRUVALLUR,2010,Kharif,3.006645,0.4552367358306365,0.8951906154258501,-0.3953407852422446,0.4675331753528813,-0.05666638652568067,1.6542701293410835,1.0883649287749129,1.5776500056263776,0.29338222986304846,0.6072215447754504,0.7564099730073498,-0.43137981275548487,0.7179829272933074,1.2933104340480919,1.3372164999835952,-0.04146697137790132,-1.2418622586246968,0.4589807396991569,0.29803527591983875,-1.7214637929459036,0.7418258150261762,0.0,0.0,1.0,0.0,1.0,0.0,0.0
IND_TAMILNADU_THIRUVARUR,Tamil Nadu,THIRUVARUR,2010,Kharif,1.782291,1.6720994551200212,0.7291211567861182,-1.378547085218193,0.4675331753528813,0.285855567688491,1.731382110537535,1.3439098443040625,1.2988302146633903,0.5376923969706533,0.4701073630311286,0.2930538131049491,0.3522697075353134,0.32452022044455303,1.4200602273812746,1.5451680678268018,0.5722981487916333,-1.027738177492286,0.4703017422529593,0.15956950624508767,-1.3239407507947722,1.0343917686512503,0.0,0.0,1.0,0.0,1.0,0.0,0.0
IND_TAMILNADU_TIRUCHIRAPPALLI,Tamil Nadu,TIRUCHIRAPPALLI,2010,Kharif,3.992198,0.20158805506157235,0.24439146582549692,-1.274815953480065,0.4675331753528813,0.4190622730285474,0.8151117648824547,0.7423816112712948,0.8628450060078529,0.11250458437697887,0.23978390504048877,0.26644058861931813,0.43558298584016,0.3343244403741349,0.8515854050738343,1.0556700126528387,-0.16940299536755277,-0.2596518780754553,0.19392074196341394,0.04371763255447754,-0.8425050689964055,0.6461214142628454,0.0,0.0,1.0,0.0,1.0,0.0,0.0
IND_TAMILNADU_TIRUNELVELI,Tamil Nadu,TIRUNELVELI,2010,Kharif,4.410787,0.40064870841957906,-0.21908538071159234,-2.009170930358211,0.4675331753528813,-0.7811384074687011,0.2693438121621011,-0.4373805708913081,0.906725065959634,0.3760344257004475,0.3701286079635323,0.5779838825499495,-0.18676262307652552,1.19692454142716,0.5400488073591608,0.09562979837260321,-0.06900013994847978,-0.8105156964355706,0.2338252686956098,0.31258215259758104,-0.3728175196003781,0.722890889713536,0.0,0.0,1.0,0.0,1.0,0.0,0.0
IND_TAMILNADU_TIRUPPUR,Tamil Nadu,TIRUPPUR,2010,Kharif,3.979402,-0.6732107587431831,-0.3291995822477884,-1.278711303995774,0.4675331753528813,0.055251371943818274,0.45725865592947523,0.2062820257901173,0.6030602818298351,0.6941086389092562,0.04801424071770116,0.0693188356633726,-0.060638680767314525,0.4294315578181206,0.3689765705212789,0.619415004056566,-0.6106368479643155,-0.28737903648898006,0.032556310172604415,-0.060752685284154485,-0.8143079895892089,-0.1305314029494214,0.0,0.0,1.0,0.0,1.0,0.0,0.0
IND_TAMILNADU_TIRUVANNAMALAI,Tamil Nadu,TIRUVANNAMALAI,2010,Kharif,2.850363,1.123106636465314,0.5691892171779028,-0.6941694517979556,0.4675331753528813,0.08543119064489466,0.8789663234441862,0.6154969847407451,1.1236511493332009,-0.5259228547935118,0.520830100770564,0.7688226669613016,-0.2531608936077425,0.6630583647960177,0.8347920570612135,0.9524167079741244,0.29539537381773534,-0.5687876887048321,0.3465134040449825,0.2913151873045967,-1.2717950075801867,0.9252437595710187,0.0,0.0,1.0,0.0,1.0,0.0,0.0
IND_TAMILNADU_VELLORE,Tamil Nadu,VELLORE,2010,Kharif,3.535815,-0.17670460493928125,0.4730824974806388,-0.5657191069252958,0.4675331753528813,-0.8498527837266354,-0.11587553617447643,-0.645524327315713,0.37707413626820635,0.10186919153025663,0.2524202655068756,0.7217770244444767,-0.2531608936077425,0.8165626699428213,-0.6555975869759834,-0.07374872514683946,-0.36020749666849755,-0.5858817019235737,0.030729694512328615,0.23317121965111046,-0.23778885076713463,0.44928556643088785,0.0,0.0,1.0,0.0,1.0,0.0,0.0
IND_ANDHRAPRADESH_ADILABAD,Andhra Pradesh,ADILABAD,2011,Kharif,2.493532,0.09914268031966303,0.35229514612201734,1.8139650479090488,0.4675331753528813,-0.24160992392468655,0.11149534339751789,-0.06641759493883248,0.5629492739630724,-0.30554232159103933,0.22629330081808374,1.1845712928510193,-0.2701991710789722,0.5370068268562037,0.09376558392433282,0.3975036677914356,-0.383989034674532,-0.271094832341355,-0.18366680952519293,0.12818486607505045,-0.7634336996712342,0.6007878403745259,1.0,0.0,0.0,0.0,1.0,0.0,0.0
IND_ANDHRAPRADESH_ADILABAD,Andhra Pradesh,ADILABAD,2011,Rabi,3.100006,-0.6148781980480676,0.35229514612201734,1.8139650479090488,0.3788234372325174,0.33921202981812404,-1.609021638596186,-0.6934569048349021,-2.0616100020980626,-1.2448183309863121,-0.9227451400603401,-0.6792227989094186,0.7110807380578507,-1.5732526865348404,0.2714695585155989,-0.1854513633440877,-0.5121361571738672,1.4317807473015798,-0.8822569724329604,-0.8911921896963433,0.7567499506645368,-0.008952185272451372,1.0,0.0,0.0,0.0,0.0,1.0,0.0
IND_ANDHRAPRADESH_ANANTAPUR,Andhra Pradesh,ANANTAPUR,2011,Kharif,2.506124,-0.2636346561160217,-0.2678187564418995,-0.006791370403704205,0.4675331753528813,0.24084273668727454,-0.13757392331239654,-0.018083460639015038,0.06941626401737146,2.0656185135860827,-0.37812445108177445,-0.07457646832130957,0.5641141949269755,0.025251283040525384,-0.30353704114040136,0.4368359275907738,-0.5053228388717526,0.2893634630570867,-0.4416009989159016,-0.41622526396909776,-0.12122726207811468,0.38848547353624335,1.0,0.0,0.0,0.0,1.0,0.0,0.0
IND_ANDHRAPRADESH_ANANTAPUR,Andhra Pradesh,ANANTAPUR,2011,Rabi,2.333029,-0.6866247197481,-0.2678187564418995,-0.006791370403704205,0.3788234372325174,0.42783836500949113,-1.2069288281559871,-0.45015040906752574,-1.3060638450625364,-0.15992641762104873,-0.7280097993015644,-0.8959596731753083,1.3792405823912521,-0.947722923620721,-0.21129744542889844,0.010377247711644316,-0.5685761533222823,1.2106272977823915,-0.5545701520591626,-0.7102165880815512,1.0836348801931963,-0.1638804528577934,1.0,0.0,0.0,0.0,0.0,1.0,0.0
IND_ANDHRAPRADESH_CHITTOOR,Andhra Pradesh,CHITTOOR,2011,Kharif,3.212951,-0.5856013196710229,0.42459567446986046,-0.36461738338663735,0.4675331753528813,-0.4484232189168434,-0.5120170547183734,-0.6800745055076092,-0.1969378925531516,1.1034952964163705,-0.19417192301689234,0.13817608442849827,0.3512374490919713,0.221954094339925,-0.990444951098587,-0.10186418856504534,-0.61300722605003,0.0171619878890214,-0.29611407247980426,-0.19142227842565704,0.32887713005315955,0.04150519567466959,1.0,0.0,0.0,0.0,1.0,0.0,0.0
IND_ANDHRAPRADESH_CHITTOOR,Andhra Pradesh,CHITTOOR,2011,Rabi,3.353009,-0.32613834249464496,0.42459567446986046,-0.36461738338663735,0.3788234372325174,-0.6026799315696558,-1.6744179798378824,-1.5992837022960347,-0.9675771208728525,-0.3547845262375217,-0.5838360182150515,-0.45313809339425554,0.9202694148913633,0.047428225046895985,-0.8931017416126485,-0.9145186372958304,-0.2849967425345541,0.7368338432350141,-0.5490300869796425,-0.5052766615390138,2.060220446670857,0.33901143892133434,1.0,0.0,0.0,0.0,0.0,1.0,0.0
IND_ANDHRAPRADESH_EASTGODAVARI,Andhra Pradesh,EAST GODAVARI,2011,Kharif,2.986862,2.2599753809986396,1.9295220096615435,0.9989009108529308,0.4675331753528813,-0.0008862182824858614,1.0824251911814287,0.7154156185361656,1.3805821846917257,-0.45170300614172804,0.13343861631954818,1.0614148931679992,-0.7005637511934828,0.7786444569109628,1.2049654282532394,1.0337262363264352,0.3387194702598106,-0.7840560652638195,-0.2509103530628489,-0.04077424555644502,-1.679725526016539,1.1276331817383283,1.0,0.0,0.0,0.0,1.0,0.0,0.0
IND_ANDHRAPRADESH_EASTGODAVARI,Andhra Pradesh,EAST GODAVARI,2011,Rabi,4.203997,1.3468148506804116,1.9295220096615435,0.9989009108529308,0.3788234372325174,-0.16173906970903473,-0.5984157499303228,-0.5571979643588815,0.11307739401740587,-0.9706959070004259,-0.3634411291622871,0.5885065778360136,0.34702623552017553,0.4478550001349567,1.3985861919921598,-0.07578146335564581,1.031044521134551,0.30561576504576965,-0.6838784826470952,-0.3568813940592151,0.29264015335966503,0.9729820818768717,1.0,0.0,0.0,0.0,0.0,1.0,0.0
IND_ANDHRAPRADESH_GUNTUR,Andhra Pradesh,GUNTUR,2011,Kharif,3.83591,3.592602637723862,0.9900908704822137,0.6550402800936405,0.4675331753528813,1.0064629634388549,1.373893884776343,1.5397142513741982,0.8669601425642957,0.4683344421916602,-0.2821106764666422,0.05103182152545607,0.09714552997279047,-0.18801071776632233,1.1638617097842947,1.7045053544111641,0.7844277000452791,-0.20113437041418963,-0.3713866958428513,-0.4319366830892304,-1.6270843936528134,1.2864705327825536,1.0,0.0,0.0,0.0,1.0,0.0,0.0
IND_ANDHRAPRADESH_GUNTUR,Andhra Pradesh,GUNTUR,2011,Rabi,3.54704,-0.6856135377642194,0.9900908704822137,0.6550402800936405,0.3788234372325174,0.21438079775830898,-0.44627518320556064,-0.24825713750467712,0.0769860300952897,-0.3825884818225276,-0.6576555729804209,-0.14149263737347037,0.38930373302759574,0.22236243595665367,1.3381291450654138,0.17287385030729702,-0.5677806612404671,0.4919186347533959,-0.7634265910171635,-0.652133971169064,0.03078257109205126,-0.16127785281549167,1.0,0.0,0.0,0.0,0.0,1.0,0.0
IND_ANDHRAPRADESH_KARIMNAGAR,Andhra Pradesh,KARIMNAGAR,2011,Kharif,3.240552,2.07483427963749,0.6485176720929396,1.5303178944226856,0.4675331753528813,0.39524903340208745,0.5291163191642695,0.5909386699283883,0.5642682387787776,-0.2323100451321666,-0.10463750670212674,0.5169931147268356,-0.05437297223544938,0.10582570185042262,0.42921271047601206,0.9324321973911517,0.27679744324517097,-0.07144168721905034,-0.3334693663674394,-0.22640747452933757,-1.1022995092727255,1.1003125322459144,1.0,0.0,0.0,0.0,1.0,0.0,0.0
IND_ANDHRAPRADESH_KARIMNAGAR,Andhra Pradesh,KARIMNAGAR,2011,Rabi,3.286998,1.631209783646847,0.6485176720929396,1.5303178944226856,0.3788234372325174,0.43425270731181864,-1.3386315010966638,-0.4680728110193837,-1.475026868946539,-1.274696062264124,-0.9416352095330504,-0.6268136466594046,0.8039809913812009,-1.111349801146315,0.6087434752723319,-0.004047846324354027,1.2547659623501652,1.3109962556768449,-0.9263767660734883,-0.9122142505187412,0.6022828850611013,1.027120706621828,1.0,0.0,0.0,0.0,0.0,1.0,0.0
IND_ANDHRAPRADESH_KHAMMAM,Andhra Pradesh,KHAMMAM,2011,Kharif,2.439924,1.511163522498015,1.2322371058845452,1.2141443629051327,0.4675331753528813,0.24633809967800144,0.6379974635918074,0.5864543697972109,0.9521145985147746,-0.6663860074620312,0.039842512712014444,0.9614492879503822,-0.02248620826262583,0.46724987341256324,0.8056436030107978,0.9287830649440222,0.0882731095876728,-0.26759152788148227,-0.3281902463822451,-0.10561012683352565,-1.074629480021009,1.0050632528668408,1.0,0.0,0.0,0.0,1.0,0.0,0.0
IND_ANDHRAPRADESH_KHAMMAM,Andhra Pradesh,KHAMMAM,2011,Rabi,2.985979,-0.6184489344286462,1.2322371058845452,1.2141443629051327,0.3788234372325174,0.11186424948266772,-1.227022401226493,-0.6401765553990988,-0.46914712885377313,-1.2584130827502518,-0.7313623030987688,0.08040342244529805,0.6844113890909117,-0.054376252087354214,0.9903242615922078,-0.14256793438478482,-0.514945134177543,0.9761601436160956,-0.942414853024708,-0.7066111659753761,0.6762517841203375,-0.015515341819231832,1.0,0.0,0.0,0.0,0.0,1.0,0.0
IND_ANDHRAPRADESH_KRISHNA,Andhra Pradesh,KRISHNA,2011,Kharif,3.729102,3.292976776125224,1.3401384380599264,0.8092353539734269,0.4675331753528813,0.7277855109623796,1.1882656423441347,1.2288529355691693,1.1144277947557106,-0.22083901427605648,-0.08732698228771478,0.6324362766030819,0.09714552997279047,0.2055138303532115,1.2838941639124417,1.451539656112679,0.6842152888932157,-0.28641078651263957,-0.35727558804972576,-0.26220848615512093,-1.4304459382318853,1.255359696220477,1.0,0.0,0.0,0.0,1.0,0.0,0.0
IND_ANDHRAPRADESH_KRISHNA,Andhra Pradesh,KRISHNA,2011,Rabi,3.415951,-0.7141952285273462,1.3401384380599264,0.8092353539734269,0.3788234372325174,0.17079037295725943,-0.6576389126644361,-0.387984929971383,0.13565011612239444,-0.9031061807164308,-0.6066910681402249,0.35092863717830375,0.38930373302759574,0.37673567272038566,1.4668050262875947,0.060411996634463436,-0.5902646268243883,0.6105316397913015,-0.8934575387893813,-0.5984035460300228,0.16334004579180356,-0.24140562638644983,1.0,0.0,0.0,0.0,0.0,1.0,0.0
IND_ANDHRAPRADESH_KURNOOL,Andhra Pradesh,KURNOOL,2011,Kharif,3.629783,0.5937212684667924,-0.0734708749325743,0.40315814233704866,0.4675331753528813,0.6420712516315468,0.2592487105228262,0.5434472229015332,0.2733735087021611,1.2352222335322205,-0.40750721272746626,-0.08402646166073546,0.40704354536323506,-0.12915209904304795,0.08266997898746015,0.8937856806020197,-0.2185730018335519,0.3183757532573799,-0.4744800808008811,-0.4760709038499545,-0.7128486819034805,0.7865421539372355,1.0,0.0,0.0,0.0,1.0,0.0,0.0
IND_ANDHRAPRADESH_KURNOOL,Andhra Pradesh,KURNOOL,2011,Rabi,3.124033,-0.6267437866401673,-0.0734708749325743,0.40315814233704866,0.3788234372325174,0.9253564362621612,-1.1160035654367062,-0.0980619320134519,-1.093630598121214,-0.3850462900510366,-0.8915733018690247,-1.2439748332916205,1.2606721705717425,-0.9682694690129596,0.2023411397628382,0.2937605466768612,-0.5214703561682403,1.53690205698852,-0.6215126051033658,-0.8707265943779074,0.6195272667268318,-0.031144553347389747,1.0,0.0,0.0,0.0,0.0,1.0,0.0
IND_ANDHRAPRADESH_MAHBUBNAGAR,Andhra Pradesh,MAHBUBNAGAR,2011,Kharif,2.206553,1.0494167493900108,-0.01616497855024476,0.8470213881531867,0.4675331753528813,0.21294148312871308,0.052359940782825576,0.16080700902359726,0.12115512092460265,1.157204030292327,-0.3797684673669422,-0.11472616975260673,0.36274662963896864,-0.04310710627924161,-0.28516431873139264,0.5824093723275505,-0.06616200401396989,0.12991909877063343,-0.42787127241448153,-0.42936348162209087,-0.4389081271889091,0.9083310800682973,1.0,0.0,0.0,0.0,1.0,0.0,0.0
IND_ANDHRAPRADESH_MAHBUBNAGAR,Andhra Pradesh,MAHBUBNAGAR,2011,Rabi,2.536006,-0.04999086258423611,-0.01616497855024476,0.8470213881531867,0.3788234372325174,0.5709640240583445,-1.3844753446749019,-0.4656993859731118,-1.4851362066533953,-0.41814989462876617,-0.947389266531137,-1.1987170273525258,0.8554044991352274,-1.1764619574010242,-0.15662131305284777,-0.0021375622245079795,-0.06776331529893734,1.4519114959056947,-0.7088087755049369,-0.9176973607670396,0.6446004914699216,0.5252908275887719,1.0,0.0,0.0,0.0,0.0,1.0,0.0
IND_ANDHRAPRADESH_MEDAK,Andhra Pradesh,MEDAK,2011,Kharif,3.159015,0.5686945143657461,0.03211990604263495,1.3014749238188337,0.4675331753528813,-0.4624520317549349,-0.222761985820275,-0.4393970011516275,0.15460032022056802,0.511711651587942,0.02980111912711884,0.8033023723889403,0.12244387937613452,0.38916337649649196,-0.5814269665869896,0.09398891331248233,-0.22694343741608872,-0.20322931127208946,-0.27855046036176007,-0.005299567578522628,-0.10567275315165704,0.7787855303872948,1.0,0.0,0.0,0.0,1.0,0.0,0.0
IND_ANDHRAPRADESH_MEDAK,Andhra Pradesh,MEDAK,2011,Rabi,2.602998,-0.12282756486063987,0.03211990604263495,1.3014749238188337,0.3788234372325174,-0.01705499650925607,-1.681968441199743,-1.031396117190148,-1.9141797611529092,-0.8011071392333113,-0.9340759581826228,-0.5710331454342463,0.800528437655635,-1.2575082674208309,-0.4356211855803353,-0.4574464301756308,-0.12506076625718998,1.2038102538253823,-0.9388820579015353,-0.8977234271792307,1.2184398783295076,0.48319449208873316,1.0,0.0,0.0,0.0,0.0,1.0,0.0
IND_ANDHRAPRADESH_NALGONDA,Andhra Pradesh,NALGONDA,2011,Kharif,2.928002,2.56178160375002,0.531295707870846,1.0186224262280383,0.4675331753528813,0.7622097157131935,0.8402157284769989,1.0462606611002756,0.5162048634894062,0.3034098859756758,-0.33534779205398224,-0.031106498959945803,0.18925204670670018,-0.20937925533239024,0.5817322961761516,1.3029538402953789,0.43966100655215556,-0.007396352420083724,-0.4054099216029484,-0.4456356829349522,-1.2420073517065415,1.1688705930810779,1.0,0.0,0.0,0.0,1.0,0.0,0.0
IND_ANDHRAPRADESH_NALGONDA,Andhra Pradesh,NALGONDA,2011,Rabi,2.965004,0.8975498551859343,0.531295707870846,1.0186224262280383,0.3788234372325174,0.566695324427579,-0.9782998743452305,-0.24539685603867178,-0.8122159963469648,-0.8228433807541867,-0.8973918300939807,-0.8649023977678938,0.731447297364376,-0.6254567077951272,0.7509822714018551,0.17517598755582184,0.6776267373496133,1.154595824214078,-0.7777183531063608,-0.8737765749713169,0.318257965685879,0.8713147067340165,1.0,0.0,0.0,0.0,0.0,1.0,0.0
IND_ANDHRAPRADESH_NIZAMABAD,Andhra Pradesh,NIZAMABAD,2011,Kharif,3.906433,1.502410478450048,0.0011331602520301002,1.4956215789529068,0.4675331753528813,-0.28269111311140127,-0.03494444423738008,-0.19453615640482091,0.31359309759075754,0.217187236825449,0.11711127811489279,0.9332014700222561,-0.05221525143106201,0.38321234343880145,-0.2673913587513764,0.2932462394192132,0.08534552255805232,-0.19749022959412213,-0.22086152181632096,0.04575164285498826,-0.4745709013219522,1.003411522884033,1.0,0.0,0.0,0.0,1.0,0.0,0.0
IND_ANDHRAPRADESH_NIZAMABAD,Andhra Pradesh,NIZAMABAD,2011,Rabi,3.519,0.8833301085376126,0.0011331602520301002,1.4956215789529068,0.3788234372325174,0.36364977056151276,-1.4742200792333653,-0.6373162739331091,-2.028115507542129,-0.9557954446150915,-0.939410952206059,-0.8771107675415318,0.7764778181182834,-1.5801015349989203,-0.11374956563340342,-0.14026579713625778,0.666440642508418,1.3534826366830743,-0.8252505056726798,-0.9081144486460703,0.7550235904187796,0.8676863459221734,1.0,0.0,0.0,0.0,0.0,1.0,0.0
IND_ANDHRAPRADESH_PRAKASAM,Andhra Pradesh,PRAKASAM,2011,Kharif,3.449006,-0.241483450781636,0.7958439581818378,0.4707338942814897,0.4675331753528813,0.651542934184665,1.8883791851879714,1.7291985038970652,1.0293308558839807,1.4771774207951978,-0.1926729669921806,-0.014505159309599506,0.17729989700246426,-0.16926329867730935,1.3093240909029813,1.8586995684190297,-0.4979141923984437,-0.8531715090298251,-0.23425001242516094,-0.3757083012573193,-1.6865831140878533,0.4047815990755752,1.0,0.0,0.0,0.0,1.0,0.0,0.0
IND_ANDHRAPRADESH_PRAKASAM,Andhra Pradesh,PRAKASAM,2011,Rabi,3.679001,0.39483441201226527,0.7958439581818378,0.4707338942814897,0.3788234372325174,-0.4157154048841028,0.41140311996166934,-0.02655489536346134,0.3381033794920914,0.6212725665090787,-0.5424777261783843,-0.03069785059931968,0.5930745563225293,0.29706490389491635,1.478568985268306,0.35131397789009416,0.2821619271714708,-0.6253468123104957,-0.6635247652897284,-0.5572356455000049,-0.0024203919464532223,0.7208259502647034,1.0,0.0,0.0,0.0,0.0,1.0,0.0
IND_ANDHRAPRADESH_SRIKAKULAM,Andhra Pradesh,SRIKAKULAM,2011,Kharif,1.91722,2.4305175424675123,2.8367514851732647,1.597894743958143,0.4675331753528813,-0.6549014307998161,2.077607608445748,1.057095211752797,1.6788190400139402,1.5491942237858731,0.10843989810097023,0.685356239303875,-0.4390826655667282,0.7775550991410066,1.2112829258389208,1.3117705361408039,0.39575859131520574,-2.0196838714400505,-0.13426789589947172,-0.09388331441245103,-1.7072517431123675,1.1514012027600087,1.0,0.0,0.0,0.0,1.0,0.0,0.0
IND_ANDHRAPRADESH_SRIKAKULAM,Andhra Pradesh,SRIKAKULAM,2011,Rabi,2.108815,-0.8251882509767466,2.8367514851732647,1.597894743958143,0.3788234372325174,-1.4863233408528274,0.5260865119172999,-0.4953367705250778,0.07934447369247598,0.6960821044643175,-0.41614635712795506,0.5064193383956919,0.24476149394958466,0.26856811516621376,1.4412355965442427,-0.025991622650759546,-0.6775781596876213,-1.5520554118450152,-0.7172593820211617,-0.4118395251010637,0.141954814903511,-0.8847794920292895,1.0,0.0,0.0,0.0,0.0,1.0,0.0
IND_ANDHRAPRADESH_VIZIANAGARAM,Andhra Pradesh,VIZIANAGARAM,2011,Kharif,2.146764,1.0915229991875413,2.5004643770907284,1.5280363685641372,0.4675331753528813,-1.0164114278680862,-0.33689744820946543,-0.8551427864678215,0.3454675194945275,-0.87901789730475,0.21597790451899304,1.0910929803583111,-0.6440240498925747,0.8615355448648183,-0.7871254876603625,-0.24432729893413524,-0.052079151637733606,-0.5571862935337234,-0.1597802970446541,0.22977218526215118,-0.38714392477105786,0.9180732413002177,1.0,0.0,0.0,0.0,1.0,0.0,0.0
IND_ANDHRAPRADESH_VIZIANAGARAM,Andhra Pradesh,VIZIANAGARAM,2011,Rabi,2.448052,-0.8425679413246955,2.5004643770907284,1.5280363685641372,0.3788234372325174,-1.2292301773759189,-2.2097629064298325,-2.2339619024856336,-1.3398217284661964,-1.5607234948568478,-0.37707679364514785,0.5196493290708913,0.20768838294343775,-0.07686106007160054,-0.595970818903523,-1.4253481982513732,-0.6912500533824157,0.630502196761966,-0.6738019874662292,-0.20896096714647736,2.2386212641253205,-1.1986274143499476,1.0,0.0,0.0,0.0,0.0,1.0,0.0
IND_ANDHRAPRADESH_WARANGAL,Andhra Pradesh,WARANGAL,2011,Kharif,2.516783,1.6798729166211037,0.8525059997480255,1.3357032996521332,0.4675331753528813,0.4810526482287139,0.6029443516346896,0.7032568450261226,0.6536065712090772,-0.45831214312505064,-0.15339387202204863,0.4514050528467033,0.18925204670670018,0.11582971665483734,0.5484254892844834,1.0238319443221187,0.1446992856178281,-0.05725242392934114,-0.3684159363074569,-0.27571012681812784,-0.9993211498838213,1.0357607635290573,1.0,0.0,0.0,0.0,1.0,0.0,0.0
IND_ANDHRAPRADESH_WARANGAL,Andhra Pradesh,WARANGAL,2011,Rabi,2.662999,0.1455780529856827,0.8525059997480255,1.3357032996521332,0.3788234372325174,0.18702950012407774,-1.3755230061220765,-0.6263315759626177,-0.9730156679795732,-1.3065707627275982,-0.9045481362764749,-0.221281229785283,0.731447297364376,-0.545651270600975,0.7302841717519247,-0.13142461046903497,0.08608254490876817,1.1428662368311249,-1.0395466462123835,-0.8745425543706449,0.703384069863093,0.621907992391767,1.0,0.0,0.0,0.0,0.0,1.0,0.0
IND_ANDHRAPRADESH_WESTGODAVARI,Andhra Pradesh,WEST GODAVARI,2011,Kharif,3.180816,2.9365351268072915,1.5405613785784846,0.9211625636915421,0.4675331753528813,0.09769523244125285,0.8213147791427349,0.5982820875928769,1.1971840690933004,-0.6469384319708757,0.09502988291215159,1.0611594879426094,-0.1500703452824787,0.693679307875444,1.026716034348056,0.938407957908606,0.5650003670032662,-0.517400021778454,-0.2986432326248029,-0.06079390625010201,-1.1807734426295127,1.2152841520403923,1.0,0.0,0.0,0.0,1.0,0.0,0.0
IND_ANDHRAPRADESH_WESTGODAVARI,Andhra Pradesh,WEST GODAVARI,2011,Rabi,4.406002,1.0919653913054892,1.5405613785784846,0.9211625636915421,0.3788234372325174,0.04591396947278492,-0.9491309910384769,-0.6520132521041455,-0.03749706016220011,-1.1758460875737808,-0.4544906193084818,0.3517970149446319,0.4457963312733224,0.3692567686742924,1.2135767133828574,-0.15209486406221054,0.8305651777045417,0.7230751618283059,-0.7042522727040271,-0.43767686463271005,0.4764070249686108,0.9181744780275902,1.0,0.0,0.0,0.0,0.0,1.0,0.0
IND_KARNATAKA_BANGALORERURAL,Karnataka,BANGALORE RURAL,2011,Kharif,3.312329,-0.8365324488584078,-0.19750098158330961,-0.4216397977124417,0.4675331753528813,-1.0236045452786997,-1.2910426691714458,-1.6527462903370396,-0.4843555047908078,1.4782409600798718,-0.31687678555592214,-0.0041357071587681035,0.2420635912995948,0.5369592566479,-1.8264138167495856,-0.8933830580885913,-0.6848107894899061,0.12766571700750104,-0.3930049932727182,-0.21550636940544632,1.3441497132298879,-1.0632847765310427,0.0,1.0,0.0,0.0,1.0,0.0,0.0
IND_KARNATAKA_BANGALORERURAL,Karnataka,BANGALORE RURAL,2011,Summer,3.405229,-0.8571826809354707,-0.19750098158330961,-0.4216397977124417,-2.2381138373182194,0.748694696975859,-0.7649540832611612,0.06474065990464226,-1.0734613477897466,0.5389838375306112,-0.7302662922419905,-1.2952091215048402,-1.1742481091853991,-1.1053546145251232,-1.817977158581331,-1.9186913124468097,-0.6955441615560173,1.1436240103686097,-0.40049211020989584,-0.5951052267242722,1.60410108929491,-2.0679836892378094,0.0,1.0,0.0,0.0,0.0,0.0,1.0
IND_KARNATAKA_BIDAR,Karnataka,BIDAR,2011,Kharif,0.898444,-0.7570756645312854,-0.3830668900350699,1.3260573039400396,0.4675331753528813,-0.4316690634573326,-0.41101738723331044,-0.5659505719678021,0.08065776663130592,0.6901583501376185,0.052994642993356045,0.8727215126499216,-0.12132946408020638,0.38927754499639844,-0.7350061325783767,-0.008994992326510121,-0.6164795687301794,-0.042728674284160495,-0.27694464439668154,0.031984780875721534,-0.1974798938827933,-0.39741861031128056,0.0,1.0,0.0,0.0,1.0,0.0,0.0
IND_KARNATAKA_CHITRADURGA,Karnataka,CHITRADURGA,2011,Kharif,2.226763,-0.7849779673989923,-0.6853982879596192,-0.018470836404734677,0.4675331753528813,-0.07020374413696069,-0.4071982764926577,-0.45652161037741495,-0.08911483358165971,2.62017828345098,-0.5110157674661565,-0.4879753661374424,0.2219375582322939,0.14356790511159512,-0.7503800428423035,0.08005363571233745,-0.6404749388956633,0.2393665551876437,-0.44465204924955015,-0.5099396756485526,-0.004027328782883861,-0.5392452076819498,0.0,1.0,0.0,0.0,1.0,0.0,0.0
IND_KARNATAKA_CHITRADURGA,Karnataka,CHITRADURGA,2011,Rabi,2.301961,-0.8515421814316364,-0.6853982879596192,-0.018470836404734677,0.3788234372325174,0.12963920508807003,-1.5115788766557572,-0.859931371861336,-1.4791039354128133,-0.2801286012965662,-0.663232334104617,-0.815558108222561,1.4295296080502577,-0.9256950261730496,-0.6690003443285784,-0.3194406493728446,-0.525324954207292,1.1961032563491776,-0.5054924016264556,-0.6305850586789448,1.595095997599399,-1.5323864665612883,0.0,1.0,0.0,0.0,0.0,1.0,0.0
IND_KARNATAKA_CHITRADURGA,Karnataka,CHITRADURGA,2011,Summer,1.997379,-0.8475448526516082,-0.6853982879596192,-0.018470836404734677,-2.2381138373182194,1.6050665991331015,0.19326566667570838,1.2858848063650465,-0.9688012371502174,1.413213129531325,-0.7766855755878997,-1.4244441655521418,-1.2349138376817146,-1.5923260798191556,-0.746921412834951,-1.256214582949861,-0.6592464562283488,1.1250336108227894,-0.40751755505711396,-0.6986677918331133,0.3825697513203164,-1.3527856767418214,0.0,1.0,0.0,0.0,0.0,0.0,1.0
IND_KARNATAKA_DAKSHINAKANNADA,Karnataka,DAKSHINA KANNADA,2011,Kharif,2.689449,-0.3473257650006444,-1.3294282739422296,-0.5491692637226949,0.4675331753528813,-1.5252686374842304,1.090598574677338,-0.17557569276292648,1.31494664041554,-0.5947490399301663,5.006254532136209,2.0925879501572804,-1.53335679092898,1.4009341367206531,0.9069034931105505,0.3086754571487197,-0.2641031536365376,-1.9912877403156068,5.412360956378053,4.475932058752229,-1.723345350228308,0.32091469223386315,0.0,1.0,0.0,0.0,1.0,0.0,0.0
IND_KARNATAKA_DAKSHINAKANNADA,Karnataka,DAKSHINA KANNADA,2011,Rabi,2.223494,-0.5241562144317747,-1.3294282739422296,-0.5491692637226949,0.3788234372325174,-0.4116273909519781,0.5898842212745681,0.15595540498831736,0.25027192166963874,-1.4266961398959703,-0.42231947710069245,0.43153452631136485,1.0957753984991736,0.09664951379786811,0.940782228152773,0.49820992700368993,6.7604837519249195,-0.7512930343465315,-0.6955206483939134,-0.4602379965940224,0.2428822810030092,0.13185100934043742,0.0,1.0,0.0,0.0,0.0,1.0,0.0
IND_KARNATAKA_DAKSHINAKANNADA,Karnataka,DAKSHINA KANNADA,2011,Summer,2.490741,-0.8357108634965048,-1.3294282739422296,-0.5491692637226949,-2.2381138373182194,0.036777123190473875,1.653893083376248,1.0666205875347945,1.104926464345166,-0.5825183381564357,0.5301461930531808,-0.67232685782389,-2.2314761827434055,0.3238780226325738,0.9100122617009896,-1.3751665043977992,-0.6146774860568652,-1.167949576339541,0.9244264971771129,0.8630687442648374,-0.5203221750188399,-1.0476675194554124,0.0,1.0,0.0,0.0,0.0,0.0,1.0
IND_KARNATAKA_DHARWAD,Karnataka,DHARWAD,2011,Kharif,1.006086,-0.454590053884485,-1.3656452247564865,0.3684610951399253,0.4675331753528813,-1.2817749114727295,-0.6039189679550193,-1.3163936845245559,0.12963061319276098,1.3326120451715149,0.3824264944888557,1.208834789263064,-0.4029055148016938,0.9936808264872141,-1.0060587663341118,-0.6196736337315539,-0.35634819067707174,-0.5730655931457784,0.0012428988535776045,0.47900977399103445,0.3096307288111634,0.21600258498960187,0.0,1.0,0.0,0.0,1.0,0.0,0.0
IND_KARNATAKA_DHARWAD,Karnataka,DHARWAD,2011,Summer,3.4,-0.856519092758549,-1.3656452247564865,0.3684610951399253,-2.2381138373182194,1.3602883878696972,-0.11754183608361195,0.7399137414004562,-0.6688259631940877,0.5531137165983994,-0.6632645697180516,-1.3536969181191323,-1.5570075355936148,-1.0495048114764967,-0.9959127852431816,-1.5524065817127477,-0.6930449981924527,1.1570650804947809,-0.2940666571243294,-0.5416098160375444,0.49603324317570924,-1.9602932620044335,0.0,1.0,0.0,0.0,0.0,0.0,1.0
IND_KARNATAKA_GADAG,Karnataka,GADAG,2011,Kharif,2.759172,-0.8428049371021675,-1.1187200932133095,0.43114451806247717,0.4675331753528813,-0.4001935900674106,-0.45828192334204293,-0.7101102875943096,-0.043378935983980904,2.2609299065069934,-0.32559651898999736,-0.012359755416323183,-0.4029055148016938,0.36079250426941495,-0.9347670056044503,-0.1263060287143262,-0.6902050398247658,0.016281760637796062,-0.40063261910684056,-0.3153762012111135,-0.3089774646118167,-1.2048787712914635,0.0,1.0,0.0,0.0,1.0,0.0,0.0
IND_KARNATAKA_GADAG,Karnataka,GADAG,2011,Summer,2.28882,-0.8494250191528863,-1.1187200932133095,0.43114451806247717,-2.2381138373182194,1.6310355400953382,0.11404952573998399,1.2063411469911678,-0.93440125434696,1.1616101216145416,-0.7881614539706383,-1.478436830199572,-1.5570075355936148,-1.525359119092013,-0.9279896901565292,-1.2993674109488846,-0.6663275203380693,1.2028280952858441,-0.40059247370771356,-0.7096993586159132,0.10202963227801183,-1.42839405053972,0.0,1.0,0.0,0.0,0.0,0.0,1.0
IND_KARNATAKA_HASSAN,Karnataka,HASSAN,2011,Kharif,2.581451,-0.12568731390880236,-0.9061681677665311,-0.5042975478074482,0.4675331753528813,-2.302750806301147,-1.4711003615424585,-2.4839669972030953,-0.34499302582789443,0.444784643745342,1.1591919536171178,1.4852343241800416,-0.30125211075581493,1.3442875326830968,-1.9402087416159135,-1.5697950651856791,-0.07349866437678226,-0.75007929336664,0.8599931315783432,1.7096415889134573,1.947134172425053,0.4814579011304585,0.0,1.0,0.0,0.0,1.0,0.0,0.0
IND_KARNATAKA_HASSAN,Karnataka,HASSAN,2011,Rabi,2.65392,-0.8513367850911606,-0.9061681677665311,-0.5042975478074482,0.3788234372325174,-1.0901473608345134,-2.317977987837677,-2.2143355030646727,-1.3865869360800627,-1.5170973988008152,-0.5786944378722234,0.38193483154064467,1.1407868775924768,-0.09175153397946387,-1.8953223226116633,-1.4095516181949812,-0.5207539880601987,0.8184247818745287,-0.8707753882826514,-0.4527498878725028,3.23383131630339,-1.5211682463976273,0.0,1.0,0.0,0.0,0.0,1.0,0.0
IND_KARNATAKA_HASSAN,Karnataka,HASSAN,2011,Summer,2.485488,-0.829659571311719,-0.9061681677665311,-0.5042975478074482,-2.2381138373182194,0.05470406953215466,-0.8631441501695074,-0.5274578211773517,-0.8319331756929335,-0.40293213323032573,-0.38484557648290085,-0.9108753383380804,-1.6139661534278393,-0.5167731843131863,-1.9328916399818592,-2.2399619127255908,-0.5918871998297556,0.667773158357679,-0.12134107738059088,-0.07631280231303657,1.7150894745793581,-0.9469030904599359,0.0,1.0,0.0,0.0,0.0,0.0,1.0
IND_KARNATAKA_HAVERI,Karnataka,HAVERI,2011,Kharif,2.284332,-0.15238883817065102,-1.2397488314249616,0.15122880816676934,0.4675331753528813,-1.3267430647260448,-0.5994673930152884,-1.3476333055726435,0.18580277430183223,1.613310449233259,1.2593963579787577,1.240913685572039,-0.3802920395437306,1.0957046522172786,-0.8741510161113454,-0.6450951067525483,-0.0964614742779932,-0.611725174019469,1.080792826776617,1.4041563839794897,0.36595478784103247,0.4649088528782085,0.0,1.0,0.0,0.0,1.0,0.0,0.0
IND_KARNATAKA_HAVERI,Karnataka,HAVERI,2011,Summer,3.323165,-0.7819128220103541,-1.2397488314249616,0.15122880816676934,-2.2381138373182194,1.0441039660378866,-0.13436295122472763,0.5499028093319908,-0.44511244367099323,0.8618059939745658,-0.4278962382248881,-1.1261819433417875,-1.4958577480408561,-0.7411428287568981,-0.8677135660398414,-1.6554884506389103,-0.4120642252458739,0.9200638931031028,-0.09034882925457888,-0.23680352165040244,0.7381656169738205,-0.5212734177282259,0.0,1.0,0.0,0.0,0.0,0.0,1.0
IND_KARNATAKA_KODAGU,Karnataka,KODAGU,2011,Kharif,2.600029,-0.32138262722670624,-1.0603223205016303,-0.7035875144423978,0.4675331753528813,-2.407207380872679,-0.6639544157761029,-1.961500887959651,0.3481854118939481,-2.5455079892946406,4.208519806468702,2.4078601603786054,-1.53335679092898,1.7943778154860912,-0.8383252070177861,-1.144634398861573,-0.24179262294330614,-1.4165345543573036,4.294994062477423,4.9835398753325135,-0.09665479633122474,0.3429745773573668,0.0,1.0,0.0,0.0,1.0,0.0,0.0
IND_KARNATAKA_KODAGU,Karnataka,KODAGU,2011,Rabi,2.333333,-0.8595526387101909,-1.0603223205016303,-0.7035875144423978,0.3788234372325174,-0.8657131373899198,-1.3433536137399187,-1.507450410121699,-0.5979350560726738,-2.928570580529199,-0.4123909081628176,0.6472497796756969,1.0957753984991736,0.33695559853050144,-0.8116434002168825,-0.8406053371249729,-0.7035935451605172,0.28995258310798655,-0.7679228757193837,-0.3259491125793403,2.1088800912026993,-3.6981777209070517,0.0,1.0,0.0,0.0,0.0,1.0,0.0
IND_KARNATAKA_KODAGU,Karnataka,KODAGU,2011,Summer,3.061224,-0.8572774792464595,-1.0603223205016303,-0.7035875144423978,-2.2381138373182194,-0.17124247099475812,-0.13396157971377082,-0.3632692348307062,0.12793105365838786,-2.675563650391723,0.3757859581213154,-0.6610890279067331,-2.2314761827434055,0.3794994886813813,-0.834186846257563,-2.1508887938649477,-0.6959012065893024,-0.03800185394509725,0.7277742595537066,0.9629283114596976,0.7395879415257198,-2.085729652376242,0.0,1.0,0.0,0.0,0.0,0.0,1.0
IND_KARNATAKA_KOLAR,Karnataka,KOLAR,2011,Kharif,1.958544,-0.7784210842222662,0.07396201585600445,-0.4458303378409435,0.4675331753528813,-0.9638703963470707,-1.1078713068972323,-1.4315408811815553,-0.42131173619744217,1.5489663225105814,-0.1484457053598282,0.2016187424153566,0.3512374490919713,0.4751940981978139,-1.6510432825037242,-0.713375517911049,-0.634836178776206,0.042178046368761254,-0.26409811667605515,-0.06055781823760798,1.1719521073308565,-0.5016447031508885,0.0,1.0,0.0,0.0,1.0,0.0,0.0
IND_KARNATAKA_KOLAR,Karnataka,KOLAR,2011,Summer,3.4,-0.8585730561633066,0.07396201585600445,-0.4458303378409435,-2.2381138373182194,0.9278636354598162,-0.6423168425034688,0.2271234878091914,-0.9563428274639809,0.7519575792862595,-0.8008461678571767,-1.4207152492614492,-1.1568199787680926,-1.123343288791837,-1.6358592970090067,-1.8305978264578806,-0.7007806195516242,1.1960679499964448,-0.4390718387709032,-0.6941885265962418,1.453166704053481,-2.446342829906053,0.0,1.0,0.0,0.0,0.0,0.0,1.0
IND_KARNATAKA_KOPPAL,Karnataka,KOPPAL,2011,Kharif,3.81792,-0.18936017945628764,-0.8810958694992852,0.4841698717717585,0.4675331753528813,0.11255058361534281,-0.23859791634358252,-0.21587420199546145,-0.06290009222718494,2.3655365918637017,-0.5200900926480134,-0.5343058740231751,0.14629706695878916,0.007997568491968652,-0.6990803630800037,0.27588224676807727,-0.12825609909441643,0.26137223646821256,-0.43774704059971375,-0.5320270536103826,-0.2900427871261233,0.44093258950221687,0.0,1.0,0.0,0.0,1.0,0.0,0.0
IND_KARNATAKA_KOPPAL,Karnataka,KOPPAL,2011,Summer,3.429514,-0.3279079109664361,-0.8810958694992852,0.4841698717717585,-2.2381138373182194,1.8984988778509078,0.41139283872256366,1.6267217123087039,-1.0707289358350867,1.1238924605545522,-0.8456214349179182,-1.6037386337758694,-1.3500106541150438,-1.8453520177397085,-0.693812449745094,-1.0713088784137461,1.2978004437865092,1.1984181567572192,-0.4229133156223024,-0.7863235365725633,-0.009099760382794133,0.33752775744758223,0.0,1.0,0.0,0.0,0.0,0.0,1.0
IND_KARNATAKA_MANDYA,Karnataka,MANDYA,2011,Kharif,3.946497,0.04314847796227151,-0.5729209373097439,-0.6394047821920191,0.4675331753528813,-1.0876947746297996,-1.0402462886871036,-1.5119874197764687,-0.2112581020215089,1.0114991482922095,-0.13862996106897463,0.3697775428120837,-0.30125211075581493,0.7570333112825901,-1.3258920776502507,-0.7788394845633679,0.07169656114740348,-0.10434458186974553,-0.3179531696048702,-0.0396924517767352,0.6309000926152796,0.5739156019079724,0.0,1.0,0.0,0.0,1.0,0.0,0.0
IND_KARNATAKA_MANDYA,Karnataka,MANDYA,2011,Summer,3.132166,-0.59062563015343,-0.5729209373097439,-0.6394047821920191,-2.2381138373182194,0.7883015204821306,-0.33475680015101367,0.35664151206777683,-0.8175224118969316,-0.0639289862409978,-0.6285790496623587,-1.1086611448800385,-1.6139661534278393,-0.9654482534194143,-1.3230532021528991,-1.7603336587341591,0.3083578853983336,0.8635004899395353,-0.34715894746973214,-0.477830565787975,0.7826328636472188,0.03324132768350326,0.0,1.0,0.0,0.0,0.0,0.0,1.0
IND_KARNATAKA_RAICHUR,Karnataka,RAICHUR,2011,Kharif,3.287846,0.8076652566500426,-0.5535249870824451,0.6262314428335712,0.4675331753528813,0.7198775495855024,0.14333748326696516,0.513170673022564,0.005891315960290991,1.8405280206943453,-0.5564518646023088,-0.629010131597758,0.14055550518991203,-0.37975195634056313,-0.2329849874065268,0.8691479138783939,0.7291651475987183,0.4635780406190644,-0.4458162658242327,-0.5994760951076018,-0.8947276163041574,0.8478674119594173,0.0,1.0,0.0,0.0,1.0,0.0,0.0
IND_KARNATAKA_RAICHUR,Karnataka,RAICHUR,2011,Summer,2.911742,-0.2722455026975054,-0.5535249870824451,0.6262314428335712,-2.2381138373182194,2.5360280013960734,1.0175367969096543,2.531812987443077,-1.2793324381986573,1.002421080826611,-0.895296515220728,-1.7419639417568968,-1.3510880112282455,-2.3925188246101055,-0.2310657476336386,-0.5802923922886323,1.507435235890102,1.262164214290763,-0.43046065065817046,-0.8553440877091579,-0.6456743734174204,0.3819866033558599,0.0,1.0,0.0,0.0,0.0,0.0,1.0
IND_KARNATAKA_RAMANAGARA,Karnataka,RAMANAGARA,2011,Kharif,2.691701,-0.7453680731241671,-0.338848481629646,-0.5863816236647694,0.4675331753528813,-0.7208011089405316,-0.9892842695683046,-1.2554493371041624,-0.28833393354723397,1.0408984128042205,-0.28689766506168923,0.014662117429930711,-0.049369024266872806,0.48794767104167436,-1.352701458227509,-0.5700797196010048,-0.6064112329042876,0.14791094378562208,-0.36305652552400747,-0.22577535540526164,0.5788676617991688,-0.3491401619152162,0.0,1.0,0.0,0.0,1.0,0.0,0.0
IND_KARNATAKA_RAMANAGARA,Karnataka,RAMANAGARA,2011,Summer,1.717345,-0.8522215693270562,-0.338848481629646,-0.5863816236647694,-2.2381138373182194,0.9825827071905701,-0.4152500322579696,0.4246283174122983,-0.819247292974507,0.08204178058028996,-0.7384702558611113,-1.286933992202206,-1.4667610884430602,-1.0487056319771442,-1.346473925006176,-1.7234504811141047,-0.676859817276971,1.0748606575031,-0.41396089161699073,-0.62148907320432,0.8901226541651627,-1.5716386112020175,0.0,1.0,0.0,0.0,0.0,0.0,1.0
IND_KARNATAKA_UDUPI,Karnataka,UDUPI,2011,Kharif,2.575803,-0.11717126563830742,-1.4848945567694636,-0.3353775587209606,0.4675331753528813,-1.8494727150626604,0.4716593792317766,-0.828297177628813,0.8830319575090182,-0.9055304123297978,4.464857404501106,2.0936095710588405,-0.8968441865218316,1.4693733953945296,0.0901270251882674,-0.22248148589490108,-0.0661750647850726,-1.7988524586533214,4.737717524049512,4.390408106548426,-0.6400393431845631,0.48660953423377973,0.0,1.0,0.0,0.0,1.0,0.0,0.0
IND_KARNATAKA_UDUPI,Karnataka,UDUPI,2011,Rabi,2.300158,-0.7294261571595486,-1.4848945567694636,-0.3353775587209606,0.3788234372325174,-0.8036701856134935,-0.37136083366731193,-0.7342311299885231,-0.20265945530972415,-1.8217120061216372,-0.4449649955385405,0.9704395518841075,1.5582171591925622,0.20367719980289944,0.1254711466293207,-0.21826906454652575,2.192305320114948,-0.36459043118726775,-0.9354897716753078,-0.4225919406564889,1.562281766717222,-0.2908107241446334,0.0,1.0,0.0,0.0,0.0,1.0,0.0
IND_KARNATAKA_UDUPI,Karnataka,UDUPI,2011,Summer,2.242718,-0.8579726668603774,-1.4848945567694636,-0.3353775587209606,-2.2381138373182194,-0.2705946128696417,0.8591410033573922,0.3193526002387117,0.6454134737690478,-1.1530691808372993,0.40755415516117194,-0.33759276942785454,-1.7930008574036294,0.3914515035154714,0.09700430104104914,-1.7805630775350632,-0.6985194355871059,-0.8350124208371039,0.6402171440578107,0.8574392857271358,0.6069347446284544,-2.243281321455926,0.0,1.0,0.0,0.0,0.0,0.0,1.0
IND_KARNATAKA_UTTARAKANNADA,Karnataka,UTTARA KANNADA,2011,Kharif,1.991803,0.28730152791395636,-1.6482627368515945,0.13753599437876132,0.4675331753528813,-1.4594359759653384,1.354628052250279,0.015112398721323667,1.375058581133633,0.061226797437415416,3.251766799728017,2.372307753004334,-0.9618213478562906,1.3076917714418281,0.8765355221211258,0.46384930402830016,0.2816631879586643,-2.130486877823942,3.1174492152854714,2.801766000923421,-1.393065705963128,0.6808064831889187,0.0,1.0,0.0,0.0,1.0,0.0,0.0
IND_KARNATAKA_UTTARAKANNADA,Karnataka,UTTARA KANNADA,2011,Rabi,2.280364,-0.8300703639926704,-1.6482627368515945,0.13753599437876132,0.3788234372325174,-1.0644674059128605,0.32842182799119346,-0.38165579651471,0.23620451762749836,-0.9173153845374977,-0.5412688906745842,1.9359223849031049,1.6003082488645957,0.4126199833878707,0.9366183526372686,0.0655060875673788,-0.04748054525412064,-1.0765532465407779,-1.4348182460164167,-0.5372850737301088,1.200685142133353,-0.9530690127762333,0.0,1.0,0.0,0.0,0.0,1.0,0.0
IND_KARNATAKA_UTTARAKANNADA,Karnataka,UTTARA KANNADA,2011,Summer,2.186191,-0.8392342007215889,-1.6482627368515945,0.13753599437876132,-2.2381138373182194,-0.3981607525383297,1.591461569262462,0.748039654389837,1.126203083917585,-0.27678877735900215,0.0005472999351662855,0.0021983424309023765,-1.7937354646259347,0.522252926753536,0.8909398164581122,-1.547998233790035,-0.627946925758378,-1.4655280031603568,-0.00018226281543012,0.27400201334566965,0.22177892774808963,-1.1188705832274954,0.0,1.0,0.0,0.0,0.0,0.0,1.0
IND_TAMILNADU_ARIYALUR,Tamil Nadu,ARIYALUR,2011,Kharif,4.036063,-0.47887422121611894,0.5517609924645694,-1.1462880455089428,0.4675331753528813,0.813321059301657,1.4657957980129874,1.4807863342141516,0.8859622422431468,0.8735429096518456,0.25022824379331854,0.14083229877255368,0.5417532722201861,-0.09042043544934253,1.3685006505663941,1.656552325340737,-0.5124196974023415,-0.4198532377979741,0.25628661950714393,-0.023293861742542398,-1.2800061733254833,0.18839263299849007,0.0,0.0,1.0,0.0,1.0,0.0,0.0
IND_TAMILNADU_COIMBATORE,Tamil Nadu,COIMBATORE,2011,Kharif,3.988589,-0.8180625779340877,-0.5132307587234963,-1.2547600387087559,0.4675331753528813,-1.586700540835762,-0.6033838059404075,-1.4888135197697014,0.2632620062573851,0.13225602823518057,0.4225598332150057,1.1044251331236645,-0.9054830872807379,1.3011794099262604,-0.6220908592746043,-0.7599815517828704,-0.6836761729677142,-0.8137549327200825,0.09225251867439074,0.5565906292975218,0.01155023414140254,-0.8007758744322356,0.0,0.0,1.0,0.0,1.0,0.0,0.0
IND_TAMILNADU_CUDDALORE,Tamil Nadu,CUDDALORE,2011,Kharif,2.051875,1.051897305194218,0.6401433328649972,-1.0173719561818362,0.4675331753528813,0.7944893885651829,1.362144646000968,1.4112646341938564,0.8995149494240483,0.5386040020718018,0.34685449506370836,0.31169839455841264,0.5417532722201861,-0.029487755644409704,1.2869529523004453,1.5999785269992277,0.2604681382392649,-0.35968090290438265,0.3094792733503631,0.057435898690037034,-1.2344624641968713,0.9089109382331465,0.0,0.0,1.0,0.0,1.0,0.0,0.0
IND_TAMILNADU_DHARMAPURI,Tamil Nadu,DHARMAPURI,2011,Kharif,4.737355,-0.4319490572766571,0.08151263418860487,-0.8134084470008486,0.4675331753528813,-0.14372097829327618,-0.28136222642034764,-0.3042961737095967,0.09005563644286879,-0.045734867763925345,0.0404066359471223,0.3378008085932642,0.18983031187350857,0.28201623933306447,-0.4231296694872757,0.20392821234064382,-0.4887271548831233,0.090361686100686,-0.08242011292700444,-0.011341717942904903,-0.1735261657627205,0.2402919425880451,0.0,0.0,1.0,0.0,1.0,0.0,0.0
IND_TAMILNADU_DINDIGUL,Tamil Nadu,DINDIGUL,2011,Kharif,5.39597,-0.5569090308784092,-0.12437908046125698,-1.4464023570080367,0.4675331753528813,-0.6801220194848565,-0.3415679530642666,-0.7871258851492581,0.005673452488821446,1.2323354840452567,-0.07780135851777324,0.012005903085874712,0.2396072170814892,0.4978517884086708,-0.5352852437142421,-0.18897804168226126,-0.5518194877363404,-0.2887874000909289,-0.10160961370969085,-0.06713339272439228,0.3394937349550861,0.08597405574523384,0.0,0.0,1.0,0.0,1.0,0.0,0.0
IND_TAMILNADU_ERODE,Tamil Nadu,ERODE,2011,Kharif,4.281177,-0.32684932982706105,-0.3222312979575126,-1.042661916644677,0.4675331753528813,0.06664419765628839,-0.0804332154794467,-0.11180232378326393,0.09804868667727826,-0.7532163933463604,-0.15447376507210964,0.007817257389480846,0.12440116164784677,0.1478539808789666,-0.1539562913424481,0.3605715085277925,-0.43566215310931294,0.11073014469397317,-0.19544948416895613,-0.2086191879423656,-0.399931472834297,0.3384159091980431,0.0,0.0,1.0,0.0,1.0,0.0,0.0
IND_TAMILNADU_KANNIYAKUMARI,Tamil Nadu,KANNIYAKUMARI,2011,Kharif,5.42276,-0.597056115582171,-0.31241896934442215,-2.2087839546155306,0.4675331753528813,-0.5185002664854744,0.5256864171615272,-0.14397492002643178,0.7687223749097729,1.4687450736095786,-0.09248468043725994,-0.2564249887989361,0.23239543867534165,0.8345156665533148,0.5182774311856743,0.33439082003122494,-0.57208980448778,-0.7890557560507717,-0.014413806805936714,-0.14967976047639686,-0.28232489316707854,0.02243647131670595,0.0,0.0,1.0,0.0,1.0,0.0,0.0
IND_TAMILNADU_KARUR,Tamil Nadu,KARUR,2011,Kharif,3.846518,-0.5895828487325531,0.026074902983970957,-1.2962782482065152,0.4675331753528813,0.43771523277345736,0.43239794779610363,0.49724990275818526,0.5047238934280797,0.777368571480755,0.029382056152468285,0.10487124303765182,0.853979381167803,0.1603697026813542,0.6522243736671046,0.8561922691499683,-0.568316456594542,0.032020223889658625,-0.0046183294189595546,-0.1058272140415834,-0.3316930935658012,0.03496909195101576,0.0,0.0,1.0,0.0,1.0,0.0,0.0
IND_TAMILNADU_KRISHNAGIRI,Tamil Nadu,KRISHNAGIRI,2011,Kharif,4.546915,-0.5418518991496862,0.0038104879740130993,-0.6794255116803115,0.4675331753528813,-0.5513607500600631,-0.6971101351359573,-0.8824097389433189,-0.15408640631215278,0.9982808743255698,-0.053431234761170586,0.3032189410754676,0.18983031187350857,0.4037626734221943,-1.018153975319378,-0.2665159834784636,-0.544217207737962,0.06999322750738796,-0.185694152181105,-0.03187029125965427,0.3940876689997813,0.10765131294471832,0.0,0.0,1.0,0.0,1.0,0.0,0.0
IND_TAMILNADU_MADURAI,Tamil Nadu,MADURAI,2011,Kharif,4.635256,0.1774144857594253,-0.013487650828255086,-1.6214322694168066,0.4675331753528813,0.7255739624417331,0.6862836726375381,0.8538570990960588,0.3465435097238851,-0.36699969882675015,-0.06805008545378839,-0.1065021214950502,1.0322714603799859,-0.185727347768171,0.6453271057333767,1.1463840165736072,-0.18105897422958364,0.07513375465453492,-0.04289696748651377,-0.21785786597422868,-0.48085488774173357,0.6358316802721276,0.0,0.0,1.0,0.0,1.0,0.0,0.0
IND_TAMILNADU_NAMAKKAL,Tamil Nadu,NAMAKKAL,2011,Kharif,4.397466,-0.7311641261943435,0.05618673883841943,-1.0910418993106639,0.4675331753528813,0.3084625081218439,0.14820259249071366,0.26021401126041077,0.35121600080199533,-0.018614616004775604,0.054735366118828066,0.25964680962394593,0.38198472000645806,0.17327074317092808,0.24002764828170203,0.6633025567093749,-0.6398010942284212,0.13583422589884536,-0.03386425268294812,-0.060540459934282746,-0.5061596187880768,-0.29681207004298443,0.0,0.0,1.0,0.0,1.0,0.0,0.0
IND_TAMILNADU_PERAMBALUR,Tamil Nadu,PERAMBALUR,2011,Kharif,4.464081,-0.652639525258611,0.3868219193408594,-1.1258900482043204,0.4675331753528813,0.34643859383006986,0.3697839920864389,0.4312193357259189,0.40282705756596,0.360689073164459,0.1061511695471093,0.2469276293995282,0.38198472000645806,0.12966313322699524,0.34072776011438577,0.8024594061364329,-0.6001539085906277,0.005402151812688064,0.03516576111585668,-0.03437198723130136,-0.6442231903276872,-0.08378577683921835,0.0,0.0,1.0,0.0,1.0,0.0,0.0
IND_TAMILNADU_PUDUKKOTTAI,Tamil Nadu,PUDUKKOTTAI,2011,Kharif,3.610152,0.6032958978766625,0.3933337288818307,-1.4549727135244714,0.4675331753528813,0.8856543331388429,1.0836414684873725,1.235865297519277,0.658732044353757,0.38165599049085974,0.04395255342493469,-0.022984612792544278,0.853979381167803,-0.13536001122553507,1.1405909275382673,1.4572460175904172,0.03396900512284864,-0.08628231867465834,0.06376935799381456,-0.16033440275840935,-0.8932869801737683,0.7894743774436898,0.0,0.0,1.0,0.0,1.0,0.0,0.0
IND_TAMILNADU_RAMANATHAPURAM,Tamil Nadu,RAMANATHAPURAM,2011,Kharif,3.398232,1.1779316596538434,0.36740765376867396,-1.7949314082219572,0.4675331753528813,0.5649797976438883,1.8406524637029738,1.579019593463616,1.024880857700756,1.8918817747256707,-0.1003340523085998,-0.4651421389875824,1.0322714603799859,-0.0658599369066887,1.4369135516368066,1.7364903676726433,0.32410294870153955,-0.8868490036615918,0.05782783892302412,-0.29698107348971176,-1.0037544960544196,0.9374237976687838,0.0,0.0,1.0,0.0,1.0,0.0,0.0
IND_TAMILNADU_SALEM,Tamil Nadu,SALEM,2011,Kharif,4.517102,-0.42123684813492135,0.1037089536855479,-0.9883955533599948,0.4675331753528813,0.3084625081218439,0.14820259249071366,0.26021401126041077,0.35121600080199533,-0.018614616004775604,0.054735366118828066,0.25964680962394593,0.38198472000645806,0.17327074317092808,0.24002764828170203,0.6633025567093749,-0.48331847695227814,0.13583422589884536,-0.03386425268294812,-0.060540459934282746,-0.5061596187880768,0.2513393015175375,0.0,0.0,1.0,0.0,1.0,0.0,0.0
IND_TAMILNADU_SIVAGANGA,Tamil Nadu,SIVAGANGA,2011,Kharif,3.702224,0.4641161776265886,0.25050409477294255,-1.6045227822246366,0.4675331753528813,0.9204582987467218,1.3868594008576272,1.4927344359059482,0.7148932631893078,0.24582683041984027,-0.020260788536906667,-0.2030452966924415,1.0322714603799859,-0.2400239835159672,1.2251574300302808,1.666275181592511,-0.03630295510108512,-0.2782950912563514,0.05455598889417702,-0.23016437571686227,-0.9453727964217346,0.7448312988796431,0.0,0.0,1.0,0.0,1.0,0.0,0.0
IND_TAMILNADU_THANJAVUR,Tamil Nadu,THANJAVUR,2011,Kharif,3.995245,1.9979212499885675,0.5755751674258607,-1.3722110581466194,0.4675331753528813,0.6119807884262757,1.836054935486521,1.611794109187456,1.024521586386886,1.0668031910951732,0.1884325728390768,-0.020839208899268536,0.7153490766114599,-0.06925644977894432,1.4327751908765367,1.7631608726050665,0.7381164837564638,-0.8464817819205296,0.2428579834991759,-0.08205838191783109,-1.2443878797341725,1.0884522241516166,0.0,0.0,1.0,0.0,1.0,0.0,0.0
IND_TAMILNADU_THENILGIRIS,Tamil Nadu,THE NILGIRIS,2011,Kharif,4.125313,-0.8532959501849294,-0.6512157492996632,-1.0589889488710345,0.4675331753528813,-1.7193487743271705,-1.1721150741968631,-2.002250836802713,-0.26816437745525457,0.0006810253028512383,0.14920183128909661,0.5818149609308001,-0.9507882088244173,1.068033062052136,-1.5899674751483954,-1.1777949715691143,-0.7014655506873604,-0.5066964584035974,-0.04281667668826078,0.35975283205023867,0.5640078119276231,-1.6417483167241949,0.0,0.0,1.0,0.0,1.0,0.0,0.0
IND_TAMILNADU_THENI,Tamil Nadu,THENI,2011,Kharif,5.370343,-0.6267911857956616,-0.28464257477421645,-1.6145979360239784,0.4675331753528813,-1.1562081010221954,-0.9149697261755234,-1.453631326123056,-0.3197949339117685,-0.5870763636621763,0.011636350956689195,0.2630692396441716,-0.1471950545310603,0.6082574848402993,-1.290845959714433,-0.7313517811070065,-0.5871030090009387,-0.24900112833565613,-0.08888352218644428,0.11240959701479773,0.7131309333926382,-0.03123545369810212,0.0,0.0,1.0,0.0,1.0,0.0,0.0
IND_TAMILNADU_THIRUVALLUR,Tamil Nadu,THIRUVALLUR,2011,Kharif,3.951628,0.3920378618380953,0.8951906154258501,-0.3953407852422446,0.4675331753528813,0.33046629895867374,1.6677951329831133,1.3300356002740332,1.188084446377902,0.5743085352000875,0.76915714886446,0.7623864552814738,0.3414289894948335,0.2395693424715248,1.306385255000769,1.533877798980286,-0.07269542695396428,-0.946563620384536,0.6583026463645052,0.3922452472438576,-1.3225270365985817,0.7198293480879815,0.0,0.0,1.0,0.0,1.0,0.0,0.0
IND_TAMILNADU_THIRUVARUR,Tamil Nadu,THIRUVARUR,2011,Kharif,4.240297,2.0839981163664087,0.7291211567861182,-1.378547085218193,0.4675331753528813,0.6119807884262757,1.836054935486521,1.611794109187456,1.024521586386886,1.0668031910951732,0.1884325728390768,-0.020839208899268536,0.7153490766114599,-0.06925644977894432,1.4327751908765367,1.7631608726050665,0.7815766552090979,-0.8464817819205296,0.2428579834991759,-0.08205838191783109,-1.2443878797341725,1.1017048600485921,0.0,0.0,1.0,0.0,1.0,0.0,0.0
IND_TAMILNADU_TIRUCHIRAPPALLI,Tamil Nadu,TIRUCHIRAPPALLI,2011,Kharif,4.730728,0.15061816318658786,0.24439146582549692,-1.274815953480065,0.4675331753528813,0.6536874660834807,0.7356645312586025,0.8484699197438311,0.5977597323088526,0.7424237092700917,0.09025901212382216,0.13705230143678332,0.853979381167803,0.041401368756644005,0.8656598300748584,1.1420001594726759,-0.19458841439769944,-0.017254897633779617,0.05855045610730934,-0.08902483106052712,-0.6093848306719207,0.6241414195333732,0.0,0.0,1.0,0.0,1.0,0.0,0.0
IND_TAMILNADU_TIRUNELVELI,Tamil Nadu,TIRUNELVELI,2011,Kharif,5.297192,0.5106305488850988,-0.21908538071159234,-2.009170930358211,0.4675331753528813,-0.36534494671164214,0.2458210090652771,-0.21614506576178588,0.7212716266519011,0.7385493875902115,-0.016956638159853633,0.06053289590996078,0.23239543867534165,0.8340019083037351,0.5499848715999512,0.2756618293719445,-0.012817866225196413,-0.4658187048568249,-0.04490423744286175,-0.07373455589706301,-0.2178300967664858,0.7602530725130313,0.0,0.0,1.0,0.0,1.0,0.0,0.0
IND_TAMILNADU_TIRUPPUR,Tamil Nadu,TIRUPPUR,2011,Kharif,4.611383,-0.6919334251634736,-0.3291995822477884,-1.278711303995774,0.4675331753528813,0.1521350682476704,0.30344822782059594,0.17299587850767242,0.3760657636777717,1.2207884860973885,-0.13998385683323036,-0.07559808922287037,0.2396072170814892,0.2283189882097818,0.38419054413744425,0.5923281551536583,-0.6199933717651085,-0.0997145865283192,-0.14462540887422623,-0.22113602987555384,-0.5476240995346703,-0.17779866682975626,0.0,0.0,1.0,0.0,1.0,0.0,0.0
IND_TAMILNADU_TIRUVANNAMALAI,Tamil Nadu,TIRUVANNAMALAI,2011,Kharif,3.427466,0.7823699073345279,0.5691892171779028,-0.6941694517979556,0.4675331753528813,0.6210503712483632,0.8551516137939247,0.9281640589878803,0.6847362170857751,-0.12701965594959788,0.38497310795019274,0.6157327748625797,0.525432564695984,0.10143497162480222,0.8476069809613466,1.2068518555801855,0.12438355990639177,-0.12944866307461256,0.2374785000161631,0.14058924299202197,-0.9121780369398368,0.8410406388589783,0.0,0.0,1.0,0.0,1.0,0.0,0.0
IND_TAMILNADU_VELLORE,Tamil Nadu,VELLORE,2011,Kharif,3.981942,-0.25940033155852144,0.4730824974806388,-0.5657191069252958,0.4675331753528813,-0.11304970436539998,-0.2732861451089255,-0.3194344486490735,-0.05359144403047213,0.7950689038613747,-0.1699790951341805,0.1896657778671071,0.525432564695984,0.1479871774621906,-0.6442420849864834,0.19160932897883426,-0.40160710367552854,0.1086880174711461,-0.28621823159500887,-0.20352340521712375,0.1242828165697268,0.39164688830776806,0.0,0.0,1.0,0.0,1.0,0.0,0.0
IND_ANDHRAPRADESH_ADILABAD,Andhra Pradesh,ADILABAD,2012,Kharif,2.589286,0.02518419802989167,0.35229514612201734,1.8139650479090488,0.4675331753528813,-0.5407944626836018,0.1539434213747431,-0.18698206692209957,0.5409265456507878,-0.20549366174006864,0.44096636848619614,1.2728904197908588,-0.6804126633096022,0.6812111562813539,0.1029419490883693,0.2993934356892224,-0.36268266466189664,-0.5375924349215149,0.04897577841552986,0.3388270722248659,-1.0044867770298553,0.564940056130488,1.0,0.0,0.0,0.0,1.0,0.0,0.0
IND_ANDHRAPRADESH_ADILABAD,Andhra Pradesh,ADILABAD,2012,Rabi,2.8,-0.6226042603936558,0.35229514612201734,1.8139650479090488,0.42317830629269937,1.2653324627427562,-1.6009768580937256,-0.11229311966753538,-3.062504385002586,-1.084592360842427,-1.0266082865468116,-1.713307475468147,1.1007923749723785,-2.929339111176361,0.28068912434418003,0.32123924872845877,-0.5049954083775958,2.1558042909848574,-0.6052537184569475,-0.9934596738521885,0.4532613238036544,-0.02327645682247446,1.0,0.0,0.0,0.0,0.0,1.0,0.0
IND_ANDHRAPRADESH_ANANTAPUR,Andhra Pradesh,ANANTAPUR,2012,Kharif,2.636364,-0.5120062309067087,-0.2678187564418995,-0.006791370403704205,0.4675331753528813,0.36527026456655265,-0.08461720941187101,0.10386542614983398,-0.07525644417002264,2.064554974301414,-0.3986907724530871,-0.32083818664227526,0.8553503807313991,-0.18078956014716158,-0.2918816579364129,0.5360727374954531,-0.5703047311907857,0.3490956843250572,-0.37044327896336793,-0.44231856597646113,0.006255487605379933,0.1477384847589308,1.0,0.0,0.0,0.0,1.0,0.0,0.0
IND_ANDHRAPRADESH_ANANTAPUR,Andhra Pradesh,ANANTAPUR,2012,Rabi,2.571429,-0.7490020083787382,-0.2678187564418995,-0.006791370403704205,0.42317830629269937,1.1050463780196425,-1.1100561953719783,0.07366279330598746,-1.6421818238650197,0.0569738925035374,-0.8869797269545859,-1.5453019182066545,1.6916701364495543,-1.633873298581942,-0.19448023946334106,0.47173534864560385,-0.6114769896589702,1.6742057484799808,-0.49738303100281017,-0.8700045659272598,0.7577098807206271,-0.3635745317947512,1.0,0.0,0.0,0.0,0.0,1.0,0.0
IND_ANDHRAPRADESH_CHITTOOR,Andhra Pradesh,CHITTOOR,2012,Kharif,3.461538,-0.6542036973899265,0.42459567446986046,-0.36461738338663735,0.4675331753528813,-0.1699021385579983,-0.4489409136324484,-0.46419608375626875,-0.32142673552165674,0.9661467945101082,-0.27007067484879715,-0.08131916627160356,0.6808275481264368,-0.04635615150577891,-0.9815484750681293,0.07380847615516023,-0.6252635447744922,0.19100687000548464,-0.3043840246999577,-0.28354360595045613,0.39820316920052296,-0.08717326859544564,1.0,0.0,0.0,0.0,1.0,0.0,0.0
IND_ANDHRAPRADESH_CHITTOOR,Andhra Pradesh,CHITTOOR,2012,Rabi,3.6,-0.3066098904309497,0.42459567446986046,-0.36461738338663735,0.42317830629269937,0.18331154440171452,-1.662075947101688,-1.1020203921999516,-1.212777918689225,-0.13055003870853016,-0.8390614875839649,-1.1369089628081637,1.2854143030468765,-0.5604943093201026,-0.872799683253875,-0.4797575688289228,-0.2387912273700121,1.3473163345630705,-0.5981881282106031,-0.8003898860102607,1.705256424498337,0.3550656733045046,1.0,0.0,0.0,0.0,0.0,1.0,0.0
IND_ANDHRAPRADESH_EASTGODAVARI,Andhra Pradesh,EAST GODAVARI,2012,Kharif,1.534483,2.805934653701705,1.9295220096615435,0.9989009108529308,0.4675331753528813,-0.41355223668712365,0.9912530443283418,0.41809749104674976,1.4821161018154778,-0.39168900364950243,1.203757689190533,1.410043025825247,-1.4193984653613174,1.139983002098172,1.2129822527211622,0.7917814078347286,0.7120667757920655,-1.043282990748878,0.9450411596288046,0.8984679307882796,-2.0367606848730033,1.199650899199824,1.0,0.0,0.0,0.0,1.0,0.0,0.0
IND_ANDHRAPRADESH_EASTGODAVARI,Andhra Pradesh,EAST GODAVARI,2012,Rabi,4.414201,1.810552388319181,1.9295220096615435,0.9989009108529308,0.42317830629269937,1.280381744800567,-0.09433887382118143,0.5659844773037077,-0.1654604171143547,-0.7037392769225247,-0.9500809402529311,-1.4233203825604264,0.5449823369818017,-0.5880740001158141,1.405974927566982,0.8701765283936954,1.544776132342243,1.07730111173919,-0.6239012563514197,-0.9301477267235262,-0.5839456826279598,1.0581679573084588,1.0,0.0,0.0,0.0,0.0,1.0,0.0
IND_ANDHRAPRADESH_GUNTUR,Andhra Pradesh,GUNTUR,2012,Kharif,3.474286,1.9053506993079927,0.9900908704822137,0.6550402800936405,0.4675331753528813,0.4320858365390661,1.1475203525952176,1.068351106041786,0.8640501992360702,0.4627128774012498,0.22937180190109455,0.698790554159384,-0.436305589696321,0.169588809048902,1.1778961506234005,1.3209301034913432,0.36399449225449926,-0.48995453608533485,0.011058448940119082,0.0009929181164843846,-1.7123746757340743,1.0737467014479052,1.0,0.0,0.0,0.0,1.0,0.0,0.0
IND_ANDHRAPRADESH_GUNTUR,Andhra Pradesh,GUNTUR,2012,Rabi,3.75,-0.7332022898806029,0.9900908704822137,0.6550402800936405,0.42317830629269937,1.4248773141704851,-0.0453226310781987,0.7160807064898216,-0.15792843078208782,-0.17997080591594927,-0.8931689647340403,-1.4521300919844098,0.6060319052682147,-0.6457541061347946,1.3465536296815623,0.9916510044862967,-0.5981668489498353,1.1557000511574966,-0.5417035516389723,-0.8842966338660097,-0.6539864452105105,-0.3039543323124906,1.0,0.0,0.0,0.0,0.0,1.0,0.0
IND_ANDHRAPRADESH_KARIMNAGAR,Andhra Pradesh,KARIMNAGAR,2012,Kharif,3.516854,1.9527498548023987,0.6485176720929396,1.5303178944226856,0.4675331753528813,-0.2570014080734877,0.4222298695184662,0.15978374590642055,0.6689263152777093,-0.26649523642520767,0.3385538246042837,1.0981932456241486,-0.4758090179113327,0.5775318873026265,0.44092806992287537,0.5815766843865962,0.38231419802868916,-0.5081048220055441,-0.00991752210371821,0.19773744334791038,-1.1098201707010582,1.081336891686837,1.0,0.0,0.0,0.0,1.0,0.0,0.0
IND_ANDHRAPRADESH_KARIMNAGAR,Andhra Pradesh,KARIMNAGAR,2012,Rabi,3.612613,0.8941687154273334,0.6485176720929396,1.5303178944226856,0.42317830629269937,1.7227632524549423,-1.0758622296261229,0.5354810500820333,-2.658956251250104,-1.0739749162646373,-1.020854229548725,-1.9918524142783995,1.0400274294023841,-2.891379966855385,0.6128734773739886,0.8454897800264883,0.7727843263460566,2.1362620852684797,-0.48863133399313347,-0.9895355131339216,-0.17701423481938033,0.8704546309932365,1.0,0.0,0.0,0.0,0.0,1.0,0.0
IND_ANDHRAPRADESH_KHAMMAM,Andhra Pradesh,KHAMMAM,2012,Kharif,3.095588,1.2891616778807158,1.2322371058845452,1.2141443629051327,0.4675331753528813,-0.36020700570404635,0.5541716316665868,0.21952425436539935,1.0164038222914717,-0.6899358059083482,0.69443499692292,1.3592684670177302,-0.6583894795303954,0.8754783729160532,0.8165392871380219,0.6301909656454261,0.12583983588434638,-0.6849248722311353,0.3306961167889602,0.49843037238328985,-1.3005120116285154,0.9611588072420336,1.0,0.0,0.0,0.0,1.0,0.0,0.0
IND_ANDHRAPRADESH_KHAMMAM,Andhra Pradesh,KHAMMAM,2012,Rabi,2.888889,-0.5752051048992499,1.2322371058845452,1.2141443629051327,0.42317830629269937,1.7145647629756973,-0.8239079798778901,0.5787547613191532,-1.119862262137622,-1.036240976542127,-0.9437305244063031,-1.6348469902283629,0.9726770758408965,-1.4685051664487325,0.9933627623451818,0.8805116551902821,-0.46506468251132776,1.9474603043166316,-0.5328715638310413,-0.9249248301999411,-0.26475897118999137,0.05813390315267936,1.0,0.0,0.0,0.0,0.0,1.0,0.0
IND_ANDHRAPRADESH_KRISHNA,Andhra Pradesh,KRISHNA,2012,Kharif,3.588933,3.1377287421625466,1.3401384380599264,0.8092353539734269,0.4675331753528813,0.049264553726307524,0.9822769178105285,0.7154758104842318,1.1869690359067704,-0.27720659636369116,0.6385706788406563,1.294702026039157,-0.436305589696321,0.6855257741736968,1.2968690244602792,1.03377521797002,0.8403039568642369,-0.6720559498182632,0.28649603235017973,0.3745893192732579,-1.4803426082862223,1.2383450665216331,1.0,0.0,0.0,0.0,1.0,0.0,0.0
IND_ANDHRAPRADESH_KRISHNA,Andhra Pradesh,KRISHNA,2012,Rabi,3.909091,-0.685803134386197,1.3401384380599264,0.8092353539734269,0.42317830629269937,1.7177543123073546,-0.12598908245861334,0.8479898724217318,-0.16604283881530876,-0.6005438263858625,-0.9062727415952293,-1.4938122247680459,0.6060319052682147,-0.7422447586533326,1.4727133270864607,1.0984064966813878,-0.5582361230835673,1.4448857529585895,-0.5416433335402818,-0.8966475950147702,-0.7539096557111329,-0.16176468630206434,1.0,0.0,0.0,0.0,0.0,1.0,0.0
IND_ANDHRAPRADESH_KURNOOL,Andhra Pradesh,KURNOOL,2012,Kharif,3.847222,0.2779796940000565,-0.0734708749325743,0.40315814233704866,0.4675331753528813,0.4331804413624195,0.18490984158391574,0.39359936818246505,0.152423088361432,1.0994690405529677,-0.2176878030174762,0.16729228012294994,0.5486954607998673,-0.11930030890517598,0.09638454653106374,0.7718458788953505,-0.2649782253004206,0.20755514232846425,-0.3368415798941038,-0.30596913265241193,-0.48410668057246525,0.6771622322576791,1.0,0.0,0.0,0.0,1.0,0.0,0.0
IND_ANDHRAPRADESH_KURNOOL,Andhra Pradesh,KURNOOL,2012,Rabi,3.529412,-0.5910048233973851,-0.0734708749325743,0.40315814233704866,0.42317830629269937,1.5646559443879708,-0.9736227612300816,0.40460076959212676,-1.3954703046644812,-0.42990086820754964,-0.9083358208550474,-1.666670481311947,1.4823822425423478,-1.5925802929212858,0.2164433638429092,0.7395669757723528,-0.4783749750898943,1.9376715001851554,-0.47628662376159353,-0.8931394040147258,0.28051465907044976,0.03261138863164727,1.0,0.0,0.0,0.0,0.0,1.0,0.0
IND_ANDHRAPRADESH_MAHBUBNAGAR,Andhra Pradesh,MAHBUBNAGAR,2012,Kharif,2.649485,0.6729726564534392,-0.01616497855024476,0.8470213881531867,0.4675331753528813,-0.060799078205681895,-0.03183077433418244,-0.06602634727640494,0.09405026770504527,0.9052971540084929,-0.13028093718939818,0.4058407606371388,0.20803714599031223,0.12205665692064199,-0.27206950569774324,0.39782204847473196,-0.11231497235523809,-0.024877665629366615,-0.3217268371228037,-0.19111071123140005,-0.3708096560874241,0.8102519611786261,1.0,0.0,0.0,0.0,1.0,0.0,0.0
IND_ANDHRAPRADESH_MAHBUBNAGAR,Andhra Pradesh,MAHBUBNAGAR,2012,Rabi,2.755556,-0.14861270544959668,-0.01616497855024476,0.8470213881531867,0.42317830629269937,1.339545638741236,-1.2193643734250612,0.1673216298646635,-2.050395537704885,-0.5360753139854622,-0.9547551042009567,-1.8221101014842553,1.188205623463378,-2.1569307920391254,-0.14490888608533437,0.547534442094515,-0.10568921280093593,1.9381140320174943,-0.4730147737327464,-0.9308611371784994,0.2615774047821983,0.46728678626611597,1.0,0.0,0.0,0.0,0.0,1.0,0.0
IND_ANDHRAPRADESH_MEDAK,Andhra Pradesh,MEDAK,2012,Kharif,3.552632,0.34117856799259777,0.03211990604263495,1.3014749238188337,0.4675331753528813,-0.5827468679541973,-0.15365310929689885,-0.46440675557450933,0.10125351024828531,0.46932201438457055,0.1087622542353167,0.9233939093672837,-0.13708794152021683,0.41276771385242106,-0.5704513141358665,0.0736370404026109,-0.240552001557978,-0.34804429864322917,-0.22740522187401474,0.07172768772659761,-0.30549254448577856,0.7013055138118347,1.0,0.0,0.0,0.0,1.0,0.0,0.0
IND_ANDHRAPRADESH_MEDAK,Andhra Pradesh,MEDAK,2012,Rabi,3.029412,-0.32240960892908505,0.03211990604263495,1.3014749238188337,0.42317830629269937,1.0640090073933737,-1.5734357955545026,-0.21923668296262933,-2.9112207360843456,-0.7213840948899316,-1.0136818055595134,-1.7623963597880907,1.1764939999983586,-2.8515075592117767,-0.4255317949080733,0.23468868451247876,-0.25210151994857855,1.9772161447235435,-0.5698655491265338,-0.981450759930436,0.6216121005278583,0.3421217227594143,1.0,0.0,0.0,0.0,0.0,1.0,0.0
IND_ANDHRAPRADESH_NALGONDA,Andhra Pradesh,NALGONDA,2012,Kharif,3.25641,0.9889670264161452,0.531295707870846,1.0186224262280383,0.4675331753528813,0.29925889205609507,0.673074901095056,0.6368049343573555,0.5439380557229605,0.3185273372363744,-0.03599176789302011,0.5910095490448348,-0.2869007118152743,0.1335591332863535,0.59508700626234,0.9697562098034735,0.009815690748680495,-0.2512721146438206,-0.2770650805940623,-0.17325929884552663,-1.3125822355930232,0.8939623770808356,1.0,0.0,0.0,0.0,1.0,0.0,0.0
IND_ANDHRAPRADESH_NALGONDA,Andhra Pradesh,NALGONDA,2012,Rabi,3.32967,0.5781743454646273,0.531295707870846,1.0186224262280383,0.42317830629269937,1.6744033953348738,-0.6464564623627579,0.6945951575539048,-1.5010368827693927,-0.8349678365242881,-0.9842668083003869,-1.8596035885714963,1.1006360329168874,-1.8587104379408,0.7561801189927426,0.9742625210133641,0.5065801453384728,1.787387689920649,-0.4950345251538832,-0.9595069418069169,-0.26132581284019046,0.7817395194265978,1.0,0.0,0.0,0.0,0.0,1.0,0.0
IND_ANDHRAPRADESH_NIZAMABAD,Andhra Pradesh,NIZAMABAD,2012,Kharif,4.0,1.1785636483937687,0.0011331602520301002,1.4956215789529068,0.4675331753528813,-0.441587523489364,0.03907819260198257,-0.23721224758611176,0.2893786880068691,0.1760890401820366,0.15589072107678853,1.0138584402003976,-0.2975119277358385,0.4524698096953381,-0.25697548456735353,0.25851825411694024,0.08309405823714544,-0.37628198886244935,-0.20426139927732395,0.08636510894620784,-0.6428385464847431,0.9375622825541257,1.0,0.0,0.0,0.0,1.0,0.0,0.0
IND_ANDHRAPRADESH_NIZAMABAD,Andhra Pradesh,NIZAMABAD,2012,Rabi,3.4375,0.1515819460149741,0.0011331602520301002,1.4956215789529068,0.42317830629269937,1.2940159451126394,-1.4607522474921717,0.009024578479062548,-3.0608050790613377,-0.8555916497329483,-1.0245935607071455,-1.862515208140941,1.123471994946141,-3.0761294564468344,-0.1031571825305636,0.4194229532960433,0.14720467562808118,2.076927417187616,-0.5441122755865899,-0.9918446950605782,0.35612151738960046,0.6245672318736736,1.0,0.0,0.0,0.0,0.0,1.0,0.0
IND_ANDHRAPRADESH_PRAKASAM,Andhra Pradesh,PRAKASAM,2012,Kharif,3.555556,-0.5752051048992499,0.7958439581818378,0.4707338942814897,0.4675331753528813,0.4181687180706979,1.683071575945683,1.4670324740802705,0.9617816763120091,1.476797585336381,0.17581233017940676,0.3217102793936988,0.08953287450126873,-0.03499638576495512,1.3220790385601513,1.6453600197813993,-0.5947308030637968,-0.8885038308938971,0.09253353646827897,-0.0787269832915467,-1.5874955065098717,0.05813390315267936,1.0,0.0,0.0,0.0,1.0,0.0,0.0
IND_ANDHRAPRADESH_PRAKASAM,Andhra Pradesh,PRAKASAM,2012,Rabi,3.705882,-0.32240960892908505,0.7958439581818378,0.4707338942814897,0.42317830629269937,0.33807207183196325,0.6195763423375739,0.5322128257368532,0.21750223390766596,0.7457328691793863,-0.8154166651296427,-1.0296898491894748,0.8721701802019933,-0.19131580174373977,1.4917699544190839,0.8428447712728593,-0.25210151994857855,-0.18196747038293862,-0.6108740743347214,-0.8163585234046027,-0.30414240740465953,0.3421217227594143,1.0,0.0,0.0,0.0,0.0,1.0,0.0
IND_ANDHRAPRADESH_SRIKAKULAM,Andhra Pradesh,SRIKAKULAM,2012,Kharif,2.529126,2.3951419727501873,2.8367514851732647,1.597894743958143,0.4675331753528813,-1.0284074031770867,1.9718401339214078,0.7446990012719883,1.7983921367468774,2.2521177238625656,1.034133891297357,1.1773688654950236,-1.1811953087283964,1.1114503911628872,1.2142417538221209,1.0575558059308912,0.55329700487863,-2.237487302482562,0.8252272159343977,0.6946717912130339,-2.0606280626045423,1.1465739131171127,1.0,0.0,0.0,0.0,1.0,0.0,0.0
IND_ANDHRAPRADESH_SRIKAKULAM,Andhra Pradesh,SRIKAKULAM,2012,Rabi,2.666667,-0.8122008823712794,2.8367514851732647,1.597894743958143,0.42317830629269937,-0.8427574909453256,0.7918180496210473,0.009781111892299703,-0.01429962828367158,1.0904560877374552,-0.8738759500933968,-1.3569150239590455,0.27535542938657087,-0.1506302571880079,1.4491739699065096,0.4200352238408693,-0.6647178562343733,-1.237193475247246,-0.5550920422478131,-0.8573239248273641,-0.33929833186562464,-0.7418486359530813,1.0,0.0,0.0,0.0,0.0,1.0,0.0
IND_ANDHRAPRADESH_VIZIANAGARAM,Andhra Pradesh,VIZIANAGARAM,2012,Kharif,2.579832,1.0205664634124159,2.5004643770907284,1.5280363685641372,0.4675331753528813,-1.4145571782078037,-0.2548230556047925,-1.0444163671724203,0.4083972359292878,-0.48003873136907743,1.2380724996917292,1.249597463235295,-1.3320433440447992,1.1348549336439835,-0.7871854639032374,-0.39835007718944826,0.022028726685186094,-0.9303498344170192,1.0508242863283417,1.2892287763583314,-0.8386436795126709,0.9015311038159692,1.0,0.0,0.0,0.0,1.0,0.0,0.0
IND_ANDHRAPRADESH_VIZIANAGARAM,Andhra Pradesh,VIZIANAGARAM,2012,Rabi,2.0,-0.7490020083787382,2.5004643770907284,1.5280363685641372,0.42317830629269937,0.29932578593686404,-1.8195442957939634,-1.1546145950881468,-1.8056693867390126,-1.4468840128745393,-0.8737147720262235,-1.2553148252989341,0.2428593322743674,-1.2618535949714753,-0.5900459701090834,-0.5223226171049238,-0.6114769896589702,1.5527042085912244,-0.594815914683938,-0.8345807148037012,0.7886343360207394,-0.3635745317947512,1.0,0.0,0.0,0.0,0.0,1.0,0.0
IND_ANDHRAPRADESH_WARANGAL,Andhra Pradesh,WARANGAL,2012,Kharif,3.151079,1.3365608333751218,0.8525059997480255,1.3357032996521332,0.4675331753528813,-0.3038013489903772,0.4502285731011536,0.1748016369497492,0.7738037983892609,-0.4897625191146499,0.3909205786288878,1.1844180497157883,-0.2869007118152743,0.6775815493884523,0.5608005874032972,0.5937976044612278,0.14415938978910467,-0.5652491751549159,0.02141596191487292,0.24137267563960896,-0.9702023897638331,0.9709019877273495,1.0,0.0,0.0,0.0,1.0,0.0,0.0
IND_ANDHRAPRADESH_WARANGAL,Andhra Pradesh,WARANGAL,2012,Rabi,3.535211,0.26217997550192124,0.8525059997480255,1.3357032996521332,0.42317830629269937,1.735431603321511,-1.019337011572716,0.5671344080918507,-2.001111433717965,-0.984223136560289,-0.9940180813643714,-1.888004649634856,1.1006360329168874,-2.292265473165357,0.7327814753058175,0.8711071796218256,0.2403761162003208,2.1053379608241825,-0.4960180874324937,-0.9670562433375116,-0.15659339906758685,0.6709167916289941,1.0,0.0,0.0,0.0,0.0,1.0,0.0
IND_ANDHRAPRADESH_WESTGODAVARI,Andhra Pradesh,WEST GODAVARI,2012,Kharif,1.987654,2.9797315571811933,1.5405613785784846,0.9211625636915421,0.4675331753528813,-0.4065825080159769,0.7309697008576894,0.26767781282102987,1.270717690281183,-0.6518762929354276,1.047769555780218,1.3748992668115934,-0.8356974055470671,1.0597415747463403,1.036312233212445,0.6693762805140061,0.7792386253122775,-0.8494217409396267,0.7645875905531265,0.7952844798051787,-1.4762628608734794,1.2203367323003076,1.0,0.0,0.0,0.0,1.0,0.0,0.0
IND_ANDHRAPRADESH_WESTGODAVARI,Andhra Pradesh,WEST GODAVARI,2012,Rabi,4.477778,1.9843492917986694,1.5405613785784846,0.9211625636915421,0.42317830629269937,1.6091748653410554,-0.4419286071647475,0.564229319785004,-0.35574798267012286,-0.9357189832732552,-0.9343983143169694,-1.4828808811213565,0.6442635509933117,-0.7620087687760968,1.219187816622757,0.8687560607296995,1.6911882876204543,1.587965144992511,-0.5809657519851378,-0.9169588531257428,-0.5060207137077124,1.086326278527742,1.0,0.0,0.0,0.0,0.0,1.0,0.0
IND_KARNATAKA_BANGALORERURAL,Karnataka,BANGALORE RURAL,2012,Kharif,2.903427,-0.844384908951981,-0.19750098158330961,-0.4216397977124417,0.4675331753528813,-0.6639933524958316,-1.1586873727393014,-1.3260845881637406,-0.6291825270919241,1.3785721356877085,-0.43584231693653175,-0.44986890650926514,0.6696641240483231,0.1497520321899341,-1.8187168655771389,-0.6275596783488587,-0.6906989192157668,0.3152773533330828,-0.3660072123598392,-0.3740920685729357,1.34885797756013,-1.248952777099228,0.0,1.0,0.0,0.0,1.0,0.0,0.0
IND_KARNATAKA_BANGALORERURAL,Karnataka,BANGALORE RURAL,2012,Rabi,2.0,-0.8595842381471872,-0.19750098158330961,-0.4216397977124417,0.42317830629269937,0.2648472068939941,-2.0530563065061562,-1.1977067383060902,-1.883812493061102,0.019698259741220712,-0.8988424326985404,-1.3967071580747936,1.7028556087662605,-1.272084770589238,-1.7500679041661045,-0.5571975473379605,-0.7043134062654817,1.6945268102212874,-0.5705480209116929,-0.8595710237383826,2.2222701154097666,-4.007701188219276,0.0,1.0,0.0,0.0,0.0,1.0,0.0
IND_KARNATAKA_BANGALORERURAL,Karnataka,BANGALORE RURAL,2012,Summer,3.153846,-0.8593946415252096,-0.19750098158330961,-0.4216397977124417,-2.2381138373182194,1.1425178752070397,-0.4226936493703103,0.5577127145940175,-1.1448047607043879,0.7505901716345368,-0.8444609528342704,-1.6106345748613975,-1.1212471501791166,-1.4220580332692303,-1.8240947353573744,-1.6512515384687427,-0.7035821549531601,1.206287388383158,-0.4187582668126621,-0.7598530579561124,1.1620620094757432,-3.1387589587679665,0.0,1.0,0.0,0.0,0.0,0.0,1.0
IND_KARNATAKA_BIDAR,Karnataka,BIDAR,2012,Kharif,0.988054,-0.7815652282033951,-0.3830668900350699,1.3260573039400396,0.4675331753528813,-0.4881417367928412,-0.3149071545181062,-0.5295344433857452,0.005727181857513178,0.578106889788204,0.07800947901865167,0.9135863487123101,-0.1350073895509022,0.3499417397573464,-0.7247901792040595,0.02063890204285747,-0.6331047153885055,-0.15678852149758676,-0.2618499743249452,0.05108866083284145,-0.24348015213958327,-0.5192803011368916,0.0,1.0,0.0,0.0,1.0,0.0,0.0
IND_KARNATAKA_CHITRADURGA,Karnataka,CHITRADURGA,2012,Kharif,2.259078,-0.8143496440870258,-0.6853982879596192,-0.018470836404734677,0.4675331753528813,-0.11186574404625874,-0.4424703183648568,-0.49775309480504004,-0.17062944044597825,2.4126361887563346,-0.436051848423857,-0.3984813751608119,0.5321211985318193,0.09210169675734302,-0.7367854277844651,0.046501209856113085,-0.663162105778834,0.23206066900250752,-0.3864612932150246,-0.4369136634829548,0.3034406358388629,-0.7625582878040007,0.0,1.0,0.0,0.0,1.0,0.0,0.0
IND_KARNATAKA_CHITRADURGA,Karnataka,CHITRADURGA,2012,Rabi,2.446886,-0.8552867147156944,-0.6853982879596192,-0.018470836404734677,0.42317830629269937,0.89738874723698,-1.393391602525016,-0.23739348488030343,-1.9031477932932395,-0.02429920843725237,-0.8570650776872222,-1.627593481827288,1.7883266078755014,-1.7946974303239092,-0.6526835764050791,0.21999419143676083,-0.6131770160743655,1.7156090267142245,-0.42779098161622797,-0.837606405649304,1.1552955887856458,-1.8106936868079226,0.0,1.0,0.0,0.0,0.0,1.0,0.0
IND_KARNATAKA_CHITRADURGA,Karnataka,CHITRADURGA,2012,Summer,2.070732,-0.8531221532814499,-0.6853982879596192,-0.018470836404734677,-2.2381138373182194,1.7818899558527421,0.3344754618950641,1.4600050641431574,-0.918799255735759,1.6151336594355579,-0.8046499702424662,-1.472613591060682,-1.109719930164175,-1.6548047913936716,-0.7511797260809757,-1.1617534832947873,-0.6710202857691672,1.162188003096901,-0.42341513311138906,-0.7358701639520151,0.372511414178629,-1.6296340653370815,0.0,1.0,0.0,0.0,0.0,0.0,1.0
IND_KARNATAKA_DAKSHINAKANNADA,Karnataka,DAKSHINA KANNADA,2012,Kharif,2.660963,-0.3619405046114196,-1.3294282739422296,-0.5491692637226949,0.4675331753528813,-1.4561745003692252,1.1097671050189166,-0.12627848729397897,1.2745574462873952,-0.6545351411471106,4.352451820454451,2.02929853530566,-1.0655001832749913,1.3219342918053192,0.9203981477635387,0.3487914232454299,-0.24838557870041997,-1.95070926403425,4.623002046044231,3.855619484817889,-1.3717526802842501,0.3079902140969059,0.0,1.0,0.0,0.0,1.0,0.0,0.0
IND_KARNATAKA_DAKSHINAKANNADA,Karnataka,DAKSHINA KANNADA,2012,Rabi,2.59351,-0.5246302059867188,-1.3294282739422296,-0.5491692637226949,0.42317830629269937,0.017252824620596675,0.5997154695295432,0.40432841756337384,0.06786076310580175,-1.2333893539182348,-0.7168401592464549,0.0022494234759791536,1.2489775843820043,-0.2629101152765458,0.9579029621185737,0.7393465583762155,6.398964948928797,-0.42042132292395956,-0.8936181203858894,-0.729490865226183,0.09770808443094971,0.13121960804092006,0.0,1.0,0.0,0.0,0.0,1.0,0.0
IND_KARNATAKA_DAKSHINAKANNADA,Karnataka,DAKSHINA KANNADA,2012,Summer,2.591362,-0.8358214615259917,-1.3294282739422296,-0.5491692637226949,-2.2381138373182194,0.0996722227854685,1.632364975061149,1.047208684282377,1.0900773783233966,-0.5081085717752479,0.5292113602635751,-0.9748798878207957,-2.399726291467864,0.3140381250467747,0.9143605393114046,-1.3856975577687307,-0.5812086526283896,-1.1028039574765542,1.042152880116918,0.8656153611440005,-0.6897340175954698,-1.0497382987869546,0.0,1.0,0.0,0.0,0.0,0.0,1.0
IND_KARNATAKA_DHARWAD,Karnataka,DHARWAD,2012,Kharif,0.875889,-0.42651395411329857,-1.3656452247564865,0.3684610951399253,0.4675331753528813,-1.218354848340008,-0.6758496078281777,-1.3061309573786997,0.04589121766516465,1.0779703535842302,0.17260488664265927,0.8569885507659032,-0.11082848935262879,0.8954340752957645,-0.989765220345706,-0.6113222635001879,-0.3075876241982,-0.47102965018405096,-0.12180274947055038,0.25832847682206905,0.5776797217989251,0.2459312430168223,0.0,1.0,0.0,0.0,1.0,0.0,0.0
IND_KARNATAKA_DHARWAD,Karnataka,DHARWAD,2012,Summer,3.177083,-0.8580832648898644,-1.3656452247564865,0.3684610951399253,-2.2381138373182194,1.6728874204331863,-0.17541231030012241,0.8888436689114632,-0.7588848723927202,0.4548882669497306,-0.6022586712929592,-1.389964460124502,-1.4036860887838287,-1.217396726122092,-0.9936336880128834,-1.4716113606180925,-0.6967746076894398,1.4452954939076184,-0.20383987258649025,-0.47480150487060263,0.536606474120934,-2.274396748659263,0.0,1.0,0.0,0.0,0.0,0.0,1.0
IND_KARNATAKA_GADAG,Karnataka,GADAG,2012,Kharif,2.374302,-0.8454592898098543,-1.1187200932133095,0.43114451806247717,0.4675331753528813,-0.37834617134821097,-0.5441997522334867,-0.7363840729266508,-0.12457425291843176,2.041385011313906,-0.3501278208137732,-0.20590583521680955,-0.11082848935262879,0.2945081760313039,-0.9197329607169822,-0.14768651613949582,-0.691683944348003,0.09567825869808044,-0.35512780919643305,-0.3369156629002531,-0.024309520602941788,-1.2816181548946204,0.0,1.0,0.0,0.0,1.0,0.0,0.0
IND_KARNATAKA_GADAG,Karnataka,GADAG,2012,Summer,2.420821,-0.8488246298499571,-1.1187200932133095,0.43114451806247717,-2.2381138373182194,1.9932603811298737,0.13039629273178663,1.424747630561415,-1.0606496289258578,1.1585334543981658,-0.7840997666778713,-1.468731431634755,-1.4036860887838287,-1.7562435035617097,-0.9285594644640479,-1.1808808151150143,-0.648710970031387,1.476455538600891,-0.39934796633477776,-0.7113409429064075,0.0914078363928415,-1.4028316160938163,0.0,1.0,0.0,0.0,0.0,0.0,1.0
IND_KARNATAKA_HASSAN,Karnataka,HASSAN,2012,Kharif,2.179302,-0.0970266245531849,-0.9061681677665311,-0.5042975478074482,0.4675331753528813,-2.123593037254145,-1.4570158703396956,-2.3742069798983154,-0.3909330389123725,0.18824377486400595,1.0141155753544335,1.325861463536728,0.009980825262338205,1.2013771129235626,-1.9281535167925707,-1.4804770381071097,-0.00550793488231515,-0.6190838738396922,0.7419455854455211,1.4876640858525358,2.1253918830505563,0.4985641972500289,0.0,1.0,0.0,0.0,1.0,0.0,0.0
IND_KARNATAKA_HASSAN,Karnataka,HASSAN,2012,Rabi,2.576923,-0.8591892451847338,-0.9061681677665311,-0.5042975478074482,0.42317830629269937,-0.31717816128780874,-2.246381846745944,-1.6639734115519629,-1.854383623040812,-1.2836503505526704,-0.7924649083641653,-0.327836289817959,1.4381524737265383,-1.0032951895512627,-1.878056876979449,-0.9345521295223965,-0.6959368959056879,1.3757622807462306,-0.8580894421585318,-0.7330290440522981,2.6176076889825035,-2.8454753891823015,0.0,1.0,0.0,0.0,0.0,1.0,0.0
IND_KARNATAKA_HASSAN,Karnataka,HASSAN,2012,Summer,2.521436,-0.8437529202120556,-0.9061681677665311,-0.5042975478074482,-2.2381138373182194,0.3287685445387712,-0.6079813341568573,-0.1937536610799228,-0.9265773183526348,-0.3649865708950479,-0.4525242468889676,-1.2313578151573583,-1.6633772583136688,-0.7669734518610314,-1.9337313073824705,-2.058925758032746,-0.6223825816603199,0.6990916439561848,-0.07969022578637129,-0.2043425511341555,1.2790043661467263,-1.2307979202577966,0.0,1.0,0.0,0.0,0.0,0.0,1.0
IND_KARNATAKA_HAVERI,Karnataka,HAVERI,2012,Kharif,0.80941,-0.13124881482014597,-1.2397488314249616,0.15122880816676934,0.4675331753528813,-1.377720375070838,-0.7037266836802663,-1.4095407241621454,0.11558073399454097,1.2783715416532198,1.150359395536021,1.2014791187718332,-0.19290405971811594,1.0633664246184127,-0.858717129604523,-0.6954727271804695,-0.036883400067999624,-0.5764456657904701,0.9604971382926841,1.3089617817667683,0.6172169370471924,0.47806120211153563,0.0,1.0,0.0,0.0,1.0,0.0,0.0
IND_KARNATAKA_HAVERI,Karnataka,HAVERI,2012,Summer,2.025479,-0.7870477305222481,-1.2397488314249616,0.15122880816676934,-2.2381138373182194,1.4256295941617807,0.03990526117002711,0.8654590970864594,-0.49920809795152726,0.7606178277471654,-0.32796583657744477,-1.3127810010116667,-1.388171144161037,-0.9422078281569405,-0.868673185926301,-1.4842976063067963,-0.3280137589862839,1.0946129570205365,0.10742747954438206,-0.14041050469359703,0.5744412746959136,-0.5518032498760309,0.0,1.0,0.0,0.0,0.0,0.0,1.0
IND_KARNATAKA_KODAGU,Karnataka,KODAGU,2012,Kharif,2.48141,-0.3653690435255149,-1.0603223205016303,-0.7035875144423978,0.4675331753528813,-2.27165509376829,-0.6530808966610151,-1.8942965779400276,0.33867306906710337,-2.596178039500104,3.590933806480783,2.3066175290340407,-1.0655001832749913,1.727046942665497,-0.8261500297086833,-1.089946393798112,-0.25152882032266694,-1.3175794067748599,3.565652523838401,4.227908177958773,0.31225044394541446,0.30490325161855064,0.0,1.0,0.0,0.0,1.0,0.0,0.0
IND_KARNATAKA_KODAGU,Karnataka,KODAGU,2012,Summer,1.835294,-0.8582570617933438,-1.0603223205016303,-0.7035875144423978,-2.2381138373182194,0.021296283545893562,-0.05795641086572796,-0.2199371584901636,0.1311322999476616,-2.6770450086810884,0.3597970938577247,-0.9348834295247334,-2.399726291467864,0.29417994159407274,-0.8333771669783787,-2.073130434672607,-0.6976767121121169,0.05872631869175349,0.8154518112469843,0.9084248171487234,0.38344879956072275,-2.328144906789766,0.0,1.0,0.0,0.0,0.0,0.0,1.0
IND_KARNATAKA_KOLAR,Karnataka,KOLAR,2012,Kharif,2.187772,-0.7978389382564745,0.07396201585600445,-0.4458303378409435,0.4675331753528813,-0.7205330424531927,-1.050244088141904,-1.2488583187905478,-0.5182929661095584,1.1942000039805698,-0.19212496156379133,0.11769258535222601,0.6808275481264368,0.23691016782784474,-1.6432063867645037,-0.5647162296283699,-0.6480248239401993,0.19223918815718488,-0.28551568711028713,-0.1284266280361607,1.2645525019910449,-0.6236957010659557,0.0,1.0,0.0,0.0,1.0,0.0,0.0
IND_KARNATAKA_KOLAR,Karnataka,KOLAR,2012,Summer,2.348485,-0.8585572564448084,0.07396201585600445,-0.4458303378409435,-2.2381138373182194,1.2219995887069293,-0.36818010051818273,0.6244354890290739,-0.9356621409416759,0.7693920268457115,-0.7889189908863529,-1.516594370872827,-1.2204682326308167,-1.2788907343849076,-1.6440160660436722,-1.615054103858896,-0.6992351962174219,1.2294725741803503,-0.38654158401327804,-0.6924242522001993,0.9841693166201447,-2.4396276962758066,0.0,1.0,0.0,0.0,0.0,0.0,1.0
IND_KARNATAKA_KOPPAL,Karnataka,KOPPAL,2012,Kharif,3.202451,-0.21106899267272553,-0.8810958694992852,0.4841698717717585,0.4675331753528813,0.08313028662844582,-0.32852946034461683,-0.2826872643526416,-0.142525333197247,2.1637679961429943,-0.4705923082190945,-0.4892013112193144,0.36382098017418196,-0.02256629033750261,-0.6850459222409291,0.22151262238791475,-0.11006396364262534,0.30327105362640694,-0.3938279739548213,-0.4828971063607467,-0.046691845349769716,0.4262300056030762,0.0,1.0,0.0,0.0,1.0,0.0,0.0
IND_KARNATAKA_KOPPAL,Karnataka,KOPPAL,2012,Summer,3.714509,-0.293448724922003,-0.8810958694992852,0.4841698717717585,-2.2381138373182194,2.2453769124845357,0.4484649710075437,1.8503197513999552,-1.1641822645362672,1.1457709829820997,-0.8115000380973314,-1.4923308744607835,-1.2773376553179951,-2.046930775389337,-0.6978608461409997,-0.9500058380736952,2.234365711018118,1.4449522052796384,-0.42419796839436513,-0.7532940651800646,-0.10253842192093875,0.36556871864816065,0.0,1.0,0.0,0.0,0.0,0.0,1.0
IND_KARNATAKA_MANDYA,Karnataka,MANDYA,2012,Kharif,3.110294,-0.10581126803814814,-0.5729209373097439,-0.6394047821920191,0.4675331753528813,-0.6867119872989397,-0.9583908259974914,-1.2197254159249094,-0.28388884535853054,0.9076521338531266,-0.2926356042530588,-0.09306780663954045,0.009980825262338205,0.4675638367873063,-1.3175553798868618,-0.5410091141328809,-0.013561874569757819,0.15241770731187199,-0.3278690831892286,-0.23533615842321154,0.594852615872273,0.4933903319177877,0.0,1.0,0.0,0.0,1.0,0.0,0.0
IND_KARNATAKA_MANDYA,Karnataka,MANDYA,2012,Rabi,3.40566,-0.8545757273832784,-0.5729209373097439,-0.6394047821920191,0.42317830629269937,0.6373730918621504,-1.5588091921810996,-0.6104855029519765,-1.7564109550091938,-0.6880040712892498,-0.8118546298451127,-1.2431064555252946,1.4381524737265383,-1.4211471160553355,-1.2602643370904851,-0.08195315044744951,-0.5980992670528502,1.6304127983510825,-0.5225742689549768,-0.7865744368418862,1.2612095510966395,-1.7427902642525668,0.0,1.0,0.0,0.0,0.0,1.0,0.0
IND_KARNATAKA_MANDYA,Karnataka,MANDYA,2012,Summer,3.218409,-0.8292171791937711,-0.5729209373097439,-0.6394047821920191,-2.2381138373182194,1.1663087759595223,-0.037997300275282184,0.7673161257590992,-0.843390156923854,0.1563375963238355,-0.7683687873217576,-1.453917928562139,-1.6633772583136688,-1.1903316561127069,-1.3285110402569869,-1.5375406528844804,-0.5469244322225817,0.9466291515449903,-0.3855780944342311,-0.6718761997301068,0.35207079668031616,-0.9403567202373405,0.0,1.0,0.0,0.0,0.0,0.0,1.0
IND_KARNATAKA_RAICHUR,Karnataka,RAICHUR,2012,Kharif,3.113151,0.9413940740182598,-0.5535249870824451,0.6262314428335712,0.4675331753528813,0.6554522371252169,0.07724497446230905,0.42116728039830925,-0.0530732291794576,1.6674749856597961,-0.45204071268744767,-0.38290165641202584,0.37792183094885246,-0.3549536067564364,-0.21945034859159962,0.7942794716576052,0.9465341942365995,0.46063808159998676,-0.4124955845488571,-0.5068633420961788,-0.6394113563243743,0.8823200870973308,0.0,1.0,0.0,0.0,1.0,0.0,0.0
IND_KARNATAKA_RAICHUR,Karnataka,RAICHUR,2012,Summer,3.0723,-0.263666255553018,-0.5535249870824451,0.6262314428335712,-2.2381138373182194,2.9168834633015845,1.073072018698772,2.7996972523264763,-1.4278933710525288,1.095632702418972,-0.8689600190446114,-1.666006427725933,-1.241957247720401,-2.6423623155957365,-0.23958237412576103,-0.4349638557697794,2.3889728926855676,1.5221129261218116,-0.42750996382233913,-0.8321416410568662,-0.7133803961545753,0.38846179654942414,0.0,1.0,0.0,0.0,0.0,0.0,1.0
IND_KARNATAKA_RAMANAGARA,Karnataka,RAMANAGARA,2012,Kharif,2.430126,-0.7594298225875076,-0.338848481629646,-0.5863816236647694,0.4675331753528813,-0.37229233650884336,-0.85928855110969,-0.9291788825933303,-0.3953043368975985,0.9155527113964051,-0.3934041318498029,-0.32395413039203214,0.34478633491737665,0.15266332893757895,-1.345764206131842,-0.30457472054457624,-0.6128107070057632,0.3284807621014223,-0.3626349988331744,-0.36360343077816776,0.5847864144028877,-0.4077901540337536,0.0,1.0,0.0,0.0,1.0,0.0,0.0
IND_KARNATAKA_RAMANAGARA,Karnataka,RAMANAGARA,2012,Summer,2.06068,-0.8530905538444536,-0.338848481629646,-0.5863816236647694,-2.2381138373182194,1.3827724644963557,-0.021285650091696872,0.95940368003596,-0.9001018562887423,0.26026057785467965,-0.8357251015934778,-1.5789132458679689,-1.4727321523318622,-1.3771113219617939,-1.354570717797972,-1.433332206155846,-0.6708562667832259,1.1051228704001306,-0.42034401007817696,-0.7594427730513011,0.3989950193180522,-1.627466352481557,0.0,1.0,0.0,0.0,0.0,0.0,1.0
IND_KARNATAKA_UDUPI,Karnataka,UDUPI,2012,Kharif,2.481408,-0.1555171824332818,-1.4848945567694636,-0.3353775587209606,0.4675331753528813,-1.8030078572549653,0.45742893475230745,-0.8009399372312153,0.8212833051865046,-1.0065666443736758,3.936628524954066,1.9758166811090103,-0.7229817988820766,1.3820915772150488,0.10460129180864054,-0.20021932888518695,-0.05913303111922875,-1.751936346163161,4.126162586448993,3.8560881256960005,-0.5091762249527029,0.4629292132854842,0.0,1.0,0.0,0.0,1.0,0.0,0.0
IND_KARNATAKA_UDUPI,Karnataka,UDUPI,2012,Rabi,2.210678,-0.7498077940221431,-1.4848945567694636,-0.3353775587209606,0.42317830629269937,-0.33386714124145855,-0.3667899356545499,-0.4743094885694197,-0.36102278516642583,-1.6854327856546962,-0.7959947080352604,0.5289460792750832,1.5391183736052945,-0.15036718348115258,0.14305122629908085,0.0282555476204349,1.6236856664785941,0.002338187152278485,-1.1991647531411702,-0.7751766247407487,1.1982028522059702,-0.3668393942400815,0.0,1.0,0.0,0.0,0.0,1.0,0.0
IND_KARNATAKA_UDUPI,Karnataka,UDUPI,2012,Summer,2.302083,-0.8580832648898644,-1.4848945567694636,-0.3353775587209606,-2.2381138373182194,0.018079485697677252,0.9417505579766832,0.47135231710126835,0.6401834878837073,-1.0860662059029385,0.3886963213018965,-0.8558099717440129,-2.0517579833711364,0.2858741832257815,0.10027300627921325,-1.6981024805584914,-0.6967746076894398,-0.6673027226616594,0.8203696226400365,0.8032277335042767,0.16606275719322472,-2.274396748659263,0.0,1.0,0.0,0.0,0.0,0.0,1.0
IND_KARNATAKA_UTTARAKANNADA,Karnataka,UTTARA KANNADA,2012,Kharif,2.015901,0.2701746330619777,-1.6482627368515945,0.13753599437876132,0.4675331753528813,-1.4422573819008584,1.3221047970895043,0.021282073398429836,1.2893326018201334,-0.048849518526178304,2.892371945545001,2.2248367758641843,-0.743483654198173,1.213769152184386,0.8932089176479191,0.4688699224958342,0.33114862723373767,-2.0934117060024464,2.7278180440587776,2.480512503853006,-1.220024351040262,0.6740879009429245,0.0,1.0,0.0,0.0,1.0,0.0,0.0
IND_KARNATAKA_UTTARAKANNADA,Karnataka,UTTARA KANNADA,2012,Rabi,2.183153,-0.8348418789791073,-1.6482627368515945,0.13753599437876132,0.42317830629269937,-0.4593826459265527,0.49774505236611954,0.0263643243104446,0.04910421710931745,-0.8665146322841991,-0.8907351759197236,1.0380708555673603,1.6984148930745386,-0.061051268422476296,0.953038295647572,0.433456194183355,-0.17960892489831753,-0.7222457338568294,-1.5172166777244984,-0.8726223155165298,0.8098709835612389,-1.0317228600677602,0.0,1.0,0.0,0.0,0.0,1.0,0.0
IND_KARNATAKA_UTTARAKANNADA,Karnataka,UTTARA KANNADA,2012,Summer,2.063584,-0.8404665787644435,-1.6482627368515945,0.13753599437876132,-2.2381138373182194,-0.2309877893633657,1.6112017499378328,0.8195476886964352,1.1234064913201673,-0.4291407798883233,0.2119484528396603,-0.7275454675531927,-1.8250239195786861,0.47245405420002684,0.89510816533983,-1.5092047720701385,-0.6053224809503865,-1.348070478757216,0.549849850623027,0.5224980295699682,0.12594950153390164,-1.146721927884583,0.0,1.0,0.0,0.0,0.0,0.0,1.0
IND_TAMILNADU_ARIYALUR,Tamil Nadu,ARIYALUR,2012,Kharif,2.076813,-0.5827415706228605,0.5517609924645694,-1.1462880455089428,0.4675331753528813,0.748069208505373,1.4212800486156667,1.4306765374462818,0.9271945525744727,0.6553654221104788,0.11669221514024278,0.1622352566602294,0.7471827243731227,-0.02737563839611868,1.3756178313907999,1.6157751070556219,-0.5264357272287499,-0.4390597964196418,0.08157384250662039,-0.12068856344227744,-1.1029799567936878,0.046141436753659774,0.0,0.0,1.0,0.0,1.0,0.0,0.0
IND_TAMILNADU_COIMBATORE,Tamil Nadu,COIMBATORE,2012,Kharif,3.659555,-0.8255358447837057,-0.5132307587234963,-1.2547600387087559,0.4675331753528813,-0.990341961973083,-0.4595225261941034,-1.1059024421254313,0.22120187084869522,-0.008283091525100188,-0.07067728794871292,0.3819348315406418,-0.41643311137287864,0.9557388283512049,-0.6142539635353941,-0.4483848261122674,-0.6827213698523319,-0.44789727802191703,-0.23810397074134856,-0.021304920145125084,0.07130460168478131,-0.8893109217674217,0.0,0.0,1.0,0.0,1.0,0.0,0.0
IND_TAMILNADU_CUDDALORE,Tamil Nadu,CUDDALORE,2012,Kharif,3.030476,0.909304845748547,0.6401433328649972,-1.0173719561818362,0.4675331753528813,0.7834316459619043,1.3123502530958955,1.386706319381484,0.891397606185306,0.3534721994470409,0.20037586761661702,0.2922365163837024,0.7471827243731227,-0.02911195099887971,1.2943700143393706,1.5799940164162416,0.43398883515778447,-0.3323586490264468,0.13470627825114842,-0.05257999533991784,-1.073346971585342,0.8742920510613319,0.0,0.0,1.0,0.0,1.0,0.0,0.0
IND_TAMILNADU_DHARMAPURI,Tamil Nadu,DHARMAPURI,2012,Kharif,4.471299,-0.6699560167325673,0.08151263418860487,-0.8134084470008486,0.4675331753528813,-0.016612785540478434,-0.27501325888335343,-0.2095239514741331,0.062236308876741676,-0.33592915829596515,-0.01158940852298319,0.41278778276774397,0.49557223428863756,0.18562948328594725,-0.41621240947253935,0.28104981016636615,-0.5825753256418021,0.18593676103843676,-0.17664136467797556,-0.0695631733622928,-0.003966790722059019,-0.12280170132863234,0.0,0.0,1.0,0.0,1.0,0.0,0.0
IND_TAMILNADU_DINDIGUL,Tamil Nadu,DINDIGUL,2012,Kharif,3.25095,-0.7098819053773552,-0.12437908046125698,-1.4464023570080367,0.4675331753528813,-0.250299745889677,-0.2113533046905676,-0.4541741244027089,-0.013653688827767154,1.025780961543522,-0.36813141091703033,-0.30817008746293373,0.6323484824176128,0.24095363553290772,-0.5283080074566465,0.08196391981218462,-0.6082754301750554,-0.04429547879134308,-0.3373634700827547,-0.376250513815869,0.3465121903718134,-0.22835319069420093,0.0,0.0,1.0,0.0,1.0,0.0,0.0
IND_TAMILNADU_ERODE,Tamil Nadu,ERODE,2012,Kharif,4.410874,-0.7552744966224979,-0.3222312979575126,-1.042661916644677,0.4675331753528813,0.4208493829442204,0.03803219411888362,0.1695047455196454,0.024752989795651065,-0.8765869503683553,-0.3186497442948284,-0.17244775069072843,0.6287596304898184,-0.10714612068582774,-0.14837850075254314,0.589487219825681,-0.6374945013039062,0.3041336763326031,-0.3290734451630372,-0.3766251485619925,-0.23332349167116037,-0.3896428725665826,0.0,0.0,1.0,0.0,1.0,0.0,0.0
IND_TAMILNADU_KANNIYAKUMARI,Tamil Nadu,KANNIYAKUMARI,2012,Kharif,4.66339,-0.6634939318668299,-0.31241896934442215,-2.2087839546155306,0.4675331753528813,-0.5498863843796172,0.61863432888128,-0.08456546728180646,0.8284643826115974,1.1760438690493795,-0.19122236438762077,-0.20667205089297805,0.5221243267139521,0.8533772541422442,0.5284733924790557,0.38273570225033526,-0.5784156219150135,-0.8810571083485558,-0.15692997370663944,-0.24406554824331134,-0.0960604162680138,-0.10784038708910167,0.0,0.0,1.0,0.0,1.0,0.0,0.0
IND_TAMILNADU_KARUR,Tamil Nadu,KARUR,2012,Kharif,4.040799,-0.6872725082065236,0.026074902983970957,-1.2962782482065152,0.4675331753528813,0.6209386768786356,0.4888818658838491,0.6586847074806331,0.49160508947787396,0.4627888444930147,-0.17225170588132466,0.1462979705958986,1.018265817908345,0.034712997470381673,0.6572024018280327,0.9875610372468873,-0.5937217825613952,0.13553494863344148,-0.27200676030406673,-0.2878883221575843,-0.3371561552368424,-0.16555575031844977,0.0,0.0,1.0,0.0,1.0,0.0,0.0
IND_TAMILNADU_KRISHNAGIRI,Tamil Nadu,KRISHNAGIRI,2012,Kharif,4.06613,-0.5791076353682894,0.0038104879740130993,-0.6794255116803115,0.4675331753528813,-0.354153170864686,-0.6586271211760973,-0.7228107886369624,-0.2220724351115367,0.6719262481146626,-0.09382245839479836,0.2860557099292649,0.49557223428863756,0.22008458515393628,-1.011176739061772,-0.13664115551090952,-0.5240964823764781,0.19755576075457532,-0.22925191023385488,-0.09005459350700519,0.5008080822665907,0.05196418683259173,0.0,0.0,1.0,0.0,1.0,0.0,0.0
IND_TAMILNADU_MADURAI,Tamil Nadu,MADURAI,2012,Kharif,3.606303,-0.5748259116552946,-0.013487650828255086,-1.6214322694168066,0.4675331753528813,1.006775707674098,0.7825885097216706,1.0957685383874598,0.3455859205054268,-0.5478773443128234,-0.3188109223620021,-0.2594898515036153,1.172913165611864,-0.34091088126778557,0.6503651101371588,1.3432412421446362,-0.5213403559349388,0.22704337367053584,-0.2950702921025037,-0.4353452683664439,-0.5616685449018963,0.058728870836983256,0.0,0.0,1.0,0.0,1.0,0.0,0.0
IND_TAMILNADU_NAMAKKAL,Tamil Nadu,NAMAKKAL,2012,Kharif,3.65266,-0.771990598793525,0.05618673883841943,-1.0910418993106639,0.4675331753528813,0.43583876736199945,0.1640141974679061,0.36542953648592724,0.3236316515454163,-0.32141944376936143,-0.05752515766737278,0.359050523345705,0.745004959715459,0.07265975262722264,0.2462851696244568,0.7489224696972259,-0.6482546023899486,0.22477238736238053,-0.21273207849311201,-0.1671359654964725,-0.3073723327964559,-0.4676095137555525,0.0,0.0,1.0,0.0,1.0,0.0,0.0
IND_TAMILNADU_PERAMBALUR,Tamil Nadu,PERAMBALUR,2012,Kharif,2.86231,-0.7442778925477957,0.3868219193408594,-1.1258900482043204,0.4675331753528813,0.3899323814029421,0.35494540895399235,0.47377504301106554,0.38600106746178003,0.05195881224241284,-0.0076727814906718235,0.35036674568244786,0.745004959715459,0.07617994804104473,0.3471452181049124,0.8370894281515333,-0.6304160189745198,0.050416973440209824,-0.14723485981747866,-0.13482142637192,-0.3967537336506579,-0.34489929182974044,0.0,0.0,1.0,0.0,1.0,0.0,0.0
IND_TAMILNADU_PUDUKKOTTAI,Tamil Nadu,PUDUKKOTTAI,2012,Kharif,2.876042,0.46101943280095403,0.3933337288818307,-1.4549727135244714,0.4675331753528813,0.9602885109924602,1.0883606244344102,1.311225616502319,0.6829186773971802,0.0970072976574673,-0.19829808153652861,-0.0376959537750054,1.018265817908345,-0.17276446600781017,1.146448607261725,1.5185710353597488,0.1454293219746983,-0.030880815482710863,-0.23214237897099552,-0.35414540942336187,-0.8292812251282793,0.7437854186350219,0.0,0.0,1.0,0.0,1.0,0.0,0.0
IND_TAMILNADU_RAMANATHAPURAM,Tamil Nadu,RAMANATHAPURAM,2012,Kharif,0.588464,0.9811461657595683,0.36740765376867396,-1.7949314082219572,0.4675331753528813,0.6501132462521115,1.8952876402856893,1.6802624501165464,1.0465284624311315,2.0241404814838546,-0.319632930504586,-0.5808917871342969,1.172913165611864,-0.11023818422499784,1.4431310888176483,1.8188774921838449,0.4802329251579089,-0.8592978906983352,-0.1697965741268303,-0.4676299978808242,-0.9746113998318254,0.8920691440992816,0.0,0.0,1.0,0.0,1.0,0.0,0.0
IND_TAMILNADU_SALEM,Tamil Nadu,SALEM,2012,Kharif,4.095676,-0.655325477403294,0.1037089536855479,-0.9883955533599948,0.4675331753528813,0.43583876736199945,0.1640141974679061,0.36542953648592724,0.3236316515454163,-0.32141944376936143,-0.05752515766737278,0.359050523345705,0.745004959715459,0.07265975262722264,0.2462851696244568,0.7489224696972259,-0.5731577503295754,0.22477238736238053,-0.21273207849311201,-0.1671359654964725,-0.3073723327964559,-0.08961860315204975,0.0,0.0,1.0,0.0,1.0,0.0,0.0
IND_TAMILNADU_SIVAGANGA,Tamil Nadu,SIVAGANGA,2012,Kharif,1.844858,0.25636567909460745,0.25050409477294255,-1.6045227822246366,0.4675331753528813,1.0362853601567827,1.4262911111161338,1.6055642425622718,0.7220412332227312,0.15375471520391495,-0.2705542090503174,-0.30224468623388995,1.172913165611864,-0.30505721527592056,1.2309751255917993,1.758091272493948,0.013694436027329004,-0.21555249278920932,-0.21817178007481453,-0.4268563754773117,-0.9244062258388905,0.6685963032823956,0.0,0.0,1.0,0.0,1.0,0.0,0.0
IND_TAMILNADU_THANJAVUR,Tamil Nadu,THANJAVUR,2012,Kharif,2.933614,1.4623107929017807,0.5755751674258607,-1.3722110581466194,0.4675331753528813,0.5362966834972019,1.7948474603613673,1.5517526409881206,1.0934037593303543,0.9542959281951832,0.04578998339071024,0.0055186103609715775,0.906949272201529,0.026549949726981853,1.4403321974821994,1.7143016831283149,0.7899566585658145,-0.8763038811919565,0.054857079387629674,-0.18460970462228113,-1.072393620843615,0.9957654722414815,0.0,0.0,1.0,0.0,1.0,0.0,0.0
IND_TAMILNADU_THENILGIRIS,Tamil Nadu,THE NILGIRIS,2012,Kharif,3.972318,-0.8550339192197243,-0.6512157492996632,-1.0589889488710345,0.4675331753528813,-1.1532593696613325,-1.0412679616240794,-1.6284287433169535,-0.32752593072396213,-0.12322130136148386,-0.20195682366136258,0.03478804919065738,-0.3437681301171367,0.7152571543580134,-1.5811509674417794,-0.873594474079958,-0.701709301124801,-0.15527453062548893,-0.2651820424524833,-0.09306940765640954,0.7274741813505994,-1.7853508316912954,0.0,0.0,1.0,0.0,1.0,0.0,0.0
IND_TAMILNADU_THENI,Tamil Nadu,THENI,2012,Kharif,4.615347,-0.6965311432464308,-0.28464257477421645,-1.6145979360239784,0.4675331753528813,-0.7820766401744417,-0.8051642109954681,-1.1730164642229621,-0.3044018204963327,-0.7829954933171845,-0.264155439783537,-0.04551135367193522,0.3222129473659389,0.4248933599467868,-1.2824492857081125,-0.5029993587103538,-0.5996815946588894,-0.033627124506523234,-0.3110883063541598,-0.21085268859359682,0.8360518331507167,-0.190213649370906,0.0,0.0,1.0,0.0,1.0,0.0,0.0
IND_TAMILNADU_THIRUVALLUR,Tamil Nadu,THIRUVALLUR,2012,Kharif,3.835416,0.37810251012273993,0.8951906154258501,-0.3953407852422446,0.4675331753528813,0.35501672142533564,1.6335934151401457,1.3092392822160064,1.097006713314776,0.6207244282668598,0.24984141643210206,0.42090966893514725,0.4880167037989304,0.17320890190014857,1.3153816914360668,1.516954641121419,0.09205602525509077,-0.9024642350982871,0.14574626301106258,-0.007013511859849377,-1.204685305061753,0.7148297996694849,0.0,0.0,1.0,0.0,1.0,0.0,0.0
IND_TAMILNADU_THIRUVARUR,Tamil Nadu,THIRUVARUR,2012,Kharif,1.213582,1.651038430362007,0.7291211567861182,-1.378547085218193,0.4675331753528813,0.5362966834972019,1.7948474603613673,1.5517526409881206,1.0934037593303543,0.9542959281951832,0.04578998339071024,0.0055186103609715775,0.906949272201529,0.026549949726981853,1.4403321974821994,1.7143016831283149,0.9114399022835594,-0.8763038811919565,0.054857079387629674,-0.18460970462228113,-1.072393620843615,1.0306614539814134,0.0,0.0,1.0,0.0,1.0,0.0,0.0
IND_TAMILNADU_TIRUCHIRAPPALLI,Tamil Nadu,TIRUCHIRAPPALLI,2012,Kharif,3.052347,-0.1448681721655386,0.24439146582549692,-1.274815953480065,0.4675331753528813,0.6982311807318153,0.7244261289517369,0.8957807909264758,0.6094906912344151,0.3887209300247548,-0.09725555122558974,0.2109154926195484,1.018265817908345,0.009020327970308476,0.8718373830938025,1.180499731331063,-0.24457821205454225,0.025981864946268543,-0.20400045418299798,-0.24481801464064842,-0.5235748780958025,0.4696323821291148,0.0,0.0,1.0,0.0,1.0,0.0,0.0
IND_TAMILNADU_TIRUNELVELI,Tamil Nadu,TIRUNELVELI,2012,Kharif,4.023414,-0.14227701833184442,-0.21908538071159234,-2.009170930358211,0.4675331753528813,-0.3016121393436632,0.3444367730307015,-0.11863410988916709,0.7990596879552571,0.531690996721428,-0.1613399507336922,0.015326171015943042,0.5221243267139521,0.8439964090664887,0.5593611575736727,0.35501209198081257,-0.24291038195860967,-0.4869617634311782,-0.20695114101882944,-0.21418019535182925,-0.06522901018650376,0.47124831212062296,0.0,0.0,1.0,0.0,1.0,0.0,0.0
IND_TAMILNADU_TIRUPPUR,Tamil Nadu,TIRUPPUR,2012,Kharif,2.465306,-0.8557291068336422,-0.3291995822477884,-1.278711303995774,0.4675331753528813,0.5716367820797847,0.443101188088356,0.5029380418507557,0.32146844824206516,1.0317823617927455,-0.3850389901635091,-0.34208790139471806,0.6323484824176128,-0.04661778765140122,0.3900482238609019,0.8608210344688213,-0.7021567084697852,0.12981347150048791,-0.34509145941469344,-0.4548815540809834,-0.5074038027170897,-1.858830026661262,0.0,0.0,1.0,0.0,1.0,0.0,0.0
IND_TAMILNADU_TIRUVANNAMALAI,Tamil Nadu,TIRUVANNAMALAI,2012,Kharif,3.546876,0.5904033275821841,0.5691892171779028,-0.6941694517979556,0.4675331753528813,0.7144492032166179,0.8220445455262892,0.9703586145846061,0.6306140488347972,-0.2650518616817249,0.22047477259312756,0.547233093413002,0.721022489279216,0.01615585921454651,0.8546042092999195,1.2411879877337761,0.22871315134444414,-0.03188427454910348,0.059534018385920186,0.0039054824376015666,-0.7988580576386125,0.7855215279598513,0.0,0.0,1.0,0.0,1.0,0.0,0.0
IND_TAMILNADU_VELLORE,Tamil Nadu,VELLORE,2012,Kharif,4.279385,-0.29543948945276804,0.4730824974806388,-0.5657191069252958,0.4675331753528813,0.17125714434545936,-0.20471243060016112,-0.09991441403953558,-0.16948176429651926,0.5752201403012385,-0.25089048485517496,-0.014147591994052775,0.721022489279216,-0.11371556645135424,-0.6371448962430394,0.37024538313598193,-0.3415003719747372,0.2831138495734148,-0.30689311214539267,-0.29635820157897486,0.0818581743943923,0.3639957935814114,0.0,0.0,1.0,0.0,1.0,0.0,0.0
IND_ANDHRAPRADESH_ANANTAPUR,Andhra Pradesh,ANANTAPUR,2013,Kharif,2.112008,-0.4154067520091094,-0.2678187564418995,-0.006791370403704205,0.4675331753528813,-0.27319709168434914,-0.1360657394530389,-0.33264658125033714,0.2249575958057116,1.9771928187747483,-0.32869113787972487,0.09894584180860572,-0.07556734268198553,0.40120815323675574,-0.3059960670993916,0.1808578582117676,-0.45431020059424815,-0.1168262042920848,-0.44822498977184977,-0.3488154711710302,-0.3723615919004844,0.2572388950856891,1.0,0.0,0.0,0.0,1.0,0.0,0.0
IND_ANDHRAPRADESH_ANANTAPUR,Andhra Pradesh,ANANTAPUR,2013,Rabi,2.325002,-0.6655320955530895,-0.2678187564418995,-0.006791370403704205,0.3788234372325174,1.1290569757858475,-0.790472925092562,0.2921534884118647,-1.518296961867007,0.11987968789326398,-0.9163302529868429,-1.5617500147217656,1.5323315248884513,-1.5931499380066787,-0.17598535549879668,0.6078308453485439,-0.4921591002945132,1.4618433771798771,-0.5274720076484657,-0.8980606217572781,0.4685953736336893,-0.11250534333359102,1.0,0.0,0.0,0.0,0.0,1.0,0.0
IND_ANDHRAPRADESH_CHITTOOR,Andhra Pradesh,CHITTOOR,2013,Kharif,3.207024,-0.61934951838304,0.42459567446986046,-0.36461738338663735,0.4675331753528813,-0.9782789700422461,-0.5668954867622773,-1.0431824322370011,-0.007662794076181813,1.2011889764227093,0.003738625665197383,0.5910095490448343,-0.12424584473083734,0.6772105017637542,-0.9952830346926893,-0.397345953495939,-0.5692481755563473,-0.36068436197079073,-0.22758587617008566,0.0457407764268572,0.276555760088626,-0.01718599680627086,1.0,0.0,0.0,0.0,1.0,0.0,0.0
IND_ANDHRAPRADESH_CHITTOOR,Andhra Pradesh,CHITTOOR,2013,Rabi,3.469989,-0.31207659303130453,0.42459567446986046,-0.36461738338663735,0.3788234372325174,0.20229744166061037,-1.4492076388261443,-0.9874877538344272,-1.0416875373705308,-0.10746757324381324,-0.8302450473095858,-0.9983260875115901,1.243280119090326,-0.48502164718932406,-0.8520087371318513,-0.4221061743285274,-0.10515265809970395,1.2082244232805748,-0.641665595465099,-0.7933529270739311,1.5778176863162843,0.35062939017474754,1.0,0.0,0.0,0.0,0.0,1.0,0.0
IND_ANDHRAPRADESH_EASTGODAVARI,Andhra Pradesh,EAST GODAVARI,2013,Kharif,1.846002,2.8558459644373144,1.9295220096615435,0.9989009108529308,0.4675331753528813,-0.39708848658891316,1.0517263519795674,0.4585464801494728,1.5282453601176038,-0.13833875262218182,0.9849423451960686,1.2559825938700442,-1.2966408882086138,1.1251981813601137,1.1907110745234712,0.824697072324347,1.3893013206130502,-1.0740733399966456,0.7330734522384655,0.7053155111338093,-1.9674923366973385,1.2056902155948837,1.0,0.0,0.0,0.0,1.0,0.0,0.0
IND_ANDHRAPRADESH_EASTGODAVARI,Andhra Pradesh,EAST GODAVARI,2013,Rabi,4.587,1.8188156410937057,1.9295220096615435,0.9989009108529308,0.3788234372325174,0.39070745393543144,-0.43110047747177915,-0.13801458695875016,0.025882211031190483,-0.9504957956223714,-0.5122890741968258,-0.0732994421943614,0.33750440302478163,0.09242669852296755,1.43387806893434,0.26160409766283044,2.2280092159657365,0.6198939508131942,-0.6091879675713889,-0.5239423339648883,-0.11419440275151552,1.0595477359057048,1.0,0.0,0.0,0.0,0.0,1.0,0.0
IND_ANDHRAPRADESH_GUNTUR,Andhra Pradesh,GUNTUR,2013,Kharif,3.259002,3.565269124722088,0.9900908704822137,0.6550402800936405,0.4675331753528813,0.0037826063722236486,1.046666638386867,0.7406661407513163,1.1793297858494647,0.4842115643699836,0.4807934688847181,0.999657909668715,-0.7037968247257581,0.6208160198301526,1.160463056019869,1.0542740358106462,1.7891176456098739,-0.7544980341677754,0.20594428900193856,0.24156757142287313,-1.6988046472853955,1.2837205899797226,1.0,0.0,0.0,0.0,1.0,0.0,0.0
IND_ANDHRAPRADESH_GUNTUR,Andhra Pradesh,GUNTUR,2013,Rabi,3.810007,-0.09952298007589029,0.9900908704822137,0.6550402800936405,0.3788234372325174,0.7464324231668444,-0.293273814696878,0.15863311529689897,-0.004689333942665686,-0.342341872080695,-0.6755785740500916,-0.5821177322161689,0.31333251817515745,-0.12540419739460582,1.3744518843924909,0.5003651193214611,0.1275770703104411,0.8004833189276138,-0.612600326497181,-0.6839455359500858,-0.39339252700413,0.4971000130783202,1.0,0.0,0.0,0.0,0.0,1.0,0.0
IND_ANDHRAPRADESH_KRISHNA,Andhra Pradesh,KRISHNA,2013,Kharif,2.924999,3.317387341204843,1.3401384380599264,0.8092353539734269,0.4675331753528813,-0.16002835627385936,0.9963127579210519,0.5911192457725988,1.3957466326477315,-0.18034855436674518,0.7808586765412412,1.2984820233749286,-0.7037968247257581,0.9190479266933498,1.2780364841890102,0.9325791423219109,1.6494166005064268,-0.8471507546314645,0.46221244432887604,0.5112934090981512,-1.5989631733224676,1.2579769947767647,1.0,0.0,0.0,0.0,1.0,0.0,0.0
IND_ANDHRAPRADESH_KRISHNA,Andhra Pradesh,KRISHNA,2013,Rabi,4.065002,0.7037979072433012,1.3401384380599264,0.8092353539734269,0.3788234372325174,0.7429316377553623,-0.5176479482613718,0.03448472826202749,0.036998582027683094,-0.8337499047681981,-0.6141858482637831,-0.2058036731266557,0.31333251817515745,-0.004457573570020237,1.5025011629885714,0.400442566406581,1.0071512072269861,0.9601053821298724,-0.6840189915440389,-0.6244963900674162,-0.28711990485687666,0.8191443372279777,1.0,0.0,0.0,0.0,0.0,1.0,0.0
IND_ANDHRAPRADESH_KURNOOL,Andhra Pradesh,KURNOOL,2013,Kharif,3.676001,0.6033906961876513,-0.0734708749325743,0.40315814233704866,0.4675331753528813,-0.2836070069431746,0.08096678301848573,-0.12546589599504676,0.5116663451191242,1.0186400549178638,-0.05663867829791937,0.6289116844926995,-0.038465168088587805,0.5569768002984006,0.08001103221877456,0.349452675433836,0.11986331814939516,-0.28209767298163313,-0.3176721518109808,-0.11918307835745114,-0.5227616674849246,0.7895033133124171,1.0,0.0,0.0,0.0,1.0,0.0,0.0
IND_ANDHRAPRADESH_KURNOOL,Andhra Pradesh,KURNOOL,2013,Rabi,3.654003,-0.3493007298129113,-0.0734708749325743,0.40315814233704866,0.3788234372325174,1.382536425289605,-0.8565825020980805,0.39585390581747393,-1.1993818587435252,-0.14955753915702696,-0.9008249229247719,-1.5722727100078306,1.3027933260236693,-1.35725424234818,0.2385223881743861,0.6912955660186226,-0.14591016115066113,1.7094462452894459,-0.5040270945583218,-0.8859431125553171,0.19246173566526767,0.3191898474084863,1.0,0.0,0.0,0.0,0.0,1.0,0.0
IND_ANDHRAPRADESH_PRAKASAM,Andhra Pradesh,PRAKASAM,2013,Kharif,3.677,0.057320825455098874,0.7958439581818378,0.4707338942814897,0.4675331753528813,0.00769190931277991,1.5413995953500716,1.107626352157152,1.277586071197641,1.5695534043781667,0.34940110852504686,0.6770811100012403,-0.6180231634321635,0.4432602173694491,1.3048858489281918,1.35289062593103,-0.18789051686346944,-1.109458475495793,0.16907073990382634,0.09184451480010078,-1.868927064339065,0.5808714271346872,1.0,0.0,0.0,0.0,1.0,0.0,0.0
IND_ANDHRAPRADESH_PRAKASAM,Andhra Pradesh,PRAKASAM,2013,Rabi,3.959004,0.4129724888481246,0.7958439581818378,0.4707338942814897,0.3788234372325174,-0.007885197302405758,0.5178965978016664,0.26957552194620993,0.2840512222601588,0.5877849293956457,-0.6470661739671355,-0.5008988705421736,0.5092912496585414,0.05610471565728645,1.5183683585209753,0.5896586555782337,0.6887198880987753,-0.38101897315155026,-0.6090073132753179,-0.6630049485562315,-0.32910633504208153,0.7272363474674297,1.0,0.0,0.0,0.0,0.0,1.0,0.0
IND_ANDHRAPRADESH_SRIKAKULAM,Andhra Pradesh,SRIKAKULAM,2013,Kharif,1.737999,2.295872341426403,2.8367514851732647,1.597894743958143,0.4675331753528813,-0.8869129756030635,2.0643745113571494,0.8817259710522498,1.7939007543240597,2.096537119933348,1.2950972998576418,0.9304941746331241,-0.8289787059313383,1.0188074105085818,1.1924903697295752,1.1690625175538045,1.0737114785468411,-2.1929478035707013,1.2472356515569858,0.8816872080398995,-1.8830304922678789,1.1327422452895795,1.0,0.0,0.0,0.0,1.0,0.0,0.0
IND_ANDHRAPRADESH_SRIKAKULAM,Andhra Pradesh,SRIKAKULAM,2013,Rabi,2.381898,-0.805486002009572,2.8367514851732647,1.597894743958143,0.3788234372325174,-1.247479432940305,0.5536075746662538,-0.35786068899967577,-0.09860412384855731,0.8045328925472767,-0.5033275736619908,-0.2700636278347582,0.053951026178318144,0.0026558020468100633,1.4739806370060626,0.08465791020939935,-0.6453977865153732,-1.3837474022954435,-0.5207075078955734,-0.5030756806725647,-0.15375005829994112,-0.6827043246217301,1.0,0.0,0.0,0.0,0.0,1.0,0.0
IND_ANDHRAPRADESH_VIZIANAGARAM,Andhra Pradesh,VIZIANAGARAM,2013,Kharif,2.475003,0.8668510021440574,2.5004643770907284,1.5280363685641372,0.4675331753528813,-1.4935474364808963,-0.23071643940110925,-1.0956698109536132,0.5726793399758348,-0.4700110752564495,1.191717687572689,1.269161503500164,-1.0584477535023247,1.3218581794720503,-0.8073374815183709,-0.440057946702697,0.26834423882250646,-1.0100456097427137,0.9854073584509623,1.257370565560752,-0.5367425225664926,0.8634442638616471,1.0,0.0,0.0,0.0,1.0,0.0,0.0
IND_ANDHRAPRADESH_VIZIANAGARAM,Andhra Pradesh,VIZIANAGARAM,2013,Rabi,2.727987,-0.7409915511001837,2.5004643770907284,1.5280363685641372,0.3788234372325174,-0.47653872819458315,-1.9007104716636998,-1.648669200373877,-1.515643216395308,-1.479769436330335,-0.6065782434932034,-0.21515150437592426,0.061943512669291566,-0.5576030883209476,-0.5689662670164982,-0.9542672410656506,-0.5747813864209628,1.0000108979304414,-0.6708713733299607,-0.5269447646900373,1.2597711847227895,-0.3323536290267595,1.0,0.0,0.0,0.0,0.0,1.0,0.0
IND_ANDHRAPRADESH_WESTGODAVARI,Andhra Pradesh,WEST GODAVARI,2013,Kharif,2.169,2.9385890902120493,1.5405613785784846,0.9211625636915421,0.4675331753528813,-0.4846345335833332,0.7883293386057016,0.2407419160599035,1.3956095736576297,-0.46826383214591555,0.9482259814939926,1.3065017474521707,-0.9143224265723126,1.164491173411699,1.0161002393544105,0.6474569950093907,1.4359335888799025,-0.9524435384227118,0.6674959427645797,0.7144930602319404,-1.519356862932685,1.2155256980587685,1.0,0.0,0.0,0.0,1.0,0.0,0.0
IND_ANDHRAPRADESH_WESTGODAVARI,Andhra Pradesh,WEST GODAVARI,2013,Rabi,4.555001,1.9878726290237534,1.5405613785784846,0.9211625636915421,0.3788234372325174,0.6318325187935133,-0.8061149232233353,-0.202888204889715,-0.12282838054854463,-1.1105605565040126,-0.5516004047803926,-0.22449933562519517,0.31649744260630824,-0.011542091679281507,1.2472111253140035,0.2093896656004479,2.413113450027496,1.0813170514438213,-0.598730091098817,-0.556473419058428,-0.07277692721699429,1.0868791563697984,1.0,0.0,0.0,0.0,0.0,1.0,0.0
IND_KARNATAKA_BANGALORERURAL,Karnataka,BANGALORE RURAL,2013,Kharif,3.207299,-0.8487772306944626,-0.19750098158330961,-0.4216397977124417,0.4675331753528813,-1.8586763311284238,-1.2830882155906116,-2.088475802412305,-0.29000220940218363,1.284221007718917,0.053639355262049375,0.802280751487381,-0.1541823417805967,1.1110222592882415,-1.8275933495266607,-1.2479611760056641,-0.6945983187370893,-0.5361840713195499,-0.2484614837161047,0.2660520984330476,1.5229165963674487,-1.4008744998653486,0.0,1.0,0.0,0.0,1.0,0.0,0.0
IND_KARNATAKA_BANGALORERURAL,Karnataka,BANGALORE RURAL,2013,Summer,3.379562,-0.8574354764314408,-0.19750098158330961,-0.4216397977124417,-2.2381138373182194,0.6089985487544859,-0.36310822415241994,0.28197340048753056,-0.9594016137691772,0.8549689557159563,-0.6242111240419621,-1.3593669141227886,-1.549277623580462,-1.040506906577517,-1.821695685641264,-1.8008414779795539,-0.6967682291733198,0.7427157065267709,-0.24320243643047318,-0.46787022770770376,0.9311134537775252,-2.116969518195775,0.0,1.0,0.0,0.0,0.0,0.0,1.0
IND_KARNATAKA_BIDAR,Karnataka,BIDAR,2013,Kharif,1.551232,-0.8031634433903461,-0.3830668900350699,1.3260573039400396,0.4675331753528813,-1.1888898736052214,-0.49841907443798894,-1.099973535240594,0.33778828805321315,0.5347296803919223,0.49436466214070895,1.4720554145499207,-0.7670973177342639,1.0578149813103916,-0.7390045487718729,-0.4435601342190727,-0.6522407193566161,-0.5762168067051516,0.037213176471332036,0.5511700693993882,-0.26134457534901534,-0.6639438712558996,0.0,1.0,0.0,0.0,1.0,0.0,0.0
IND_KARNATAKA_CHITRADURGA,Karnataka,CHITRADURGA,2013,Kharif,2.250836,-0.8407035745419156,-0.6853982879596192,-0.018470836404734677,0.4675331753528813,-0.5879294867096695,-0.41838802770729017,-0.7845075354082276,0.056849203166516246,2.419397259923178,-0.43369864864312724,0.007255365893623232,-0.24807677022608998,0.5308940550903067,-0.7520193934816286,-0.18684734018628132,-0.687100980515827,-0.16053828958779176,-0.5429681317114723,-0.41439960364429657,-0.09953887294524441,-1.1522829956620044,0.0,1.0,0.0,0.0,1.0,0.0,0.0
IND_KARNATAKA_CHITRADURGA,Karnataka,CHITRADURGA,2013,Rabi,2.753463,-0.8538963394878585,-0.6853982879596192,-0.018470836404734677,0.3788234372325174,0.8734544693228723,-1.1119454998839164,-0.050563002562112914,-1.7219759691365661,-0.08603855775150117,-0.8819670890654964,-1.5332467915682506,1.6031454562948,-1.6650387989565354,-0.6341329401331214,0.3319907194955176,-0.5705891826358487,1.4930629466331307,-0.49587757853554915,-0.8627797312437777,0.8570246462903434,-1.686322884941956,0.0,1.0,0.0,0.0,0.0,1.0,0.0
IND_KARNATAKA_CHITRADURGA,Karnataka,CHITRADURGA,2013,Summer,2.135621,-0.8499306101448265,-0.6853982879596192,-0.018470836404734677,-2.2381138373182194,1.3422609165952675,0.49429429989527,1.3177112989068047,-0.7569443022698172,1.4885345010136608,-0.6269350333771909,-1.290254260132275,-1.494224173999442,-1.3494611383903845,-0.752199322210331,-1.2389485535858908,-0.6694460072429936,0.7000686962050379,-0.2737530851660886,-0.525842725006248,0.08015629400737954,-1.4511168141329165,0.0,1.0,0.0,0.0,0.0,0.0,1.0
IND_KARNATAKA_DAKSHINAKANNADA,Karnataka,DAKSHINA KANNADA,2013,Kharif,2.749289,-0.3596021462736955,-1.3294282739422296,-0.5491692637226949,0.4675331753528813,-1.662027223781693,1.1255057333577496,-0.25599213538379967,1.3494637616596719,-0.3693546786713814,6.030944094190426,1.9797499215800156,-1.7990881756413983,1.5088947244459276,0.9118015529475745,0.24323598131819194,-0.2403445479146486,-2.1243252870653855,6.732823424461958,5.464785340155817,-1.887761679563216,0.31008343364438523,0.0,1.0,0.0,0.0,1.0,0.0,0.0
IND_KARNATAKA_DAKSHINAKANNADA,Karnataka,DAKSHINA KANNADA,2013,Rabi,2.668556,-0.5166671478636586,-1.3294282739422296,-0.5491692637226949,0.3788234372325174,0.11658466336009593,0.8459850491609071,0.6371521188534142,0.20464764022222354,-1.2157086647799078,-0.7185647645652093,0.022732922552252847,1.3114753210670986,-0.2537431527425714,0.974194297216594,0.8855077828360295,7.355616619030388,-0.5203678951866106,-0.9038150517641377,-0.7362362495823634,-0.009189948831373954,0.14171045025783205,0.0,1.0,0.0,0.0,0.0,1.0,0.0
IND_KARNATAKA_DAKSHINAKANNADA,Karnataka,DAKSHINA KANNADA,2013,Summer,2.728283,-0.8283165952393775,-1.3294282739422296,-0.5491692637226949,-2.2381138373182194,0.11183573964907478,1.8060493743490462,1.2127967334216292,1.0891007804118369,-0.40635065235962986,1.4097432590380055,-1.0873603490825186,-2.588767889188159,0.2326288490813002,0.9070734257988189,-1.2958652234325079,-0.5907585062153893,-1.218914734185319,2.1829446144081315,1.867364662124183,-1.0134761794448992,-0.9273195666857779,0.0,1.0,0.0,0.0,0.0,0.0,1.0
IND_KARNATAKA_DHARWAD,Karnataka,DHARWAD,2013,Kharif,1.121947,-0.5064131305583688,-1.3656452247564865,0.3684610951399253,0.4675331753528813,-1.5687177473092144,-0.6643436245140037,-1.5319410505615036,0.17044655598813152,1.2183575391609915,0.37028978603070495,1.234170987621746,-0.7190231378614739,1.2111860898739712,-1.0049791939618713,-0.7950768994120421,-0.3766750028570023,-0.7554662841441147,-0.023827902901210514,0.5096326995052195,0.24255378480979084,0.1548663293892209,0.0,1.0,0.0,0.0,1.0,0.0,0.0
IND_KARNATAKA_DHARWAD,Karnataka,DHARWAD,2013,Summer,3.382022,-0.8581938629193513,-1.3656452247564865,0.3684610951399253,-2.2381138373182194,1.3156218094146594,-0.035187699698571696,0.7621697141991541,-0.5157035752812082,0.7414741206230604,-0.5285358233678938,-1.2671656277570262,-1.5642183118070958,-0.8912958127293302,-1.0014006114687328,-1.5403326065688654,-0.6995290635672333,1.0622646055381135,-0.16028211453374022,-0.3773099345575549,0.46824302683462193,-2.3078437758739394,0.0,1.0,0.0,0.0,0.0,0.0,1.0
IND_KARNATAKA_GADAG,Karnataka,GADAG,2013,Kharif,2.867841,-0.8380808212712251,-1.1187200932133095,0.43114451806247717,0.4675331753528813,-0.8049293082212069,-0.5333505586645109,-1.027893677427348,0.050804579046251026,2.0823312737737956,-0.2872361390027531,0.2237879159792011,-0.7190231378614739,0.6895882699620847,-0.9346670451996,-0.3849046160251647,-0.6846654504440304,-0.2483497601697636,-0.44565568422772434,-0.24878785998283257,-0.28827433965837196,-1.0942899329176343,0.0,1.0,0.0,0.0,1.0,0.0,0.0
IND_KARNATAKA_GADAG,Karnataka,GADAG,2013,Summer,2.661981,-0.8348734784161036,-1.1187200932133095,0.43114451806247717,-2.2381138373182194,1.5346991462031672,0.2277471282990371,1.2250307468667634,-0.7294909797243421,1.2640517448560238,-0.6483394806978042,-1.273499677346696,-1.5642183118070958,-1.3055348080508762,-0.9343771600255925,-1.2892282107266406,-0.614629343447103,1.0446248514236043,-0.30699347564320983,-0.5464937272800566,0.07925055583558542,-1.0322928001213008,0.0,1.0,0.0,0.0,0.0,0.0,1.0
IND_KARNATAKA_HASSAN,Karnataka,HASSAN,2013,Kharif,3.060903,-0.06550618614940498,-0.9061681677665311,-0.5042975478074482,0.4675331753528813,-2.593803994943695,-1.371341296909448,-2.5679046687860336,-0.22517793650752446,0.40004002669733935,2.073539010884506,1.7324155013124112,-0.6279809497361444,1.5855588721339846,-1.941188353583335,-1.6380999671659777,0.03275632771290315,-1.051645149635491,1.9015655119272796,2.889572331089881,1.7047775271500871,0.5166503052541753,0.0,1.0,0.0,0.0,1.0,0.0,0.0
IND_KARNATAKA_HASSAN,Karnataka,HASSAN,2013,Rabi,2.222958,-0.85244276538603,-0.9061681677665311,-0.5042975478074482,0.3788234372325174,-0.2621099753131197,-2.0060480156795655,-1.4466846432323204,-1.5194852611487704,-1.3452044358194726,-0.7916751358350161,-0.26577282004820785,1.5633263373908073,-0.7833072742214462,-1.859444269019231,-0.7916971660046267,-0.536424483472574,1.245228690608578,-0.8814942098495483,-0.7387309147264708,2.4866671793158424,-1.5852007633457468,0.0,1.0,0.0,0.0,0.0,1.0,0.0
IND_KARNATAKA_HASSAN,Karnataka,HASSAN,2013,Summer,3.449355,-0.8424415435767104,-0.9061681677665311,-0.5042975478074482,-2.2381138373182194,-0.004806690660016331,-0.5201904382142716,-0.30525924487870726,-0.6411373817679562,-0.29023495260093113,0.011716939990275402,-1.0197801264443445,-1.986517245366206,-0.39738861106590073,-1.9362203214628981,-2.1194180878611175,-0.6421814956966098,0.37267697238530867,0.4153226181485894,0.44698913267839707,0.9906281257356051,-1.1953287993776174,0.0,1.0,0.0,0.0,0.0,0.0,1.0
IND_KARNATAKA_HAVERI,Karnataka,HAVERI,2013,Kharif,2.4605,-0.211005793798733,-1.2397488314249616,0.15122880816676934,0.4675331753528813,-1.5890908003479756,-0.6095381691084562,-1.5083759028922934,0.2481352951164691,1.4935863126158535,1.291922091934325,1.3907343907857688,-0.90882038885,1.2992956296777798,-0.8741310240303837,-0.7759005859482249,-0.10235628625883654,-0.8111846691465044,1.0624263066760298,1.4916469207940222,0.029603470505571158,0.42627351819471415,0.0,1.0,0.0,0.0,1.0,0.0,0.0
IND_KARNATAKA_HAVERI,Karnataka,HAVERI,2013,Summer,2.887035,-0.74407249620732,-1.2397488314249616,0.15122880816676934,-2.2381138373182194,1.09094858470267,0.1473998494687968,0.7568427267950084,-0.29479001520891773,0.9980909565961608,-0.19331767926087373,-1.157443542929514,-1.6272862961176906,-0.65990480554129,-0.8744309052449033,-1.543222523540424,-0.2840607712286688,0.7530671790011513,0.2140737323251471,0.034735727857837594,0.40185301852377875,-0.3441047766502808,0.0,1.0,0.0,0.0,0.0,0.0,1.0
IND_KARNATAKA_KODAGU,Karnataka,KODAGU,2013,Kharif,2.877557,-0.35532042256070084,-1.0603223205016303,-0.7035875144423978,0.4675331753528813,-2.501164684689592,-0.5401130604855305,-1.9574078354909186,0.41947811157939086,-2.4993959645949158,5.890493526455619,2.2551278355954305,-1.7990881756413983,1.8900748035129367,-0.8361860543543189,-1.141303647097749,-0.23636860619988678,-1.5802040094496286,6.449697997119087,6.8980569450294285,-0.3794457736495345,0.3138910395102546,0.0,1.0,0.0,0.0,1.0,0.0,0.0
IND_KARNATAKA_KODAGU,Karnataka,KODAGU,2013,Summer,3.327273,-0.8578620688308904,-1.0603223205016303,-0.7035875144423978,-2.2381138373182194,-0.08234492212662001,0.08511428863172164,-0.16413922262971925,0.2003053549955053,-2.6075351197185705,1.268116091412832,-0.9392763994014401,-2.588767889188159,0.3410675173999283,-0.8373655871313421,-2.0428597789366276,-0.6983212459790935,-0.12649109951050744,1.9483750473093149,2.129739975831577,0.09399713538059926,-2.2141934982176243,0.0,1.0,0.0,0.0,0.0,0.0,1.0
IND_KARNATAKA_KOLAR,Karnataka,KOLAR,2013,Kharif,1.709963,-0.8293119775047599,0.07396201585600445,-0.4458303378409435,0.4675331753528813,-1.5587322706553524,-1.098432995003154,-1.774454409333612,-0.2530035769237561,1.5480547174094386,0.035474587091618444,0.6629316605146379,-0.12424584473083734,0.9212884835040391,-1.6546218649968993,-0.9924239414189359,-0.6765225152697714,-0.4334439465568498,-0.21632509171497516,0.1895180211249306,1.1312429059495883,-0.9417514573566138,0.0,1.0,0.0,0.0,1.0,0.0,0.0
IND_KARNATAKA_KOLAR,Karnataka,KOLAR,2013,Summer,3.383333,-0.8586520547557972,0.07396201585600445,-0.4458303378409435,-2.2381138373182194,0.7839119317517443,-0.30297547414686354,0.3724870423970763,-0.8015557409778777,1.0908467756379472,-0.7019150702262079,-1.4397173980304592,-1.5877097078382407,-0.9990351989860266,-1.6408973014127732,-1.7517373802848633,-0.7011971974020288,0.8370408587677887,-0.3083985646126536,-0.5725517199460832,0.7983732681195891,-2.4815222710909652,0.0,1.0,0.0,0.0,0.0,0.0,1.0
IND_KARNATAKA_KOPPAL,Karnataka,KOPPAL,2013,Kharif,3.374409,-0.23171922474978837,-0.8810958694992852,0.4841698717717585,0.4675331753528813,-0.44565319854754465,-0.3487196636231745,-0.6587364599169726,0.08379076399664698,2.1111228015517103,-0.39042233760709705,-0.01920461545677421,-0.3353627402488194,0.46294476956187797,-0.6996801255090377,-0.08450019591390831,-0.12159100535737472,-0.09883435927710243,-0.4786752750096475,-0.38193380670704347,-0.2976920598293494,0.4117802878377607,0.0,1.0,0.0,0.0,1.0,0.0,0.0
IND_KARNATAKA_KOPPAL,Karnataka,KOPPAL,2013,Summer,3.568199,-0.2886456104985699,-0.8810958694992852,0.4841698717717585,-2.2381138373182194,1.7199665972743976,0.5425683461679479,1.6078063926278547,-0.8118679920560566,1.1605845658757483,-0.683589123988604,-1.2867296680218943,-1.4217355786524677,-1.5529736250072013,-0.7018792544154525,-1.0815705327449536,1.3739590150419894,0.9627901238774372,-0.3456936404015978,-0.6030913383832911,-0.06892078982205736,0.3693410576300782,0.0,1.0,0.0,0.0,0.0,0.0,1.0
IND_KARNATAKA_MANDYA,Karnataka,MANDYA,2013,Kharif,3.500755,-0.03319576182071828,-0.5729209373097439,-0.6394047821920191,0.4675331753528813,-1.6231575831156393,-0.9875814813399997,-1.7349082994519351,-0.05585200551101924,0.8906355052983623,0.21157774328516188,0.9798384641784592,-0.6279809497361444,1.1201367111975329,-1.328311119447333,-0.9602430015831106,0.06276010819393786,-0.5644393660837885,-0.12154180437622629,0.37744233330121074,0.5698007170839225,0.5344593790794843,0.0,1.0,0.0,0.0,1.0,0.0,0.0
IND_KARNATAKA_MANDYA,Karnataka,MANDYA,2013,Rabi,3.616915,-0.837369833938809,-0.5729209373097439,-0.6394047821920191,0.3788234372325174,0.7909036907488433,-1.2458124744527594,-0.2675792516632933,-1.5217349167835459,-0.7418893222276762,-0.8857870092575033,-1.2840734536778393,1.5633263373908073,-1.4000018302335246,-1.243999212240525,0.15732217846882132,-0.18215167478870173,1.5248876844794261,-0.5985494368027453,-0.862682328069438,1.0470171924923068,-1.0797851148157724,0.0,1.0,0.0,0.0,0.0,1.0,0.0
IND_KARNATAKA_MANDYA,Karnataka,MANDYA,2013,Summer,3.440897,-0.6715359885823808,-0.5729209373097439,-0.6394047821920191,-2.2381138373182194,0.8060609252692056,0.07745174160432018,0.6691731544317507,-0.6519167837540577,0.08705560863660242,-0.5527447690573231,-1.2277310609568215,-1.986517245366206,-0.9378194764417372,-1.3299204819652104,-1.5907836994621634,-0.019985495910830445,0.5791782855221257,-0.20592743334109237,-0.40117625846709787,0.07060003621544826,-0.12653727582648877,0.0,1.0,0.0,0.0,0.0,0.0,1.0
IND_KARNATAKA_RAICHUR,Karnataka,RAICHUR,2013,Kharif,3.230947,0.8397702846382535,-0.5535249870824451,0.6262314428335712,0.4675331753528813,-0.1210693601120192,-0.07080029921642417,-0.17094091276158244,0.2800748095191204,1.4971567659286837,-0.26399426171636403,0.21387819323407203,-0.21926874211536207,0.3395476492449123,-0.23300497948748852,0.31244704370481274,0.8734064812241104,-0.044172246976167215,-0.41281674774187244,-0.30242881797066157,-0.6339421711319815,0.8563843628758446,0.0,1.0,0.0,0.0,1.0,0.0,0.0
IND_KARNATAKA_RAICHUR,Karnataka,RAICHUR,2013,Summer,3.184395,0.259004232083796,-0.5535249870824451,0.6262314428335712,-2.2381138373182194,2.490758273344495,1.1708607140961629,2.5852634373288113,-0.987364804174965,1.1911233367641998,-0.804778912696205,-1.5024960024313032,-1.439732954502616,-2.130516388384301,-0.24264116251373855,-0.5512952592858807,3.3677241468401373,1.1155271565095948,-0.41183318546326175,-0.7626301670611383,-0.7640228280764493,0.6696508456575053,0.0,1.0,0.0,0.0,0.0,0.0,1.0
IND_KARNATAKA_RAMANAGARA,Karnataka,RAMANAGARA,2013,Kharif,2.618117,-0.7755297357371074,-0.338848481629646,-0.5863816236647694,0.4675331753528813,-1.4465911234463866,-0.974713267443171,-1.6157884342223474,-0.10297266185106572,0.9039297463567695,0.004560633807780993,0.755899162556571,-0.3109994366004831,0.9744434342527585,-1.3543208167858773,-0.863308328926956,-0.626579797136671,-0.43460584652846757,-0.2913568426832598,0.12974903419620398,0.7449164543601623,-0.4860196928826462,0.0,1.0,0.0,0.0,1.0,0.0,0.0
IND_KARNATAKA_RAMANAGARA,Karnataka,RAMANAGARA,2013,Summer,1.853828,-0.8527903591929891,-0.338848481629646,-0.5863816236647694,-2.2381138373182194,0.9271264526196056,0.013889089596019862,0.7239779231490446,-0.7758756980274681,0.43312369515982846,-0.6615560822060147,-1.3966049959846398,-1.799892936350143,-1.1048337207442933,-1.352261632446252,-1.561051841805629,-0.679857264245048,0.7205867934310342,-0.2750778833372781,-0.5387313378497393,0.23547475107847418,-1.6073815199334038,0.0,1.0,0.0,0.0,0.0,0.0,1.0
IND_KARNATAKA_UDUPI,Karnataka,UDUPI,2013,Kharif,2.695139,-0.15393721058346826,-1.4848945567694636,-0.3353775587209606,0.4675331753528813,-2.0069394375080827,0.48703312437882385,-0.9203005702530737,0.8980356382156336,-0.7776777968938209,4.930420251531173,1.974948303342683,-0.9926828687344121,1.570521929291969,0.0946652275678657,-0.29734992811568095,-0.04936175190120837,-1.9340729689861318,5.364146332026575,4.914519791625895,-0.641888075602414,0.4639301281514192,0.0,1.0,0.0,0.0,1.0,0.0,0.0
IND_KARNATAKA_UDUPI,Karnataka,UDUPI,2013,Rabi,2.525059,-0.75178275883441,-1.4848945567694636,-0.3353775587209606,0.3788234372325174,-0.2813304165077929,-0.14420754005756936,-0.27138281744254444,-0.24725854850115614,-1.659343050025769,-0.7712699925308769,0.5226120296854146,1.5392697046974753,-0.136321954426527,0.16126834827000422,0.15426082574471453,1.8294795287919634,-0.11734354448538048,-1.1658842172649222,-0.7564808023260537,1.0305641442156501,-0.3749439355998159,0.0,1.0,0.0,0.0,0.0,1.0,0.0
IND_KARNATAKA_UDUPI,Karnataka,UDUPI,2013,Summer,2.645455,-0.8578620688308904,-1.4848945567694636,-0.3353775587209606,-2.2381138373182194,-0.07969776556401137,1.0643148220960226,0.5453884132267713,0.6519927261506013,-0.959239146205754,1.0304267957523723,-0.8566272684652602,-2.1629282089490967,0.273308512704686,0.09376558392433282,-1.6579375328181967,-0.6983212459790935,-0.8330583163393882,1.6198853189529765,1.5948349601482494,-0.026389551052326935,-2.2141934982176243,0.0,1.0,0.0,0.0,0.0,0.0,1.0
IND_KARNATAKA_UTTARAKANNADA,Karnataka,UTTARA KANNADA,2013,Kharif,2.43105,0.2011298632251264,-1.6482627368515945,0.13753599437876132,0.4675331753528813,-1.6264637364596553,1.2442630495094873,-0.14978344301514257,1.3182596241517108,0.2395215618035694,3.3496985933425094,2.339053992658562,-1.1582440945428483,1.3832665613599302,0.8823332256016463,0.329664091425205,0.28035756645668536,-2.1822442401958275,3.2524782652489956,2.962327476567517,-1.4307805307343258,0.6459285683640958,0.0,1.0,0.0,0.0,1.0,0.0,0.0
IND_KARNATAKA_UTTARAKANNADA,Karnataka,UTTARA KANNADA,2013,Rabi,2.694826,-0.8354738677190328,-1.6482627368515945,0.13753599437876132,0.3788234372325174,-0.3922036783463272,0.701149000431177,0.2350695731968102,0.11586304666647967,-0.7794477042195779,-0.8655591618272548,0.982596840612669,1.7167910977514595,-0.10205847376774635,0.9706772373151534,0.5618860636651332,-0.13758893126390676,-0.8165088282329116,-1.4640641692804055,-0.8529401682823305,0.6699573228528208,-1.043262209429597,0.0,1.0,0.0,0.0,0.0,1.0,0.0
IND_KARNATAKA_UTTARAKANNADA,Karnataka,UTTARA KANNADA,2013,Summer,2.301843,-0.8390288043811132,-1.6482627368515945,0.13753599437876132,-2.2381138373182194,-0.2410067743281432,1.7492370613887,0.9488851371108161,1.1229258729986817,-0.17525875921866962,0.3808791850439918,-0.6782011780078587,-1.8961595548300088,0.4053943315667101,0.8859018120543612,-1.4390385676335862,-0.6297570575115576,-1.4558631079419289,0.7408415869695322,0.7057606973772491,-0.059903882141673324,-1.1143930110982265,0.0,1.0,0.0,0.0,0.0,0.0,1.0
IND_TAMILNADU_ARIYALUR,Tamil Nadu,ARIYALUR,2013,Kharif,5.38765,-0.47350231692675293,0.5517609924645694,-1.1462880455089428,0.4675331753528813,0.7801478314918383,1.4686175613627586,1.4516835273225297,0.9260213444534646,0.9580942827833034,-0.09077619292522346,0.04107101773524818,0.3136983184973108,-0.0517791552514016,1.363442654081671,1.632869700667038,-0.4895955442920236,-0.4480381143821141,-0.12918950290991119,-0.280922512470483,-1.420839271627604,0.19464897030591954,0.0,0.0,1.0,0.0,1.0,0.0,0.0
IND_TAMILNADU_COIMBATORE,Tamil Nadu,COIMBATORE,2013,Kharif,4.698332,-0.8255042453467094,-0.5132307587234963,-1.2547600387087559,0.4675331753528813,-1.6496514876156074,-0.45417090604797483,-1.4401784257295256,0.33979577438725067,0.15633759632383615,0.37910622630508517,1.0259646478838766,-1.1320257322744647,1.3602901507534946,-0.6240300911284751,-0.7204043837656005,-0.6856573097006808,-0.971350819778968,0.06896818718075591,0.500250735758166,-0.2615776309857262,-0.8888970681962511,0.0,0.0,1.0,0.0,1.0,0.0,0.0
IND_TAMILNADU_CUDDALORE,Tamil Nadu,CUDDALORE,2013,Kharif,4.439424,1.1546270748690937,0.6401433328649972,-1.0173719561818362,0.4675331753528813,0.681633397389939,1.2987765983616308,1.2909710259769156,0.9953017880959076,0.44600011721353916,0.02514307298581062,0.38648104455258325,0.3136983184973108,0.10382775310203927,1.2820948766253708,1.5020887122931506,0.41725798737518505,-0.4027592245792303,-0.12055824209761556,-0.1795173162328685,-1.3165377268252356,0.9322869427159018,0.0,0.0,1.0,0.0,1.0,0.0,0.0
IND_TAMILNADU_DHARMAPURI,Tamil Nadu,DHARMAPURI,2013,Kharif,4.965904,-0.43792135086895223,0.08151263418860487,-0.8134084470008486,0.4675331753528813,-0.49365943865751505,-0.27165633351896734,-0.514516552342393,0.22964986714749022,-0.07072804095372139,0.026110141388850795,0.6275324962755946,-0.10495263376686322,0.5531331274681718,-0.4259885370655891,0.03285982211749456,-0.46977719096851106,-0.19243772517210692,-0.21407694936386462,0.00022564129756652535,-0.23142950170909327,0.23401202461824092,0.0,0.0,1.0,0.0,1.0,0.0,0.0
IND_TAMILNADU_DINDIGUL,Tamil Nadu,DINDIGUL,2013,Kharif,6.083609,-0.7927040297445804,-0.12437908046125698,-1.4464023570080367,0.4675331753528813,-0.6628317310506432,-0.21339665056455753,-0.7049939720083928,0.04353778714526006,1.464642850654414,-0.24221910484125164,-0.1524239810201588,0.12110394778511345,0.47406192724039203,-0.5376842934303212,-0.12214258900954102,-0.6673880245777248,-0.3679198299758364,-0.24175720206190243,-0.2353173723454358,0.15045317137007796,-0.5880406522406733,0.0,0.0,1.0,0.0,1.0,0.0,0.0
IND_TAMILNADU_ERODE,Tamil Nadu,ERODE,2013,Kharif,5.277639,-0.37156253317678395,-0.3222312979575126,-1.042661916644677,0.4675331753528813,0.01325428892532446,0.055497936232146175,-0.07643955429242368,0.1547239117971079,-0.7241209972013899,-0.25746654999584545,-0.009907865252580389,0.03992333546808014,0.17083514850623402,-0.15873439869367562,0.38934822413441234,-0.43281596809493744,-0.029718915511105132,-0.31674880763106067,-0.30415008897231827,-0.500052142541586,0.29927212749743665,0.0,0.0,1.0,0.0,1.0,0.0,0.0
IND_TAMILNADU_KANNIYAKUMARI,Tamil Nadu,KANNIYAKUMARI,2013,Kharif,4.89779,-0.6444236716395807,-0.31241896934442215,-2.2087839546155306,0.4675331753528813,-1.1227891455989687,0.42877344142442037,-0.5247792794882647,0.9029711647148736,1.3438551747523295,0.1609355945793121,0.45651315735450065,-0.12399730095030045,1.2586706717939375,0.524754865419133,0.024508451886127453,-0.5847971754235808,-1.195139796129799,0.02103458062316699,0.12881292010170517,-0.2383649793890588,-0.06640297247125229,0.0,0.0,1.0,0.0,1.0,0.0,0.0
IND_TAMILNADU_KARUR,Tamil Nadu,KARUR,2013,Kharif,5.562913,-0.6610765749366153,0.026074902983970957,-1.2962782482065152,0.4675331753528813,0.5161023414500022,0.5817324754191306,0.6213055077294578,0.5177265409363193,0.9204905723609533,-0.24121980082477712,-0.1279050793827259,0.7381499618974994,0.07421529843846708,0.6471863692633381,0.9571434365801521,-0.5940726009479917,-0.014279729524652741,-0.2501475904794365,-0.34233127060399987,-0.5204039414889693,-0.1023699764199751,0.0,0.0,1.0,0.0,1.0,0.0,0.0
IND_TAMILNADU_KRISHNAGIRI,Tamil Nadu,KRISHNAGIRI,2013,Kharif,4.827767,-0.3902851995970743,0.0038104879740130993,-0.6794255116803115,0.4675331753528813,-1.0808144014544234,-0.7143569473341655,-1.2035337818941982,0.01654880979654851,1.010815444466346,0.07133670703767725,0.7619267258757724,-0.10495263376686322,0.8108590019682662,-1.0220524311080188,-0.527833052008318,-0.44324423447331157,-0.3347704716947923,-0.21056422694025576,0.13726810286729305,0.46821350018809377,0.28180445462958914,0.0,0.0,1.0,0.0,1.0,0.0,0.0
IND_TAMILNADU_MADURAI,Tamil Nadu,MADURAI,2013,Kharif,4.649115,-0.30237556587344944,-0.013487650828255086,-1.6214322694168066,0.4675331753528813,0.776350222921014,0.8665846204697424,0.9948266414748665,0.30090412859006205,-0.12268953171914529,-0.306641978290418,-0.3531724881766397,0.823854471897311,-0.3295463585061361,0.6428280956124266,1.2610990258513777,-0.39427940360917035,-0.015336002226123838,-0.24310207293265582,-0.419772555019327,-0.7413533850332493,0.35847183344585687,0.0,0.0,1.0,0.0,1.0,0.0,0.0
IND_TAMILNADU_NAMAKKAL,Tamil Nadu,NAMAKKAL,2013,Kharif,5.553704,-0.7145586220528033,0.05618673883841943,-1.0910418993106639,0.4675331753528813,0.21765498553131507,0.23672325481685524,0.25329193723241517,0.4141677420693501,-0.07976812487343775,-0.11084286228829865,0.2650103193571364,0.19767848262094112,0.22100744719486026,0.23594926376434325,0.6576696676970215,-0.6238616380529886,0.00020881103046948212,-0.24217872875273638,-0.20287645633526014,-0.646596806519988,-0.24252290772434515,0.0,0.0,1.0,0.0,1.0,0.0,0.0
IND_TAMILNADU_PERAMBALUR,Tamil Nadu,PERAMBALUR,2013,Kharif,5.040139,-0.7462370576415646,0.3868219193408594,-1.1258900482043204,0.4675331753528813,0.22484810294193872,0.4123050467020156,0.3771970623335251,0.47572097660966417,0.302270379599238,-0.07070952356214828,0.2760949061390581,0.19767848262094112,0.21326777430527685,0.3359896369251129,0.7584983810182394,-0.6415062842044849,-0.12119213145814335,-0.19655348264494796,-0.17944305065220184,-0.7453356993219277,-0.35254965143242517,0.0,0.0,1.0,0.0,1.0,0.0,0.0
IND_TAMILNADU_PUDUKKOTTAI,Tamil Nadu,PUDUKKOTTAI,2013,Kharif,1.650264,0.28828111046084076,0.3933337288818307,-1.4549727135244714,0.4675331753528813,0.9627681260004615,1.2164102992035235,1.3661808650897735,0.6106222345447204,0.7018572822690141,-0.28475399676828433,-0.321757645453679,0.7381499618974994,-0.27345632590562013,1.1363326142922061,1.5632912759535118,-0.0652889066526954,-0.12159703599370933,-0.22818805715699042,-0.4242228468836856,-1.0658101703186744,0.6811877171938229,0.0,0.0,1.0,0.0,1.0,0.0,0.0
IND_TAMILNADU_RAMANATHAPURAM,Tamil Nadu,RAMANATHAPURAM,2013,Kharif,0.295075,0.9570673947684101,0.36740765376867396,-1.7949314082219572,0.4675331753528813,0.6439030392951254,1.8452013408271746,1.6214850128266565,0.9861463317284468,2.000058913395208,-0.41513093530476325,-0.6869871177612711,0.823854471897311,-0.1364826681412932,1.4350342960258315,1.7710469172223726,0.3072190165320617,-0.8279441960097808,-0.24703632204709816,-0.5363532067530776,-1.1758311598209816,0.8861893668267734,0.0,0.0,1.0,0.0,1.0,0.0,0.0
IND_TAMILNADU_SALEM,Tamil Nadu,SALEM,2013,Kharif,4.816955,-0.5412673095652553,0.1037089536855479,-0.9883955533599948,0.4675331753528813,0.21765498553131507,0.23672325481685524,0.25329193723241517,0.4141677420693501,-0.07976812487343775,-0.11084286228829865,0.2650103193571364,0.19767848262094112,0.22100744719486026,0.23594926376434325,0.6576696676970215,-0.5273399578234669,0.00020881103046948212,-0.24217872875273638,-0.20287645633526014,-0.646596806519988,0.10847207147484035,0.0,0.0,1.0,0.0,1.0,0.0,0.0
IND_TAMILNADU_SIVAGANGA,Tamil Nadu,SIVAGANGA,2013,Kharif,0.704142,0.17444413868177588,0.25050409477294255,-1.6045227822246366,0.4675331753528813,1.0322643628464918,1.487810417250457,1.616278409318645,0.6304466881641757,0.4735761715232595,-0.34413199671492645,-0.47525618591302354,0.823854471897311,-0.3961636782023053,1.2215388633751874,1.7668100050522026,-0.12869515362067221,-0.2632432052604535,-0.24181742016059327,-0.4827535236156776,-1.172435273842874,0.6345508057768415,0.0,0.0,1.0,0.0,1.0,0.0,0.0
IND_TAMILNADU_THANJAVUR,Tamil Nadu,THANJAVUR,2013,Kharif,4.970339,1.7835190699688714,0.5755751674258607,-1.3722110581466194,0.4675331753528813,0.6452433717318765,1.8475365932545766,1.6346670494538782,0.9977518753652244,1.304960023770024,-0.18430782530588682,-0.2119333985360118,0.6228837749040392,-0.11081854076619507,1.4285768538733918,1.7817738971676447,0.767545134700684,-0.8285779596306698,-0.1462512975388685,-0.3637505032243283,-1.3228025647650374,1.0536239750324239,0.0,0.0,1.0,0.0,1.0,0.0,0.0
IND_TAMILNADU_THENILGIRIS,Tamil Nadu,THE NILGIRIS,2013,Kharif,4.329268,-0.854417730198297,-0.6512157492996632,-1.0589889488710345,0.4675331753528813,-1.8630100726739462,-1.0682693178158997,-2.0032139079718294,-0.18140295043864438,0.0353979862382278,0.1862244333188028,0.6759062459644471,-1.1887899247319829,1.1842232958124217,-1.592346532783492,-1.1785786778664828,-0.7017619998175062,-0.6950650901652264,-0.03368359838687697,0.4024456072510601,0.3144681167130348,-1.7290068252151019,0.0,0.0,1.0,0.0,1.0,0.0,0.0
IND_TAMILNADU_THENI,Tamil Nadu,THENI,2013,Kharif,4.065365,-0.6621193563574922,-0.28464257477421645,-1.6145979360239784,0.4675331753528813,-1.2844555763462404,-0.8211460947954865,-1.4796643436631343,-0.2653025520733956,-0.43141979264119146,-0.011218698968484948,0.32896378779477214,-0.5212524420425783,0.6876711905678009,-1.2933049856734389,-0.7525363419578368,-0.5946535015232004,-0.4179695514803493,-0.14324039260434698,0.09197590254668336,0.37772598671134733,-0.1047215470110315,0.0,0.0,1.0,0.0,1.0,0.0,0.0
IND_TAMILNADU_THIRUVALLUR,Tamil Nadu,THIRUVALLUR,2013,Kharif,4.711845,0.6544395866551265,0.8951906154258501,-0.3953407852422446,0.4675331753528813,0.02194411089033377,1.4790775461938255,1.0319951694077991,1.3170311435208786,0.7443228865641468,0.3633268935288207,0.8306818125507421,-0.19126046375006983,0.5301900160075407,1.3018070684592369,1.291345190765559,0.13865807150508894,-1.0531239314175465,0.1260549447392914,0.11132358577556899,-1.5102222515809411,0.8048190933894342,0.0,0.0,1.0,0.0,1.0,0.0,0.0
IND_TAMILNADU_THIRUVARUR,Tamil Nadu,THIRUVARUR,2013,Kharif,4.705837,1.895333677780175,0.7291211567861182,-1.378547085218193,0.4675331753528813,0.6452433717318765,1.8475365932545766,1.6346670494538782,0.9977518753652244,1.304960023770024,-0.18430782530588682,-0.2119333985360118,0.6228837749040392,-0.11081854076619507,1.4285768538733918,1.7817738971676447,0.8298248142263346,-0.8285779596306698,-0.1462512975388685,-0.3637505032243283,-1.3228025647650374,1.072125993629212,0.0,0.0,1.0,0.0,1.0,0.0,0.0
IND_TAMILNADU_TIRUCHIRAPPALLI,Tamil Nadu,TIRUCHIRAPPALLI,2013,Kharif,4.716587,-0.100423564030284,0.24439146582549692,-1.274815953480065,0.4675331753528813,0.6757135957942416,0.8461754872760938,0.9305115449625884,0.613524742738371,0.8560704785465126,-0.19995821562841407,-0.06722079783008031,0.7381499618974994,-0.015801806717971368,0.8606618098330049,1.208762139680027,-0.2817939680951877,-0.07987426428575556,-0.2226078466783437,-0.3301181048906714,-0.7568750788308135,0.4965706141172863,0.0,0.0,1.0,0.0,1.0,0.0,0.0
IND_TAMILNADU_TIRUNELVELI,Tamil Nadu,TIRUNELVELI,2013,Kharif,5.828326,0.12442222991667952,-0.21908538071159234,-2.009170930358211,0.4675331753528813,-0.9038235031801914,0.22040081337117082,-0.5247491835142131,0.8457803901696357,0.6947923427351191,0.1883681016122077,0.6272260100051263,-0.12399730095030045,1.1959398381154591,0.5541632165220876,0.024532942707924194,-0.1565569676408589,-0.8717795131206687,-0.011884646660938011,0.15471990770876368,-0.23839302807288754,0.6124094057276454,0.0,0.0,1.0,0.0,1.0,0.0,0.0
IND_TAMILNADU_TIRUPPUR,Tamil Nadu,TIRUPPUR,2013,Kharif,5.77513,-0.7409283522261911,-0.3291995822477884,-1.278711303995774,0.4675331753528813,0.23664302838541934,0.45200433796782424,0.3005125204929497,0.4056843938099595,1.3617074413164816,-0.34413199671492645,-0.2851325361327643,0.12110394778511345,0.1611355830349048,0.38067193788719605,0.6960957670900184,-0.6385493863745989,-0.14062754916514902,-0.3165280079358624,-0.4075335852205372,-0.7449437939315162,-0.33211578722548807,0.0,0.0,1.0,0.0,1.0,0.0,0.0
IND_TAMILNADU_TIRUVANNAMALAI,Tamil Nadu,TIRUVANNAMALAI,2013,Kharif,4.349809,0.44585170304274413,0.5691892171779028,-0.6941694517979556,0.4675331753528813,0.22603206326106834,0.6897135746402852,0.564574596673941,0.8747929866915503,-0.025527621355148147,0.1846287704537868,0.8896804196158152,0.14094535813598766,0.4629970967909962,0.8441083667920029,0.9109782375005996,0.022476437769033197,-0.3210213220307064,-0.1196750433168226,0.017442890391955308,-0.9332259979316456,0.7386270567902712,0.0,0.0,1.0,0.0,1.0,0.0,0.0
IND_TAMILNADU_VELLORE,Tamil Nadu,VELLORE,2013,Kharif,4.889905,-0.237628319468091,0.4730824974806388,-0.5657191069252958,0.4675331753528813,-0.7680031495884577,-0.3711721426907956,-0.7749972076132472,0.15695978301946067,0.7866365566757588,0.06793584982032087,0.8436563980005496,0.14094535813598766,0.6642143208575864,-0.648520390313496,-0.17910824049974025,-0.35821572907533095,-0.3366189489223587,-0.24691588584971683,0.07336940628828764,0.23880631771503075,0.40755795417790297,0.0,0.0,1.0,0.0,1.0,0.0,0.0
IND_TELANGANA_ADILABAD,Telangana,ADILABAD,2013,Kharif,2.6763,0.17531312319917333,0.35229514612201734,1.8139650479090488,0.4675331753528813,-1.045831724854973,0.03435903665494336,-0.6034802515891459,0.8262986541682074,-0.08592145930618798,0.9865702436745188,1.6894052613567507,-1.5138110274138092,1.2011582899654047,0.0866084189380192,-0.039535047102215615,0.14825925695991113,-0.8490520454941008,0.5647839390982543,0.926902248573197,-1.3805355178966383,0.6349259100504597,0.0,0.0,0.0,1.0,1.0,0.0,0.0
IND_TELANGANA_ADILABAD,Telangana,ADILABAD,2013,Rabi,2.921996,-0.4615893291791589,0.35229514612201734,1.8139650479090488,0.3788234372325174,0.8368430296324603,-1.2496737853120827,-0.17942781116327597,-2.2374690764809406,-1.051496352512656,-0.9191508691623755,-1.1146376271541627,0.537602190208191,-2.0397872018888954,0.29612940380165115,0.22827208920274886,-0.2426596455273235,1.563885447690426,-0.7066810693512079,-0.8947406862300585,0.09185767701127509,0.20821830652595633,0.0,0.0,0.0,1.0,0.0,1.0,0.0
IND_TELANGANA_KARIMNAGAR,Telangana,KARIMNAGAR,2013,Kharif,3.495001,2.4497142004427466,0.6485176720929396,1.5303178944226856,0.4675331753528813,-0.7886442691145634,0.23516641986525325,-0.2862987812368167,0.97627092987768,-0.2059494642906478,0.7952196423263809,1.5224724060418913,-1.0174981612739682,1.1183908845531194,0.4252542784444809,0.21857372377277717,2.022671569424374,-0.7916964378044345,0.39207843205407905,0.6797101594958129,-1.2074430912673246,1.1539990663466224,0.0,0.0,0.0,1.0,1.0,0.0,0.0
IND_TELANGANA_KARIMNAGAR,Telangana,KARIMNAGAR,2013,Rabi,3.688,2.4339776808186038,0.6485176720929396,1.5303178944226856,0.3788234372325174,1.14599626003496,-0.9636908383551696,0.2210420226029172,-1.7478019761097703,-1.0269182702275683,-0.8961024055565944,-1.2255856570635462,0.5452318829550018,-1.7857353243821534,0.6336660894015835,0.5505957948186218,3.118354084828524,1.6005515326811246,-0.6343792055235559,-0.8794771989298511,-0.259156377763517,1.1518705776072016,0.0,0.0,0.0,1.0,0.0,1.0,0.0
IND_TELANGANA_KHAMMAM,Telangana,KHAMMAM,2013,Kharif,2.920002,1.4810018598850747,1.2322371058845452,1.2141443629051327,0.4675331753528813,-0.6460328978432529,0.5386762587889374,0.013276544305193207,1.2366629502359996,-0.6075115113462366,0.9180373295124329,1.5100597120879418,-0.9496717661973453,1.1695431295326235,0.7982865172148045,0.4623553638989363,1.2243222161262863,-0.8989609306384281,0.5499100687217168,0.7317954428348209,-1.3818034404444102,0.9993457074806928,0.0,0.0,0.0,1.0,1.0,0.0,0.0
IND_TELANGANA_KHAMMAM,Telangana,KHAMMAM,2013,Rabi,3.269992,-0.1700687231700644,1.2322371058845452,1.2141443629051327,0.3788234372325174,0.7619488075390359,-1.0843998427982817,-0.14826900029961498,-0.607536622064477,-1.1153993664538897,-0.729798875847188,-0.5118302141888621,0.6338938635046432,-0.48783525417772566,1.0214522630189093,0.253350690718638,0.09572124211315271,1.3852539773182253,-0.7077449224280722,-0.7221223929173209,0.1436397401656268,0.45360374867633657,0.0,0.0,0.0,1.0,0.0,1.0,0.0
IND_TELANGANA_MAHBUBNAGAR,Telangana,MAHBUBNAGAR,2013,Kharif,2.90678,0.7795259580048637,-0.01616497855024476,0.8470213881531867,0.4675331753528813,-0.7997690283396873,-0.1741595446750044,-0.6173544956191692,0.4365239291528555,0.8210496492440867,0.15221586114523689,0.9252839080351691,-0.454024355986023,0.8199829679192213,-0.2885829645768114,-0.05082531594872364,0.6462117861117578,-0.504231822100174,-0.17403191373472393,0.1332277968604644,-0.44040892477681637,0.8402665390374515,0.0,0.0,0.0,1.0,1.0,0.0,0.0
IND_TELANGANA_MAHBUBNAGAR,Telangana,MAHBUBNAGAR,2013,Rabi,2.730003,0.16558049660432198,-0.01616497855024476,0.8470213881531867,0.3788234372325174,1.1104689345364969,-1.0996483315421124,0.10577876522837919,-1.5981069031126631,-0.29741006540326526,-0.8831598067625788,-1.5137849133935377,0.8798038817194512,-1.6368883003187158,-0.12379542063926868,0.45782456186725573,0.4853243478465028,1.6709468560492104,-0.5050106568369324,-0.8663493292923442,0.11307045023303061,0.6307066356150971,0.0,0.0,0.0,1.0,0.0,1.0,0.0
IND_TELANGANA_MEDAK,Telangana,MEDAK,2013,Kharif,3.626552,0.856865580053236,0.03211990604263495,1.3014749238188337,0.4675331753528813,-1.2545438241325348,-0.3696396332853008,-1.0365312219753182,0.441616014334742,0.4223743516754585,0.5586585931361362,1.4604089362721402,-0.6131845772530377,1.125597771109792,-0.5858052323188108,-0.3919334818797184,0.7099500196568342,-0.7211550258914621,0.12185975053052304,0.6032446826712669,-0.18201301083030347,0.8608540521323732,0.0,0.0,0.0,1.0,1.0,0.0,0.0
IND_TELANGANA_MEDAK,Telangana,MEDAK,2013,Rabi,3.697999,0.1252122158415863,0.03211990604263495,1.3014749238188337,0.3788234372325174,0.8240143450277877,-1.201370508065496,-0.14467843420399099,-2.1166025298525706,-0.44856527145656483,-0.8821605027461041,-1.3423569261118202,0.7043840866807053,-2.0376276984054877,-0.41041558961988445,0.2562406076901988,0.43846700908227554,1.5188182014785454,-0.5711301291990327,-0.8614016408425625,0.19936878069529776,0.612767750693133,0.0,0.0,0.0,1.0,0.0,1.0,0.0
IND_TELANGANA_NALGONDA,Telangana,NALGONDA,2013,Kharif,2.842001,2.176868861698448,0.531295707870846,1.0186224262280383,0.4675331753528813,-0.39568113753031825,0.47963815835873375,0.10178880394141904,0.9094001712638777,0.24430748858459256,0.4781985020032267,1.188300209141714,-0.6788923370391526,0.788058601132519,0.5792732702171458,0.5343828707917455,1.7978101962564674,-0.6589405637750566,0.1285841048842884,0.3282126574508955,-1.2289234740589396,1.1155757273442488,0.0,0.0,0.0,1.0,1.0,0.0,0.0
IND_TELANGANA_NALGONDA,Telangana,NALGONDA,2013,Rabi,3.270002,2.32495962318147,0.531295707870846,1.0186224262280383,0.3788234372325174,1.199705083960839,-0.7705761067155289,0.30280347259377255,-0.9814547487823841,-0.7055598443500278,-0.8407055038691327,-1.2582775259134575,0.5986387299899814,-1.136566453180844,0.7817666520335305,0.6164026329760449,2.9918119184805105,1.5031194214000094,-0.5525428094032507,-0.8324843753301108,-0.28571165053543873,1.1368396671862633,0.0,0.0,0.0,1.0,0.0,1.0,0.0
IND_TELANGANA_NIZAMABAD,Telangana,NIZAMABAD,2013,Kharif,4.085277,1.5467444885558157,0.0011331602520301002,1.4956215789529068,0.4675331753528813,-1.105119096307686,-0.17445145122843086,-0.8058154850248418,0.6161381223971272,0.1672768575376083,0.7020909551136529,1.5675258878006755,-0.9289163561374029,1.1333374439993718,-0.2713697828638797,-0.20418684201562717,1.2785030026127915,-0.7446570934991069,0.25839425296130974,0.6973663781201609,-0.6893725991228457,1.0117153095672418,0.0,0.0,0.0,1.0,1.0,0.0,0.0
IND_TELANGANA_NIZAMABAD,Telangana,NIZAMABAD,2013,Rabi,3.889005,0.8548116166484784,0.0011331602520301002,1.4956215789529068,0.3788234372325174,1.0636261671596152,-1.004837163626829,0.12099302834540132,-2.207471114975156,-0.6710737226437617,-0.9012439858994225,-1.439513073850148,0.5751082484449604,-2.234378185040711,-0.08927163723879136,0.47006997276368734,1.2853456317151717,1.5654161677434397,-0.5567179309124545,-0.8826164810661302,-0.1485402778742416,0.8603193872168008,0.0,0.0,0.0,1.0,0.0,1.0,0.0
IND_TELANGANA_WARANGAL,Telangana,WARANGAL,2013,Kharif,3.147793,1.657468915790748,0.8525059997480255,1.3357032996521332,0.4675331753528813,-0.7715550305458669,0.33730938801790705,-0.18812571393541855,1.0609638463425461,-0.46378177373193796,0.8039554935671743,1.4636270421120545,-0.6788923370391526,1.1395263280985402,0.5442871285242759,0.2984627844610944,1.3697548135717925,-0.8521504454184076,0.426081585114613,0.668564628315956,-1.002296452012753,1.0318037255975356,0.0,0.0,0.0,1.0,1.0,0.0,0.0
IND_TELANGANA_WARANGAL,Telangana,WARANGAL,2013,Rabi,3.129995,0.6499366668831579,0.8525059997480255,1.3357032996521332,0.3788234372325174,0.9598222332810316,-1.097852944964211,0.03424130005213829,-1.2307978933239239,-1.055567097391126,-0.8724253474888372,-0.931205594279118,0.5986387299899814,-1.1876201936627284,0.7581780951082757,0.40024663983223824,1.0475381488652609,1.5509277244509903,-0.7205713774491357,-0.8556125628803279,-0.05256403082234805,0.8034890458282455,0.0,0.0,0.0,1.0,0.0,1.0,0.0
IND_ANDHRAPRADESH_ANANTAPUR,Andhra Pradesh,ANANTAPUR,2014,Kharif,3.007988,-0.5016100161349356,-0.2678187564418995,-0.006791370403704205,0.4675331753528813,0.0986111262730276,-0.024727714867501454,-0.02663071726489858,0.11266237353283398,1.7385042164575581,-0.3545924532744736,-0.1906326027384914,0.6733090987652746,0.07173213356547174,-0.27174963240226707,0.42988053420159805,-0.4941760782132968,0.09560784051796875,-0.3666896841449974,-0.3946796404569607,-0.024276014060954844,0.16089790388442687,1.0,0.0,0.0,0.0,1.0,0.0,0.0
IND_ANDHRAPRADESH_ANANTAPUR,Andhra Pradesh,ANANTAPUR,2014,Rabi,2.193957,-0.7560644825474047,-0.2678187564418995,-0.006791370403704205,0.3788234372325174,0.9223073650973259,-0.9764798934306356,0.04312642971248938,-1.7204845670181828,0.10259822378656,-0.9731938750855815,-1.6323440190195406,1.3754643204353962,-1.6432273328156646,-0.15371064278959662,0.4073979597957511,-0.5735343865195146,1.4335250561991935,-0.5705480209116921,-0.9458621860975033,0.5769298498972442,-0.3930366263338618,1.0,0.0,0.0,0.0,0.0,1.0,0.0
IND_ANDHRAPRADESH_CHITTOOR,Andhra Pradesh,CHITTOOR,2014,Kharif,3.342002,-0.6494005829664933,0.42459567446986046,-0.36461738338663735,0.4675331753528813,-0.3959492040176615,-0.41734202922418173,-0.5904185988580625,-0.1774678002530349,1.1006085469294025,-0.2681204202360004,-0.030902174779631433,0.4571762289667382,0.17770904360484355,-0.9636555626023166,-0.02890603044410706,-0.5810661991017109,-0.010001825083705332,-0.3217669825219312,-0.27065645665972266,0.3310730215207137,-0.07685192541566616,1.0,0.0,0.0,0.0,1.0,0.0,0.0
IND_ANDHRAPRADESH_CHITTOOR,Andhra Pradesh,CHITTOOR,2014,Rabi,3.180001,-0.42256402448876473,0.42459567446986046,-0.36461738338663735,0.3788234372325174,0.040019098554097715,-1.696921797903377,-1.1815000371026614,-1.3372001796926332,-0.016528668788984333,-0.9543199234195887,-1.1907994653654381,0.9818000356562356,-0.6128700249085413,-0.8335138531673381,-0.5782596540798226,-0.15120022905556177,1.2596103394787201,-0.7205513047495723,-0.9165761003857158,1.5711801144339013,0.24998534330469083,1.0,0.0,0.0,0.0,0.0,1.0,0.0
IND_ANDHRAPRADESH_EASTGODAVARI,Andhra Pradesh,EAST GODAVARI,2014,Kharif,3.015999,2.712273922444759,1.9295220096615435,0.9989009108529308,0.4675331753528813,0.3566921369712927,1.2496633207478587,1.0316340177193921,1.2934449326654172,-0.32734487692682485,0.012103767351491327,0.758402133765394,-1.1271721132054013,0.5052013855902323,1.2221586178851676,1.2910513009040472,1.3953568104523437,-0.6232913601005251,-0.28294638156616253,-0.16822217160754296,-2.1937146268652272,1.1880925738479255,1.0,0.0,0.0,0.0,1.0,0.0,0.0
IND_ANDHRAPRADESH_EASTGODAVARI,Andhra Pradesh,EAST GODAVARI,2014,Rabi,5.245,1.7954636571534617,1.9295220096615435,0.9989009108529308,0.3788234372325174,0.3238763311445906,-0.4246567612606787,-0.1151323352307466,-0.1281211205817846,-0.9234599051087723,-0.8662844631295346,-0.17254991278088547,0.07247956414008434,-0.011715236724725376,1.4553240491380308,0.280021195651068,2.657638117829428,0.5625631451068537,-1.0110434128322427,-0.8474410391196032,-0.35624767012880343,1.0556374232650558,1.0,0.0,0.0,0.0,0.0,1.0,0.0
IND_ANDHRAPRADESH_GUNTUR,Andhra Pradesh,GUNTUR,2014,Kharif,3.912999,3.1789186082871854,0.9900908704822137,0.6550402800936405,0.4675331753528813,0.7347999173814391,1.4099443441243202,1.434288054330453,0.851650639341391,0.536552890594218,-0.031156425877821612,0.1866519962075058,-0.405608428415011,-0.06300096738816707,1.194649514474077,1.618714005670765,1.6697103051503064,-0.44131317818277077,-0.11214778098051778,-0.23409212720833672,-1.914656897426696,1.2429228886079988,1.0,0.0,0.0,0.0,1.0,0.0,0.0
IND_ANDHRAPRADESH_GUNTUR,Andhra Pradesh,GUNTUR,2014,Rabi,3.76299,-0.3904273970635575,0.9900908704822137,0.6550402800936405,0.3788234372325174,0.5418058694375464,-0.4224924596325235,0.022891459766858174,-0.27394691637590196,-0.3706834732156874,-0.9294823832681838,-0.7025157554649796,0.06789353051216877,-0.24943376494494274,1.4007489817016299,0.3911115633034958,-0.1105034737771755,0.732740057046736,-0.8814942098495483,-0.9065511953599098,-0.4789002381765524,0.281669139339521,1.0,0.0,0.0,0.0,0.0,1.0,0.0
IND_ANDHRAPRADESH_KRISHNA,Andhra Pradesh,KRISHNA,2014,Kharif,3.354,2.8566833495177155,1.3401384380599264,0.8092353539734269,0.4675331753528813,0.6890275646660607,1.350346756133377,1.3366266185876403,1.0111010282015613,-0.11957488095689171,0.011217287982038457,0.535280128864754,-0.405608428415011,0.14184586357131607,1.3105835920039086,1.5392412889529232,1.4802591123528086,-0.43425375562797147,-0.19637282834887582,-0.1939731850326622,-1.8562848960546,1.205790846551936,1.0,0.0,0.0,0.0,1.0,0.0,0.0
IND_ANDHRAPRADESH_KRISHNA,Andhra Pradesh,KRISHNA,2014,Rabi,3.973008,-0.024900909609197244,1.3401384380599264,0.8092353539734269,0.3788234372325174,0.6028324641590233,-0.5685336308597407,-0.0034596439518287067,-0.18171273737830623,-0.9286827475943532,-0.8893168089285985,-0.3244138597977342,0.06789353051216877,-0.12143148051866738,1.5272418602263724,0.3699025116308777,0.35238756721881936,0.8865240251630897,-0.9800511647062314,-0.8701515043933836,-0.4565009896672746,0.5389190770647171,1.0,0.0,0.0,0.0,0.0,1.0,0.0
IND_ANDHRAPRADESH_KURNOOL,Andhra Pradesh,KURNOOL,2014,Kharif,3.947996,0.5871643852900663,-0.0734708749325743,0.40315814233704866,0.4675331753528813,0.24412655115733467,0.2198170002643163,0.3077355542612901,0.32711886994453226,0.8248480038321996,-0.12868527432438293,0.37044159639809543,0.5331444372411903,0.10944103768083856,0.11725627906101216,0.7019735643203147,0.14594507056382475,0.03330535567644136,-0.3058292590685287,-0.22297094206019097,-0.42590108319781317,0.78452294744475,1.0,0.0,0.0,0.0,1.0,0.0,0.0
IND_ANDHRAPRADESH_KURNOOL,Andhra Pradesh,KURNOOL,2014,Rabi,3.547002,-0.49100840502268683,-0.0734708749325743,0.40315814233704866,0.3788234372325174,0.9571119478011769,-1.1338098651956348,-0.060665273271829766,-1.4001976292500078,-0.3692241495800103,-0.9562057068055162,-1.3536458370740545,1.0528164099806085,-1.263082575967086,0.2657290699407935,0.3238597666602944,-0.23787591030680086,1.574814076906102,-0.6589080443901275,-0.9297746794279397,0.4103000451767875,0.17392949637807795,1.0,0.0,0.0,0.0,0.0,1.0,0.0
IND_ANDHRAPRADESH_PRAKASAM,Andhra Pradesh,PRAKASAM,2014,Kharif,3.833994,-0.35773777949091556,0.7958439581818378,0.4707338942814897,0.4675331753528813,0.5210392325920767,1.8775543171651201,1.6501062841337213,1.0443596477054633,1.5280753722759468,-0.06616430206786127,-0.09664347979499847,-0.025307380610221527,-0.0775384230430874,1.3389123707346748,1.794337688747387,-0.40958951286076906,-0.9481832385267873,-0.04442249265333902,-0.2761781748137545,-1.7783147056031323,0.3117453500462515,1.0,0.0,0.0,0.0,1.0,0.0,0.0
IND_ANDHRAPRADESH_PRAKASAM,Andhra Pradesh,PRAKASAM,2014,Rabi,3.864007,0.30220066245769794,0.7958439581818378,0.4707338942814897,0.3788234372325174,-0.1063589030705919,0.37633159585085957,0.16763995906218096,0.014953204960839026,0.6940083287715131,-0.9067885114101839,-0.757274635788579,0.195101845283225,-0.12127276422701977,1.543351611614075,0.5076144025721442,0.7666182755606844,-0.35617147089571205,-0.8317139149321201,-0.8881471532762673,-0.49666730510838075,0.6865700497622156,1.0,0.0,0.0,0.0,0.0,1.0,0.0
IND_ANDHRAPRADESH_SRIKAKULAM,Andhra Pradesh,SRIKAKULAM,2014,Kharif,2.115999,2.3870051177236475,2.8367514851732647,1.597894743958143,0.4675331753528813,-0.7610334209173023,2.0884568020147065,1.0131851856360674,1.8036125832142824,1.6515978634814714,0.7242690571566973,1.2319234216383148,-1.075921984782155,0.9057996236832198,1.2252973745970543,1.276038427145023,1.204122063052166,-2.1111746919321184,0.4178919236927138,0.40131203218740247,-2.145337234241303,1.145456150829064,1.0,0.0,0.0,0.0,1.0,0.0,0.0
IND_ANDHRAPRADESH_SRIKAKULAM,Andhra Pradesh,SRIKAKULAM,2014,Rabi,2.720085,-0.7848673693695054,2.8367514851732647,1.597894743958143,0.3788234372325174,-1.246869618707334,0.6764808807375227,-0.26249768778219923,-0.03263989748564838,0.9377921824367451,-0.9023077611427661,0.026921568248648456,-0.02107912976315144,0.038078392593120125,1.4921521131635853,0.1614121457082341,-0.61000947534309,-1.4721909830327315,-1.1342897881520062,-0.878063586561986,-0.30460846229889166,-0.5385840048537284,1.0,0.0,0.0,0.0,0.0,1.0,0.0
IND_ANDHRAPRADESH_VIZIANAGARAM,Andhra Pradesh,VIZIANAGARAM,2014,Kharif,2.637999,1.0241845989484888,2.5004643770907284,1.5280363685641372,0.4675331753528813,-1.2673216600296515,-0.25372840602944446,-0.9385387305181481,0.45233004325084664,-0.47510087040452376,1.0419671453619803,1.507812146104512,-1.0899166031344962,1.0597558458088285,-0.769992274271309,-0.3121913661221637,0.4028815713880002,-0.8151104826869583,0.7051322544461016,1.0636730185398269,-0.7136158678144728,0.9023895942469439,1.0,0.0,0.0,0.0,1.0,0.0,0.0
IND_ANDHRAPRADESH_VIZIANAGARAM,Andhra Pradesh,VIZIANAGARAM,2014,Rabi,3.232033,-0.7749609458711746,2.5004643770907284,1.5280363685641372,0.3788234372325174,-0.9116750619858461,-1.965811680865185,-1.8892371287801946,-1.5364987339879594,-1.568941791120925,-0.8528905657474337,0.005263205135581013,-0.07493295472602007,-0.312011270117792,-0.5446500425254152,-1.147891678160026,-0.5974643009600534,0.704208147221433,-1.064236066675463,-0.7916154612091955,1.4360423613979298,-0.48300924571906595,1.0,0.0,0.0,0.0,0.0,1.0,0.0
IND_ANDHRAPRADESH_WESTGODAVARI,Andhra Pradesh,WEST GODAVARI,2014,Kharif,3.168001,2.797639801490184,1.5405613785784846,0.9211625636915421,0.4675331753528813,0.33779344961296176,1.0266467139311288,0.8813347233897793,1.084716155298607,-0.5134642517444913,0.03989086613216713,0.7893061660375735,-0.4251632116641424,0.45272193179930414,1.0493670620841085,1.168744136870487,1.4455457089337875,-0.4767863364070423,-0.2604850307546292,-0.132832060133893,-1.5832291974095536,1.1986392512206685,1.0,0.0,0.0,0.0,1.0,0.0,0.0
IND_ANDHRAPRADESH_WESTGODAVARI,Andhra Pradesh,WEST GODAVARI,2014,Rabi,5.011,1.949763708006251,1.5405613785784846,0.9211625636915421,0.3788234372325174,0.5240309138321353,-0.8124356677510199,-0.1944899316491247,-0.32122755483125753,-1.2107930483228913,-0.8689439012378939,-0.3494435718859485,0.17838326727164402,-0.13406144966661612,1.270941173154855,0.2161491324152798,2.853038795603083,1.0009364495903998,-0.944843649671888,-0.8484252017897947,-0.19690210701742228,1.0808624988202538,1.0,0.0,0.0,0.0,0.0,1.0,0.0
IND_KARNATAKA_BANGALORERURAL,Karnataka,BANGALORE RURAL,2014,Kharif,3.5,-0.8501518062038005,-0.19750098158330961,-0.4216397977124417,0.4675331753528813,-1.0956474137545678,-1.1750584652772254,-1.5903272401889483,-0.4422984556643888,1.156824194833511,-0.22842226229121773,0.09761773463657758,0.5347940463652224,0.5382769514176741,-1.80076397686842,-0.8425890936901925,-0.6955667901013,-0.013047411372938751,-0.32283083559879516,-0.12651174215177502,1.5547893930777907,-1.461433562767732,0.0,1.0,0.0,0.0,1.0,0.0,0.0
IND_KARNATAKA_BANGALORERURAL,Karnataka,BANGALORE RURAL,2014,Summer,3.061224,-0.8588258516592767,-0.19750098158330961,-0.4216397977124417,-2.2381138373182194,1.0761714195873762,-0.410324109168924,0.5706238874549265,-1.2132326890112617,0.5762456960400273,-0.7418872308851852,-1.4982051946447523,-1.2157829819292085,-1.4838160561880793,-1.7943165307564457,-1.6442471634359892,-0.7019755282380926,1.14504997851559,-0.33519561852989826,-0.6317298284528838,1.0408551878628614,-2.5703187186608676,0.0,1.0,0.0,0.0,0.0,0.0,1.0
IND_KARNATAKA_BIDAR,Karnataka,BIDAR,2014,Kharif,0.96413,-0.8270052186040322,-0.3830668900350699,1.3260573039400396,0.4675331753528813,0.12456889779829455,-0.23271113418284223,-0.07385130052543507,-0.15065432013729624,0.5001646536400669,-0.07046775646138838,0.5810998262997049,0.1569764319804562,-0.14120163280414974,-0.7004398245857812,0.39145443480859776,-0.6733185258749536,0.2665831817954466,-0.3161064812450295,-0.1367857189477305,-0.406000517661594,-0.9089914160700265,0.0,1.0,0.0,0.0,1.0,0.0,0.0
IND_KARNATAKA_CHITRADURGA,Karnataka,CHITRADURGA,2014,Kharif,2.267176,-0.8430419328796396,-0.6853982879596192,-0.018470836404734677,0.4675331753528813,-0.4574034462431444,-0.4074901830460889,-0.6788706665462201,0.030617066402858318,1.8980351091584147,-0.25946515802879444,0.1793474067613539,0.39033098050762643,0.41293896660227764,-0.7178129429464588,-0.10088455569333615,-0.6887329694259426,-0.06556176918088194,-0.3936071742596228,-0.2543749311552299,0.3621761225459067,-1.2112188868534721,0.0,1.0,0.0,0.0,1.0,0.0,0.0
IND_KARNATAKA_CHITRADURGA,Karnataka,CHITRADURGA,2014,Rabi,2.30597,-0.853248551029435,-0.6853982879596192,-0.018470836404734677,0.3788234372325174,0.7093918549421182,-1.2551583223925278,-0.27962894805196914,-1.8905896517540406,-0.03142913117431633,-0.9416029739196158,-1.6389334738346009,1.445186864031254,-1.730319290672088,-0.6136167573746416,0.14762381303885186,-0.5777117071003489,1.4674144862100251,-0.528616151523584,-0.9142615498933775,0.9591463951209647,-1.6384117036562245,0.0,1.0,0.0,0.0,0.0,1.0,0.0
IND_KARNATAKA_CHITRADURGA,Karnataka,CHITRADURGA,2014,Summer,1.930435,-0.8505151997292576,-0.6853982879596192,-0.018470836404734677,-2.2381138373182194,1.497605446015821,0.4598493265911155,1.3856078163292278,-0.8068839968965523,0.7812428931606316,-0.6545931897041283,-1.1162211395515802,-1.2571865674341087,-1.484986283312133,-0.718162804363388,-1.202114357609427,-0.6732832921668624,0.8474187380597018,-0.3765855250297923,-0.5609133585465312,0.2773430604923252,-1.478917674092021,0.0,1.0,0.0,0.0,0.0,0.0,1.0
IND_KARNATAKA_DAKSHINAKANNADA,Karnataka,DAKSHINA KANNADA,2014,Kharif,2.629601,-0.3895742122646582,-1.3294282739422296,-0.5491692637226949,0.4675331753528813,-1.4028962860079845,1.2251431702601594,-0.012997241027142033,1.4156893469925342,-0.5660334792440131,5.000693888818728,1.8483694736394363,-1.1809437583698734,1.3710505318698074,0.9304341724091898,0.44097487647376776,-0.252863297016617,-1.992220781201899,5.501403451641644,4.3703143041231804,-1.5510132535646624,0.2824804167033269,0.0,1.0,0.0,0.0,1.0,0.0,0.0
IND_KARNATAKA_DAKSHINAKANNADA,Karnataka,DAKSHINA KANNADA,2014,Rabi,2.447222,-0.5240140169652915,-1.3294282739422296,-0.5491692637226949,0.3788234372325174,0.03566005607398579,0.8653161977942211,0.6199600015311827,0.19890386274376742,-1.357339863947737,-0.8435261200446652,-0.06686323051453387,1.2268050738959522,-0.2569944319291629,0.9864029419319916,0.8716704685230571,6.002160346626605,-0.5981320336936051,-1.0242311764454493,-0.8406827745191786,-0.05993814831490044,0.1320402557700331,0.0,1.0,0.0,0.0,0.0,1.0,0.0
IND_KARNATAKA_DAKSHINAKANNADA,Karnataka,DAKSHINA KANNADA,2014,Summer,2.071324,-0.8381124207082213,-1.3294282739422296,-0.5491692637226949,-2.2381138373182194,0.3070216507523264,1.8876007677121696,1.3736446666504083,1.2161997063284877,-0.7846667693359547,0.28489764604229423,-0.8735350943860731,-2.189911244219688,0.2187288342175334,0.9226972370747987,-1.208604425384536,-0.6304630984982622,-1.1241142592286533,0.6980666641997576,0.5239485566324824,-0.7009405475424576,-1.0949456569287512,0.0,1.0,0.0,0.0,0.0,0.0,1.0
IND_KARNATAKA_DHARWAD,Karnataka,DHARWAD,2014,Kharif,1.585531,-0.5348526238550123,-1.3656452247564865,0.3684610951399253,0.4675331753528813,-1.2994896385119075,-0.6110706785139352,-1.3045057747808215,0.19404567311492588,0.8680732790449595,0.5363999020595037,1.3954849279780224,-0.05058869273828674,1.0491334182965766,-0.971712371232163,-0.6099997591233778,-0.3925037462169245,-0.5818502611129711,0.11965175357853983,0.6371023918994467,0.633435215244876,0.11738050745948023,0.0,1.0,0.0,0.0,1.0,0.0,0.0
IND_KARNATAKA_DHARWAD,Karnataka,DHARWAD,2014,Summer,3.056911,-0.8576566724904148,-1.3656452247564865,0.3684610951399253,-2.2381138373182194,1.4353805126392063,0.02801006911795227,0.9585459447759689,-0.5820440544860217,-0.14164332111384562,-0.5996798222181865,-1.1327713981568468,-1.504736172846307,-1.0799735298893796,-0.966974248042885,-1.4337975317699105,-0.6979389906201915,1.1109059634406637,-0.3016942829584517,-0.4754736238350568,0.36439773788814117,-2.1647377011706768,0.0,1.0,0.0,0.0,0.0,0.0,1.0
IND_KARNATAKA_GADAG,Karnataka,GADAG,2014,Kharif,2.484674,-0.8431051317536321,-1.1187200932133095,0.43114451806247717,0.4675331753528813,-0.5553817473703354,-0.487059044400529,-0.7960944854116268,0.043360045343356524,1.6778065101394641,-0.1224638009314935,0.4457861378881231,-0.05058869273828674,0.5087263380248838,-0.9002606738547296,-0.1962763065765312,-0.6887937171985136,-0.08519083688314084,-0.3276884288931572,-0.10969281365368712,0.08876675783864646,-1.2129248983700849,0.0,1.0,0.0,0.0,1.0,0.0,0.0
IND_KARNATAKA_GADAG,Karnataka,GADAG,2014,Summer,3.408408,-0.8438161190860481,-1.1187200932133095,0.43114451806247717,-2.2381138373182194,1.6945002809759553,0.26014875572921276,1.373509234767249,-0.7436530172261273,0.5128891415102539,-0.7232066928998001,-1.2147053944619353,-1.504736172846307,-1.4516490813390692,-0.8971918894262401,-1.208677897849914,-0.6501549445853961,1.1471097102834606,-0.42333484231313545,-0.6395798464519854,0.024922787001884297,-1.2325805492572153,0.0,1.0,0.0,0.0,0.0,0.0,1.0
IND_KARNATAKA_HASSAN,Karnataka,HASSAN,2014,Kharif,3.078943,-0.13829548927031432,-0.9061681677665311,-0.5042975478074482,0.4675331753528813,-2.353169644797288,-1.3500564440555392,-2.4079445667912776,-0.24754997585906438,0.04443807015794479,1.657844657837859,1.7053936284661562,-0.03234377530027264,1.4009864639497764,-1.9136792501721924,-1.5079312493369095,-0.011336228052193444,-0.8774129675284986,1.3944889755546679,2.2859788046570158,2.1309620956587914,0.4737199861689823,0.0,1.0,0.0,0.0,1.0,0.0,0.0
IND_KARNATAKA_HASSAN,Karnataka,HASSAN,2014,Rabi,2.232306,-0.8319189310569524,-0.9061681677665311,-0.5042975478074482,0.3788234372325174,-0.5949330322397366,-2.2066148313343317,-1.7506656203103772,-1.681366004293155,-1.3210871925772314,-0.8974885369342848,-0.2202596088837222,1.3946743494083058,-0.7301806027788805,-1.8444462319682107,-1.0363604757153237,-0.15143137433019388,1.128093008412533,-1.0311562577948497,-0.8457330339828142,2.761892184736617,-0.9819203990255562,0.0,1.0,0.0,0.0,0.0,1.0,0.0
IND_KARNATAKA_HASSAN,Karnataka,HASSAN,2014,Summer,2.71964,-0.8490616256274292,-0.9061681677665311,-0.5042975478074482,-2.2381138373182194,0.12865691173041638,-0.5586491266280198,-0.23849132648259586,-0.8116018002098783,-0.7283751543400788,-0.28051501360162684,-0.9053585854696579,-1.5411698849331938,-0.6391118674955899,-1.9099807151932158,-2.0831961624294735,-0.668264918674785,0.505688112317555,0.006421655340954124,0.03543794339594109,1.48081156111541,-1.4127479666923284,0.0,1.0,0.0,0.0,0.0,0.0,1.0
IND_KARNATAKA_HAVERI,Karnataka,HAVERI,2014,Kharif,2.482353,-0.22928606810107555,-1.2397488314249616,0.15122880816676934,0.4675331753528813,-1.4597933979484783,-0.5748742658892297,-1.3829659790894457,0.26550910032437836,1.0746278015466924,1.433049607551265,1.4832421634220008,-0.16509621988551135,1.1982374791760975,-0.8429233856403061,-0.6738473315373659,-0.09879570743902792,-0.7343760392048255,1.2018312051443953,1.5983678208383638,0.6134410354071794,0.4135073578389309,0.0,1.0,0.0,0.0,1.0,0.0,0.0
IND_KARNATAKA_HAVERI,Karnataka,HAVERI,2014,Summer,3.077963,-0.7602988071049049,-1.2397488314249616,0.15122880816676934,-2.2381138373182194,1.2246132369586151,0.1590396232866209,0.8952992553419167,-0.40789840271835187,0.20658982752460398,-0.3991098354277376,-1.0212103957065282,-1.4912276179357442,-0.8635956804392105,-0.8441129144578517,-1.4681091731017146,-0.36181381964470216,0.8499801993607559,-0.09574838543715461,-0.22919500060049408,0.43368297405108547,-0.41168027738015395,0.0,1.0,0.0,0.0,0.0,0.0,1.0
IND_KARNATAKA_KODAGU,Karnataka,KODAGU,2014,Kharif,2.807243,-0.3714045359918026,-1.0603223205016303,-0.7035875144423978,0.4675331753528813,-2.301164746250976,-0.5109710562352603,-1.7934750649235747,0.45805313287232535,-2.59769738133535,4.688975506905575,2.195209769718955,-1.1809437583698734,1.778270542957442,-0.8148145198001763,-1.0079021407920248,-0.23539876801079326,-1.4436807627850137,4.976903812047933,5.376453503753805,0.07557007774340656,0.29941666479318896,0.0,1.0,0.0,0.0,1.0,0.0,0.0
IND_KARNATAKA_KODAGU,Karnataka,KODAGU,2014,Rabi,2.4,-0.8595210392731947,-1.0603223205016303,-0.7035875144423978,0.3788234372325174,-0.3456545252297568,-1.199181612100655,-1.0613377870044454,-0.725306470409387,-2.8915498440872835,-0.802715833436387,0.15697390901719707,1.2268050738959522,-0.1020632833523451,-0.7646482032578029,-0.48154539881980407,-0.7030695956220936,0.595455827176189,-1.061365670637886,-0.7632360459452232,1.6531252600357675,-3.51711809943621,0.0,1.0,0.0,0.0,0.0,1.0,0.0
IND_KARNATAKA_KODAGU,Karnataka,KODAGU,2014,Summer,2.625,-0.8587152536297897,-1.0603223205016303,-0.7035875144423978,-2.2381138373182194,-0.02685515924473139,0.09368904363858453,-0.09849990325990979,0.20157255444032207,-2.770940334099309,0.31743949780458264,-0.7130895317961221,-2.189911244219688,0.2935876925007977,-0.81844308249574,-2.0072501240498033,-0.7015937284874849,-0.08896701179088994,0.6755450952895341,0.8248056203653823,0.5267142842710028,-2.51180831389638,0.0,1.0,0.0,0.0,0.0,0.0,1.0
IND_KARNATAKA_KOLAR,Karnataka,KOLAR,2014,Kharif,2.537791,-0.8541649347023268,0.07396201585600445,-0.4458303378409435,0.4675331753528813,-0.9345394548559587,-0.993541240139093,-1.3598823670047886,-0.38481153830635717,1.2970594462267486,-0.2406073241695185,0.12228987940924484,0.4571762289667382,0.45216536036225136,-1.6246537356267925,-0.6550628712222418,-0.6994242736595486,-0.01744854762905573,-0.34770091035794554,-0.16632352409994747,1.1863248988186317,-1.7078017507287953,0.0,1.0,0.0,0.0,1.0,0.0,0.0
IND_KARNATAKA_KOPPAL,Karnataka,KOPPAL,2014,Kharif,3.690738,-0.2364749400177271,-0.8810958694992852,0.4841698717717585,0.4675331753528813,-0.12922304910232169,-0.29038700403040857,-0.3896182600981482,0.04119319461550801,1.7433661103303462,-0.2869943719019933,0.07263910359344325,0.28303422957389185,0.23304270989347514,-0.6637143718487047,0.13449673255787464,-0.10570561469953008,0.10831832202562368,-0.38595947572593736,-0.30563682925208874,-0.015118377541053923,0.4083852413790597,0.0,1.0,0.0,0.0,1.0,0.0,0.0
IND_KARNATAKA_KOPPAL,Karnataka,KOPPAL,2014,Summer,2.665696,-0.29529729198628485,-0.8810958694992852,0.4841698717717585,-2.2381138373182194,1.9217201373177826,0.530928572350119,1.7198988479203234,-0.7746194408561681,0.49465703948730116,-0.7464485701861895,-1.2578688775528322,-1.3745874248006995,-1.6548547401123814,-0.6619350766426111,-1.0207598222332745,1.2435900427608753,1.1302093470599777,-0.4353182439525329,-0.6775446985123958,-0.10472665019054458,0.3641083292975678,0.0,1.0,0.0,0.0,0.0,0.0,1.0
IND_KARNATAKA_MANDYA,Karnataka,MANDYA,2014,Kharif,3.721143,-0.05322980487635384,-0.5729209373097439,-0.6394047821920191,0.4675331753528813,-1.3553815011248285,-0.9700914136806141,-1.5493064275795678,-0.08387586942061209,0.5149022694419544,0.12375181448243275,0.9345295771942865,-0.03234377530027264,0.9282384909359213,-1.3005821031455647,-0.8092081035865174,0.0704281476561242,-0.36607135274827113,-0.21311345978481888,0.24776549541806978,0.940715234196763,0.523500808783663,0.0,1.0,0.0,0.0,1.0,0.0,0.0
IND_KARNATAKA_MANDYA,Karnataka,MANDYA,2014,Rabi,3.173913,-0.8465178709492294,-0.5729209373097439,-0.6394047821920191,0.3788234372325174,0.402903738594799,-1.512169140736162,-0.6702095107920961,-1.7019642319720907,-0.6721490137437374,-0.901614695453921,-1.1376240974392555,1.3946743494083058,-1.3173202614512327,-1.2265756166367885,-0.16674037549434279,-0.44319654747184345,1.4118813866124496,-0.6758092574225771,-0.8709831261532577,1.3416190071843177,-1.316323978364162,0.0,1.0,0.0,0.0,0.0,1.0,0.0
IND_KARNATAKA_MANDYA,Karnataka,MANDYA,2014,Summer,3.610016,-0.6280235638385162,-0.5729209373097439,-0.6394047821920191,-2.2381138373182194,0.9527938187835779,-0.02931308031089524,0.685786132098947,-0.8032844097655196,-0.14734085299601787,-0.5476998955547986,-1.1515181417004685,-1.5411698849331938,-1.117356578077925,-1.3013717903437663,-1.5817710770423923,0.09486242047843245,0.7720800876275681,-0.22959314612643358,-0.39598761972445634,0.5622312352763256,-0.033605381133557516,0.0,1.0,0.0,0.0,0.0,0.0,1.0
IND_KARNATAKA_RAICHUR,Karnataka,RAICHUR,2014,Kharif,3.2775,0.6877453932491957,-0.5535249870824451,0.6262314428335712,0.4675331753528813,0.3296174217487152,0.040099865538977555,0.20607135397188062,0.16037503492737062,1.233474990421689,-0.2179456879249535,0.20401955153402088,0.35180368794681,-0.008171545307467503,-0.1961395821836383,0.6192435683040134,0.7826476384395218,0.23074032812566178,-0.3515950140732609,-0.2917072375062935,-0.48541693799083935,0.8145356585273087,0.0,1.0,0.0,0.0,1.0,0.0,0.0
IND_KARNATAKA_RAICHUR,Karnataka,RAICHUR,2014,Summer,2.659046,0.16177276444627137,-0.5535249870824451,0.6262314428335712,-2.2381138373182194,2.4777570487079075,1.0302347319836442,2.4867141703519793,-0.8637634076459507,0.43688406620206155,-0.7651613437850091,-1.3107377592085478,-1.4213928287615725,-2.054679962320576,-0.19531990686397835,-0.6047587232596987,2.8216107835941244,1.2070531860917149,-0.4378474040975307,-0.7192669545349217,-0.6835775895680352,0.6290450021276206,0.0,1.0,0.0,0.0,0.0,0.0,1.0
IND_KARNATAKA_RAMANAGARA,Karnataka,RAMANAGARA,2014,Kharif,2.330301,-0.7866527375597947,-0.338848481629646,-0.5863816236647694,0.4675331753528813,-0.7969543302224874,-0.8728622058439564,-1.178794891237637,-0.2084707682709139,0.7447027220229574,-0.23580421776775454,0.14634905164097628,0.14433677810909304,0.5184021183920698,-1.3286909689856736,-0.5077015964945838,-0.6345321361744889,0.0036416973102379544,-0.35117348738242793,-0.18119767272650875,0.6753974216835332,-0.5493792510276612,0.0,1.0,0.0,0.0,1.0,0.0,0.0
IND_KARNATAKA_RAMANAGARA,Karnataka,RAMANAGARA,2014,Rabi,2.5,-0.8595684384286891,-0.338848481629646,-0.5863816236647694,0.3788234372325174,0.223550596965168,-1.6568822177824745,-0.9249875609497168,-1.6574156322808131,-0.4663075746061135,-0.9261137616642618,-1.0795449491855869,1.3938846215895044,-1.1066027411504933,-1.2413108848445729,-0.3718020263659853,-0.704016957135336,1.3752686988328944,-0.7291424201627411,-0.8911989327438743,1.6409854461188946,-3.8266415667484344,0.0,1.0,0.0,0.0,0.0,1.0,0.0
IND_KARNATAKA_RAMANAGARA,Karnataka,RAMANAGARA,2014,Summer,3.119008,-0.8500412081743135,-0.338848481629646,-0.5863816236647694,-2.2381138373182194,1.2939084239391359,-0.08495776705753073,0.8835166815073114,-0.9496718283275394,0.13252191305634772,-0.7219011505556965,-1.4501890122714458,-1.4100740648206205,-1.3879430583905423,-1.3243426913753003,-1.474501277589651,-0.6716468990432354,1.0811718868943665,-0.32917380866085466,-0.6195405712205475,0.5341710328900797,-1.4562453951968075,0.0,1.0,0.0,0.0,0.0,0.0,1.0
IND_KARNATAKA_UDUPI,Karnataka,UDUPI,2014,Kharif,2.774952,-0.18000674610539152,-1.4848945567694636,-0.3353775587209606,0.4675331753528813,-1.728373679401358,0.5778160624940145,-0.6835054465475837,0.9594532166214261,-0.9761038405769865,4.358093052805522,1.8277327314279288,-0.6921984490317103,1.4303610675718843,0.11475726894007765,-0.10465614224943366,-0.051428846732362726,-1.7802444545624854,4.709234363368945,4.192121113906196,-0.58965763494374,0.44712109622126023,0.0,1.0,0.0,0.0,1.0,0.0,0.0
IND_KARNATAKA_UDUPI,Karnataka,UDUPI,2014,Rabi,2.746468,-0.7578340510191959,-1.4848945567694636,-0.3353775587209606,0.3788234372325174,-0.3728251371653314,-0.1549552651883024,-0.3038196264080249,-0.2757009981636399,-1.7537382473019387,-0.8925726058854991,0.4506388371705307,1.5008245919350647,-0.15159238551743595,0.17325465011807156,0.12815360971352383,1.3291818318800193,-0.18166938485256026,-1.2886689204947233,-0.8683850252084584,1.0319962453658122,-0.4007335501593027,0.0,1.0,0.0,0.0,0.0,1.0,0.0
IND_KARNATAKA_UDUPI,Karnataka,UDUPI,2014,Summer,2.978947,-0.8580990646083625,-1.4848945567694636,-0.3353775587209606,-2.2381138373182194,0.1286234034194981,1.1218933897591048,0.7110216063270807,0.7453233751313671,-1.3467852648312006,0.11432289755279529,-0.6522520071082422,-1.869229635770579,0.22989594061476032,0.11163850430918895,-1.5680807076601826,-0.6994663414920539,-0.7105570897867385,0.398682350210465,0.419353775346789,0.16810879072951362,-2.279024230187312,0.0,1.0,0.0,0.0,0.0,0.0,1.0
IND_KARNATAKA_UTTARAKANNADA,Karnataka,UTTARA KANNADA,2014,Kharif,2.210643,0.18104842101399646,-1.6482627368515945,0.13753599437876132,0.4675331753528813,-1.3706166131560125,1.3978058966110711,0.123728769012759,1.421053726442376,0.005846787542688638,3.3095652546163588,2.123696306609778,-0.6999784706780287,1.2634276926234205,0.9059038890622246,0.5522366798787438,0.2956145214072846,-2.091739274225131,3.2871237446955597,2.8064127632957767,-1.2624390948364301,0.6373937270567372,0.0,1.0,0.0,0.0,1.0,0.0,0.0
IND_KARNATAKA_UTTARAKANNADA,Karnataka,UTTARA KANNADA,2014,Rabi,2.678238,-0.8359320595554787,-1.6482627368515945,0.13753599437876132,0.3788234372325174,-0.5395076941766285,0.5518367824250334,0.08886050464224615,0.055699190216194606,-0.8371293910823946,-0.9606864570729338,1.1435532136533981,1.6000376568454604,-0.07916485109287548,0.9838156794757724,0.444207664950425,-0.23163529163059796,-0.8245362089760215,-1.6457823184285822,-0.9350477706320595,0.7163988330488846,-1.0518187257109348,0.0,1.0,0.0,0.0,0.0,1.0,0.0
IND_KARNATAKA_UTTARAKANNADA,Karnataka,UTTARA KANNADA,2014,Summer,2.690497,-0.8414777607483241,-1.6482627368515945,0.13753599437876132,-2.2381138373182194,-0.002494617206606363,1.8346562165847,1.1550124632748897,1.1835963606656958,-0.5893553764150439,-0.10723247358361644,-0.40547947833649645,-1.718061900994539,0.30146531899443324,0.9070734257988086,-1.327213475327371,-0.6420818693495935,-1.3297177405692242,0.0257918104197122,0.09488059044456125,-0.03072210216641377,-1.1709474186807947,0.0,1.0,0.0,0.0,0.0,0.0,1.0
IND_TAMILNADU_ARIYALUR,Tamil Nadu,ARIYALUR,2014,Kharif,5.030249,-0.49450014281077476,0.5517609924645694,-1.1462880455089428,0.4675331753528813,0.8651249079824692,1.5902209664104063,1.580524392165352,0.9735249803666751,0.8265192798509734,0.030623127269702816,0.0456683117922673,0.35735783968761986,-0.08004537302022596,1.3868533808944514,1.737714908762292,-0.5091377989892016,-0.4690755456863265,0.020191527241500834,-0.19831314717662654,-1.4719191700128402,0.16967928226162446,0.0,0.0,1.0,0.0,1.0,0.0,0.0
IND_TAMILNADU_COIMBATORE,Tamil Nadu,COIMBATORE,2014,Kharif,4.602493,-0.8253778475987243,-0.5132307587234963,-1.2547600387087559,0.4675331753528813,-1.618689808326441,-0.3711478171446695,-1.3350832844001337,0.41881933059933346,-0.18445077732190848,0.4682860508720695,1.1755810289172963,-0.788349815355279,1.3573170127350713,-0.6004594276679124,-0.6348824340649197,-0.6863224978103315,-1.007035232543534,0.12123749684405506,0.5725185856085975,-0.03977771167340753,-0.8872454788097569,0.0,0.0,1.0,0.0,1.0,0.0,0.0
IND_TAMILNADU_CUDDALORE,Tamil Nadu,CUDDALORE,2014,Kharif,4.766649,1.268258650307683,0.6401433328649972,-1.0173719561818362,0.4675331753528813,0.8535533712784205,1.4513220980723345,1.4839163155137753,0.9841447373878491,0.4162210172427101,0.0942884638031551,0.241921686981887,0.35735783968761986,-0.010811691867828809,1.3075647877778132,1.659099370807196,0.4348180422533763,-0.3776727479193925,0.022359378794356954,-0.14230139095973315,-1.41086641300515,0.9567935800121538,0.0,0.0,1.0,0.0,1.0,0.0,0.0
IND_TAMILNADU_DHARMAPURI,Tamil Nadu,DHARMAPURI,2014,Kharif,5.199312,-0.5704177901943149,0.08151263418860487,-0.8134084470008486,0.4675331753528813,-0.05181885087939108,-0.13329262719550256,-0.16729929990336148,0.16192813633925643,-0.11494088835939043,-0.14243376345426478,0.2585741076773084,0.12339095144309037,0.2443977186134584,-0.4009584516944505,0.3154104331417571,-0.5497915752184942,0.05562791876744903,-0.27899205975215674,-0.1926222762445765,-0.3522049678752985,0.06558781732312904,0.0,0.0,1.0,0.0,1.0,0.0,0.0
IND_TAMILNADU_DINDIGUL,Tamil Nadu,DINDIGUL,2014,Kharif,5.855024,-0.6688816358746941,-0.12437908046125698,-1.4464023570080367,0.4675331753528813,-0.651706971825525,-0.09310682500732491,-0.6065801369147317,0.14412393503960774,1.0073209582452805,-0.14831676290608967,-0.004084626113691037,0.2165026674184291,0.5135166580001823,-0.5147333844798011,-0.042057601746873216,-0.6025189712462421,-0.44620724169956605,-0.18310477393741592,-0.15493594999456417,0.13670754812026126,-0.12027924387774042,0.0,0.0,1.0,0.0,1.0,0.0,0.0
IND_TAMILNADU_ERODE,Tamil Nadu,ERODE,2014,Kharif,4.759007,-0.27197690748303716,-0.3222312979575126,-1.042661916644677,0.4675331753528813,0.14045183717391443,0.12540955577743443,0.07491309912837653,0.17401177315747526,-0.8220425784830143,-0.29616540392415336,-0.05373540192949175,0.2810198223203605,0.08856247326020711,-0.1327247013551104,0.5125125669307191,-0.3899767907474088,0.01992590145786585,-0.34772098305750876,-0.35014527119445354,-0.4322444969439262,0.3821907560443415,0.0,0.0,1.0,0.0,1.0,0.0,0.0
IND_TAMILNADU_KANNIYAKUMARI,Tamil Nadu,KANNIYAKUMARI,2014,Kharif,5.080677,-0.6514229469342546,-0.31241896934442215,-2.2087839546155306,0.4675331753528813,-1.1499978940652207,0.6010712845835414,-0.4155007977680344,1.0411020767646795,1.0595863173777538,0.364374550965445,0.3936834719085793,-0.015987991032847416,1.3165208021013615,0.5400288152781783,0.11343462581601249,-0.5931697371781576,-1.3412751243777763,0.29908161497648,0.3038018160704385,-0.24647726437060727,-0.08116871307932812,0.0,0.0,1.0,0.0,1.0,0.0,0.0
IND_TAMILNADU_KARUR,Tamil Nadu,KARUR,2014,Kharif,5.102864,-0.6471728226582562,0.026074902983970957,-1.2962782482065152,0.4675331753528813,0.6632038263844843,0.7087848027973845,0.7977582034952716,0.5652948484917365,0.6394123328403906,-0.2605128154654207,-0.11252968481425306,0.6541501816182036,0.008596953116482167,0.6703971752664751,1.1007331247517094,-0.5908938218787909,0.009697660798653812,-0.28021649442552843,-0.3701929300036167,-0.7200538024576933,-0.07214452404435938,0.0,0.0,1.0,0.0,1.0,0.0,0.0
IND_TAMILNADU_KRISHNAGIRI,Tamil Nadu,KRISHNAGIRI,2014,Kharif,4.884448,-0.5552342607176068,0.0038104879740130993,-0.6794255116803115,0.4675331753528813,-0.5239286128543619,-0.5932887043011263,-0.8017525285301436,-0.0808872258943841,0.8027415801293654,-0.16409609568235545,0.2611281599312082,0.12339095144309037,0.4101894085628368,-0.9942034623204489,-0.20088058107359644,-0.5416607895987493,0.016475410633060725,-0.30697340294364656,-0.1497372672535685,0.25044140751515936,0.08843783905974457,0.0,0.0,1.0,0.0,1.0,0.0,0.0
IND_TAMILNADU_MADURAI,Tamil Nadu,MADURAI,2014,Kharif,4.138944,-0.10568487029016306,-0.013487650828255086,-1.6214322694168066,0.4675331753528813,0.6379832376994395,0.8492161805409368,0.8857287355988759,0.4869643029358528,-0.3039470126640273,-0.0680823210672232,-0.012972727957260477,0.8226207727286146,-0.0783233314799469,0.6648793609194971,1.1723197968522463,-0.30092754215239537,-0.11180890896010567,-0.07969022578637107,-0.22046224454173438,-0.6609218461714003,0.4934652026848376,0.0,0.0,1.0,0.0,1.0,0.0,0.0
IND_TAMILNADU_NAMAKKAL,Tamil Nadu,NAMAKKAL,2014,Kharif,5.119528,-0.695030169989108,0.05618673883841943,-1.0910418993106639,0.4675331753528813,0.5098697956190675,0.3693704578024135,0.5110338588661025,0.3957120546386543,-0.1167640985616868,-0.20822665047440375,0.07657234406444917,0.1678442092228537,0.03624475817747795,0.26047954711132404,0.8674090655310972,-0.6165214846932533,0.13449628047699216,-0.2894097908256027,-0.3067960616822993,-0.8720632828406425,-0.1861225790206636,0.0,0.0,1.0,0.0,1.0,0.0,0.0
IND_TAMILNADU_PERAMBALUR,Tamil Nadu,PERAMBALUR,2014,Kharif,4.828886,-0.7174973696934565,0.3868219193408594,-1.1258900482043204,0.4675331753528813,0.5048435489812196,0.548990290343292,0.62214819500243,0.4518964205912718,0.2345837008390182,-0.1572943812476425,0.08913828115363163,0.1678442092228537,0.037300816801627175,0.36081980148659254,0.9578291795903516,-0.6285525810509093,0.0005432973859392207,-0.23091794429762372,-0.2726997866085398,-0.9556837954724586,-0.2516625228346343,0.0,0.0,1.0,0.0,1.0,0.0,0.0
IND_TAMILNADU_PUDUKKOTTAI,Tamil Nadu,PUDUKKOTTAI,2014,Kharif,4.151313,0.2027414345119362,0.3933337288818307,-1.4549727135244714,0.4675331753528813,0.9515986890274523,1.2571069378602042,1.3772260875605278,0.740022895753166,0.4462280184888254,-0.14933218472928142,-0.10629779731473787,0.6541501816182036,-0.15722803597870066,1.1587437370566502,1.572279407551493,-0.13576558687019286,-0.1598517123318511,-0.14420388218339367,-0.3206867391828809,-1.1325967834268562,0.6466064855788304,0.0,0.0,1.0,0.0,1.0,0.0,0.0
IND_TAMILNADU_RAMANATHAPURAM,Tamil Nadu,RAMANATHAPURAM,2014,Kharif,3.620885,0.9868656638558932,0.36740765376867396,-1.7949314082219572,0.4675331753528813,0.4243119084058504,1.8457365028417878,1.491410213048409,1.2018583838836558,1.73174314529071,0.09365986934117891,-0.260715796585487,0.8226207727286146,0.1482583276494729,1.4563658464180298,1.6651975854336105,0.28413228117480627,-1.0013841735906825,0.2190919072160168,-0.14340501616353823,-1.0908315306273098,0.8934544783290603,0.0,0.0,1.0,0.0,1.0,0.0,0.0
IND_TAMILNADU_SALEM,Tamil Nadu,SALEM,2014,Kharif,5.311896,-0.5539860829562542,0.1037089536855479,-0.9883955533599948,0.4675331753528813,0.5098697956190675,0.3693704578024135,0.5110338588661025,0.3957120546386543,-0.1167640985616868,-0.20822665047440375,0.07657234406444917,0.1678442092228537,0.03624475817747795,0.26047954711132404,0.8674090655310972,-0.5409924122310387,0.13449628047699216,-0.2894097908256027,-0.3067960616822993,-0.8720632828406425,0.09026525437573972,0.0,0.0,1.0,0.0,1.0,0.0,0.0
IND_TAMILNADU_SIVAGANGA,Tamil Nadu,SIVAGANGA,2014,Kharif,3.455006,0.16875624002244718,0.25050409477294255,-1.6045227822246366,0.4675331753528813,0.8554968533117294,1.4493760543828254,1.4787699039538187,0.8355241130290719,0.31305770662948834,-0.008107962272040243,-0.11917022067439001,0.8226207727286146,-0.12157416486167101,1.244609724811535,1.6549114402806118,-0.15396455644639814,-0.3747327889002977,0.03673143168180743,-0.2198600273751157,-1.082373766830545,0.6320877660446165,0.0,0.0,1.0,0.0,1.0,0.0,0.0
IND_TAMILNADU_THANJAVUR,Tamil Nadu,THANJAVUR,2014,Kharif,3.916565,1.9488947234888536,0.5755751674258607,-1.3722110581466194,0.4675331753528813,0.6184367229966742,1.9303164266966903,1.678878035310945,1.1168461774889338,1.1713339093601152,0.0771068818424813,-0.09914645100382095,0.4671901380598819,-0.026828581000724678,1.4506481112613407,1.8177509143813575,0.7992979954234648,-0.9096116803782136,0.13498729604503884,-0.17112169849895098,-1.4576123793788678,1.0807243532641504,0.0,0.0,1.0,0.0,1.0,0.0,0.0
IND_TAMILNADU_THENILGIRIS,Tamil Nadu,THE NILGIRIS,2014,Kharif,4.6875,-0.859094446873745,-0.6512157492996632,-1.0589889488710345,0.4675331753528813,-1.87692719114231,-1.0350162962715643,-1.948168371462245,-0.13698812194002774,-0.30136413154410857,0.22746990070844755,0.9243644492237657,-0.6688854432946559,1.1821825338765775,-1.5658570255017308,-1.1337849648073328,-0.7043776470349753,-0.7300981347638839,-0.07995117088069822,0.4382062858632977,0.7915961401848517,-2.7558662972182772,0.0,0.0,1.0,0.0,1.0,0.0,0.0
IND_TAMILNADU_THENI,Tamil Nadu,THENI,2014,Kharif,5.194553,-0.6409003344144965,-0.28464257477421645,-1.6145979360239784,0.4675331753528813,-1.3403251000852188,-0.6773334661414203,-1.4174559653332777,-0.15255462830507038,-0.6723114406194916,0.11657939049322158,0.4148310245708659,-0.23690131983601578,0.7773790893703133,-1.2678350745210019,-0.7019138133119894,-0.5875349256639173,-0.5660765887710661,-0.017826165731728787,0.21797483438700624,0.5836783995507684,-0.05915085971673125,0.0,0.0,1.0,0.0,1.0,0.0,0.0
IND_TAMILNADU_THIRUVALLUR,Tamil Nadu,THIRUVALLUR,2014,Kharif,4.423579,0.6626712399926549,0.8951906154258501,-0.3953407852422446,0.4675331753528813,0.322133898976797,1.6455615838305735,1.2980736758491276,1.2641238482016035,0.6574925006798232,0.3865526530084916,0.652153560003183,0.13740461145603683,0.3137978954948803,1.3297360055706695,1.5078685462362644,0.11052653737468772,-0.9370395615263213,0.22513378978462412,0.10005955897495798,-1.4466326363834003,0.8072403203108908,0.0,0.0,1.0,0.0,1.0,0.0,0.0
IND_TAMILNADU_THIRUVARUR,Tamil Nadu,THIRUVARUR,2014,Kharif,4.428134,2.1836627406526463,0.7291211567861182,-1.378547085218193,0.4675331753528813,0.6184367229966742,1.9303164266966903,1.678878035310945,1.1168461774889338,1.1713339093601152,0.0771068818424813,-0.09914645100382095,0.4671901380598819,-0.026828581000724678,1.4506481112613407,1.8177509143813575,0.9250159663671234,-0.9096116803782136,0.13498729604503884,-0.17112169849895098,-1.4576123793788678,1.1165737247953849,0.0,0.0,1.0,0.0,1.0,0.0,0.0
IND_TAMILNADU_TIRUCHIRAPPALLI,Tamil Nadu,TIRUCHIRAPPALLI,2014,Kharif,4.684799,-0.04951687102929205,0.24439146582549692,-1.274815953480065,0.4675331753528813,0.8260765563248382,0.9584135570680321,1.0805399755258789,0.6553259110071132,0.6457176014566632,-0.20426167002194062,-0.046584055618573386,0.6541501816182036,-0.06561257182355455,0.8834927662977806,1.33084888631745,-0.2708496493888242,-0.042605442468992075,-0.23607662808543808,-0.3437332174900013,-0.9273798725405796,0.5255521807340826,0.0,0.0,1.0,0.0,1.0,0.0,0.0
IND_TAMILNADU_TIRUNELVELI,Tamil Nadu,TIRUNELVELI,2014,Kharif,5.107246,0.4805952840201437,-0.21908538071159234,-2.009170930358211,0.4675331753528813,-0.9445696092577162,0.38715243201522703,-0.41372513529998384,0.9889122017886783,0.3975331126691831,0.39993043258387523,0.5476928228187046,-0.015987991032847416,1.2631280003111705,0.5724559706072545,0.11487958430179178,0.01302499557359826,-1.02456935938789,0.2828428010296266,0.3366693980590427,-0.24810869956503662,0.7503560454807177,0.0,0.0,1.0,0.0,1.0,0.0,0.0
IND_TAMILNADU_TIRUPPUR,Tamil Nadu,TIRUPPUR,2014,Kharif,5.745731,-0.6893422713297793,-0.3291995822477884,-1.278711303995774,0.4675331753528813,0.2846939462432924,0.5438332745661107,0.42357495832108943,0.4764876371837751,0.9974452363161819,-0.30277370467825876,-0.18092720417367522,0.2165026674184291,0.149076535232143,0.40302308440872886,0.796238737401039,-0.6134755913765512,-0.16921733028484812,-0.3059697679654721,-0.38039461026480376,-0.766964497807415,-0.17095104622526056,0.0,0.0,1.0,0.0,1.0,0.0,0.0
IND_TAMILNADU_TIRUVANNAMALAI,Tamil Nadu,TIRUVANNAMALAI,2014,Kharif,4.716257,0.6118277458656555,0.5691892171779028,-0.6941694517979556,0.4675331753528813,0.6136785428461725,0.8703064290259048,0.9071269731375944,0.7864957133866755,-0.10514113352205173,0.16190266298235229,0.5911117111349913,0.34934130057273777,0.17847016693755982,0.8709977156931392,1.1897327711469723,0.08329984131672918,-0.14622579448291873,-0.030652620752791574,-0.036775334418314064,-1.02717617833123,0.7920711250992228,0.0,0.0,1.0,0.0,1.0,0.0,0.0
IND_TAMILNADU_VELLORE,Tamil Nadu,VELLORE,2014,Kharif,5.322828,-0.2815989360484015,0.4730824974806388,-0.5657191069252958,0.4675331753528813,-0.10922975692063884,-0.1914793335115561,-0.27432058357097433,-0.006878457521772145,0.6929691325328216,-0.22352244904914942,0.14144527131348952,0.34934130057273777,0.15326747058292184,-0.6188321500769315,0.22832107084633566,-0.3951294168168679,0.05249430975308959,-0.3339511111569627,-0.25684090353116285,-0.06663447436628629,0.37481843427749933,0.0,0.0,1.0,0.0,1.0,0.0,0.0
IND_TELANGANA_ADILABAD,Telangana,ADILABAD,2014,Kharif,2.244845,-0.28948299557897106,0.35229514612201734,1.8139650479090488,0.4675331753528813,0.3854422677398069,0.4641671110271979,0.5675841940774148,0.23331665106077298,-0.03471963945838763,-0.013281778228302904,0.6765702995504621,-0.16891758051122355,-0.09573402771588567,0.12689246208728297,0.9134273196798925,-0.10918874010931096,-0.03216594726948559,-0.28240441867794885,-0.14817639072600314,-1.1729881789692822,0.36868566954791926,0.0,0.0,0.0,1.0,1.0,0.0,0.0
IND_TELANGANA_ADILABAD,Telangana,ADILABAD,2014,Rabi,3.223993,-0.6384671777657837,0.35229514612201734,1.8139650479090488,0.3788234372325174,0.1156134777298088,-1.743503471582118,-0.9157981460270267,-1.9527962255898659,-1.2666313790143264,-0.8802586015534594,-0.6012731241204139,0.4209439576052179,-1.3333794644158112,0.33487770168147063,-0.36440579818454066,-0.27533951725953537,1.3528952673604102,-0.8599762759174985,-0.8453885235154683,0.7351965865847413,-0.054210551598522505,0.0,0.0,0.0,1.0,0.0,1.0,0.0
IND_TELANGANA_KARIMNAGAR,Telangana,KARIMNAGAR,2014,Kharif,3.525931,1.973005093917008,0.6485176720929396,1.5303178944226856,0.4675331753528813,0.8204694989643809,0.7289506805298288,0.9957596166699468,0.29652665804028244,0.008125800295559895,-0.24423383068091764,0.09705584314071967,-0.13047747871213,-0.33711002162501996,0.4611400637809149,1.2618582413269495,2.2538703020963022,0.1190394899455197,-0.34230135417536933,-0.3699682141909257,-1.4417636125898405,1.0845414961815443,0.0,0.0,0.0,1.0,1.0,0.0,0.0
IND_TELANGANA_KARIMNAGAR,Telangana,KARIMNAGAR,2014,Rabi,3.618995,0.7069578509429282,0.6485176720929396,1.5303178944226856,0.3788234372325174,0.2875133342898287,-1.414750973132414,-0.577006934937235,-1.5835042112345972,-1.370781002697394,-0.8975207725477193,-0.5049853541484111,0.3363979823243405,-1.0959976071172834,0.6728590730160792,-0.09172498834280252,2.33667862827625,1.2504438182310376,-0.9193111758271434,-0.8685766181722058,0.3031132653364086,0.820045981057567,0.0,0.0,0.0,1.0,0.0,1.0,0.0
IND_TELANGANA_KHAMMAM,Telangana,KHAMMAM,2014,Kharif,2.973904,0.8853050733498795,1.2322371058845452,1.2141443629051327,0.4675331753528813,0.5274058116666787,0.8673387123994228,0.8883771813139191,0.7642789701477672,-0.40467937634085904,-0.0707095235621481,0.5509109286586159,-0.4205200530544066,0.16496974182346996,0.8326129202357707,1.1744749891700208,1.1178204362105317,-0.2120667928743761,-0.30454460629646524,-0.2227977911953859,-1.5844292347977196,0.8681920513637886,0.0,0.0,0.0,1.0,1.0,0.0,0.0
IND_TELANGANA_KHAMMAM,Telangana,KHAMMAM,2014,Rabi,3.621991,-0.3023597661549513,1.2322371058845452,1.2141443629051327,0.3788234372325174,0.33446903022837043,-1.1522802120450188,-0.33570872190131434,-0.8463154200550529,-1.4316117563529884,-0.906063210107904,-0.2514701274263708,0.40441579619968354,-0.4972716591542216,1.0497504461340412,0.10248722847460313,0.37718192246304133,1.0974964064227133,-1.0295705145293348,-0.8804651422758395,0.1261890892118903,0.35848449446944264,0.0,0.0,0.0,1.0,0.0,1.0,0.0
IND_TELANGANA_MAHBUBNAGAR,Telangana,MAHBUBNAGAR,2014,Kharif,2.536855,0.8989402304137702,-0.01616497855024476,0.8470213881531867,0.4675331753528813,-0.023336786598224513,0.01137139557272634,0.0018400741719820889,0.16821545447474828,0.684080982796632,-0.05172274724913374,0.5370679654424841,0.3256314265409551,0.16111179793075295,-0.2512377573297235,0.4530488516176456,1.1320616884037464,-0.026620515586787512,-0.27545926462898457,-0.12755682223803833,-0.3334079385072651,0.8716679026419932,0.0,0.0,0.0,1.0,1.0,0.0,0.0
IND_TELANGANA_MAHBUBNAGAR,Telangana,MAHBUBNAGAR,2014,Rabi,2.743996,-0.07801956319992814,-0.01616497855024476,0.8470213881531867,0.3788234372325174,0.3778787693307706,-1.491485303585259,-0.6412719823435238,-1.6670252829060657,-0.5401954344756635,-0.9387662399373657,-1.0329079550293863,0.57496092612343,-1.2271934557150048,-0.09149506591211977,-0.1434496039693282,0.8127177858620903,1.3771909984343516,-0.7632258640215293,-0.907442550945954,0.5801263780889732,0.5095576866158483,0.0,0.0,0.0,1.0,0.0,1.0,0.0
IND_TELANGANA_MEDAK,Telangana,MEDAK,2014,Kharif,3.167511,0.30931053578185885,0.03211990604263495,1.3014749238188337,0.4675331753528813,0.11199211176669628,-0.033557888108605584,0.07072975873755366,-0.119693157215681,0.4668151003564119,-0.17007580197448513,0.3426535078756725,0.1887920402741748,-0.19517954815636732,-0.5474604210233813,0.5091083427015147,0.5162220318009175,0.11254341283149662,-0.34645640298501085,-0.23867559822049486,-0.5033164105941562,0.6892944252336581,0.0,0.0,0.0,1.0,1.0,0.0,0.0
IND_TELANGANA_MEDAK,Telangana,MEDAK,2014,Rabi,3.487998,-0.2764324280995113,0.03211990604263495,1.3014749238188337,0.3788234372325174,-0.1582608700098765,-1.784797362873887,-1.1972924422181288,-1.9309844518790866,-0.8651637661888246,-0.8861738366187193,-0.5367066831418411,0.43683272009147195,-1.194209324558647,-0.3729002840043759,-0.5909703905903175,0.42751752681524363,1.1669483790604602,-0.892714848905533,-0.8456061730832243,1.0714198064050768,0.3787920964364759,0.0,0.0,0.0,1.0,0.0,1.0,0.0
IND_TELANGANA_NALGONDA,Telangana,NALGONDA,2014,Kharif,3.098001,1.9441864073764092,0.531295707870846,1.0186224262280383,0.4675331753528813,0.7773778111225396,0.937104378667997,1.113164011379556,0.4330595772996642,0.30151070868161817,-0.20983843114613687,0.13669473412123717,-0.01814972060789554,-0.26064091179097515,0.6137196257239552,1.357396937140916,2.2237706920040368,-0.0655617691808705,-0.3150426281681657,-0.3503038757244893,-1.437679062597002,1.0799751115257443,0.0,0.0,0.0,1.0,1.0,0.0,0.0
IND_TELANGANA_NALGONDA,Telangana,NALGONDA,2014,Rabi,3.368997,1.4458474862267237,0.531295707870846,1.0186224262280383,0.3788234372325174,0.349285257518265,-1.0891711441149015,-0.38959764186178597,-1.1067633050677685,-1.065859169348006,-0.9516604853112294,-0.5783377348803985,0.3877663694818755,-0.7312819976512657,0.8159872406149442,0.05911398307944454,3.7711645320791067,1.0635001819895888,-0.9579109770877134,-0.9225117774431666,0.16356961862691083,0.992588006201731,0.0,0.0,0.0,1.0,0.0,1.0,0.0
IND_TELANGANA_NIZAMABAD,Telangana,NIZAMABAD,2014,Kharif,3.597001,0.9167149137241725,0.0011331602520301002,1.4956215789529068,0.4675331753528813,0.35881432999615126,0.19223183096565746,0.3800260838927943,2.9904778691797685e-05,0.24294008093287228,-0.16507928189211257,0.3702883532628622,0.11802521192300643,-0.26023180799963574,-0.23318490821619614,0.760800518266771,1.1506265114402594,0.14365064388970272,-0.351093196584174,-0.2601112164491916,-0.8098500995931455,0.8761587483613869,0.0,0.0,0.0,1.0,1.0,0.0,0.0
IND_TELANGANA_NIZAMABAD,Telangana,NIZAMABAD,2014,Rabi,3.802005,0.038534960160816,0.0011331602520301002,1.4956215789529068,0.3788234372325174,0.1656182448331946,-1.616645882968099,-0.8565842339755992,-1.9481427389420352,-0.9816024310144364,-0.8757456156726072,-0.7553846371206933,0.40911207102058456,-1.4104434383904905,-0.049896736732871205,-0.31674665897562987,1.0389974676500946,1.3004948041503888,-0.793796585456708,-0.8420938720784531,0.6597295283999383,0.5716276967130736,0.0,0.0,0.0,1.0,0.0,1.0,0.0
IND_TELANGANA_WARANGAL,Telangana,WARANGAL,2014,Kharif,2.953034,0.6495100744837082,0.8525059997480255,1.3357032996521332,0.4675331753528813,0.7888823312047256,0.7926106347226083,1.0015079477105835,0.4145877570298083,-0.13833875262218306,-0.29648776005850025,0.02743237869942668,-0.01814972060789554,-0.23541443033219392,0.578733484031049,1.2665359882893905,0.8715439545170883,0.04807556895195427,-0.38001795665514737,-0.4120622143467555,-1.3632800154886537,0.8033628356491264,0.0,0.0,0.0,1.0,1.0,0.0,0.0
IND_TELANGANA_WARANGAL,Telangana,WARANGAL,2014,Rabi,3.341994,-0.1250395254503788,0.8525059997480255,1.3357032996521332,0.3788234372325174,0.12914231941676668,-1.4175055388409785,-0.6035406098133085,-1.2488808071495645,-1.4537320304095689,-0.9180226226921624,-0.17377585786275657,0.3877663694818755,-0.7267898456390105,0.792904008388146,-0.11308098494617874,0.7214328673670382,1.127630232582555,-1.074995033641488,-0.8878980166452259,0.375265450924222,0.48185186461449875,0.0,0.0,0.0,1.0,0.0,1.0,0.0
IND_ANDHRAPRADESH_ANANTAPUR,Andhra Pradesh,ANANTAPUR,2015,Kharif,3.045575,-0.5430842771925408,-0.2678187564418995,-0.006791370403704205,0.4675331753528813,0.16518097063214043,0.06870670777462505,0.1212308031678844,0.21716866105809138,1.4742147042164648,-0.2913945331358241,0.0029645581070708743,0.7269865378193767,0.10167757968711318,-0.2560558488428381,0.5502039416699352,-0.48716077356738413,0.0804503272519225,-0.36406016050218104,-0.3493468506888098,-0.11251200940313155,0.10591610716624635,1.0,0.0,0.0,0.0,1.0,0.0,0.0
IND_ANDHRAPRADESH_ANANTAPUR,Andhra Pradesh,ANANTAPUR,2015,Rabi,2.696026,-0.6448818634760266,-0.2678187564418995,-0.006791370403704205,0.3788234372325174,0.5287061562848823,-1.363988262217461,-0.4740368021612503,-1.5382695523852923,-0.12628516749333318,-0.8653335125332122,-1.2927572313410962,1.32091597595675,-1.275457637131469,-0.13422532241601914,-0.008848047395756418,-0.4337630258693169,1.4037828095877931,-0.569664822130899,-0.839720916550484,1.0587163992123594,-0.06735478578729795,1.0,0.0,0.0,0.0,0.0,1.0,0.0
IND_ANDHRAPRADESH_CHITTOOR,Andhra Pradesh,CHITTOOR,2015,Kharif,3.438898,-0.7098819053773552,0.42459567446986046,-0.36461738338663735,0.4675331753528813,-0.5230350578965065,-0.3742371615017521,-0.603510347563174,-0.006999804529389575,0.7305728429551698,0.45152353188604605,0.3802491570530701,0.49732807583499783,0.3867991371442337,-0.9454627689219842,-0.03955953792400344,-0.6017725329907778,-0.14134933551113724,0.41289382150140685,0.4167201197258748,0.37942930631499944,-0.22835319069420093,1.0,0.0,0.0,0.0,1.0,0.0,0.0
IND_ANDHRAPRADESH_CHITTOOR,Andhra Pradesh,CHITTOOR,2015,Rabi,3.837996,0.38347441441210595,0.42459567446986046,-0.36461738338663735,0.3788234372325174,-0.2693599889717458,-1.8493329023316534,-1.5181003943036127,-1.137559517750178,-0.27160307900392183,-0.8136437063907362,-0.9982750064665116,0.7514530673120675,-0.2789598047770937,-0.8181115563574851,-0.8491771247524751,0.8635966271705074,1.1260995125295434,-0.6210107876142792,-0.7599403218804994,1.7809931329549715,0.7167636987313869,1.0,0.0,0.0,0.0,0.0,1.0,0.0
IND_ANDHRAPRADESH_EASTGODAVARI,Andhra Pradesh,EAST GODAVARI,2015,Kharif,3.056896,2.7401446258754696,1.9295220096615435,0.9989009108529308,0.4675331753528813,-0.43546667202815253,1.1372792976792254,0.49724990275817743,1.7168902958683308,-0.6476221357967387,0.7064749985407656,1.4475365129124886,-1.1798142872381718,1.2590940466477614,1.25904400726999,0.8561922691499648,1.7688464176418457,-1.1662331331996496,0.3110047985171873,0.46391994927931995,-1.9022625781788478,1.1915633702040724,1.0,0.0,0.0,0.0,1.0,0.0,0.0
IND_ANDHRAPRADESH_EASTGODAVARI,Andhra Pradesh,EAST GODAVARI,2015,Rabi,4.867333,1.5720398378713303,1.9295220096615435,0.9989009108529308,0.3788234372325174,0.862816598814433,-0.3698605791296106,0.16146296823667158,-0.3825002825855427,-0.7749929268054052,-0.9145734120546539,-1.3336220674034838,0.18177869601538965,-0.5709352568198403,1.4685635562383204,0.502642765748198,2.3630738391971446,0.9476282337908041,-0.6149287596465447,-0.8949353066386528,-0.502313897659843,1.0163848641313762,1.0,0.0,0.0,0.0,0.0,1.0,0.0
IND_ANDHRAPRADESH_GUNTUR,Andhra Pradesh,GUNTUR,2015,Kharif,2.900354,1.6779611506828294,0.9900908704822137,0.6550402800936405,0.4675331753528813,0.8364417938357741,1.4121336432750147,1.4490049856334544,1.1134386412867143,0.25775366382652465,-0.041907002958279996,0.3977699555148202,-0.250556194875449,0.07736444622758733,1.217020653076556,1.6306900175274759,1.0389875961370516,-0.3627969073737272,-0.20849673888521822,-0.24340616519553274,-1.814666647326147,1.0354244687930643,1.0,0.0,0.0,0.0,1.0,0.0,0.0
IND_ANDHRAPRADESH_GUNTUR,Andhra Pradesh,GUNTUR,2015,Rabi,3.467816,-0.8183627725855522,0.9900908704822137,0.6550402800936405,0.3788234372325174,0.6078239065844242,-0.44452898530102286,0.023834744080107884,-0.2967569295644964,-0.48013274589147603,-0.8139499447183655,-0.9583296292155289,0.2626476264140855,-0.3592558195999918,1.4147970083194914,0.39187077877907217,-0.652624037801538,0.8007147068426034,-0.6370890199646252,-0.8030382653329371,-0.31954541116175283,-0.8040135957161266,1.0,0.0,0.0,0.0,0.0,1.0,0.0
IND_ANDHRAPRADESH_KRISHNA,Andhra Pradesh,KRISHNA,2015,Kharif,3.353997,2.471265016474203,1.3401384380599264,0.8092353539734269,0.4675331753528813,0.4094565572317503,1.2092829141907337,1.056703964090346,1.4235451979512863,-0.46537708265894634,0.24216934043465377,1.032349778518626,-0.250556194875449,0.5948807422677747,1.3389323628156728,1.3114521554575032,1.5840910276640743,-0.5524858800121962,-0.10407855575599814,0.012337329840970442,-1.5696231495607522,1.156897620963301,1.0,0.0,0.0,0.0,1.0,0.0,0.0
IND_ANDHRAPRADESH_KRISHNA,Andhra Pradesh,KRISHNA,2015,Rabi,5.63381,-0.7037990137555731,1.3401384380599264,0.8092353539734269,0.3788234372325174,1.066923681160098,-0.5174265992312196,0.2504968359974575,-0.36945338622212043,-0.80947904851167,-0.9253239891351127,-1.2286505197682247,0.2626476264140855,-0.5812951020386818,1.539571782869409,0.5743029103141096,-0.5080920260843945,1.2152728551525718,-0.6695666478583351,-0.9054220408544567,-0.5108102612840133,-0.2105711247487135,1.0,0.0,0.0,0.0,0.0,1.0,0.0
IND_ANDHRAPRADESH_KURNOOL,Andhra Pradesh,KURNOOL,2015,Kharif,3.152107,-0.1278202759060506,-0.0734708749325743,0.40315814233704866,0.4675331753528813,0.61874946723192,0.46942142898884726,0.705815002819081,0.3859760966324711,0.8669337726685253,-0.3176020868582023,-0.035346225701417607,0.5591884179861394,-0.10052434769117927,0.1331499834300845,1.0259136641745028,-0.20182013298339568,0.1478933392406003,-0.3816438453197893,-0.41107003090912325,-0.7217408985279402,0.48015824243663113,1.0,0.0,0.0,0.0,1.0,0.0,0.0
IND_ANDHRAPRADESH_KURNOOL,Andhra Pradesh,KURNOOL,2015,Rabi,2.758624,-0.7130418490769823,-0.0734708749325743,0.40315814233704866,0.3788234372325174,0.8010446755859938,-1.3888039479312184,-0.34355928166969213,-1.2767976138019959,-0.5318235251973029,-0.8832887492163173,-1.313087487282134,1.1432753219758092,-1.097656913802748,0.28117179272648457,0.09616859645204126,-0.5197527128987997,1.6363632622934126,-0.5840368750183502,-0.8590619497940708,0.767467767275919,-0.23787787664934754,1.0,0.0,0.0,0.0,0.0,1.0,0.0
IND_ANDHRAPRADESH_PRAKASAM,Andhra Pradesh,PRAKASAM,2015,Kharif,4.330584,-0.6354494315326398,0.7958439581818378,0.4707338942814897,0.4675331753528813,0.543891900638839,1.9225322519387074,1.6631980328388192,1.2675389598239553,1.299870228621956,0.08192610605096322,0.2461614137233594,-0.12406545005141698,0.07150855358649069,1.360843683555902,1.8049911962272733,-0.5506276164385004,-0.9627245927169977,0.0052975841653996264,-0.16627107947027184,-1.8538871908070857,-0.04815825653644898,1.0,0.0,0.0,0.0,1.0,0.0,0.0
IND_ANDHRAPRADESH_PRAKASAM,Andhra Pradesh,PRAKASAM,2015,Rabi,3.882674,-0.38248013865899544,0.7958439581818378,0.4707338942814897,0.3788234372325174,-0.2058489658937217,0.39952405534349045,0.1060526219644796,0.04644810017631375,0.4902406653266998,-0.6902296603561439,-0.744044645113382,0.38833661710737377,-0.08446982290177855,1.558349648665111,0.4580449792633885,-0.10272077289426167,-0.45136089930847073,-0.5672159527841542,-0.6950612503960417,-0.28762811041560465,0.28916956208723915,1.0,0.0,0.0,0.0,0.0,1.0,0.0
IND_ANDHRAPRADESH_SRIKAKULAM,Andhra Pradesh,SRIKAKULAM,2015,Kharif,2.305456,2.363589934909411,2.8367514851732647,1.597894743958143,0.4675331753528813,-0.8817973734694307,2.113244533509717,0.9434528137975471,1.8984259803996317,1.124842049201578,0.9747397735439994,1.3316847026756182,-0.912345100447333,1.0663585907201594,1.2666809821995517,1.2192931930509585,1.5101041892780016,-2.2242838937142224,0.6906196926617079,0.6124967402531272,-1.9830526199976517,1.142223901040716,1.0,0.0,0.0,0.0,1.0,0.0,0.0
IND_ANDHRAPRADESH_SRIKAKULAM,Andhra Pradesh,SRIKAKULAM,2015,Rabi,2.710498,-0.8155030235373897,2.8367514851732647,1.597894743958143,0.3788234372325174,-1.2507995326531187,0.489121223881843,-0.37770008810427375,-0.2371307721566009,0.9724319171572925,-0.828053025596029,-0.5182153448236082,0.054082313417234074,-0.14543130765051723,1.5104448672487263,0.06868989440045035,-0.6490162275885556,-1.3396947030954323,-0.8275990115216072,-0.806632350882224,-0.1352696948783941,-0.7740837647434846,1.0,0.0,0.0,0.0,0.0,1.0,0.0
IND_ANDHRAPRADESH_VIZIANAGARAM,Andhra Pradesh,VIZIANAGARAM,2015,Kharif,2.949829,1.1039099784900794,2.5004643770907284,1.5280363685641372,0.4675331753528813,-1.5298481066431564,-0.1953470953444389,-1.061270112631897,0.6555965218483734,-1.0027682897855577,1.494458451144291,1.558229137596482,-0.9911234569500947,1.3777436601768929,-0.731607478813925,-0.41206493739345257,0.6445393999328823,-1.0642500038729987,1.2488414675220643,1.5529964723106555,-0.5073207425003841,0.9208992299506079,1.0,0.0,0.0,0.0,1.0,0.0,0.0
IND_ANDHRAPRADESH_VIZIANAGARAM,Andhra Pradesh,VIZIANAGARAM,2015,Rabi,2.75952,-0.8214279179741905,2.5004643770907284,1.5280363685641372,0.3788234372325174,-0.7741958310200342,-2.3343578160689553,-2.09310825454826,-1.7164937366420696,-1.4386011485028116,-0.8613685320807491,-0.41181352792616666,-0.03631346044017959,-0.661350637631798,-0.5312690445095598,-1.3119801841722105,-0.6564910891339666,1.0792701583496647,-0.9109007147100454,-0.7951079620914067,1.7621041095161736,-0.8384898623397121,1.0,0.0,0.0,0.0,0.0,1.0,0.0
IND_ANDHRAPRADESH_WESTGODAVARI,Andhra Pradesh,WEST GODAVARI,2015,Kharif,3.175708,2.761758640780919,1.5405613785784846,0.9211625636915421,0.4675331753528813,-0.2488477190831925,0.9051649366140769,0.47061496573741746,1.4853285008066053,-0.8860068697468819,0.5071138472541166,1.352066039661736,-0.476514561546394,1.0615872988281785,1.0819741461419028,0.8345178918632834,1.7836980330799657,-0.8511821954420602,0.10024145310065574,0.2998819581878616,-1.340168495705874,1.1942365575657397,1.0,0.0,0.0,0.0,1.0,0.0,0.0
IND_ANDHRAPRADESH_WESTGODAVARI,Andhra Pradesh,WEST GODAVARI,2015,Rabi,4.757334,1.8989992124717423,1.5405613785784846,0.9211625636915421,0.3788234372325174,1.1048676778781237,-0.749056062117382,0.08359636960375572,-0.573958586296204,-1.0313730476417429,-0.9399267220210133,-1.3911904052063735,0.37046451534016217,-0.7048389015448667,1.283372160737609,0.43997075278025743,2.775561086466227,1.4128069382724149,-0.6238811836518563,-0.9165278280942598,-0.28284423258832364,1.0727197428461086,1.0,0.0,0.0,0.0,0.0,1.0,0.0
IND_KARNATAKA_BANGALORERURAL,Karnataka,BANGALORE RURAL,2015,Kharif,2.632102,-0.8484770360429981,-0.19750098158330961,-0.4216397977124417,0.4675331753528813,-0.8414757059968808,-1.0131719558569239,-1.3244895015399105,-0.3468864600033339,0.9871896789282634,-0.051013563753571155,0.2153084624962555,0.5730768039161513,0.48348082848278756,-1.7858698765477206,-0.626261664793833,-0.6937051746108664,0.07009885477754377,-0.14813813129783535,0.02779765800672377,1.2542761288236268,-1.3886747311041405,0.0,1.0,0.0,0.0,1.0,0.0,0.0
IND_KARNATAKA_BANGALORERURAL,Karnataka,BANGALORE RURAL,2015,Summer,2.96875,-0.859094446873745,-0.19750098158330961,-0.4216397977124417,-2.2381138373182194,0.29613144970365063,-0.6618745815829499,-0.16540325353917068,-0.7728038651653872,0.4765388881019893,-0.6032579753094336,-1.1256711328910074,-1.5047441903876237,-0.6766875750277302,-1.7738646319268236,-2.0435455219468275,-0.6999624989245263,0.7123742731771285,-0.30894052750086753,-0.41169931107222474,1.446475935570649,-2.7558662972182772,0.0,1.0,0.0,0.0,0.0,0.0,1.0
IND_KARNATAKA_BIDAR,Karnataka,BIDAR,2015,Kharif,0.850226,-0.8351262739120737,-0.3830668900350699,1.3260573039400396,0.4675331753528813,0.5986444806805169,0.13589386615462445,0.5121474099054011,-0.15268116587832928,0.4447846437453426,-0.33549285231443826,-0.09327213081985133,0.20623319919611527,-0.4895011838977218,-0.684865993512211,0.868315225937435,-0.6805701393561668,0.37342516554885413,-0.38116210053026645,-0.4137986074491809,-0.8433128371230729,-1.036878698924493,0.0,1.0,0.0,0.0,1.0,0.0,0.0
IND_KARNATAKA_CHITRADURGA,Karnataka,CHITRADURGA,2015,Kharif,2.399055,-0.8462176762977648,-0.6853982879596192,-0.018470836404734677,0.4675331753528813,-0.08937049798263487,-0.23344090056640598,-0.32208289436413423,0.07198377029867813,1.8807905793283721,-0.39541885768946905,-0.11784211350236332,0.4993464918591717,0.2323386708107028,-0.7030387951115504,0.18945413666105645,-0.6914822617430678,0.09851259044700912,-0.4461374290172475,-0.41116115867480724,0.10472890698338717,-1.3062049866975887,0.0,1.0,0.0,0.0,1.0,0.0,0.0
IND_KARNATAKA_CHITRADURGA,Karnataka,CHITRADURGA,2015,Rabi,3.082474,-0.8580674651713662,-0.6853982879596192,-0.018470836404734677,0.3788234372325174,0.26314335068343786,-1.6522338881492722,-0.8354668367691681,-1.7695221239747625,-0.2301275651478335,-0.8579032036365233,-1.1828308223332724,1.3723875889586223,-1.3518482692627698,-0.5946569746875048,-0.29975002865138495,-0.6544205013058894,1.4031064449132198,-0.6036077570927424,-0.8248288857272241,1.5138119255343483,-2.2698167293166573,0.0,1.0,0.0,0.0,0.0,1.0,0.0
IND_KARNATAKA_CHITRADURGA,Karnataka,CHITRADURGA,2015,Summer,2.152975,-0.8540227372358437,-0.6853982879596192,-0.018470836404734677,-2.2381138373182194,1.235235371519942,0.3129108652607973,1.1324856267098733,-0.6529703984369211,1.1804119768257137,-0.6996585772857818,-1.2714053544984987,-1.4777912208969304,-1.2472375177854809,-0.701879254415437,-1.3394343954020091,-0.6529567837257948,0.7469936109677109,-0.3717279317354305,-0.6028929794715164,0.24789989676037355,-1.6963020258375758,0.0,1.0,0.0,0.0,0.0,0.0,1.0
IND_KARNATAKA_DAKSHINAKANNADA,Karnataka,DAKSHINA KANNADA,2015,Kharif,2.718898,-0.41674972808145094,-1.3294282739422296,-0.5491692637226949,0.4675331753528813,-1.2847013039596584,1.3082635613479376,0.10684492757926578,1.5039306463597895,-0.7984168129449329,3.8412433448009087,2.107963344725759,-0.8951304370673425,1.3687624048508167,0.9446085578150433,0.5384973288529461,-0.2689547744929081,-1.9592298638260819,3.9554442766616003,3.2804351286067623,-1.4069971059887891,0.2558868029470472,0.0,1.0,0.0,0.0,1.0,0.0,0.0
IND_KARNATAKA_DAKSHINAKANNADA,Karnataka,DAKSHINA KANNADA,2015,Rabi,2.607755,-0.5580624103287731,-1.3294282739422296,-0.5491692637226949,0.3788234372325174,-0.18985828156256523,0.7536087205772996,0.4267084314187881,0.19218581601651044,-1.4958988028299245,-0.765209697205161,0.07744072183077384,0.8707280249593026,-0.15209258231537748,1.0079095610995303,0.7161292593165857,9.17781637283964,-0.6950123737928343,-0.9834033055333321,-0.7700930810795784,-0.17468412287237764,0.08426936015127871,0.0,1.0,0.0,0.0,0.0,1.0,0.0
IND_KARNATAKA_DAKSHINAKANNADA,Karnataka,DAKSHINA KANNADA,2015,Summer,2.147937,-0.8347154812311223,-1.3294282739422296,-0.5491692637226949,-2.2381138373182194,-0.18059128974116587,1.7687948004681748,1.0163753588837652,1.370329414690112,-1.0187213790556437,0.8006996966102734,-0.6316663459418135,-2.6985400560006054,0.5885277409499932,0.9464178411425795,-1.4024247890532573,-0.47401298128044467,-1.4224056701229604,1.2453889631971435,1.196129173863087,-0.9948395296396021,-1.0294503464032407,0.0,1.0,0.0,0.0,0.0,0.0,1.0
IND_KARNATAKA_DHARWAD,Karnataka,DHARWAD,2015,Kharif,0.304934,-0.482034164915746,-1.3656452247564865,0.3684610951399253,0.4675331753528813,-0.9471609186354553,-0.42120979105706136,-0.9863612332593761,0.2371979315921334,0.7280659289270117,0.10615116954710803,1.0195284362040529,0.07818604916574745,0.8879084683435094,-0.95647840553501,-0.351107281951013,-0.33318430564865137,-0.4415948509031729,-0.2684338197817684,0.14055014647536362,0.402538554472555,0.18467106823494797,0.0,1.0,0.0,0.0,1.0,0.0,0.0
IND_KARNATAKA_DHARWAD,Karnataka,DHARWAD,2015,Summer,3.0,-0.8594104412437077,-1.3656452247564865,0.3684610951399253,-2.2381138373182194,1.1242223374452465,0.003818313502848932,0.679059681902167,-0.43233460376934096,0.12796388755060953,-0.4882090709611352,-1.1596400278678676,-1.615966529984078,-0.789150682968112,-0.9551889163126349,-1.5854202094895284,-0.7028911490401668,0.8831999758218985,-0.15231325280703897,-0.3218984126587053,0.48328269643793925,-3.1718517233925994,0.0,1.0,0.0,0.0,0.0,0.0,1.0
IND_KARNATAKA_GADAG,Karnataka,GADAG,2015,Kharif,3.224118,-0.8457120853058244,-1.1187200932133095,0.43114451806247717,0.4675331753528813,-0.27873713242295833,-0.28420831531623864,-0.5118982026013624,0.11525863835352618,1.5991805701654758,-0.272746230763874,0.17939848780643214,0.07818604916574745,0.405936631941276,-0.884906755671827,0.03499052361347339,-0.6909848893551439,-0.013980452259243142,-0.41016715139949333,-0.28193742675983097,-0.07536128212730812,-1.2896642819732418,0.0,1.0,0.0,0.0,1.0,0.0,0.0
IND_KARNATAKA_GADAG,Karnataka,GADAG,2015,Summer,3.322464,-0.8465178709492294,-1.1187200932133095,0.43114451806247717,-2.2381138373182194,1.463426968878428,0.2752184315497871,1.1904053287397582,-0.7095362709643399,0.874910317303567,-0.7139873074574877,-1.3692766368679183,-1.615966529984078,-1.3149108961058047,-0.8855265101817915,-1.308012671041768,-0.5834001285238828,0.9541022809078745,-0.3511132692837372,-0.6220585723772347,0.051299314897419006,-1.316323978364162,0.0,1.0,0.0,0.0,0.0,0.0,1.0
IND_KARNATAKA_HASSAN,Karnataka,HASSAN,2015,Kharif,2.740742,-0.20045158184197862,-0.9061681677665311,-0.5042975478074482,0.4675331753528813,-1.6633452173445118,-1.173744885786815,-1.9078698622297081,-0.24352111492075357,0.15998401672842583,0.2631063713604649,1.0130411434791489,0.08110042543103722,1.0243065265874698,-1.8997047855759874,-1.1009917544266983,-0.05615213791917738,-0.4613823595106518,-0.070416638588044,0.4701882786403028,1.5199234930852517,0.43348128220039567,0.0,1.0,0.0,0.0,1.0,0.0,0.0
IND_KARNATAKA_HASSAN,Karnataka,HASSAN,2015,Rabi,2.693333,-0.857230080090965,-0.9061681677665311,-0.5042975478074482,0.3788234372325174,-0.8898346781606546,-2.431111936582248,-2.115381935751572,-1.5916072833242878,-1.5347628954432222,-0.8023128882684536,0.007664014254245288,1.034877161304946,-0.4723195342724509,-1.8267396545333063,-1.3299074657245846,-0.6269764800915587,1.0581604608744397,-1.0021913523247483,-0.7247272090522575,2.9543129049100245,-2.076768522806364,0.0,1.0,0.0,0.0,0.0,1.0,0.0
IND_KARNATAKA_HASSAN,Karnataka,HASSAN,2015,Summer,2.463646,-0.844606105010955,-0.9061681677665311,-0.5042975478074482,-2.2381138373182194,-0.3070516551495147,-0.7347782433008542,-0.6303409084151732,-0.5354760531014536,-0.6748183546476466,-0.2943279739583782,-0.7740802996192365,-2.09260635414049,-0.1461180138314251,-1.8924676522657957,-2.2957764955915287,-0.5656813700898501,0.2897859721376842,-0.062367486063088805,0.0652000294395682,1.2062705706773573,-1.2554854658088135,0.0,1.0,0.0,0.0,0.0,0.0,1.0
IND_KARNATAKA_HAVERI,Karnataka,HAVERI,2015,Kharif,1.019353,-0.24567037618364185,-1.2397488314249616,0.15122880816676934,0.4675331753528813,-0.8464349360128964,-0.4087064603520185,-0.9386591144142687,0.25345829032671985,1.1679913573225749,0.058845406831747035,0.7587086200358582,-0.026178286034753032,0.8618304801562463,-0.8288489606392716,-0.3122893294093295,-0.10064016168371014,-0.37126469353049024,-0.22485598902945222,0.08663233159218167,0.25671560171618446,0.4017466118883113,0.0,1.0,0.0,0.0,1.0,0.0,0.0
IND_KARNATAKA_HAVERI,Karnataka,HAVERI,2015,Summer,2.462445,-0.7630479581235805,-1.2397488314249616,0.15122880816676934,-2.2381138373182194,0.8298518260217055,0.10766406988380925,0.5905775182399714,-0.2518173923886429,0.4358585104632703,-0.5341448201055244,-1.1503943587087517,-1.6983156989466819,-0.5712601008941629,-0.8275894595383028,-1.6334222202035378,0.19021713599686813,0.5760622810527994,-0.21315360518394472,-0.37289795807622145,0.46832441185249185,-0.42421527480514803,0.0,1.0,0.0,0.0,0.0,0.0,1.0
IND_KARNATAKA_KODAGU,Karnataka,KODAGU,2015,Kharif,2.698957,-0.41270500014592826,-1.0603223205016303,-0.7035875144423978,0.4675331753528813,-2.074983647547634,-0.4149581257045415,-1.6098595273375023,0.5640830618423065,-2.65345722668889,2.569886868744671,2.3573920878415593,-0.8951304370673425,1.7603413314510967,-0.8010599680946077,-0.8584836370337691,-0.2649754916506549,-1.334919883623952,2.274114815825455,2.914143418101519,0.1557124364142097,0.2599466462627776,0.0,1.0,0.0,0.0,1.0,0.0,0.0
IND_KARNATAKA_KODAGU,Karnataka,KODAGU,2015,Rabi,2.4,-0.8595210392731947,-1.0603223205016303,-0.7035875144423978,0.3788234372325174,-0.6361067858212528,-1.331769681161946,-1.3459357928714244,-0.6615967220941871,-2.91082827737965,-0.708877962728094,0.31593812129988563,0.8707280249593026,0.1246461057286341,-0.7451628828842306,-0.7106080550484553,-0.7020593601642404,0.4625145704792945,-1.0069686548208563,-0.6546208107118767,1.6727480004416537,-3.51711809943621,0.0,1.0,0.0,0.0,0.0,1.0,0.0
IND_KARNATAKA_KODAGU,Karnataka,KODAGU,2015,Summer,2.978261,-0.8588732508147712,-1.0603223205016303,-0.7035875144423978,-2.2381138373182194,-0.4739565518371282,-0.01756384153552652,-0.45418917238971807,0.3882797257793078,-2.7833609536024473,0.6251445458451206,-0.5518777535300017,-2.6985400560006054,0.7055219112304607,-0.7970915400225904,-2.2002133089557727,-0.6979124134696917,-0.36079879151344824,0.9954035628335747,1.3345456714503607,0.23197281258133595,-2.5979490546664117,0.0,1.0,0.0,0.0,0.0,0.0,1.0
IND_KARNATAKA_KOLAR,Karnataka,KOLAR,2015,Kharif,1.546835,-0.853359149058922,0.07396201585600445,-0.4458303378409435,0.4675331753528813,-0.7259613888220671,-0.8641293347873266,-1.134553809406538,-0.2778168655544675,1.0274522375622952,-0.10948896652404291,0.22715926495434885,0.49732807583499783,0.43592964827120134,-1.6090599124722242,-0.47170008845907424,-0.6985083491186117,0.05326890973417114,-0.2256187516128657,-0.057203306064012006,0.9558010423979165,-1.6462362738107619,0.0,1.0,0.0,0.0,1.0,0.0,0.0
IND_KARNATAKA_KOPPAL,Karnataka,KOPPAL,2015,Kharif,3.562505,-0.21312295607748313,-0.8810958694992852,0.4841698717717585,0.4675331753528813,0.0988568538864413,-0.06493784260180681,-0.08745468078914383,0.12145855858642032,1.7107002608725517,-0.3959990987312928,-0.165347485424888,0.47330150892157313,0.12678037860432667,-0.6488202715279999,0.38038458335821806,-0.06861879580616627,0.12490180343866632,-0.4281924356074977,-0.42760100749713864,-0.13366854913563073,0.4248135332865464,0.0,1.0,0.0,0.0,1.0,0.0,0.0
IND_KARNATAKA_KOPPAL,Karnataka,KOPPAL,2015,Summer,3.139793,-0.7041940067180265,-0.8810958694992852,0.4841698717717585,-2.2381138373182194,1.6875640606157136,0.48028278533087115,1.5152612724709706,-0.7786977524536517,0.9113745213494775,-0.7873877992482063,-1.4400238843009274,-1.4132951120409363,-1.546787119418447,-0.6499398280621848,-1.1317767174203233,0.7356883952868071,0.9823311688545884,-0.4147236542004028,-0.7176605395366713,0.010711466113665587,-0.21170455337724617,0.0,1.0,0.0,0.0,0.0,0.0,1.0
IND_KARNATAKA_MANDYA,Karnataka,MANDYA,2015,Kharif,3.701191,-0.030193815306072572,-0.5729209373097439,-0.6394047821920191,0.4675331753528813,-0.5764919832493098,-0.7609646936976936,-0.9945473381968349,-0.0742872112502583,0.5948956170676759,-0.23151688118094513,0.3226808192501799,0.08110042543103722,0.5514919552819947,-1.2878071634073966,-0.3577687854786735,0.11135407390653401,0.09640004504408295,-0.41512510819167275,-0.1962292599159561,0.41396646069583476,0.5360785124453934,0.0,1.0,0.0,0.0,1.0,0.0,0.0
IND_KARNATAKA_MANDYA,Karnataka,MANDYA,2015,Rabi,3.712121,-0.8575144750239315,-0.5729209373097439,-0.6394047821920191,0.3788234372325174,0.16830594460071657,-1.7023325519737664,-0.9730037753470238,-1.5308665811854114,-1.000343218756816,-0.7823590435523996,-0.8888083268643905,1.034877161304946,-1.0577373616595873,-1.2087275482863131,-0.4104485431551228,-0.6362971627065348,1.364624854743353,-0.6250654729261016,-0.7454181379782411,1.3672026533755275,-2.133449173228137,0.0,1.0,0.0,0.0,0.0,1.0,0.0
IND_KARNATAKA_MANDYA,Karnataka,MANDYA,2015,Summer,3.344027,-0.7670136874666125,-0.5729209373097439,-0.6394047821920191,-2.2381138373182194,0.31958726734695336,-0.3088500935345463,0.08668062497597244,-0.4408807298159081,-0.277928283735435,-0.4629202322216453,-0.785420291626549,-2.09260635414049,-0.4764431617207782,-1.2796004141703006,-1.90678877305548,0.1534619999417411,0.47537308578544524,-0.2678717841939891,-0.24320006880287626,0.4679746680772224,-0.4429407345421726,0.0,1.0,0.0,0.0,0.0,0.0,1.0
IND_KARNATAKA_RAICHUR,Karnataka,RAICHUR,2015,Kharif,3.154001,0.7856088496266457,-0.5535249870824451,0.6262314428335712,0.4675331753528813,0.7446513607916224,0.36625678789920796,0.7278452558125057,0.13298764659412063,1.373786208906681,-0.45971278868489657,-0.4196289278230988,0.6130131793617777,-0.35678030275496436,-0.18220510174936722,1.0438409457268913,0.9139729325303322,0.3217734304471082,-0.4076179185549309,-0.5291448101087988,-0.6979159959785344,0.8419206212073674,0.0,1.0,0.0,0.0,1.0,0.0,0.0
IND_KARNATAKA_RAICHUR,Karnataka,RAICHUR,2015,Summer,2.014033,-0.6839545673219152,-0.5535249870824451,0.6262314428335712,-2.2381138373182194,2.2344196948140205,0.8846098501437349,2.2274975459906,-0.8238908150849076,0.7909286973603274,-0.7861628459376893,-1.409630662479526,-1.5110670239012942,-1.9105779088432613,-0.18329467016209378,-0.7453850219943206,0.9232718978166143,1.1206764859292349,-0.4251413852738485,-0.7349215259105312,-0.5999984151195101,-0.15704054868932676,0.0,1.0,0.0,0.0,0.0,0.0,1.0
IND_KARNATAKA_RAMANAGARA,Karnataka,RAMANAGARA,2015,Kharif,2.313294,-0.7949475897713157,-0.338848481629646,-0.5863816236647694,0.4675331753528813,-0.4670091620399197,-0.718249034713157,-0.8880075901137715,-0.1266862519931346,0.5190804594888857,-0.09778743884726167,0.26531680562760324,0.36644973153039556,0.4283850132356338,-1.3142966706891681,-0.27107127633193867,-0.6410408043971607,0.1517663391459766,-0.2260402783036986,-0.07498973995924901,0.5600554168462271,-0.6032702291192611,0.0,1.0,0.0,0.0,1.0,0.0,0.0
IND_KARNATAKA_RAMANAGARA,Karnataka,RAMANAGARA,2015,Rabi,2.444444,-0.8588890505332692,-0.338848481629646,-0.5863816236647694,0.3788234372325174,0.11730740615473138,-1.7608178846073816,-1.132418824287164,-1.4316288402475912,-0.6857437655076729,-0.7941089246493328,-1.0661106343300777,1.0538877539378335,-0.8563071492128813,-1.2254032633362997,-0.5387559585279317,-0.6813467996284851,1.3667607431894346,-0.5700261307230412,-0.7521320375286966,1.578504201990864,-2.607552606978841,0.0,1.0,0.0,0.0,0.0,1.0,0.0
IND_KARNATAKA_RAMANAGARA,Karnataka,RAMANAGARA,2015,Summer,2.22082,-0.8545915271017764,-0.338848481629646,-0.5863816236647694,-2.2381138373182194,0.47442917210372704,-0.3501183825250097,0.12040316388192145,-0.5127832508216925,-0.045468982942753894,-0.5449921040262875,-0.9780469126156308,-1.807689995271745,-0.5834547237905608,-1.3016716715582808,-1.8884941291762112,-0.6582284754294928,0.6272651002564216,-0.2943878203173452,-0.3539990407360127,0.7800236106851595,-1.7441922998511956,0.0,1.0,0.0,0.0,0.0,0.0,1.0
IND_KARNATAKA_UDUPI,Karnataka,UDUPI,2015,Kharif,2.5441,-0.176910001279757,-1.4848945567694636,-0.3353775587209606,0.4675331753528813,-1.585494241642671,0.6725640646265577,-0.5413621611813916,1.0297350185763945,-1.1422438702611684,3.62081622013471,2.1102109107091893,-0.3549385695438938,1.4021709621363239,0.13027112377077302,0.01101400907826152,-0.0329909865405227,-1.736215487456325,3.680046838650666,3.405588936243445,-0.4234667329882852,0.4491512398734143,0.0,1.0,0.0,0.0,1.0,0.0,0.0
IND_KARNATAKA_UDUPI,Karnataka,UDUPI,2015,Rabi,2.199304,-0.759714217520474,-1.4848945567694636,-0.3353775587209606,0.3788234372325174,-0.6233910297782435,-0.29853700274716916,-0.5359588530475176,-0.3038745273870883,-1.8251682989429787,-0.8266185407981865,0.6022473789619923,1.2615029882897464,-0.048027600421213915,0.19387189781624783,-0.0586868697442317,2.568966568510374,-0.27522129879001533,-1.2661072061853735,-0.8014569493359236,1.0740035129513736,-0.40905955847101766,0.0,1.0,0.0,0.0,0.0,1.0,0.0
IND_KARNATAKA_UDUPI,Karnataka,UDUPI,2015,Summer,2.266667,-0.8584150589783253,-1.4848945567694636,-0.3353775587209606,-2.2381138373182194,-0.37785471612139226,1.0535142796192924,0.3733447776570675,0.8761853909968251,-1.441706145988213,0.6172145849401951,-0.5174491291474397,-2.280782057399566,0.5798152573007779,0.1338896904258767,-1.7512720546707987,-0.6936658404281267,-1.060209760789883,0.9719987951425587,1.1147264285172915,-0.016032645117308175,-2.383344468054997,0.0,1.0,0.0,0.0,0.0,0.0,1.0
IND_KARNATAKA_UTTARAKANNADA,Karnataka,UTTARA KANNADA,2015,Kharif,1.633045,0.1717265871000966,-1.6482627368515945,0.13753599437876132,0.4675331753528813,-1.3292226797340505,1.5040112309655487,0.2101644064405934,1.5088332057529155,-0.23891918211548616,3.6305513753919776,2.5423565520689424,-0.28881690418778655,1.2937584574322518,0.9208779577067763,0.6225743200678453,0.31001143976771206,-2.1359794958715757,3.522355710879975,3.0487429578960854,-0.999167124199731,0.6333757148158681,0.0,1.0,0.0,0.0,1.0,0.0,0.0
IND_KARNATAKA_UTTARAKANNADA,Karnataka,UTTARA KANNADA,2015,Rabi,2.378995,-0.8388392077591356,-1.6482627368515945,0.13753599437876132,0.3788234372325174,-0.7333608631234915,0.46555984933896294,-0.07174125682101144,0.08399242874899683,-0.9625544172434904,-0.8964086438842236,1.3719365661970688,1.4686882819890446,0.049207771347255416,1.0044329271739383,0.31494510752769367,-0.02424194046543813,-0.9148664911739974,-1.6554774323177424,-0.8755138338311574,0.7666120988017325,-1.1102993417444602,0.0,1.0,0.0,0.0,0.0,1.0,0.0
IND_KARNATAKA_UTTARAKANNADA,Karnataka,UTTARA KANNADA,2015,Summer,2.543161,-0.8477028498365895,-1.6482627368515945,0.13753599437876132,-2.2381138373182194,-0.33509811138873796,1.7935703691901248,0.9286606425594585,1.2956204109550777,-0.6871250235131433,0.7169354551003124,-0.31527035272877535,-1.9933461861749182,0.5630324878143363,0.926535716620549,-1.450010455796788,-0.5943827183269659,-1.562097734891983,1.0167408424695532,1.1147841537682888,-0.1511021018917701,-1.3586691343315982,0.0,1.0,0.0,0.0,0.0,0.0,1.0
IND_TAMILNADU_ARIYALUR,Tamil Nadu,ARIYALUR,2015,Kharif,5.087635,-0.47396050876319884,0.5517609924645694,-1.1462880455089428,0.4675331753528813,0.8340068565756696,1.5832395346743258,1.5664695722911102,1.2182162410810156,0.45937032536370814,0.5114334194543606,0.30229948226406445,0.6272272779074118,0.12850717716542895,1.4054860003560357,1.7262776949850192,-0.5193265672742152,-0.48854617248337795,0.5181349853127294,0.1658999096713392,-1.2760601294137266,0.19411874766419898,0.0,0.0,1.0,0.0,1.0,0.0,0.0
IND_TAMILNADU_COIMBATORE,Tamil Nadu,COIMBATORE,2015,Kharif,3.904621,-0.8274634104404781,-0.5132307587234963,-1.2547600387087559,0.4675331753528813,-0.8359803430061626,-0.22366203102666943,-0.8138812060661642,0.4283772662325021,-0.3387399406911694,-0.018165473663653533,0.5145923056081696,-0.3381578555871721,0.9724882986918371,-0.5883642186826669,-0.2107503822561197,-0.6892049796188182,-0.4969435404600448,-0.22483591632988947,-0.005660811084096395,-0.15156297649712144,-0.9153100826913297,0.0,0.0,1.0,0.0,1.0,0.0,0.0
IND_TAMILNADU_CUDDALORE,Tamil Nadu,CUDDALORE,2015,Kharif,3.622694,1.3521551555327813,0.6401433328649972,-1.0173719561818362,0.4675331753528813,0.8956844875405874,1.5012381187080028,1.5484420838442903,1.1659459824803178,0.1578569381590814,0.5925059872425286,0.3323351367699187,0.6272272779074118,0.0987995820852666,1.3259575022678043,1.7116076927310935,0.3582261875100348,-0.3805951023934472,0.6072979167737046,0.2292643520796601,-1.264399013783411,0.9740615724168736,0.0,0.0,1.0,0.0,1.0,0.0,0.0
IND_TAMILNADU_DHARMAPURI,Tamil Nadu,DHARMAPURI,2015,Kharif,4.480674,-0.3326952256713711,0.08151263418860487,-0.8134084470008486,0.4675331753528813,0.22444600321090497,-0.0326578429022159,0.07142196614035343,0.26208094214514294,-0.385459702124991,-0.11728998497523029,0.2894781399494896,0.5486794257172597,0.19894914160851312,-0.38572448599730785,0.5096716316027462,-0.45144062768743287,0.20051332431868213,-0.2598226316690337,-0.1922019947821517,-0.21274070967803485,0.3334889843283422,0.0,0.0,1.0,0.0,1.0,0.0,0.0
IND_TAMILNADU_DINDIGUL,Tamil Nadu,DINDIGUL,2015,Kharif,4.799853,-0.6227780572971353,-0.12437908046125698,-1.4464023570080367,0.4675331753528813,-0.42751403290337275,-0.08571185898721272,-0.43819316219024423,0.2584408124878669,0.5106481123032679,-0.08650497414513025,0.23814168964611435,0.5454343258730135,0.5260561649067157,-0.49961937126844447,0.09496854618419484,-0.5908418825332428,-0.27487980952160757,-0.20131071244149087,-0.11417026526891474,0.25609581133460135,-0.0236040236195062,0.0,0.0,1.0,0.0,1.0,0.0,0.0
IND_TAMILNADU_ERODE,Tamil Nadu,ERODE,2015,Kharif,4.268325,-0.31705350435821716,-0.3222312979575126,-1.042661916644677,0.4675331753528813,0.37411645864915877,0.1662521477108244,0.24956003645210562,0.3047539851564471,-1.087623531284065,-0.12762149908103812,0.26005545798457,0.6806812279975671,0.12487757027252855,-0.1175707039818147,0.6546328057947036,-0.4439238501789479,0.1745114113175623,-0.26112735714065927,-0.21704948629321974,-0.2604557390081398,0.3465518892452361,0.0,0.0,1.0,0.0,1.0,0.0,0.0
IND_TAMILNADU_KANNIYAKUMARI,Tamil Nadu,KANNIYAKUMARI,2015,Kharif,4.305703,-0.6548830852853462,-0.31241896934442215,-2.2087839546155306,0.4675331753528813,-0.8995791171304496,0.6717613216046362,-0.21930514303543788,1.1582886355860436,0.47707065774432544,0.37876775236402155,0.3845910458846969,0.17977932165181304,1.2869321325419312,0.5559625038091637,0.2730902930836879,-0.6062702980719232,-1.1950869824947232,0.32057947620896815,0.28718251885633267,-0.2589801426786722,-0.08865264610069008,0.0,0.0,1.0,0.0,1.0,0.0,0.0
IND_TAMILNADU_KARUR,Tamil Nadu,KARUR,2015,Kharif,3.983579,-0.6498429750844411,0.026074902983970957,-1.2962782482065152,0.4675331753528813,0.808920301134298,0.7429621950942308,0.9442654050964813,0.6871306109885924,0.21559192789844064,-0.17553973845165963,0.0880144981619167,1.0062154533230774,0.042519268651572746,0.6847714814820136,1.219954445239367,-0.6038481325100922,0.09979772223379758,-0.2531986408130861,-0.31145566697230503,-0.5694685285962033,-0.07779266334520808,0.0,0.0,1.0,0.0,1.0,0.0,0.0
IND_TAMILNADU_KRISHNAGIRI,Tamil Nadu,KRISHNAGIRI,2015,Kharif,4.486121,-0.49928745751570974,0.0038104879740130993,-0.6794255116803115,0.4675331753528813,-0.19440788327677497,-0.44682459112011014,-0.5046751688330415,-7.551465276181056e-06,0.5338940423825368,-0.12170626401577841,0.2603619442550394,0.5486794257172597,0.3100255779771021,-0.9793493461617143,0.0408683208437619,-0.5314976872476469,0.17016308869652494,-0.25388111259824414,-0.1402427931181372,0.32464360353867827,0.16378552207548508,0.0,0.0,1.0,0.0,1.0,0.0,0.0
IND_TAMILNADU_MADURAI,Tamil Nadu,MADURAI,2015,Kharif,3.638069,0.02491560281542337,-0.013487650828255086,-1.6214322694168066,0.4675331753528813,0.6385863872959887,0.7372700173024394,0.841006118183214,0.7457051622772886,-0.6372906113170627,-0.01669875325237641,0.3774396995737803,1.0386454057194998,0.1639755244701052,0.6832920674904188,1.1359264356680556,-0.2795882164731403,-0.030317470041914603,-0.1691141023416712,-0.17513328624952543,-0.46613599118395177,0.5648044787661817,0.0,0.0,1.0,0.0,1.0,0.0,0.0
IND_TAMILNADU_NAMAKKAL,Tamil Nadu,NAMAKKAL,2015,Kharif,5.039723,-0.67027201110253,0.05618673883841943,-1.0910418993106639,0.4675331753528813,0.678036838684633,0.44173895750570924,0.6862827156705076,0.5033409583979698,-0.40559098144200567,-0.15233009677870457,0.18685632038781813,0.6511446058205222,0.041439424923279074,0.275493599917846,1.0100191208309375,-0.6136655800352664,0.21464977397332144,-0.26313462709700775,-0.27353366717895444,-0.6372260989889355,-0.12354632042951845,0.0,0.0,1.0,0.0,1.0,0.0,0.0
IND_TAMILNADU_PERAMBALUR,Tamil Nadu,PERAMBALUR,2015,Kharif,4.557314,-0.636997803945457,0.3868219193408594,-1.1258900482043204,0.4675331753528813,0.4670908520124604,0.5750429502364782,0.6410484666962641,0.6254024403575392,-0.16378772836255767,0.2201201808453459,0.38362050602821607,0.6511446058205222,0.19808812083837732,0.379152539733657,0.973209415676268,-0.5976753994697371,-0.04806285142657557,0.12338527569734688,0.038617730999447104,-0.602134993982189,-0.05125337474771105,0.0,0.0,1.0,0.0,1.0,0.0,0.0
IND_TAMILNADU_PUDUKKOTTAI,Tamil Nadu,PUDUKKOTTAI,2015,Kharif,3.517501,0.3036542365595264,0.3933337288818307,-1.4549727135244714,0.4675331753528813,0.8279976994841814,1.1549153186153123,1.2724620019455424,1.018227674830174,0.006302590093261654,0.13397050394121993,0.35762025408352094,1.0062154533230774,0.1437486719031179,1.1765766732795568,1.4870268568905374,-0.14563831486840667,-0.18330096630441467,0.026313700608362415,-0.09343394619424153,-0.8104108193460362,0.6871283865210436,0.0,0.0,1.0,0.0,1.0,0.0,0.0
IND_TAMILNADU_RAMANATHAPURAM,Tamil Nadu,RAMANATHAPURAM,2015,Kharif,2.603,0.9823627440839247,0.36740765376867396,-1.7949314082219572,0.4675331753528813,0.32919298314373596,1.8507475653422503,1.4496069051141323,1.4828806581062173,1.8077102370530256,0.03745707731785148,0.062269651442612435,1.0386454057194998,0.3960943558450578,1.476697792761871,1.631179833963327,0.1805198171919527,-1.0799708625798397,0.022178724498286492,-0.1828333976383183,-0.91135826716063,0.8923641747102781,0.0,0.0,1.0,0.0,1.0,0.0,0.0
IND_TAMILNADU_SALEM,Tamil Nadu,SALEM,2015,Kharif,4.958364,-0.46912579490276946,0.1037089536855479,-0.9883955533599948,0.4675331753528813,0.678036838684633,0.44173895750570924,0.6862827156705076,0.5033409583979698,-0.40559098144200567,-0.15233009677870457,0.18685632038781813,0.6511446058205222,0.041439424923279074,0.275493599917846,1.0100191208309375,-0.5170032687122432,0.21464977397332144,-0.26313462709700775,-0.27353366717895444,-0.6372260989889355,0.19968203431116527,0.0,0.0,1.0,0.0,1.0,0.0,0.0
IND_TAMILNADU_SIVAGANGA,Tamil Nadu,SIVAGANGA,2015,Kharif,2.819349,0.202251643238494,0.25050409477294255,-1.6045227822246366,0.4675331753528813,0.7049551817895716,1.3541172157817887,1.344451571836684,1.1592949038931029,0.2279745638556968,0.11382324554455761,0.3179813631030058,1.0386454057194998,0.21363406490914932,1.2640620195927998,1.5456089026190651,-0.19436805185269865,-0.424430419504326,0.016799241015272394,-0.11541992094339723,-0.8382242186256693,0.6464005607555692,0.0,0.0,1.0,0.0,1.0,0.0,0.0
IND_TAMILNADU_THANJAVUR,Tamil Nadu,THANJAVUR,2015,Kharif,3.590224,1.943680816384469,0.5755751674258607,-1.3722110581466194,0.4675331753528813,0.5341744904723201,1.8925145280281561,1.6081825923032926,1.4130884527484362,0.9590058878844513,0.45221659757489224,0.319360551320111,0.8296441389140384,0.25215641958635937,1.470260342690367,1.7602219739899279,0.6424880995225963,-0.9486585612424564,0.43768360546230545,0.11668565339207136,-1.1631514062639174,1.0798945812420953,0.0,0.0,1.0,0.0,1.0,0.0,0.0
IND_TAMILNADU_THENILGIRIS,Tamil Nadu,THE NILGIRIS,2015,Kharif,4.459119,-0.8545757273832784,-0.6512157492996632,-1.0589889488710345,0.4675331753528813,-1.0317135565210966,-0.8204406539580426,-1.3551873950553648,-0.1461094889169034,-0.3736848029018334,-0.20837171073485994,0.13965743473576023,-0.326463269397435,0.7370585808195602,-1.5529421411967994,-0.6512423030225565,-0.7022340100103815,-0.21930226087941718,-0.3143802290825709,-0.13303527460738093,0.42619953543044536,-1.7427902642525668,0.0,0.0,1.0,0.0,1.0,0.0,0.0
IND_TAMILNADU_THENI,Tamil Nadu,THENI,2015,Kharif,5.425056,-0.6284343565194678,-0.28464257477421645,-1.6145979360239784,0.4675331753528813,-1.122230673750331,-0.6872339634117479,-1.2550279934676891,-0.045218500505171316,-1.0352822050598323,0.08234516902561377,0.5315512125740621,0.2706791984189372,0.7855992213636755,-1.2508018215367882,-0.5697368480959061,-0.5935601934863567,-0.38703836587239754,-0.10632669810710851,0.15640291051684255,0.8824349556234841,-0.03439816025981805,0.0,0.0,1.0,0.0,1.0,0.0,0.0
IND_TAMILNADU_THIRUVALLUR,Tamil Nadu,THIRUVALLUR,2015,Kharif,3.286155,0.7424282189712419,0.8951906154258501,-0.3953407852422446,0.4675331753528813,0.3863358226976361,1.7852631951905795,1.4540310132972494,1.4365339571892903,0.4765388881019906,1.4541800521576844,0.5357909393155345,0.21265825636145436,0.3639892222668328,1.3494681894854401,1.634779984766882,0.0652176593332914,-0.9875470012014712,1.6004549457755293,0.8984251960155109,-1.4931327111998982,0.8300439573505678,0.0,0.0,1.0,0.0,1.0,0.0,0.0
IND_TAMILNADU_THIRUVARUR,Tamil Nadu,THIRUVARUR,2015,Kharif,3.424811,2.217284541616678,0.7291211567861182,-1.378547085218193,0.4675331753528813,0.5341744904723201,1.8925145280281561,1.6081825923032926,1.4130884527484362,0.9590058878844513,0.45221659757489224,0.319360551320111,0.8296441389140384,0.25215641958635937,1.470260342690367,1.7602219739899279,0.773970274736071,-0.9486585612424564,0.43768360546230545,0.11668565339207136,-1.1631514062639174,1.1214800839579104,0.0,0.0,1.0,0.0,1.0,0.0,0.0
IND_TAMILNADU_TIRUCHIRAPPALLI,Tamil Nadu,TIRUCHIRAPPALLI,2015,Kharif,4.169521,0.06580527428859753,0.24439146582549692,-1.274815953480065,0.4675331753528813,0.724077257887346,0.9221928188972053,1.0356668782400464,0.8650974309260486,0.11022557162411008,0.1578409756895849,0.36441403307889436,1.0062154533230774,0.1602698052439322,0.9015855995732573,1.2943330710242933,-0.25993828634908045,-0.09677462750923815,0.053371699619931795,-0.05259874723889595,-0.6381744645425907,0.584984352702175,0.0,0.0,1.0,0.0,1.0,0.0,0.0
IND_TAMILNADU_TIRUNELVELI,Tamil Nadu,TIRUNELVELI,2015,Kharif,4.95853,0.6967670325116309,-0.21908538071159234,-2.009170930358211,0.4675331753528813,-0.5892474802724795,0.4559207508929356,-0.16299557561639247,1.0941224422436497,-0.08447808456270152,0.3464676677024926,0.5457006620606627,0.17977932165181304,1.179095227358237,0.5871901342802601,0.31891262065813947,0.04327480453354492,-0.7943195150130722,0.21704449186054137,0.24957053447338698,-0.3091449061646177,0.8171316238681796,0.0,0.0,1.0,0.0,1.0,0.0,0.0
IND_TAMILNADU_TIRUPPUR,Tamil Nadu,TIRUPPUR,2015,Kharif,4.524847,-0.691412034453035,-0.3291995822477884,-1.278711303995774,0.4675331753528813,0.525328296389711,0.5836785191086382,0.6046022421401613,0.6089776669490521,0.5386799691635631,-0.1653855202197419,0.1428244595305953,0.5454343258730135,0.172371666234151,0.4179571688913779,0.943551030485107,-0.6238244300422889,-0.008417416031508989,-0.26209084671970745,-0.2780710379149675,-0.654325658001365,-0.17641232740740673,0.0,0.0,1.0,0.0,1.0,0.0,0.0
IND_TAMILNADU_TIRUVANNAMALAI,Tamil Nadu,TIRUVANNAMALAI,2015,Kharif,3.965567,1.3346648671553456,0.5691892171779028,-0.6941694517979556,0.4675331753528813,0.7539666712271191,0.9716953052488703,1.09742381695937,0.9679085077692269,-0.4216960048956171,0.9509498908292207,0.6326916818284687,0.6511145400406173,0.21968975242508873,0.8879909845154138,1.344588237343243,0.34982112569713264,-0.1090449953912721,0.9356672089326618,0.5686629962634546,-0.9415893339683672,0.9705163149605589,0.0,0.0,1.0,0.0,1.0,0.0,0.0
IND_TAMILNADU_VELLORE,Tamil Nadu,VELLORE,2015,Kharif,3.906125,-0.041632811498722534,0.4730824974806388,-0.5657191069252958,0.4675331753528813,-0.12296816439742557,-0.1291572843553115,-0.20100679082229736,0.15550039236026986,0.3459514573625697,0.3962072192321713,0.47388071268101717,0.6511145400406173,0.28913749951480944,-0.6013390792304835,0.28798071273375075,-0.31156842573476745,-0.0034353297895854265,0.307211058299689,0.30030722916540187,0.11795454596158755,0.5298770714032779,0.0,0.0,1.0,0.0,1.0,0.0,0.0
IND_TELANGANA_ADILABAD,Telangana,ADILABAD,2015,Kharif,2.550112,-0.18692702280757478,0.35229514612201734,1.8139650479090488,0.4675331753528813,0.3745632361280923,0.5251999062391487,0.6179046626635332,0.5107452301457291,-0.21005168724580744,0.07190083027278456,0.7880802209557007,-0.12083738748246109,0.08153159647422419,0.15126280878654905,0.9543759737175571,0.15894570137171127,-0.08490916416274787,-0.22013890463203437,-0.08196569335271792,-1.1726210385097158,0.4425507090540272,0.0,0.0,0.0,1.0,1.0,0.0,0.0
IND_TELANGANA_ADILABAD,Telangana,ADILABAD,2015,Rabi,2.881975,-0.6237260404070234,0.35229514612201734,1.8139650479090488,0.3788234372325174,0.628715690491651,-1.8568587693568377,-0.7094318811077757,-2.430186029967973,-1.0965049656972268,-0.8233949794547207,-1.3347969314402783,0.5152031841802047,-2.1922943198295517,0.3454693073617033,-0.19830904478533978,0.05751939785425098,1.839290463739539,-0.5009158261259825,-0.7939408074239477,0.5983679343236944,-0.02539499381970826,0.0,0.0,0.0,1.0,0.0,1.0,0.0
IND_TELANGANA_KARIMNAGAR,Telangana,KARIMNAGAR,2015,Kharif,3.277004,0.9786182107998666,0.6485176720929396,1.5303178944226856,0.4675331753528813,0.9894854192398904,0.9260605807300833,1.2511841483029582,0.5482136789576746,-0.2633805856629547,-0.2873811992632092,-0.06374728676477759,0.009360468003659729,-0.3090626268143485,0.4841709410553339,1.4697118458829836,1.6553010853659333,0.10958584926739265,-0.332847112680971,-0.41964713483768507,-1.5077144062608054,0.8914554694333341,0.0,0.0,0.0,1.0,1.0,0.0,0.0
IND_TELANGANA_KARIMNAGAR,Telangana,KARIMNAGAR,2015,Rabi,3.194994,-0.005577853885977768,0.6485176720929396,1.5303178944226856,0.3788234372325174,1.0360941838267115,-1.3893696176749437,-0.13871444306214392,-2.1693073900115105,-1.1466596148602375,-0.8850617079552237,-1.5965872874649514,0.5437967430609523,-2.1818959979339496,0.6811868240471037,0.26104080876159896,2.054910716066584,1.822007566396844,-0.4748413893930232,-0.864149091471156,0.05924058007371156,0.5491385092502911,0.0,0.0,0.0,1.0,0.0,1.0,0.0
IND_TELANGANA_KHAMMAM,Telangana,KHAMMAM,2015,Kharif,3.0759,0.8717173154414831,1.2322371058845452,1.2141443629051327,0.4675331753528813,0.18095221563802694,0.7876968744066154,0.659376914883431,1.1706238044096369,-0.9242183169033257,0.18448371019333007,1.0472143626363217,-0.32164873584223724,0.6260154435967831,0.8614614930717343,0.9881243261481187,1.5180591100961542,-0.42745840124852963,-0.18175990306666506,0.007129969470849609,-1.3548360253623848,0.8647011577074634,0.0,0.0,0.0,1.0,1.0,0.0,0.0
IND_TELANGANA_KHAMMAM,Telangana,KHAMMAM,2015,Rabi,2.65898,-0.6677440561428284,1.2322371058845452,1.2141443629051327,0.3788234372325174,1.156046902022777,-1.1084531040748455,0.03853172225114434,-1.1810185357892056,-1.13414015419627,-0.9569148903010787,-1.5270149040687355,0.6070892185281436,-1.2729758914801539,1.0597356621761156,0.4036998457050227,-0.08471376627938025,1.7132374472812084,-0.5916645008524722,-0.9312678911478046,-0.04946149669488573,-0.11762384672894385,0.0,0.0,0.0,1.0,0.0,1.0,0.0
IND_TELANGANA_MAHBUBNAGAR,Telangana,MAHBUBNAGAR,2015,Kharif,2.261839,0.18436636189860486,-0.01616497855024476,0.8470213881531867,0.4675331753528813,0.4776124616410236,0.3531696440873249,0.5738140607026068,0.14898987990211057,0.742347742178328,-0.3891651486831452,-0.2147939370603781,0.2864517065562437,-0.23943886995393815,-0.23504417174615233,0.9184969197910101,0.6356211713111881,0.12079994444796295,-0.4002512378151346,-0.4624691950573073,-0.828700931373837,0.6388151872917444,0.0,0.0,0.0,1.0,1.0,0.0,0.0
IND_TELANGANA_MAHBUBNAGAR,Telangana,MAHBUBNAGAR,2015,Rabi,2.17101,-0.3824011400665048,-0.01616497855024476,0.8470213881531867,0.3788234372325174,0.5418962122868595,-1.6728685366268192,-0.672309079102252,-1.7597039749078538,-0.6335153406518594,-0.8640924414159779,-1.2714564355435765,0.8025699041110725,-1.4848717600068073,-0.08080239529216982,-0.1684302421980527,0.8373004351189028,1.6377159916425819,-0.5764895399824819,-0.834470261484751,0.8157440109469182,0.2892434901988135,0.0,0.0,0.0,1.0,0.0,1.0,0.0
IND_TELANGANA_MEDAK,Telangana,MEDAK,2015,Kharif,2.843088,0.11227224639161347,0.03211990604263495,1.3014749238188337,0.4675331753528813,0.5146279757695634,0.2971722369219611,0.5635814295307808,-0.036822690433929425,0.3794529448297522,-0.369308010807395,-0.16948505007620712,0.1840426492421097,-0.41677109243565813,-0.5299073739340482,0.9101700403814409,0.5430649538056598,0.1904963381997657,-0.39332615646573327,-0.44528703806138564,-0.8994331540725525,0.6068615272676656,0.0,0.0,0.0,1.0,1.0,0.0,0.0
IND_TELANGANA_MEDAK,Telangana,MEDAK,2015,Rabi,2.863983,-0.5015942164164375,0.03211990604263495,1.3014749238188337,0.3788234372325174,0.4627558762749995,-1.7757958356476868,-0.7687370787379267,-2.4517824971247157,-0.6899681234004224,-0.8360958111479765,-1.4387979392190553,0.7388254397526615,-2.233132502630463,-0.36443104205775434,-0.24604165645963186,0.45215788645599847,1.6498371585739757,-0.47586509707076063,-0.8048759301857388,0.8633208719878465,0.16091761076107483,0.0,0.0,0.0,1.0,0.0,1.0,0.0
IND_TELANGANA_NALGONDA,Telangana,NALGONDA,2015,Kharif,3.050999,1.1612471569198124,0.531295707870846,1.0186224262280383,0.4675331753528813,1.113198103152883,1.121540669340386,1.445935196281895,0.5767686639896166,0.0572005415740121,-0.41414774909500646,-0.2652620095974273,0.07119375095288483,-0.3971769236389888,0.633751690853256,1.6281919537046028,1.8897645552052502,0.06560969579630534,-0.41153209496981036,-0.527593046867214,-1.587209568000904,0.933752176556244,0.0,0.0,0.0,1.0,1.0,0.0,0.0
IND_TELANGANA_NALGONDA,Telangana,NALGONDA,2015,Rabi,2.714003,0.48062688345713994,0.531295707870846,1.0186224262280383,0.3788234372325174,0.9026352096560146,-1.056116355612139,-0.05841356233050242,-1.3376953280326465,-1.0211577821920002,-0.9316744049817406,-1.412797687274361,0.6535709142587286,-1.3734433040968352,0.8246990384168332,0.3256720874729669,3.6259595869113093,1.4756554557977346,-0.6051132095600033,-0.9076077271714592,0.07676568038702251,0.7503665740443975,0.0,0.0,0.0,1.0,0.0,1.0,0.0
IND_TELANGANA_NIZAMABAD,Telangana,NIZAMABAD,2015,Kharif,2.594996,0.411503115027798,0.0011331602520301002,1.4956215789529068,0.4675331753528813,0.7262217897861791,0.5088288137012279,0.8381169046758709,0.10165248237505302,0.1911305243509752,-0.3099461286674703,-0.10634887835981581,0.09933231436443209,-0.44514672168356206,-0.2150121066168412,1.1335753167759341,0.9272249072472306,0.2040694424136322,-0.34420826063390036,-0.41297574834544537,-1.163785815536362,0.7267204500786233,0.0,0.0,0.0,1.0,1.0,0.0,0.0
IND_TELANGANA_NIZAMABAD,Telangana,NIZAMABAD,2015,Rabi,3.072989,-0.581872586105463,0.0011331602520301002,1.4956215789529068,0.3788234372325174,0.648116817384991,-1.656882217782473,-0.5560416803619832,-2.5011693953478233,-0.8455013003607532,-0.8378687698868825,-1.4853838523301783,0.5988501926419687,-2.3749815811073582,-0.04023492849782357,-0.07485081212751785,0.192758367192938,1.7098556239082838,-0.45976679202085,-0.8117447503926545,0.5130174017547138,0.047540756385651306,0.0,0.0,0.0,1.0,0.0,1.0,0.0
IND_TELANGANA_WARANGAL,Telangana,WARANGAL,2015,Kharif,3.16464,1.1494289674832072,0.8525059997480255,1.3357032996521332,0.4675331753528813,0.7951595547835542,0.8847071523282077,1.0896289596843602,0.7405427940308746,-0.5584367700677838,-0.23209712222276901,0.16019201485710835,0.07119375095288483,-0.05025690858595914,0.6035836406734955,1.3382451144988945,1.8745921915279558,-0.013628361358749914,-0.35199646806453017,-0.36636752603395006,-1.357246233911679,0.9311330577529187,0.0,0.0,0.0,1.0,1.0,0.0,0.0
IND_TELANGANA_WARANGAL,Telangana,WARANGAL,2015,Rabi,3.162991,-0.00772661560172417,0.8525059997480255,1.3357032996521332,0.3788234372325174,1.1354487323758484,-1.3004856849004023,-0.015235483604396334,-1.7871303137975323,-1.1635570464312361,-0.94332757923837,-1.673106692991773,0.6535709142587286,-1.8644153187809371,0.800423239901635,0.3604245635970421,2.047967397531168,1.83597983664815,-0.5173352943689086,-0.9185799161359591,0.037303866846634295,0.5480135776713925,0.0,0.0,0.0,1.0,0.0,1.0,0.0
