CROP_ID,IDREGION,FYEAR,SEASON,FRACTION
Rice,IND_ANDHRAPRADESH_ADILABAD,1997,Kharif,0.01284365
Rice,IND_ANDHRAPRADESH_ADILABAD,1997,Rabi,0.00465241
Rice,IND_ANDHRAPRADESH_ADILABAD,1998,Kharif,0.02360973
Rice,IND_ANDHRAPRADESH_ADILABAD,1998,Rabi,0.00811062
Rice,IND_ANDHRAPRADESH_ADILABAD,1999,Kharif,0.0233039
Rice,IND_ANDHRAPRADESH_ADILABAD,1999,Rabi,0.00942122
Rice,IND_ANDHRAPRADESH_ADILABAD,2000,Kharif,0.02351954
Rice,IND_ANDHRAPRADESH_ADILABAD,2000,Rabi,0.00551066
Rice,IND_ANDHRAPRADESH_ADILABAD,2001,Kharif,0.02776421
Rice,IND_ANDHRAPRADESH_ADILABAD,2001,Rabi,0.00699663
Rice,IND_ANDHRAPRADESH_ADILABAD,2002,Kharif,0.03397192
Rice,IND_ANDHRAPRADESH_ADILABAD,2002,Rabi,0.00720713
Rice,IND_ANDHRAPRADESH_ADILABAD,2003,Kharif,0.03549284
Rice,IND_ANDHRAPRADESH_ADILABAD,2003,Rabi,0.00701024
Rice,IND_ANDHRAPRADESH_ADILABAD,2004,Kharif,0.01608845
Rice,IND_ANDHRAPRADESH_ADILABAD,2004,Rabi,0.00457334
Rice,IND_ANDHRAPRADESH_ADILABAD,2005,Kharif,0.02742717
Rice,IND_ANDHRAPRADESH_ADILABAD,2005,Rabi,0.00650297
Rice,IND_ANDHRAPRADESH_ADILABAD,2006,Kharif,0.02451578
Rice,IND_ANDHRAPRADESH_ADILABAD,2006,Rabi,0.0067456
Rice,IND_ANDHRAPRADESH_ADILABAD,2007,Kharif,0.0155159
Rice,IND_ANDHRAPRADESH_ADILABAD,2007,Rabi,0.00853485
Rice,IND_ANDHRAPRADESH_ADILABAD,2008,Kharif,0.01944507
Rice,IND_ANDHRAPRADESH_ADILABAD,2008,Rabi,0.01438509
Rice,IND_ANDHRAPRADESH_ADILABAD,2009,Kharif,0.0183618
Rice,IND_ANDHRAPRADESH_ADILABAD,2009,Rabi,0.00743178
Rice,IND_ANDHRAPRADESH_ADILABAD,2010,Kharif,0.0215289
Rice,IND_ANDHRAPRADESH_ADILABAD,2010,Rabi,0.01511001
Rice,IND_ANDHRAPRADESH_ADILABAD,2011,Kharif,0.02111415
Rice,IND_ANDHRAPRADESH_ADILABAD,2011,Rabi,0.01267617
Rice,IND_ANDHRAPRADESH_ADILABAD,2012,Kharif,0.02251709
Rice,IND_ANDHRAPRADESH_ADILABAD,2012,Rabi,0.01314636
Rice,IND_ANDHRAPRADESH_ANANTAPUR,1997,Kharif,0.01494229
Rice,IND_ANDHRAPRADESH_ANANTAPUR,1997,Rabi,0.0161045
Rice,IND_ANDHRAPRADESH_ANANTAPUR,1998,Kharif,0.01361826
Rice,IND_ANDHRAPRADESH_ANANTAPUR,1998,Rabi,0.01768382
Rice,IND_ANDHRAPRADESH_ANANTAPUR,1999,Kharif,0.01333582
Rice,IND_ANDHRAPRADESH_ANANTAPUR,1999,Rabi,0.01738207
Rice,IND_ANDHRAPRADESH_ANANTAPUR,2000,Kharif,0.0132854
Rice,IND_ANDHRAPRADESH_ANANTAPUR,2000,Rabi,0.0178354
Rice,IND_ANDHRAPRADESH_ANANTAPUR,2001,Kharif,0.01355194
Rice,IND_ANDHRAPRADESH_ANANTAPUR,2001,Rabi,0.02725367
Rice,IND_ANDHRAPRADESH_ANANTAPUR,2002,Kharif,0.01377992
Rice,IND_ANDHRAPRADESH_ANANTAPUR,2002,Rabi,0.01537672
Rice,IND_ANDHRAPRADESH_ANANTAPUR,2003,Kharif,0.00830526
Rice,IND_ANDHRAPRADESH_ANANTAPUR,2003,Rabi,0.012505
Rice,IND_ANDHRAPRADESH_ANANTAPUR,2004,Kharif,0.01098612
Rice,IND_ANDHRAPRADESH_ANANTAPUR,2004,Rabi,0.01060685
Rice,IND_ANDHRAPRADESH_ANANTAPUR,2005,Kharif,0.00989981
Rice,IND_ANDHRAPRADESH_ANANTAPUR,2005,Rabi,0.01589813
Rice,IND_ANDHRAPRADESH_ANANTAPUR,2006,Kharif,0.00846274
Rice,IND_ANDHRAPRADESH_ANANTAPUR,2006,Rabi,0.00811207
Rice,IND_ANDHRAPRADESH_ANANTAPUR,2007,Kharif,0.01163693
Rice,IND_ANDHRAPRADESH_ANANTAPUR,2007,Rabi,0.00995733
Rice,IND_ANDHRAPRADESH_ANANTAPUR,2008,Kharif,0.01081169
Rice,IND_ANDHRAPRADESH_ANANTAPUR,2008,Rabi,0.01162524
Rice,IND_ANDHRAPRADESH_ANANTAPUR,2009,Kharif,0.01562192
Rice,IND_ANDHRAPRADESH_ANANTAPUR,2009,Rabi,0.01410006
Rice,IND_ANDHRAPRADESH_ANANTAPUR,2010,Kharif,0.0119697
Rice,IND_ANDHRAPRADESH_ANANTAPUR,2010,Rabi,0.0135708
Rice,IND_ANDHRAPRADESH_ANANTAPUR,2011,Kharif,0.0131248
Rice,IND_ANDHRAPRADESH_ANANTAPUR,2011,Rabi,0.00895982
Rice,IND_ANDHRAPRADESH_ANANTAPUR,2012,Kharif,0.008846
Rice,IND_ANDHRAPRADESH_ANANTAPUR,2012,Rabi,0.00613497
Rice,IND_ANDHRAPRADESH_ANANTAPUR,2013,Kharif,0.01648378
Rice,IND_ANDHRAPRADESH_ANANTAPUR,2013,Rabi,0.01399158
Rice,IND_ANDHRAPRADESH_ANANTAPUR,2014,Kharif,0.01385877
Rice,IND_ANDHRAPRADESH_ANANTAPUR,2014,Rabi,0.00863334
Rice,IND_ANDHRAPRADESH_ANANTAPUR,2015,Kharif,0.0143207
Rice,IND_ANDHRAPRADESH_ANANTAPUR,2015,Rabi,0.01783673
Rice,IND_ANDHRAPRADESH_ANANTAPUR,2016,Kharif,0.0118336
Rice,IND_ANDHRAPRADESH_ANANTAPUR,2016,Rabi,0.00837771
Rice,IND_ANDHRAPRADESH_ANANTAPUR,2017,Kharif,0.00832336
Rice,IND_ANDHRAPRADESH_ANANTAPUR,2017,Rabi,0.02512081
Rice,IND_ANDHRAPRADESH_ANANTAPUR,2018,Kharif,0.01402787
Rice,IND_ANDHRAPRADESH_ANANTAPUR,2018,Rabi,0.01406853
Rice,IND_ANDHRAPRADESH_ANANTAPUR,2019,Kharif,0.01192918
Rice,IND_ANDHRAPRADESH_ANANTAPUR,2019,Rabi,0.01727549
Rice,IND_ANDHRAPRADESH_CHITTOOR,1997,Kharif,0.01775446
Rice,IND_ANDHRAPRADESH_CHITTOOR,1997,Rabi,0.05135546
Rice,IND_ANDHRAPRADESH_CHITTOOR,1998,Kharif,0.01493386
Rice,IND_ANDHRAPRADESH_CHITTOOR,1998,Rabi,0.04148385
Rice,IND_ANDHRAPRADESH_CHITTOOR,1999,Kharif,0.01317821
Rice,IND_ANDHRAPRADESH_CHITTOOR,1999,Rabi,0.03216686
Rice,IND_ANDHRAPRADESH_CHITTOOR,2000,Kharif,0.0112449
Rice,IND_ANDHRAPRADESH_CHITTOOR,2000,Rabi,0.03344651
Rice,IND_ANDHRAPRADESH_CHITTOOR,2001,Kharif,0.01004793
Rice,IND_ANDHRAPRADESH_CHITTOOR,2001,Rabi,0.04436273
Rice,IND_ANDHRAPRADESH_CHITTOOR,2002,Kharif,0.00954676
Rice,IND_ANDHRAPRADESH_CHITTOOR,2002,Rabi,0.04213725
Rice,IND_ANDHRAPRADESH_CHITTOOR,2003,Kharif,0.00876996
Rice,IND_ANDHRAPRADESH_CHITTOOR,2003,Rabi,0.03151776
Rice,IND_ANDHRAPRADESH_CHITTOOR,2004,Kharif,0.00860245
Rice,IND_ANDHRAPRADESH_CHITTOOR,2004,Rabi,0.02964179
Rice,IND_ANDHRAPRADESH_CHITTOOR,2005,Kharif,0.00642886
Rice,IND_ANDHRAPRADESH_CHITTOOR,2005,Rabi,0.04558192
Rice,IND_ANDHRAPRADESH_CHITTOOR,2006,Kharif,0.00645583
Rice,IND_ANDHRAPRADESH_CHITTOOR,2006,Rabi,0.02181269
Rice,IND_ANDHRAPRADESH_CHITTOOR,2007,Kharif,0.00581846
Rice,IND_ANDHRAPRADESH_CHITTOOR,2007,Rabi,0.02631579
Rice,IND_ANDHRAPRADESH_CHITTOOR,2008,Kharif,0.00627739
Rice,IND_ANDHRAPRADESH_CHITTOOR,2008,Rabi,0.0239417
Rice,IND_ANDHRAPRADESH_CHITTOOR,2009,Kharif,0.00957792
Rice,IND_ANDHRAPRADESH_CHITTOOR,2009,Rabi,0.02551409
Rice,IND_ANDHRAPRADESH_CHITTOOR,2010,Kharif,0.0061671
Rice,IND_ANDHRAPRADESH_CHITTOOR,2010,Rabi,0.02380848
Rice,IND_ANDHRAPRADESH_CHITTOOR,2011,Kharif,0.00603421
Rice,IND_ANDHRAPRADESH_CHITTOOR,2011,Rabi,0.0276324
Rice,IND_ANDHRAPRADESH_CHITTOOR,2012,Kharif,0.00522718
Rice,IND_ANDHRAPRADESH_CHITTOOR,2012,Rabi,0.03067485
Rice,IND_ANDHRAPRADESH_CHITTOOR,2013,Kharif,0.00891557
Rice,IND_ANDHRAPRADESH_CHITTOOR,2013,Rabi,0.03947442
Rice,IND_ANDHRAPRADESH_CHITTOOR,2014,Kharif,0.0081374
Rice,IND_ANDHRAPRADESH_CHITTOOR,2014,Rabi,0.03644237
Rice,IND_ANDHRAPRADESH_CHITTOOR,2015,Kharif,0.00677397
Rice,IND_ANDHRAPRADESH_CHITTOOR,2015,Rabi,0.10326272
Rice,IND_ANDHRAPRADESH_CHITTOOR,2016,Kharif,0.01507249
Rice,IND_ANDHRAPRADESH_CHITTOOR,2016,Rabi,0.04064999
Rice,IND_ANDHRAPRADESH_CHITTOOR,2017,Kharif,0.01019752
Rice,IND_ANDHRAPRADESH_CHITTOOR,2017,Rabi,0.06711698
Rice,IND_ANDHRAPRADESH_CHITTOOR,2018,Kharif,0.01114019
Rice,IND_ANDHRAPRADESH_CHITTOOR,2018,Rabi,0.04115192
Rice,IND_ANDHRAPRADESH_CHITTOOR,2019,Kharif,0.00698626
Rice,IND_ANDHRAPRADESH_CHITTOOR,2019,Rabi,0.05286557
Rice,IND_ANDHRAPRADESH_EASTGODAVARI,1997,Kharif,0.08986359
Rice,IND_ANDHRAPRADESH_EASTGODAVARI,1997,Rabi,0.13814082
Rice,IND_ANDHRAPRADESH_EASTGODAVARI,1998,Kharif,0.09113213
Rice,IND_ANDHRAPRADESH_EASTGODAVARI,1998,Rabi,0.1047733
Rice,IND_ANDHRAPRADESH_EASTGODAVARI,1999,Kharif,0.0858802
Rice,IND_ANDHRAPRADESH_EASTGODAVARI,1999,Rabi,0.13861637
Rice,IND_ANDHRAPRADESH_EASTGODAVARI,2000,Kharif,0.08455181
Rice,IND_ANDHRAPRADESH_EASTGODAVARI,2000,Rabi,0.1314399
Rice,IND_ANDHRAPRADESH_EASTGODAVARI,2001,Kharif,0.09101581
Rice,IND_ANDHRAPRADESH_EASTGODAVARI,2001,Rabi,0.11852583
Rice,IND_ANDHRAPRADESH_EASTGODAVARI,2002,Kharif,0.09235714
Rice,IND_ANDHRAPRADESH_EASTGODAVARI,2002,Rabi,0.14931548
Rice,IND_ANDHRAPRADESH_EASTGODAVARI,2003,Kharif,0.11127723
Rice,IND_ANDHRAPRADESH_EASTGODAVARI,2003,Rabi,0.1909605
Rice,IND_ANDHRAPRADESH_EASTGODAVARI,2004,Kharif,0.10136082
Rice,IND_ANDHRAPRADESH_EASTGODAVARI,2004,Rabi,0.18700087
Rice,IND_ANDHRAPRADESH_EASTGODAVARI,2005,Kharif,0.0860656
Rice,IND_ANDHRAPRADESH_EASTGODAVARI,2005,Rabi,0.11679512
Rice,IND_ANDHRAPRADESH_EASTGODAVARI,2006,Kharif,0.08630868
Rice,IND_ANDHRAPRADESH_EASTGODAVARI,2006,Rabi,0.12637283
Rice,IND_ANDHRAPRADESH_EASTGODAVARI,2007,Kharif,0.09387122
Rice,IND_ANDHRAPRADESH_EASTGODAVARI,2007,Rabi,0.12019915
Rice,IND_ANDHRAPRADESH_EASTGODAVARI,2008,Kharif,0.08570264
Rice,IND_ANDHRAPRADESH_EASTGODAVARI,2008,Rabi,0.107226
Rice,IND_ANDHRAPRADESH_EASTGODAVARI,2009,Kharif,0.097996
Rice,IND_ANDHRAPRADESH_EASTGODAVARI,2009,Rabi,0.07578603
Rice,IND_ANDHRAPRADESH_EASTGODAVARI,2010,Kharif,0.08133362
Rice,IND_ANDHRAPRADESH_EASTGODAVARI,2010,Rabi,0.09449931
Rice,IND_ANDHRAPRADESH_EASTGODAVARI,2011,Kharif,0.06870164
Rice,IND_ANDHRAPRADESH_EASTGODAVARI,2011,Rabi,0.1142885
Rice,IND_ANDHRAPRADESH_EASTGODAVARI,2012,Kharif,0.09328508
Rice,IND_ANDHRAPRADESH_EASTGODAVARI,2012,Rabi,0.14811569
Rice,IND_ANDHRAPRADESH_EASTGODAVARI,2013,Kharif,0.13787829
Rice,IND_ANDHRAPRADESH_EASTGODAVARI,2013,Rabi,0.19310388
Rice,IND_ANDHRAPRADESH_EASTGODAVARI,2014,Kharif,0.13827702
Rice,IND_ANDHRAPRADESH_EASTGODAVARI,2014,Rabi,0.22139324
Rice,IND_ANDHRAPRADESH_EASTGODAVARI,2015,Kharif,0.16286983
Rice,IND_ANDHRAPRADESH_EASTGODAVARI,2015,Rabi,0.20199735
Rice,IND_ANDHRAPRADESH_EASTGODAVARI,2016,Kharif,0.14509139
Rice,IND_ANDHRAPRADESH_EASTGODAVARI,2016,Rabi,0.27926261
Rice,IND_ANDHRAPRADESH_EASTGODAVARI,2017,Kharif,0.15280569
Rice,IND_ANDHRAPRADESH_EASTGODAVARI,2017,Rabi,0.21700407
Rice,IND_ANDHRAPRADESH_EASTGODAVARI,2018,Kharif,0.14209083
Rice,IND_ANDHRAPRADESH_EASTGODAVARI,2018,Rabi,0.25353769
Rice,IND_ANDHRAPRADESH_EASTGODAVARI,2019,Kharif,0.14481026
Rice,IND_ANDHRAPRADESH_EASTGODAVARI,2019,Rabi,0.20076258
Rice,IND_ANDHRAPRADESH_GUNTUR,1997,Kharif,0.12381952
Rice,IND_ANDHRAPRADESH_GUNTUR,1997,Rabi,0.01297307
Rice,IND_ANDHRAPRADESH_GUNTUR,1998,Kharif,0.10610155
Rice,IND_ANDHRAPRADESH_GUNTUR,1998,Rabi,0.01934583
Rice,IND_ANDHRAPRADESH_GUNTUR,1999,Kharif,0.10632078
Rice,IND_ANDHRAPRADESH_GUNTUR,1999,Rabi,0.01271779
Rice,IND_ANDHRAPRADESH_GUNTUR,2000,Kharif,0.09751361
Rice,IND_ANDHRAPRADESH_GUNTUR,2000,Rabi,0.01024331
Rice,IND_ANDHRAPRADESH_GUNTUR,2001,Kharif,0.11230824
Rice,IND_ANDHRAPRADESH_GUNTUR,2001,Rabi,0.03211399
Rice,IND_ANDHRAPRADESH_GUNTUR,2002,Kharif,0.09621813
Rice,IND_ANDHRAPRADESH_GUNTUR,2002,Rabi,0.00381051
Rice,IND_ANDHRAPRADESH_GUNTUR,2003,Kharif,0.08084152
Rice,IND_ANDHRAPRADESH_GUNTUR,2003,Rabi,0.00666717
Rice,IND_ANDHRAPRADESH_GUNTUR,2004,Kharif,0.10853125
Rice,IND_ANDHRAPRADESH_GUNTUR,2004,Rabi,0.02439002
Rice,IND_ANDHRAPRADESH_GUNTUR,2005,Kharif,0.11435734
Rice,IND_ANDHRAPRADESH_GUNTUR,2005,Rabi,0.02159458
Rice,IND_ANDHRAPRADESH_GUNTUR,2006,Kharif,0.10929656
Rice,IND_ANDHRAPRADESH_GUNTUR,2006,Rabi,0.02163992
Rice,IND_ANDHRAPRADESH_GUNTUR,2007,Kharif,0.10977502
Rice,IND_ANDHRAPRADESH_GUNTUR,2007,Rabi,0.0170697
Rice,IND_ANDHRAPRADESH_GUNTUR,2008,Kharif,0.10042218
Rice,IND_ANDHRAPRADESH_GUNTUR,2008,Rabi,0.03242011
Rice,IND_ANDHRAPRADESH_GUNTUR,2009,Kharif,0.09235967
Rice,IND_ANDHRAPRADESH_GUNTUR,2009,Rabi,0.08153333
Rice,IND_ANDHRAPRADESH_GUNTUR,2010,Kharif,0.09277591
Rice,IND_ANDHRAPRADESH_GUNTUR,2010,Rabi,0.03191718
Rice,IND_ANDHRAPRADESH_GUNTUR,2011,Kharif,0.09804976
Rice,IND_ANDHRAPRADESH_GUNTUR,2011,Rabi,0.0090122
Rice,IND_ANDHRAPRADESH_GUNTUR,2012,Kharif,0.0703659
Rice,IND_ANDHRAPRADESH_GUNTUR,2012,Rabi,0.00701139
Rice,IND_ANDHRAPRADESH_GUNTUR,2013,Kharif,0.16420461
Rice,IND_ANDHRAPRADESH_GUNTUR,2013,Rabi,0.05479875
Rice,IND_ANDHRAPRADESH_GUNTUR,2014,Kharif,0.15634211
Rice,IND_ANDHRAPRADESH_GUNTUR,2014,Rabi,0.03912209
Rice,IND_ANDHRAPRADESH_GUNTUR,2015,Kharif,0.11481152
Rice,IND_ANDHRAPRADESH_GUNTUR,2015,Rabi,0.0034256
Rice,IND_ANDHRAPRADESH_GUNTUR,2016,Kharif,0.10775268
Rice,IND_ANDHRAPRADESH_GUNTUR,2016,Rabi,0.02082981
Rice,IND_ANDHRAPRADESH_GUNTUR,2017,Kharif,0.12446646
Rice,IND_ANDHRAPRADESH_GUNTUR,2017,Rabi,0.02517747
Rice,IND_ANDHRAPRADESH_GUNTUR,2018,Kharif,0.13839427
Rice,IND_ANDHRAPRADESH_GUNTUR,2018,Rabi,0.04718218
Rice,IND_ANDHRAPRADESH_GUNTUR,2019,Kharif,0.14430581
Rice,IND_ANDHRAPRADESH_GUNTUR,2019,Rabi,0.03186038
Rice,IND_ANDHRAPRADESH_HYDERABAD,1997,Kharif,4.197e-05
Rice,IND_ANDHRAPRADESH_HYDERABAD,1997,Rabi,8.947e-05
Rice,IND_ANDHRAPRADESH_HYDERABAD,1998,Kharif,3.556e-05
Rice,IND_ANDHRAPRADESH_HYDERABAD,1998,Rabi,6.648e-05
Rice,IND_ANDHRAPRADESH_HYDERABAD,1999,Kharif,8.78e-06
Rice,IND_ANDHRAPRADESH_HYDERABAD,1999,Rabi,1.03e-05
Rice,IND_ANDHRAPRADESH_HYDERABAD,2000,Kharif,5.33e-06
Rice,IND_ANDHRAPRADESH_KADAPA,1997,Kharif,0.02002099
Rice,IND_ANDHRAPRADESH_KADAPA,1997,Rabi,0.01163103
Rice,IND_ANDHRAPRADESH_KADAPA,1998,Kharif,0.02104964
Rice,IND_ANDHRAPRADESH_KADAPA,1998,Rabi,0.01130169
Rice,IND_ANDHRAPRADESH_KADAPA,1999,Kharif,0.01923024
Rice,IND_ANDHRAPRADESH_KADAPA,1999,Rabi,0.00585866
Rice,IND_ANDHRAPRADESH_KADAPA,2000,Kharif,0.02011271
Rice,IND_ANDHRAPRADESH_KADAPA,2000,Rabi,0.00599329
Rice,IND_ANDHRAPRADESH_KADAPA,2001,Kharif,0.01575303
Rice,IND_ANDHRAPRADESH_KADAPA,2001,Rabi,0.02684686
Rice,IND_ANDHRAPRADESH_KADAPA,2002,Kharif,0.01301711
Rice,IND_ANDHRAPRADESH_KADAPA,2002,Rabi,0.01291167
Rice,IND_ANDHRAPRADESH_KADAPA,2003,Kharif,0.01107495
Rice,IND_ANDHRAPRADESH_KADAPA,2003,Rabi,0.01243685
Rice,IND_ANDHRAPRADESH_KADAPA,2004,Kharif,0.02118762
Rice,IND_ANDHRAPRADESH_KADAPA,2004,Rabi,0.00653056
Rice,IND_ANDHRAPRADESH_KADAPA,2005,Kharif,0.01803407
Rice,IND_ANDHRAPRADESH_KADAPA,2005,Rabi,0.01456195
Rice,IND_ANDHRAPRADESH_KADAPA,2006,Kharif,0.01586901
Rice,IND_ANDHRAPRADESH_KADAPA,2006,Rabi,0.00373742
Rice,IND_ANDHRAPRADESH_KADAPA,2007,Kharif,0.01745539
Rice,IND_ANDHRAPRADESH_KADAPA,2007,Rabi,0.01209104
Rice,IND_ANDHRAPRADESH_KADAPA,2008,Kharif,0.01790283
Rice,IND_ANDHRAPRADESH_KADAPA,2008,Rabi,0.009395
Rice,IND_ANDHRAPRADESH_KADAPA,2009,Kharif,0.02541265
Rice,IND_ANDHRAPRADESH_KADAPA,2009,Rabi,0.00935795
Rice,IND_ANDHRAPRADESH_KADAPA,2010,Kharif,0.01825762
Rice,IND_ANDHRAPRADESH_KADAPA,2010,Rabi,0.0093123
Rice,IND_ANDHRAPRADESH_KADAPA,2011,Kharif,0.01645471
Rice,IND_ANDHRAPRADESH_KADAPA,2011,Rabi,0.00540634
Rice,IND_ANDHRAPRADESH_KADAPA,2012,Kharif,0.00965018
Rice,IND_ANDHRAPRADESH_KADAPA,2012,Rabi,0.00613497
Rice,IND_ANDHRAPRADESH_KADAPA,2013,Kharif,0.03034379
Rice,IND_ANDHRAPRADESH_KADAPA,2013,Rabi,0.01248341
Rice,IND_ANDHRAPRADESH_KADAPA,2014,Kharif,0.02576516
Rice,IND_ANDHRAPRADESH_KADAPA,2014,Rabi,0.00495498
Rice,IND_ANDHRAPRADESH_KADAPA,2015,Kharif,0.01331418
Rice,IND_ANDHRAPRADESH_KADAPA,2015,Rabi,0.02839964
Rice,IND_ANDHRAPRADESH_KADAPA,2016,Kharif,0.02920924
Rice,IND_ANDHRAPRADESH_KADAPA,2016,Rabi,0.01014926
Rice,IND_ANDHRAPRADESH_KADAPA,2017,Kharif,0.0207979
Rice,IND_ANDHRAPRADESH_KADAPA,2017,Rabi,0.03273084
Rice,IND_ANDHRAPRADESH_KADAPA,2018,Kharif,0.02496408
Rice,IND_ANDHRAPRADESH_KADAPA,2018,Rabi,0.01055062
Rice,IND_ANDHRAPRADESH_KADAPA,2019,Kharif,0.02138788
Rice,IND_ANDHRAPRADESH_KADAPA,2019,Rabi,0.01104445
Rice,IND_ANDHRAPRADESH_KARIMNAGAR,1997,Kharif,0.0432319
Rice,IND_ANDHRAPRADESH_KARIMNAGAR,1997,Rabi,0.06048135
Rice,IND_ANDHRAPRADESH_KARIMNAGAR,1998,Kharif,0.04800171
Rice,IND_ANDHRAPRADESH_KARIMNAGAR,1998,Rabi,0.08197048
Rice,IND_ANDHRAPRADESH_KARIMNAGAR,1999,Kharif,0.04947006
Rice,IND_ANDHRAPRADESH_KARIMNAGAR,1999,Rabi,0.07860027
Rice,IND_ANDHRAPRADESH_KARIMNAGAR,2000,Kharif,0.05417667
Rice,IND_ANDHRAPRADESH_KARIMNAGAR,2000,Rabi,0.08765404
Rice,IND_ANDHRAPRADESH_KARIMNAGAR,2001,Kharif,0.05818209
Rice,IND_ANDHRAPRADESH_KARIMNAGAR,2001,Rabi,0.07378917
Rice,IND_ANDHRAPRADESH_KARIMNAGAR,2002,Kharif,0.06322711
Rice,IND_ANDHRAPRADESH_KARIMNAGAR,2002,Rabi,0.06810791
Rice,IND_ANDHRAPRADESH_KARIMNAGAR,2003,Kharif,0.0582568
Rice,IND_ANDHRAPRADESH_KARIMNAGAR,2003,Rabi,0.07475506
Rice,IND_ANDHRAPRADESH_KARIMNAGAR,2004,Kharif,0.02954899
Rice,IND_ANDHRAPRADESH_KARIMNAGAR,2004,Rabi,0.02087162
Rice,IND_ANDHRAPRADESH_KARIMNAGAR,2005,Kharif,0.05818397
Rice,IND_ANDHRAPRADESH_KARIMNAGAR,2005,Rabi,0.08203729
Rice,IND_ANDHRAPRADESH_KARIMNAGAR,2006,Kharif,0.06314207
Rice,IND_ANDHRAPRADESH_KARIMNAGAR,2006,Rabi,0.12472439
Rice,IND_ANDHRAPRADESH_KARIMNAGAR,2007,Kharif,0.05042669
Rice,IND_ANDHRAPRADESH_KARIMNAGAR,2007,Rabi,0.10810811
Rice,IND_ANDHRAPRADESH_KARIMNAGAR,2008,Kharif,0.05722499
Rice,IND_ANDHRAPRADESH_KARIMNAGAR,2008,Rabi,0.11081786
Rice,IND_ANDHRAPRADESH_KARIMNAGAR,2009,Kharif,0.04114947
Rice,IND_ANDHRAPRADESH_KARIMNAGAR,2009,Rabi,0.05620213
Rice,IND_ANDHRAPRADESH_KARIMNAGAR,2010,Kharif,0.0546062
Rice,IND_ANDHRAPRADESH_KARIMNAGAR,2010,Rabi,0.12132772
Rice,IND_ANDHRAPRADESH_KARIMNAGAR,2011,Kharif,0.06462432
Rice,IND_ANDHRAPRADESH_KARIMNAGAR,2011,Rabi,0.12901967
Rice,IND_ANDHRAPRADESH_KARIMNAGAR,2012,Kharif,0.07157218
Rice,IND_ANDHRAPRADESH_KARIMNAGAR,2012,Rabi,0.09728309
Rice,IND_ANDHRAPRADESH_KHAMMAM,1997,Kharif,0.05082896
Rice,IND_ANDHRAPRADESH_KHAMMAM,1997,Rabi,0.00769437
Rice,IND_ANDHRAPRADESH_KHAMMAM,1998,Kharif,0.05713981
Rice,IND_ANDHRAPRADESH_KHAMMAM,1998,Rabi,0.01655365
Rice,IND_ANDHRAPRADESH_KHAMMAM,1999,Kharif,0.0584507
Rice,IND_ANDHRAPRADESH_KHAMMAM,1999,Rabi,0.00943924
Rice,IND_ANDHRAPRADESH_KHAMMAM,2000,Kharif,0.05744234
Rice,IND_ANDHRAPRADESH_KHAMMAM,2000,Rabi,0.00869454
Rice,IND_ANDHRAPRADESH_KHAMMAM,2001,Kharif,0.04070611
Rice,IND_ANDHRAPRADESH_KHAMMAM,2001,Rabi,0.02824532
Rice,IND_ANDHRAPRADESH_KHAMMAM,2002,Kharif,0.04689705
Rice,IND_ANDHRAPRADESH_KHAMMAM,2002,Rabi,0.00697845
Rice,IND_ANDHRAPRADESH_KHAMMAM,2003,Kharif,0.06171879
Rice,IND_ANDHRAPRADESH_KHAMMAM,2003,Rabi,0.01380216
Rice,IND_ANDHRAPRADESH_KHAMMAM,2004,Kharif,0.06156654
Rice,IND_ANDHRAPRADESH_KHAMMAM,2004,Rabi,0.03010096
Rice,IND_ANDHRAPRADESH_KHAMMAM,2005,Kharif,0.06313269
Rice,IND_ANDHRAPRADESH_KHAMMAM,2005,Rabi,0.02789901
Rice,IND_ANDHRAPRADESH_KHAMMAM,2006,Kharif,0.05895444
Rice,IND_ANDHRAPRADESH_KHAMMAM,2006,Rabi,0.01683595
Rice,IND_ANDHRAPRADESH_KHAMMAM,2007,Kharif,0.05663305
Rice,IND_ANDHRAPRADESH_KHAMMAM,2007,Rabi,0.02133713
Rice,IND_ANDHRAPRADESH_KHAMMAM,2008,Kharif,0.05646618
Rice,IND_ANDHRAPRADESH_KHAMMAM,2008,Rabi,0.02305352
Rice,IND_ANDHRAPRADESH_KHAMMAM,2009,Kharif,0.02349881
Rice,IND_ANDHRAPRADESH_KHAMMAM,2009,Rabi,0.03964464
Rice,IND_ANDHRAPRADESH_KHAMMAM,2010,Kharif,0.05716935
Rice,IND_ANDHRAPRADESH_KHAMMAM,2010,Rabi,0.02799374
Rice,IND_ANDHRAPRADESH_KHAMMAM,2011,Kharif,0.05221074
Rice,IND_ANDHRAPRADESH_KHAMMAM,2011,Rabi,0.01249121
Rice,IND_ANDHRAPRADESH_KHAMMAM,2012,Kharif,0.05468436
Rice,IND_ANDHRAPRADESH_KHAMMAM,2012,Rabi,0.01577564
Rice,IND_ANDHRAPRADESH_KRISHNA,1997,Kharif,0.10824764
Rice,IND_ANDHRAPRADESH_KRISHNA,1997,Rabi,0.10405297
Rice,IND_ANDHRAPRADESH_KRISHNA,1998,Kharif,0.09984355
Rice,IND_ANDHRAPRADESH_KRISHNA,1998,Rabi,0.0894163
Rice,IND_ANDHRAPRADESH_KRISHNA,1999,Kharif,0.09773083
Rice,IND_ANDHRAPRADESH_KRISHNA,1999,Rabi,0.10973234
Rice,IND_ANDHRAPRADESH_KRISHNA,2000,Kharif,0.09366632
Rice,IND_ANDHRAPRADESH_KRISHNA,2000,Rabi,0.09113169
Rice,IND_ANDHRAPRADESH_KRISHNA,2001,Kharif,0.10103323
Rice,IND_ANDHRAPRADESH_KRISHNA,2001,Rabi,0.07040383
Rice,IND_ANDHRAPRADESH_KRISHNA,2002,Kharif,0.11563546
Rice,IND_ANDHRAPRADESH_KRISHNA,2002,Rabi,0.00306552
Rice,IND_ANDHRAPRADESH_KRISHNA,2003,Kharif,0.10544197
Rice,IND_ANDHRAPRADESH_KRISHNA,2003,Rabi,0.008647
Rice,IND_ANDHRAPRADESH_KRISHNA,2004,Kharif,0.11074428
Rice,IND_ANDHRAPRADESH_KRISHNA,2004,Rabi,0.01149879
Rice,IND_ANDHRAPRADESH_KRISHNA,2005,Kharif,0.10091374
Rice,IND_ANDHRAPRADESH_KRISHNA,2005,Rabi,0.07167417
Rice,IND_ANDHRAPRADESH_KRISHNA,2006,Kharif,0.0952084
Rice,IND_ANDHRAPRADESH_KRISHNA,2006,Rabi,0.07095032
Rice,IND_ANDHRAPRADESH_KRISHNA,2007,Kharif,0.10124127
Rice,IND_ANDHRAPRADESH_KRISHNA,2007,Rabi,0.06685633
Rice,IND_ANDHRAPRADESH_KRISHNA,2008,Kharif,0.09770623
Rice,IND_ANDHRAPRADESH_KRISHNA,2008,Rabi,0.07616435
Rice,IND_ANDHRAPRADESH_KRISHNA,2009,Kharif,0.11062064
Rice,IND_ANDHRAPRADESH_KRISHNA,2009,Rabi,0.07870286
Rice,IND_ANDHRAPRADESH_KRISHNA,2010,Kharif,0.08910624
Rice,IND_ANDHRAPRADESH_KRISHNA,2010,Rabi,0.05192138
Rice,IND_ANDHRAPRADESH_KRISHNA,2011,Kharif,0.09145117
Rice,IND_ANDHRAPRADESH_KRISHNA,2011,Rabi,0.00753172
Rice,IND_ANDHRAPRADESH_KRISHNA,2012,Kharif,0.10172899
Rice,IND_ANDHRAPRADESH_KRISHNA,2012,Rabi,0.00964067
Rice,IND_ANDHRAPRADESH_KRISHNA,2013,Kharif,0.15500585
Rice,IND_ANDHRAPRADESH_KRISHNA,2013,Rabi,0.11271522
Rice,IND_ANDHRAPRADESH_KRISHNA,2014,Kharif,0.1438675
Rice,IND_ANDHRAPRADESH_KRISHNA,2014,Rabi,0.06960163
Rice,IND_ANDHRAPRADESH_KRISHNA,2015,Kharif,0.15070442
Rice,IND_ANDHRAPRADESH_KRISHNA,2015,Rabi,0.01294246
Rice,IND_ANDHRAPRADESH_KRISHNA,2016,Kharif,0.14206834
Rice,IND_ANDHRAPRADESH_KRISHNA,2016,Rabi,0.02650321
Rice,IND_ANDHRAPRADESH_KRISHNA,2017,Kharif,0.1597803
Rice,IND_ANDHRAPRADESH_KRISHNA,2017,Rabi,0.03068297
Rice,IND_ANDHRAPRADESH_KRISHNA,2018,Kharif,0.15718207
Rice,IND_ANDHRAPRADESH_KRISHNA,2018,Rabi,0.04375893
Rice,IND_ANDHRAPRADESH_KRISHNA,2019,Kharif,0.15976088
Rice,IND_ANDHRAPRADESH_KRISHNA,2019,Rabi,0.08579639
Rice,IND_ANDHRAPRADESH_KURNOOL,1997,Kharif,0.02782791
Rice,IND_ANDHRAPRADESH_KURNOOL,1997,Rabi,0.00805225
Rice,IND_ANDHRAPRADESH_KURNOOL,1998,Kharif,0.02670317
Rice,IND_ANDHRAPRADESH_KURNOOL,1998,Rabi,0.01389443
Rice,IND_ANDHRAPRADESH_KURNOOL,1999,Kharif,0.02865774
Rice,IND_ANDHRAPRADESH_KURNOOL,1999,Rabi,0.01066537
Rice,IND_ANDHRAPRADESH_KURNOOL,2000,Kharif,0.03102468
Rice,IND_ANDHRAPRADESH_KURNOOL,2000,Rabi,0.01122551
Rice,IND_ANDHRAPRADESH_KURNOOL,2001,Kharif,0.01797844
Rice,IND_ANDHRAPRADESH_KURNOOL,2001,Rabi,0.02728441
Rice,IND_ANDHRAPRADESH_KURNOOL,2002,Kharif,0.0227317
Rice,IND_ANDHRAPRADESH_KURNOOL,2002,Rabi,0.01539636
Rice,IND_ANDHRAPRADESH_KURNOOL,2003,Kharif,0.01641516
Rice,IND_ANDHRAPRADESH_KURNOOL,2003,Rabi,0.00573617
Rice,IND_ANDHRAPRADESH_KURNOOL,2004,Kharif,0.0277486
Rice,IND_ANDHRAPRADESH_KURNOOL,2004,Rabi,0.01384171
Rice,IND_ANDHRAPRADESH_KURNOOL,2005,Kharif,0.0350559
Rice,IND_ANDHRAPRADESH_KURNOOL,2005,Rabi,0.0137939
Rice,IND_ANDHRAPRADESH_KURNOOL,2006,Kharif,0.03055508
Rice,IND_ANDHRAPRADESH_KURNOOL,2006,Rabi,0.00933045
Rice,IND_ANDHRAPRADESH_KURNOOL,2007,Kharif,0.03491078
Rice,IND_ANDHRAPRADESH_KURNOOL,2007,Rabi,0.01351351
Rice,IND_ANDHRAPRADESH_KURNOOL,2008,Kharif,0.02999062
Rice,IND_ANDHRAPRADESH_KURNOOL,2008,Rabi,0.01728572
Rice,IND_ANDHRAPRADESH_KURNOOL,2009,Kharif,0.03970585
Rice,IND_ANDHRAPRADESH_KURNOOL,2009,Rabi,0.03249373
Rice,IND_ANDHRAPRADESH_KURNOOL,2010,Kharif,0.03563223
Rice,IND_ANDHRAPRADESH_KURNOOL,2010,Rabi,0.01801952
Rice,IND_ANDHRAPRADESH_KURNOOL,2011,Kharif,0.03200614
Rice,IND_ANDHRAPRADESH_KURNOOL,2011,Rabi,0.01206155
Rice,IND_ANDHRAPRADESH_KURNOOL,2012,Kharif,0.02895054
Rice,IND_ANDHRAPRADESH_KURNOOL,2012,Rabi,0.01489921
Rice,IND_ANDHRAPRADESH_KURNOOL,2013,Kharif,0.05429083
Rice,IND_ANDHRAPRADESH_KURNOOL,2013,Rabi,0.0367907
Rice,IND_ANDHRAPRADESH_KURNOOL,2014,Kharif,0.05600821
Rice,IND_ANDHRAPRADESH_KURNOOL,2014,Rabi,0.03073512
Rice,IND_ANDHRAPRADESH_KURNOOL,2015,Kharif,0.03310925
Rice,IND_ANDHRAPRADESH_KURNOOL,2015,Rabi,0.01217465
Rice,IND_ANDHRAPRADESH_KURNOOL,2016,Kharif,0.05215917
Rice,IND_ANDHRAPRADESH_KURNOOL,2016,Rabi,0.05031237
Rice,IND_ANDHRAPRADESH_KURNOOL,2017,Kharif,0.04034862
Rice,IND_ANDHRAPRADESH_KURNOOL,2017,Rabi,0.05733226
Rice,IND_ANDHRAPRADESH_KURNOOL,2018,Kharif,0.05681868
Rice,IND_ANDHRAPRADESH_KURNOOL,2018,Rabi,0.03264811
Rice,IND_ANDHRAPRADESH_KURNOOL,2019,Kharif,0.05421753
Rice,IND_ANDHRAPRADESH_KURNOOL,2019,Rabi,0.04666828
Rice,IND_ANDHRAPRADESH_MAHBUBNAGAR,1997,Kharif,0.02232949
Rice,IND_ANDHRAPRADESH_MAHBUBNAGAR,1997,Rabi,0.03560884
Rice,IND_ANDHRAPRADESH_MAHBUBNAGAR,1998,Kharif,0.02563647
Rice,IND_ANDHRAPRADESH_MAHBUBNAGAR,1998,Rabi,0.04966095
Rice,IND_ANDHRAPRADESH_MAHBUBNAGAR,1999,Kharif,0.03255132
Rice,IND_ANDHRAPRADESH_MAHBUBNAGAR,1999,Rabi,0.03461484
Rice,IND_ANDHRAPRADESH_MAHBUBNAGAR,2000,Kharif,0.03887341
Rice,IND_ANDHRAPRADESH_MAHBUBNAGAR,2000,Rabi,0.04011209
Rice,IND_ANDHRAPRADESH_MAHBUBNAGAR,2001,Kharif,0.03134984
Rice,IND_ANDHRAPRADESH_MAHBUBNAGAR,2001,Rabi,0.04369996
Rice,IND_ANDHRAPRADESH_MAHBUBNAGAR,2002,Kharif,0.03636797
Rice,IND_ANDHRAPRADESH_MAHBUBNAGAR,2002,Rabi,0.0471908
Rice,IND_ANDHRAPRADESH_MAHBUBNAGAR,2003,Kharif,0.03146184
Rice,IND_ANDHRAPRADESH_MAHBUBNAGAR,2003,Rabi,0.03828659
Rice,IND_ANDHRAPRADESH_MAHBUBNAGAR,2004,Kharif,0.02640597
Rice,IND_ANDHRAPRADESH_MAHBUBNAGAR,2004,Rabi,0.02905864
Rice,IND_ANDHRAPRADESH_MAHBUBNAGAR,2005,Kharif,0.02915592
Rice,IND_ANDHRAPRADESH_MAHBUBNAGAR,2005,Rabi,0.0374405
Rice,IND_ANDHRAPRADESH_MAHBUBNAGAR,2006,Kharif,0.02819753
Rice,IND_ANDHRAPRADESH_MAHBUBNAGAR,2006,Rabi,0.02630925
Rice,IND_ANDHRAPRADESH_MAHBUBNAGAR,2007,Kharif,0.03956555
Rice,IND_ANDHRAPRADESH_MAHBUBNAGAR,2007,Rabi,0.03271693
Rice,IND_ANDHRAPRADESH_MAHBUBNAGAR,2008,Kharif,0.03439471
Rice,IND_ANDHRAPRADESH_MAHBUBNAGAR,2008,Rabi,0.03050362
Rice,IND_ANDHRAPRADESH_MAHBUBNAGAR,2009,Kharif,0.0462414
Rice,IND_ANDHRAPRADESH_MAHBUBNAGAR,2009,Rabi,0.04969133
Rice,IND_ANDHRAPRADESH_MAHBUBNAGAR,2010,Kharif,0.04463389
Rice,IND_ANDHRAPRADESH_MAHBUBNAGAR,2010,Rabi,0.03623199
Rice,IND_ANDHRAPRADESH_MAHBUBNAGAR,2011,Kharif,0.0420418
Rice,IND_ANDHRAPRADESH_MAHBUBNAGAR,2011,Rabi,0.04193636
Rice,IND_ANDHRAPRADESH_MAHBUBNAGAR,2012,Kharif,0.03900281
Rice,IND_ANDHRAPRADESH_MAHBUBNAGAR,2012,Rabi,0.03943909
Rice,IND_ANDHRAPRADESH_MEDAK,1997,Kharif,0.02002099
Rice,IND_ANDHRAPRADESH_MEDAK,1997,Rabi,0.02299365
Rice,IND_ANDHRAPRADESH_MEDAK,1998,Kharif,0.02513867
Rice,IND_ANDHRAPRADESH_MEDAK,1998,Rabi,0.03463635
Rice,IND_ANDHRAPRADESH_MEDAK,1999,Kharif,0.02755166
Rice,IND_ANDHRAPRADESH_MEDAK,1999,Rabi,0.0294632
Rice,IND_ANDHRAPRADESH_MEDAK,2000,Kharif,0.02840789
Rice,IND_ANDHRAPRADESH_MEDAK,2000,Rabi,0.03054026
Rice,IND_ANDHRAPRADESH_MEDAK,2001,Kharif,0.03132964
Rice,IND_ANDHRAPRADESH_MEDAK,2001,Rabi,0.0231934
Rice,IND_ANDHRAPRADESH_MEDAK,2002,Kharif,0.02825059
Rice,IND_ANDHRAPRADESH_MEDAK,2002,Rabi,0.02488615
Rice,IND_ANDHRAPRADESH_MEDAK,2003,Kharif,0.03031101
Rice,IND_ANDHRAPRADESH_MEDAK,2003,Rabi,0.0258509
Rice,IND_ANDHRAPRADESH_MEDAK,2004,Kharif,0.02226885
Rice,IND_ANDHRAPRADESH_MEDAK,2004,Rabi,0.01507688
Rice,IND_ANDHRAPRADESH_MEDAK,2005,Kharif,0.02353502
Rice,IND_ANDHRAPRADESH_MEDAK,2005,Rabi,0.01773855
Rice,IND_ANDHRAPRADESH_MEDAK,2006,Kharif,0.02405722
Rice,IND_ANDHRAPRADESH_MEDAK,2006,Rabi,0.02875499
Rice,IND_ANDHRAPRADESH_MEDAK,2007,Kharif,0.02249806
Rice,IND_ANDHRAPRADESH_MEDAK,2007,Rabi,0.02489331
Rice,IND_ANDHRAPRADESH_MEDAK,2008,Kharif,0.02806132
Rice,IND_ANDHRAPRADESH_MEDAK,2008,Rabi,0.02856692
Rice,IND_ANDHRAPRADESH_MEDAK,2009,Kharif,0.02398115
Rice,IND_ANDHRAPRADESH_MEDAK,2009,Rabi,0.02441819
Rice,IND_ANDHRAPRADESH_MEDAK,2010,Kharif,0.02803552
Rice,IND_ANDHRAPRADESH_MEDAK,2010,Rabi,0.03424075
Rice,IND_ANDHRAPRADESH_MEDAK,2011,Kharif,0.03145498
Rice,IND_ANDHRAPRADESH_MEDAK,2011,Rabi,0.03816355
Rice,IND_ANDHRAPRADESH_MEDAK,2012,Kharif,0.03055891
Rice,IND_ANDHRAPRADESH_MEDAK,2012,Rabi,0.02979842
Rice,IND_ANDHRAPRADESH_NALGONDA,1997,Kharif,0.06258132
Rice,IND_ANDHRAPRADESH_NALGONDA,1997,Rabi,0.05600787
Rice,IND_ANDHRAPRADESH_NALGONDA,1998,Kharif,0.05841985
Rice,IND_ANDHRAPRADESH_NALGONDA,1998,Rabi,0.10218056
Rice,IND_ANDHRAPRADESH_NALGONDA,1999,Kharif,0.06167592
Rice,IND_ANDHRAPRADESH_NALGONDA,1999,Rabi,0.05430931
Rice,IND_ANDHRAPRADESH_NALGONDA,2000,Kharif,0.05875739
Rice,IND_ANDHRAPRADESH_NALGONDA,2000,Rabi,0.06925692
Rice,IND_ANDHRAPRADESH_NALGONDA,2001,Kharif,0.05880285
Rice,IND_ANDHRAPRADESH_NALGONDA,2001,Rabi,0.05499995
Rice,IND_ANDHRAPRADESH_NALGONDA,2002,Kharif,0.04456832
Rice,IND_ANDHRAPRADESH_NALGONDA,2002,Rabi,0.05283641
Rice,IND_ANDHRAPRADESH_NALGONDA,2003,Kharif,0.0298648
Rice,IND_ANDHRAPRADESH_NALGONDA,2003,Rabi,0.06933538
Rice,IND_ANDHRAPRADESH_NALGONDA,2004,Kharif,0.05300111
Rice,IND_ANDHRAPRADESH_NALGONDA,2004,Rabi,0.08642862
Rice,IND_ANDHRAPRADESH_NALGONDA,2005,Kharif,0.06346997
Rice,IND_ANDHRAPRADESH_NALGONDA,2005,Rabi,0.10329799
Rice,IND_ANDHRAPRADESH_NALGONDA,2006,Kharif,0.06058723
Rice,IND_ANDHRAPRADESH_NALGONDA,2006,Rabi,0.09294775
Rice,IND_ANDHRAPRADESH_NALGONDA,2007,Kharif,0.06322731
Rice,IND_ANDHRAPRADESH_NALGONDA,2007,Rabi,0.10526316
Rice,IND_ANDHRAPRADESH_NALGONDA,2008,Kharif,0.06910908
Rice,IND_ANDHRAPRADESH_NALGONDA,2008,Rabi,0.10611057
Rice,IND_ANDHRAPRADESH_NALGONDA,2009,Kharif,0.04784111
Rice,IND_ANDHRAPRADESH_NALGONDA,2009,Rabi,0.1268193
Rice,IND_ANDHRAPRADESH_NALGONDA,2010,Kharif,0.07055565
Rice,IND_ANDHRAPRADESH_NALGONDA,2010,Rabi,0.10886267
Rice,IND_ANDHRAPRADESH_NALGONDA,2011,Kharif,0.07534824
Rice,IND_ANDHRAPRADESH_NALGONDA,2011,Rabi,0.09101734
Rice,IND_ANDHRAPRADESH_NALGONDA,2012,Kharif,0.04704463
Rice,IND_ANDHRAPRADESH_NALGONDA,2012,Rabi,0.0797546
Rice,IND_ANDHRAPRADESH_NIZAMABAD,1997,Kharif,0.03424974
Rice,IND_ANDHRAPRADESH_NIZAMABAD,1997,Rabi,0.01843071
Rice,IND_ANDHRAPRADESH_NIZAMABAD,1998,Kharif,0.03854359
Rice,IND_ANDHRAPRADESH_NIZAMABAD,1998,Rabi,0.03330674
Rice,IND_ANDHRAPRADESH_NIZAMABAD,1999,Kharif,0.0406916
Rice,IND_ANDHRAPRADESH_NIZAMABAD,1999,Rabi,0.04662217
Rice,IND_ANDHRAPRADESH_NIZAMABAD,2000,Kharif,0.04344747
Rice,IND_ANDHRAPRADESH_NIZAMABAD,2000,Rabi,0.0405245
Rice,IND_ANDHRAPRADESH_NIZAMABAD,2001,Kharif,0.05029362
Rice,IND_ANDHRAPRADESH_NIZAMABAD,2001,Rabi,0.0258502
Rice,IND_ANDHRAPRADESH_NIZAMABAD,2002,Kharif,0.04260321
Rice,IND_ANDHRAPRADESH_NIZAMABAD,2002,Rabi,0.02478794
Rice,IND_ANDHRAPRADESH_NIZAMABAD,2003,Kharif,0.03493189
Rice,IND_ANDHRAPRADESH_NIZAMABAD,2003,Rabi,0.02044739
Rice,IND_ANDHRAPRADESH_NIZAMABAD,2004,Kharif,0.02720821
Rice,IND_ANDHRAPRADESH_NIZAMABAD,2004,Rabi,0.01506885
Rice,IND_ANDHRAPRADESH_NIZAMABAD,2005,Kharif,0.03912382
Rice,IND_ANDHRAPRADESH_NIZAMABAD,2005,Rabi,0.03483546
Rice,IND_ANDHRAPRADESH_NIZAMABAD,2006,Kharif,0.04330315
Rice,IND_ANDHRAPRADESH_NIZAMABAD,2006,Rabi,0.03985879
Rice,IND_ANDHRAPRADESH_NIZAMABAD,2007,Kharif,0.02754073
Rice,IND_ANDHRAPRADESH_NIZAMABAD,2007,Rabi,0.04054054
Rice,IND_ANDHRAPRADESH_NIZAMABAD,2008,Kharif,0.03984444
Rice,IND_ANDHRAPRADESH_NIZAMABAD,2008,Rabi,0.04945207
Rice,IND_ANDHRAPRADESH_NIZAMABAD,2009,Kharif,0.03671196
Rice,IND_ANDHRAPRADESH_NIZAMABAD,2009,Rabi,0.03304966
Rice,IND_ANDHRAPRADESH_NIZAMABAD,2010,Kharif,0.03995115
Rice,IND_ANDHRAPRADESH_NIZAMABAD,2010,Rabi,0.05733429
Rice,IND_ANDHRAPRADESH_NIZAMABAD,2011,Kharif,0.05201797
Rice,IND_ANDHRAPRADESH_NIZAMABAD,2011,Rabi,0.09028078
Rice,IND_ANDHRAPRADESH_NIZAMABAD,2012,Kharif,0.05186972
Rice,IND_ANDHRAPRADESH_NIZAMABAD,2012,Rabi,0.05609115
Rice,IND_ANDHRAPRADESH_PRAKASAM,1997,Kharif,0.02602308
Rice,IND_ANDHRAPRADESH_PRAKASAM,1997,Rabi,0.06638633
Rice,IND_ANDHRAPRADESH_PRAKASAM,1998,Kharif,0.02563647
Rice,IND_ANDHRAPRADESH_PRAKASAM,1998,Rabi,0.04906262
Rice,IND_ANDHRAPRADESH_PRAKASAM,1999,Kharif,0.02463815
Rice,IND_ANDHRAPRADESH_PRAKASAM,1999,Rabi,0.04709324
Rice,IND_ANDHRAPRADESH_PRAKASAM,2000,Kharif,0.01684637
Rice,IND_ANDHRAPRADESH_PRAKASAM,2000,Rabi,0.07819924
Rice,IND_ANDHRAPRADESH_PRAKASAM,2001,Kharif,0.0168342
Rice,IND_ANDHRAPRADESH_PRAKASAM,2001,Rabi,0.07617215
Rice,IND_ANDHRAPRADESH_PRAKASAM,2002,Kharif,0.00912909
Rice,IND_ANDHRAPRADESH_PRAKASAM,2002,Rabi,0.06485018
Rice,IND_ANDHRAPRADESH_PRAKASAM,2003,Kharif,0.00693299
Rice,IND_ANDHRAPRADESH_PRAKASAM,2003,Rabi,0.03638184
Rice,IND_ANDHRAPRADESH_PRAKASAM,2004,Kharif,0.01238563
Rice,IND_ANDHRAPRADESH_PRAKASAM,2004,Rabi,0.07591705
Rice,IND_ANDHRAPRADESH_PRAKASAM,2005,Kharif,0.02153115
Rice,IND_ANDHRAPRADESH_PRAKASAM,2005,Rabi,0.06527699
Rice,IND_ANDHRAPRADESH_PRAKASAM,2006,Kharif,0.01559751
Rice,IND_ANDHRAPRADESH_PRAKASAM,2006,Rabi,0.05974107
Rice,IND_ANDHRAPRADESH_PRAKASAM,2007,Kharif,0.01823119
Rice,IND_ANDHRAPRADESH_PRAKASAM,2007,Rabi,0.056899
Rice,IND_ANDHRAPRADESH_PRAKASAM,2008,Kharif,0.01692212
Rice,IND_ANDHRAPRADESH_PRAKASAM,2008,Rabi,0.05299847
Rice,IND_ANDHRAPRADESH_PRAKASAM,2009,Kharif,0.01597725
Rice,IND_ANDHRAPRADESH_PRAKASAM,2009,Rabi,0.06984714
Rice,IND_ANDHRAPRADESH_PRAKASAM,2010,Kharif,0.01672877
Rice,IND_ANDHRAPRADESH_PRAKASAM,2010,Rabi,0.05897899
Rice,IND_ANDHRAPRADESH_PRAKASAM,2011,Kharif,0.01361263
Rice,IND_ANDHRAPRADESH_PRAKASAM,2011,Rabi,0.06497755
Rice,IND_ANDHRAPRADESH_PRAKASAM,2012,Kharif,0.00723764
Rice,IND_ANDHRAPRADESH_PRAKASAM,2012,Rabi,0.02979842
Rice,IND_ANDHRAPRADESH_PRAKASAM,2013,Kharif,0.03402646
Rice,IND_ANDHRAPRADESH_PRAKASAM,2013,Rabi,0.09174778
Rice,IND_ANDHRAPRADESH_PRAKASAM,2014,Kharif,0.01942846
Rice,IND_ANDHRAPRADESH_PRAKASAM,2014,Rabi,0.09687708
Rice,IND_ANDHRAPRADESH_PRAKASAM,2015,Kharif,0.01014166
Rice,IND_ANDHRAPRADESH_PRAKASAM,2015,Rabi,0.03963455
Rice,IND_ANDHRAPRADESH_PRAKASAM,2016,Kharif,0.01269827
Rice,IND_ANDHRAPRADESH_PRAKASAM,2016,Rabi,0.0354908
Rice,IND_ANDHRAPRADESH_PRAKASAM,2017,Kharif,0.01865155
Rice,IND_ANDHRAPRADESH_PRAKASAM,2017,Rabi,0.02671944
Rice,IND_ANDHRAPRADESH_PRAKASAM,2018,Kharif,0.01776215
Rice,IND_ANDHRAPRADESH_PRAKASAM,2018,Rabi,0.05817662
Rice,IND_ANDHRAPRADESH_PRAKASAM,2019,Kharif,0.01956991
Rice,IND_ANDHRAPRADESH_PRAKASAM,2019,Rabi,0.06087948
Rice,IND_ANDHRAPRADESH_RANGAREDDI,1997,Kharif,0.01007345
Rice,IND_ANDHRAPRADESH_RANGAREDDI,1997,Rabi,0.0140467
Rice,IND_ANDHRAPRADESH_RANGAREDDI,1998,Kharif,0.01073816
Rice,IND_ANDHRAPRADESH_RANGAREDDI,1998,Rabi,0.0198112
Rice,IND_ANDHRAPRADESH_RANGAREDDI,1999,Kharif,0.01197314
Rice,IND_ANDHRAPRADESH_RANGAREDDI,1999,Rabi,0.01642278
Rice,IND_ANDHRAPRADESH_RANGAREDDI,2000,Kharif,0.01301839
Rice,IND_ANDHRAPRADESH_RANGAREDDI,2000,Rabi,0.01533106
Rice,IND_ANDHRAPRADESH_RANGAREDDI,2001,Kharif,0.01034676
Rice,IND_ANDHRAPRADESH_RANGAREDDI,2001,Rabi,0.01545321
Rice,IND_ANDHRAPRADESH_RANGAREDDI,2002,Kharif,0.0097748
Rice,IND_ANDHRAPRADESH_RANGAREDDI,2002,Rabi,0.01352758
Rice,IND_ANDHRAPRADESH_RANGAREDDI,2003,Kharif,0.01040303
Rice,IND_ANDHRAPRADESH_RANGAREDDI,2003,Rabi,0.01658708
Rice,IND_ANDHRAPRADESH_RANGAREDDI,2004,Kharif,0.00880515
Rice,IND_ANDHRAPRADESH_RANGAREDDI,2004,Rabi,0.01203832
Rice,IND_ANDHRAPRADESH_RANGAREDDI,2005,Kharif,0.00934244
Rice,IND_ANDHRAPRADESH_RANGAREDDI,2005,Rabi,0.01144237
Rice,IND_ANDHRAPRADESH_RANGAREDDI,2006,Kharif,0.00757705
Rice,IND_ANDHRAPRADESH_RANGAREDDI,2006,Rabi,0.00826016
Rice,IND_ANDHRAPRADESH_RANGAREDDI,2007,Kharif,0.00737005
Rice,IND_ANDHRAPRADESH_RANGAREDDI,2007,Rabi,0.00853485
Rice,IND_ANDHRAPRADESH_RANGAREDDI,2008,Kharif,0.00684355
Rice,IND_ANDHRAPRADESH_RANGAREDDI,2008,Rabi,0.00815395
Rice,IND_ANDHRAPRADESH_RANGAREDDI,2009,Kharif,0.0097059
Rice,IND_ANDHRAPRADESH_RANGAREDDI,2009,Rabi,0.01113316
Rice,IND_ANDHRAPRADESH_RANGAREDDI,2010,Kharif,0.01060479
Rice,IND_ANDHRAPRADESH_RANGAREDDI,2010,Rabi,0.01168342
Rice,IND_ANDHRAPRADESH_RANGAREDDI,2011,Kharif,0.01020686
Rice,IND_ANDHRAPRADESH_RANGAREDDI,2011,Rabi,0.0117301
Rice,IND_ANDHRAPRADESH_RANGAREDDI,2012,Kharif,0.01166064
Rice,IND_ANDHRAPRADESH_RANGAREDDI,2012,Rabi,0.01051709
Rice,IND_ANDHRAPRADESH_SPSRNELLORE,1997,Kharif,0.02044071
Rice,IND_ANDHRAPRADESH_SPSRNELLORE,1997,Rabi,0.16292386
Rice,IND_ANDHRAPRADESH_SPSRNELLORE,1998,Kharif,0.0158939
Rice,IND_ANDHRAPRADESH_SPSRNELLORE,1998,Rabi,0.1218588
Rice,IND_ANDHRAPRADESH_SPSRNELLORE,1999,Kharif,0.01606575
Rice,IND_ANDHRAPRADESH_SPSRNELLORE,1999,Rabi,0.13079967
Rice,IND_ANDHRAPRADESH_SPSRNELLORE,2000,Kharif,0.01832456
Rice,IND_ANDHRAPRADESH_SPSRNELLORE,2000,Rabi,0.1072327
Rice,IND_ANDHRAPRADESH_SPSRNELLORE,2001,Kharif,0.01413684
Rice,IND_ANDHRAPRADESH_SPSRNELLORE,2001,Rabi,0.12590925
Rice,IND_ANDHRAPRADESH_SPSRNELLORE,2002,Kharif,0.02157634
Rice,IND_ANDHRAPRADESH_SPSRNELLORE,2002,Rabi,0.24325515
Rice,IND_ANDHRAPRADESH_SPSRNELLORE,2003,Kharif,0.00848071
Rice,IND_ANDHRAPRADESH_SPSRNELLORE,2003,Rabi,0.15828303
Rice,IND_ANDHRAPRADESH_SPSRNELLORE,2004,Kharif,0.00872479
Rice,IND_ANDHRAPRADESH_SPSRNELLORE,2004,Rabi,0.1921872
Rice,IND_ANDHRAPRADESH_SPSRNELLORE,2005,Kharif,0.00713984
Rice,IND_ANDHRAPRADESH_SPSRNELLORE,2005,Rabi,0.13030049
Rice,IND_ANDHRAPRADESH_SPSRNELLORE,2006,Kharif,0.02274137
Rice,IND_ANDHRAPRADESH_SPSRNELLORE,2006,Rabi,0.13602115
Rice,IND_ANDHRAPRADESH_SPSRNELLORE,2007,Kharif,0.01784329
Rice,IND_ANDHRAPRADESH_SPSRNELLORE,2007,Rabi,0.13371266
Rice,IND_ANDHRAPRADESH_SPSRNELLORE,2008,Kharif,0.02327193
Rice,IND_ANDHRAPRADESH_SPSRNELLORE,2008,Rabi,0.12110925
Rice,IND_ANDHRAPRADESH_SPSRNELLORE,2009,Kharif,0.0329124
Rice,IND_ANDHRAPRADESH_SPSRNELLORE,2009,Rabi,0.14442116
Rice,IND_ANDHRAPRADESH_SPSRNELLORE,2010,Kharif,0.02391443
Rice,IND_ANDHRAPRADESH_SPSRNELLORE,2010,Rabi,0.10985966
Rice,IND_ANDHRAPRADESH_SPSRNELLORE,2011,Kharif,0.01848919
Rice,IND_ANDHRAPRADESH_SPSRNELLORE,2011,Rabi,0.16485405
Rice,IND_ANDHRAPRADESH_SPSRNELLORE,2012,Kharif,0.02171291
Rice,IND_ANDHRAPRADESH_SPSRNELLORE,2012,Rabi,0.17265557
Rice,IND_ANDHRAPRADESH_SPSRNELLORE,2013,Kharif,0.01890352
Rice,IND_ANDHRAPRADESH_SPSRNELLORE,2013,Rabi,0.21945016
Rice,IND_ANDHRAPRADESH_SPSRNELLORE,2014,Kharif,0.03806422
Rice,IND_ANDHRAPRADESH_SPSRNELLORE,2014,Rabi,0.23515547
Rice,IND_ANDHRAPRADESH_SPSRNELLORE,2015,Kharif,0.0217409
Rice,IND_ANDHRAPRADESH_SPSRNELLORE,2015,Rabi,0.33840829
Rice,IND_ANDHRAPRADESH_SPSRNELLORE,2016,Kharif,0.04858139
Rice,IND_ANDHRAPRADESH_SPSRNELLORE,2016,Rabi,0.2234528
Rice,IND_ANDHRAPRADESH_SPSRNELLORE,2017,Kharif,0.01434329
Rice,IND_ANDHRAPRADESH_SPSRNELLORE,2017,Rabi,0.27432284
Rice,IND_ANDHRAPRADESH_SPSRNELLORE,2018,Kharif,0.0170332
Rice,IND_ANDHRAPRADESH_SPSRNELLORE,2018,Rabi,0.21759978
Rice,IND_ANDHRAPRADESH_SPSRNELLORE,2019,Kharif,0.01092749
Rice,IND_ANDHRAPRADESH_SPSRNELLORE,2019,Rabi,0.26004844
Rice,IND_ANDHRAPRADESH_SRIKAKULAM,1997,Kharif,0.07794334
Rice,IND_ANDHRAPRADESH_SRIKAKULAM,1997,Rabi,0.00053682
Rice,IND_ANDHRAPRADESH_SRIKAKULAM,1998,Kharif,0.06912246
Rice,IND_ANDHRAPRADESH_SRIKAKULAM,1998,Rabi,0.00132961
Rice,IND_ANDHRAPRADESH_SRIKAKULAM,1999,Kharif,0.06635334
Rice,IND_ANDHRAPRADESH_SRIKAKULAM,1999,Rabi,0.00146123
Rice,IND_ANDHRAPRADESH_SRIKAKULAM,2000,Kharif,0.0690691
Rice,IND_ANDHRAPRADESH_SRIKAKULAM,2000,Rabi,0.00088777
Rice,IND_ANDHRAPRADESH_SRIKAKULAM,2001,Kharif,0.0736874
Rice,IND_ANDHRAPRADESH_SRIKAKULAM,2001,Rabi,0.0011325
Rice,IND_ANDHRAPRADESH_SRIKAKULAM,2002,Kharif,0.07260604
Rice,IND_ANDHRAPRADESH_SRIKAKULAM,2002,Rabi,0.00088669
Rice,IND_ANDHRAPRADESH_SRIKAKULAM,2003,Kharif,0.08924968
Rice,IND_ANDHRAPRADESH_SRIKAKULAM,2003,Rabi,0.00254582
Rice,IND_ANDHRAPRADESH_SRIKAKULAM,2004,Kharif,0.08613509
Rice,IND_ANDHRAPRADESH_SRIKAKULAM,2004,Rabi,0.00252315
Rice,IND_ANDHRAPRADESH_SRIKAKULAM,2005,Kharif,0.06077373
Rice,IND_ANDHRAPRADESH_SRIKAKULAM,2005,Rabi,0.00291074
Rice,IND_ANDHRAPRADESH_SRIKAKULAM,2006,Kharif,0.07345837
Rice,IND_ANDHRAPRADESH_SRIKAKULAM,2006,Rabi,0.00256167
Rice,IND_ANDHRAPRADESH_SRIKAKULAM,2007,Kharif,0.07796742
Rice,IND_ANDHRAPRADESH_SRIKAKULAM,2007,Rabi,0.00142248
Rice,IND_ANDHRAPRADESH_SRIKAKULAM,2008,Kharif,0.0724818
Rice,IND_ANDHRAPRADESH_SRIKAKULAM,2008,Rabi,0.00168356
Rice,IND_ANDHRAPRADESH_SRIKAKULAM,2009,Kharif,0.08583091
Rice,IND_ANDHRAPRADESH_SRIKAKULAM,2009,Rabi,0.00196536
Rice,IND_ANDHRAPRADESH_SRIKAKULAM,2010,Kharif,0.07045434
Rice,IND_ANDHRAPRADESH_SRIKAKULAM,2010,Rabi,0.00387971
Rice,IND_ANDHRAPRADESH_SRIKAKULAM,2011,Kharif,0.07245744
Rice,IND_ANDHRAPRADESH_SRIKAKULAM,2011,Rabi,0.00178247
Rice,IND_ANDHRAPRADESH_SRIKAKULAM,2012,Kharif,0.08283072
Rice,IND_ANDHRAPRADESH_SRIKAKULAM,2012,Rabi,0.00262927
Rice,IND_ANDHRAPRADESH_SRIKAKULAM,2013,Kharif,0.11709795
Rice,IND_ANDHRAPRADESH_SRIKAKULAM,2013,Rabi,0.00390142
Rice,IND_ANDHRAPRADESH_SRIKAKULAM,2014,Kharif,0.12568497
Rice,IND_ANDHRAPRADESH_SRIKAKULAM,2014,Rabi,0.0062316
Rice,IND_ANDHRAPRADESH_SRIKAKULAM,2015,Kharif,0.14583268
Rice,IND_ANDHRAPRADESH_SRIKAKULAM,2015,Rabi,0.00366316
Rice,IND_ANDHRAPRADESH_SRIKAKULAM,2016,Kharif,0.13385332
Rice,IND_ANDHRAPRADESH_SRIKAKULAM,2016,Rabi,0.00400435
Rice,IND_ANDHRAPRADESH_SRIKAKULAM,2017,Kharif,0.1426488
Rice,IND_ANDHRAPRADESH_SRIKAKULAM,2017,Rabi,0.00545694
Rice,IND_ANDHRAPRADESH_SRIKAKULAM,2018,Kharif,0.13391377
Rice,IND_ANDHRAPRADESH_SRIKAKULAM,2018,Rabi,0.00812517
Rice,IND_ANDHRAPRADESH_SRIKAKULAM,2019,Kharif,0.13734052
Rice,IND_ANDHRAPRADESH_SRIKAKULAM,2019,Rabi,0.011476
Rice,IND_ANDHRAPRADESH_VISAKHAPATANAM,1997,Kharif,0.04012592
Rice,IND_ANDHRAPRADESH_VISAKHAPATANAM,1997,Rabi,0.00241568
Rice,IND_ANDHRAPRADESH_VISAKHAPATANAM,1998,Kharif,0.04085479
Rice,IND_ANDHRAPRADESH_VISAKHAPATANAM,1998,Rabi,0.00252626
Rice,IND_ANDHRAPRADESH_VISAKHAPATANAM,1999,Kharif,0.03628623
Rice,IND_ANDHRAPRADESH_VISAKHAPATANAM,1999,Rabi,0.00261958
Rice,IND_ANDHRAPRADESH_VISAKHAPATANAM,2000,Kharif,0.03836603
Rice,IND_ANDHRAPRADESH_VISAKHAPATANAM,2000,Rabi,0.00239618
Rice,IND_ANDHRAPRADESH_VISAKHAPATANAM,2001,Kharif,0.03568689
Rice,IND_ANDHRAPRADESH_VISAKHAPATANAM,2001,Rabi,0.00267682
Rice,IND_ANDHRAPRADESH_VISAKHAPATANAM,2002,Kharif,0.02937656
Rice,IND_ANDHRAPRADESH_VISAKHAPATANAM,2002,Rabi,0.00284525
Rice,IND_ANDHRAPRADESH_VISAKHAPATANAM,2003,Kharif,0.04015166
Rice,IND_ANDHRAPRADESH_VISAKHAPATANAM,2003,Rabi,0.00457531
Rice,IND_ANDHRAPRADESH_VISAKHAPATANAM,2004,Kharif,0.04297252
Rice,IND_ANDHRAPRADESH_VISAKHAPATANAM,2004,Rabi,0.00300872
Rice,IND_ANDHRAPRADESH_VISAKHAPATANAM,2005,Kharif,0.03357259
Rice,IND_ANDHRAPRADESH_VISAKHAPATANAM,2005,Rabi,0.00262496
Rice,IND_ANDHRAPRADESH_VISAKHAPATANAM,2006,Kharif,0.03526603
Rice,IND_ANDHRAPRADESH_VISAKHAPATANAM,2006,Rabi,0.00195509
Rice,IND_ANDHRAPRADESH_VISAKHAPATANAM,2007,Kharif,0.03723817
Rice,IND_ANDHRAPRADESH_VISAKHAPATANAM,2007,Rabi,0.00213371
Rice,IND_ANDHRAPRADESH_VISAKHAPATANAM,2008,Kharif,0.03545319
Rice,IND_ANDHRAPRADESH_VISAKHAPATANAM,2008,Rabi,0.00169114
Rice,IND_ANDHRAPRADESH_VISAKHAPATANAM,2009,Kharif,0.03172619
Rice,IND_ANDHRAPRADESH_VISAKHAPATANAM,2009,Rabi,0.00215841
Rice,IND_ANDHRAPRADESH_VISAKHAPATANAM,2010,Kharif,0.03774703
Rice,IND_ANDHRAPRADESH_VISAKHAPATANAM,2010,Rabi,0.00396936
Rice,IND_ANDHRAPRADESH_VISAKHAPATANAM,2011,Kharif,0.03810262
Rice,IND_ANDHRAPRADESH_VISAKHAPATANAM,2011,Rabi,0.00214175
Rice,IND_ANDHRAPRADESH_VISAKHAPATANAM,2012,Kharif,0.039807
Rice,IND_ANDHRAPRADESH_VISAKHAPATANAM,2012,Rabi,0.00438212
Rice,IND_ANDHRAPRADESH_VISAKHAPATANAM,2013,Kharif,0.05783279
Rice,IND_ANDHRAPRADESH_VISAKHAPATANAM,2013,Rabi,0.00769919
Rice,IND_ANDHRAPRADESH_VISAKHAPATANAM,2014,Kharif,0.06005795
Rice,IND_ANDHRAPRADESH_VISAKHAPATANAM,2014,Rabi,0.0095358
Rice,IND_ANDHRAPRADESH_VISAKHAPATANAM,2015,Kharif,0.07369446
Rice,IND_ANDHRAPRADESH_VISAKHAPATANAM,2015,Rabi,0.00592589
Rice,IND_ANDHRAPRADESH_VISAKHAPATANAM,2016,Kharif,0.06939728
Rice,IND_ANDHRAPRADESH_VISAKHAPATANAM,2016,Rabi,0.00761066
Rice,IND_ANDHRAPRADESH_VISAKHAPATANAM,2017,Kharif,0.0710407
Rice,IND_ANDHRAPRADESH_VISAKHAPATANAM,2017,Rabi,0.0054475
Rice,IND_ANDHRAPRADESH_VISAKHAPATANAM,2018,Kharif,0.0638793
Rice,IND_ANDHRAPRADESH_VISAKHAPATANAM,2018,Rabi,0.00463054
Rice,IND_ANDHRAPRADESH_VISAKHAPATANAM,2019,Kharif,0.06354587
Rice,IND_ANDHRAPRADESH_VISAKHAPATANAM,2019,Rabi,0.00790663
Rice,IND_ANDHRAPRADESH_VIZIANAGARAM,1997,Kharif,0.0547744
Rice,IND_ANDHRAPRADESH_VIZIANAGARAM,1997,Rabi,0.00089469
Rice,IND_ANDHRAPRADESH_VIZIANAGARAM,1998,Kharif,0.04729057
Rice,IND_ANDHRAPRADESH_VIZIANAGARAM,1998,Rabi,0.0023933
Rice,IND_ANDHRAPRADESH_VIZIANAGARAM,1999,Kharif,0.04640034
Rice,IND_ANDHRAPRADESH_VIZIANAGARAM,1999,Rabi,0.0017032
Rice,IND_ANDHRAPRADESH_VIZIANAGARAM,2000,Kharif,0.04324938
Rice,IND_ANDHRAPRADESH_VIZIANAGARAM,2000,Rabi,0.00174569
Rice,IND_ANDHRAPRADESH_VIZIANAGARAM,2001,Kharif,0.04381402
Rice,IND_ANDHRAPRADESH_VIZIANAGARAM,2001,Rabi,0.00276262
Rice,IND_ANDHRAPRADESH_VIZIANAGARAM,2002,Kharif,0.04456216
Rice,IND_ANDHRAPRADESH_VIZIANAGARAM,2002,Rabi,0.00083337
Rice,IND_ANDHRAPRADESH_VIZIANAGARAM,2003,Kharif,0.05154052
Rice,IND_ANDHRAPRADESH_VIZIANAGARAM,2003,Rabi,0.0050616
Rice,IND_ANDHRAPRADESH_VIZIANAGARAM,2004,Kharif,0.05652425
Rice,IND_ANDHRAPRADESH_VIZIANAGARAM,2004,Rabi,0.00272059
Rice,IND_ANDHRAPRADESH_VIZIANAGARAM,2005,Kharif,0.0373444
Rice,IND_ANDHRAPRADESH_VIZIANAGARAM,2005,Rabi,0.00257618
Rice,IND_ANDHRAPRADESH_VIZIANAGARAM,2006,Kharif,0.04447474
Rice,IND_ANDHRAPRADESH_VIZIANAGARAM,2006,Rabi,0.00074793
Rice,IND_ANDHRAPRADESH_VIZIANAGARAM,2007,Kharif,0.0480993
Rice,IND_ANDHRAPRADESH_VIZIANAGARAM,2007,Rabi,0.00213371
Rice,IND_ANDHRAPRADESH_VIZIANAGARAM,2008,Kharif,0.04600803
Rice,IND_ANDHRAPRADESH_VIZIANAGARAM,2008,Rabi,0.00106998
Rice,IND_ANDHRAPRADESH_VIZIANAGARAM,2009,Kharif,0.05068182
Rice,IND_ANDHRAPRADESH_VIZIANAGARAM,2009,Rabi,0.00267297
Rice,IND_ANDHRAPRADESH_VIZIANAGARAM,2010,Kharif,0.04322346
Rice,IND_ANDHRAPRADESH_VIZIANAGARAM,2010,Rabi,0.00396498
Rice,IND_ANDHRAPRADESH_VIZIANAGARAM,2011,Kharif,0.0429691
Rice,IND_ANDHRAPRADESH_VIZIANAGARAM,2011,Rabi,0.00088223
Rice,IND_ANDHRAPRADESH_VIZIANAGARAM,2012,Kharif,0.04784881
Rice,IND_ANDHRAPRADESH_VIZIANAGARAM,2012,Rabi,0.00613497
Rice,IND_ANDHRAPRADESH_VIZIANAGARAM,2013,Kharif,0.06406771
Rice,IND_ANDHRAPRADESH_VIZIANAGARAM,2013,Rabi,0.00855123
Rice,IND_ANDHRAPRADESH_VIZIANAGARAM,2014,Kharif,0.07292646
Rice,IND_ANDHRAPRADESH_VIZIANAGARAM,2014,Rabi,0.00705765
Rice,IND_ANDHRAPRADESH_VIZIANAGARAM,2015,Kharif,0.08883867
Rice,IND_ANDHRAPRADESH_VIZIANAGARAM,2015,Rabi,0.00317097
Rice,IND_ANDHRAPRADESH_VIZIANAGARAM,2016,Kharif,0.08041623
Rice,IND_ANDHRAPRADESH_VIZIANAGARAM,2016,Rabi,0.00528561
Rice,IND_ANDHRAPRADESH_VIZIANAGARAM,2017,Kharif,0.08306092
Rice,IND_ANDHRAPRADESH_VIZIANAGARAM,2017,Rabi,0.00831964
Rice,IND_ANDHRAPRADESH_VIZIANAGARAM,2018,Kharif,0.0776904
Rice,IND_ANDHRAPRADESH_VIZIANAGARAM,2018,Rabi,0.00484003
Rice,IND_ANDHRAPRADESH_VIZIANAGARAM,2019,Kharif,0.07820954
Rice,IND_ANDHRAPRADESH_VIZIANAGARAM,2019,Rabi,0.00875889
Rice,IND_ANDHRAPRADESH_WARANGAL,1997,Kharif,0.01825813
Rice,IND_ANDHRAPRADESH_WARANGAL,1997,Rabi,0.03131431
Rice,IND_ANDHRAPRADESH_WARANGAL,1998,Kharif,0.04739724
Rice,IND_ANDHRAPRADESH_WARANGAL,1998,Rabi,0.04946151
Rice,IND_ANDHRAPRADESH_WARANGAL,1999,Kharif,0.04649231
Rice,IND_ANDHRAPRADESH_WARANGAL,1999,Rabi,0.04435611
Rice,IND_ANDHRAPRADESH_WARANGAL,2000,Kharif,0.05424092
Rice,IND_ANDHRAPRADESH_WARANGAL,2000,Rabi,0.05018268
Rice,IND_ANDHRAPRADESH_WARANGAL,2001,Kharif,0.05357423
Rice,IND_ANDHRAPRADESH_WARANGAL,2001,Rabi,0.03542641
Rice,IND_ANDHRAPRADESH_WARANGAL,2002,Kharif,0.05208455
Rice,IND_ANDHRAPRADESH_WARANGAL,2002,Rabi,0.03554042
Rice,IND_ANDHRAPRADESH_WARANGAL,2003,Kharif,0.05895622
Rice,IND_ANDHRAPRADESH_WARANGAL,2003,Rabi,0.0530209
Rice,IND_ANDHRAPRADESH_WARANGAL,2004,Kharif,0.04894254
Rice,IND_ANDHRAPRADESH_WARANGAL,2004,Rabi,0.02515454
Rice,IND_ANDHRAPRADESH_WARANGAL,2005,Kharif,0.05515164
Rice,IND_ANDHRAPRADESH_WARANGAL,2005,Rabi,0.04297482
Rice,IND_ANDHRAPRADESH_WARANGAL,2006,Kharif,0.05310939
Rice,IND_ANDHRAPRADESH_WARANGAL,2006,Rabi,0.05136797
Rice,IND_ANDHRAPRADESH_WARANGAL,2007,Kharif,0.04460822
Rice,IND_ANDHRAPRADESH_WARANGAL,2007,Rabi,0.0512091
Rice,IND_ANDHRAPRADESH_WARANGAL,2008,Kharif,0.05453009
Rice,IND_ANDHRAPRADESH_WARANGAL,2008,Rabi,0.04924186
Rice,IND_ANDHRAPRADESH_WARANGAL,2009,Kharif,0.04088576
Rice,IND_ANDHRAPRADESH_WARANGAL,2009,Rabi,0.02909354
Rice,IND_ANDHRAPRADESH_WARANGAL,2010,Kharif,0.05793634
Rice,IND_ANDHRAPRADESH_WARANGAL,2010,Rabi,0.05399352
Rice,IND_ANDHRAPRADESH_WARANGAL,2011,Kharif,0.05592618
Rice,IND_ANDHRAPRADESH_WARANGAL,2011,Rabi,0.0520665
Rice,IND_ANDHRAPRADESH_WARANGAL,2012,Kharif,0.05589063
Rice,IND_ANDHRAPRADESH_WARANGAL,2012,Rabi,0.06222612
Rice,IND_ANDHRAPRADESH_WESTGODAVARI,1997,Kharif,0.10375656
Rice,IND_ANDHRAPRADESH_WESTGODAVARI,1997,Rabi,0.17321285
Rice,IND_ANDHRAPRADESH_WESTGODAVARI,1998,Kharif,0.09315887
Rice,IND_ANDHRAPRADESH_WESTGODAVARI,1998,Rabi,0.12917165
Rice,IND_ANDHRAPRADESH_WESTGODAVARI,1999,Kharif,0.09375301
Rice,IND_ANDHRAPRADESH_WESTGODAVARI,1999,Rabi,0.16592418
Rice,IND_ANDHRAPRADESH_WESTGODAVARI,2000,Kharif,0.09085576
Rice,IND_ANDHRAPRADESH_WESTGODAVARI,2000,Rabi,0.16041606
Rice,IND_ANDHRAPRADESH_WESTGODAVARI,2001,Kharif,0.09180268
Rice,IND_ANDHRAPRADESH_WESTGODAVARI,2001,Rabi,0.13690109
Rice,IND_ANDHRAPRADESH_WESTGODAVARI,2002,Kharif,0.10171806
Rice,IND_ANDHRAPRADESH_WESTGODAVARI,2002,Rabi,0.16425306
Rice,IND_ANDHRAPRADESH_WESTGODAVARI,2003,Kharif,0.11012118
Rice,IND_ANDHRAPRADESH_WESTGODAVARI,2003,Rabi,0.20558624
Rice,IND_ANDHRAPRADESH_WESTGODAVARI,2004,Kharif,0.11026077
Rice,IND_ANDHRAPRADESH_WESTGODAVARI,2004,Rabi,0.20176092
Rice,IND_ANDHRAPRADESH_WESTGODAVARI,2005,Kharif,0.10036032
Rice,IND_ANDHRAPRADESH_WESTGODAVARI,2005,Rabi,0.1322419
Rice,IND_ANDHRAPRADESH_WESTGODAVARI,2006,Kharif,0.09286182
Rice,IND_ANDHRAPRADESH_WESTGODAVARI,2006,Rabi,0.14121255
Rice,IND_ANDHRAPRADESH_WESTGODAVARI,2007,Kharif,0.09852599
Rice,IND_ANDHRAPRADESH_WESTGODAVARI,2007,Rabi,0.13655761
Rice,IND_ANDHRAPRADESH_WESTGODAVARI,2008,Kharif,0.09112989
Rice,IND_ANDHRAPRADESH_WESTGODAVARI,2008,Rabi,0.12310402
Rice,IND_ANDHRAPRADESH_WESTGODAVARI,2009,Kharif,0.10319943
Rice,IND_ANDHRAPRADESH_WESTGODAVARI,2009,Rabi,0.08396317
Rice,IND_ANDHRAPRADESH_WESTGODAVARI,2010,Kharif,0.08766774
Rice,IND_ANDHRAPRADESH_WESTGODAVARI,2010,Rabi,0.10952022
Rice,IND_ANDHRAPRADESH_WESTGODAVARI,2011,Kharif,0.08360134
Rice,IND_ANDHRAPRADESH_WESTGODAVARI,2011,Rabi,0.10108773
Rice,IND_ANDHRAPRADESH_WESTGODAVARI,2012,Kharif,0.09770808
Rice,IND_ANDHRAPRADESH_WESTGODAVARI,2012,Rabi,0.15775635
Rice,IND_ANDHRAPRADESH_WESTGODAVARI,2013,Kharif,0.14094884
Rice,IND_ANDHRAPRADESH_WESTGODAVARI,2013,Rabi,0.20529226
Rice,IND_ANDHRAPRADESH_WESTGODAVARI,2014,Kharif,0.14158176
Rice,IND_ANDHRAPRADESH_WESTGODAVARI,2014,Rabi,0.2342596
Rice,IND_ANDHRAPRADESH_WESTGODAVARI,2015,Kharif,0.16384775
Rice,IND_ANDHRAPRADESH_WESTGODAVARI,2015,Rabi,0.229158
Rice,IND_ANDHRAPRADESH_WESTGODAVARI,2016,Kharif,0.15186661
Rice,IND_ANDHRAPRADESH_WESTGODAVARI,2016,Rabi,0.28807082
Rice,IND_ANDHRAPRADESH_WESTGODAVARI,2017,Kharif,0.1535349
Rice,IND_ANDHRAPRADESH_WESTGODAVARI,2017,Rabi,0.22456823
Rice,IND_ANDHRAPRADESH_WESTGODAVARI,2018,Kharif,0.14510319
Rice,IND_ANDHRAPRADESH_WESTGODAVARI,2018,Rabi,0.26372985
Rice,IND_ANDHRAPRADESH_WESTGODAVARI,2019,Kharif,0.14700886
Rice,IND_ANDHRAPRADESH_WESTGODAVARI,2019,Rabi,0.20465743
Rice,IND_KARNATAKA_BAGALKOTE,1998,Kharif,0.00018254
Rice,IND_KARNATAKA_BAGALKOTE,1999,Kharif,0.00011677
Rice,IND_KARNATAKA_BAGALKOTE,2000,Kharif,0.0001526
Rice,IND_KARNATAKA_BAGALKOTE,2001,Kharif,0.00015717
Rice,IND_KARNATAKA_BAGALKOTE,2001,Summer,4.705e-05
Rice,IND_KARNATAKA_BAGALKOTE,2002,Kharif,0.00010869
Rice,IND_KARNATAKA_BAGALKOTE,2002,Summer,0.00020308
Rice,IND_KARNATAKA_BAGALKOTE,2003,Kharif,9.849e-05
Rice,IND_KARNATAKA_BAGALKOTE,2003,Summer,2.667e-05
Rice,IND_KARNATAKA_BAGALKOTE,2004,Kharif,6.066e-05
Rice,IND_KARNATAKA_BAGALKOTE,2005,Kharif,0.0001171
Rice,IND_KARNATAKA_BAGALKOTE,2005,Summer,0.00017296
Rice,IND_KARNATAKA_BAGALKOTE,2006,Kharif,0.00010966
Rice,IND_KARNATAKA_BAGALKOTE,2007,Kharif,6.467e-05
Rice,IND_KARNATAKA_BAGALKOTE,2008,Kharif,7.7e-05
Rice,IND_KARNATAKA_BAGALKOTE,2009,Kharif,0.00012067
Rice,IND_KARNATAKA_BAGALKOTE,2010,Kharif,0.00010715
Rice,IND_KARNATAKA_BAGALKOTE,2010,Summer,6.388e-05
Rice,IND_KARNATAKA_BAGALKOTE,2011,Kharif,7.068e-05
Rice,IND_KARNATAKA_BAGALKOTE,2011,Summer,2.351e-05
Rice,IND_KARNATAKA_BAGALKOTE,2012,Kharif,4.674e-05
Rice,IND_KARNATAKA_BAGALKOTE,2013,Kharif,5.217e-05
Rice,IND_KARNATAKA_BAGALKOTE,2014,Kharif,2.5e-05
Rice,IND_KARNATAKA_BAGALKOTE,2015,Kharif,3.275e-05
Rice,IND_KARNATAKA_BAGALKOTE,2016,Kharif,1.805e-05
Rice,IND_KARNATAKA_BAGALKOTE,2018,Kharif,5.207e-05
Rice,IND_KARNATAKA_BAGALKOTE,2019,Kharif,3.423e-05
Rice,IND_KARNATAKA_BAGALKOTE,2019,Summer,0.00017968
Rice,IND_KARNATAKA_BALLARI,1997,Kharif,0.03306932
Rice,IND_KARNATAKA_BALLARI,1997,Summer,0.08794452
Rice,IND_KARNATAKA_BALLARI,1998,Kharif,0.03650413
Rice,IND_KARNATAKA_BALLARI,1998,Summer,0.09958084
Rice,IND_KARNATAKA_BALLARI,1999,Kharif,0.04371017
Rice,IND_KARNATAKA_BALLARI,1999,Summer,0.10448773
Rice,IND_KARNATAKA_BALLARI,2000,Kharif,0.04698947
Rice,IND_KARNATAKA_BALLARI,2000,Summer,0.10097719
Rice,IND_KARNATAKA_BALLARI,2001,Kharif,0.0501688
Rice,IND_KARNATAKA_BALLARI,2001,Summer,0.10580323
Rice,IND_KARNATAKA_BALLARI,2002,Kharif,0.0623884
Rice,IND_KARNATAKA_BALLARI,2002,Summer,0.09491897
Rice,IND_KARNATAKA_BALLARI,2003,Kharif,0.05294555
Rice,IND_KARNATAKA_BALLARI,2003,Summer,0.07961546
Rice,IND_KARNATAKA_BALLARI,2004,Kharif,0.04922464
Rice,IND_KARNATAKA_BALLARI,2004,Rabi,0.0063838
Rice,IND_KARNATAKA_BALLARI,2004,Summer,0.06973243
Rice,IND_KARNATAKA_BALLARI,2005,Kharif,0.05741952
Rice,IND_KARNATAKA_BALLARI,2005,Rabi,0.01090246
Rice,IND_KARNATAKA_BALLARI,2005,Summer,0.11129353
Rice,IND_KARNATAKA_BALLARI,2006,Kharif,0.06218855
Rice,IND_KARNATAKA_BALLARI,2006,Rabi,0.06792547
Rice,IND_KARNATAKA_BALLARI,2006,Summer,0.12849926
Rice,IND_KARNATAKA_BALLARI,2007,Kharif,0.07284781
Rice,IND_KARNATAKA_BALLARI,2007,Rabi,0.00910105
Rice,IND_KARNATAKA_BALLARI,2007,Summer,0.12599954
Rice,IND_KARNATAKA_BALLARI,2008,Kharif,0.06899652
Rice,IND_KARNATAKA_BALLARI,2008,Rabi,0.00366014
Rice,IND_KARNATAKA_BALLARI,2008,Summer,0.13002081
Rice,IND_KARNATAKA_BALLARI,2009,Kharif,0.07298627
Rice,IND_KARNATAKA_BALLARI,2009,Rabi,0.00121864
Rice,IND_KARNATAKA_BALLARI,2009,Summer,0.1152088
Rice,IND_KARNATAKA_BALLARI,2010,Kharif,0.07863162
Rice,IND_KARNATAKA_BALLARI,2010,Rabi,0.0027163
Rice,IND_KARNATAKA_BALLARI,2010,Summer,0.11593837
Rice,IND_KARNATAKA_BALLARI,2011,Kharif,0.06909244
Rice,IND_KARNATAKA_BALLARI,2011,Summer,0.15258421
Rice,IND_KARNATAKA_BALLARI,2012,Kharif,0.07442483
Rice,IND_KARNATAKA_BALLARI,2012,Summer,0.16806364
Rice,IND_KARNATAKA_BALLARI,2013,Kharif,0.07343174
Rice,IND_KARNATAKA_BALLARI,2013,Summer,0.13081188
Rice,IND_KARNATAKA_BALLARI,2014,Kharif,0.07759606
Rice,IND_KARNATAKA_BALLARI,2014,Rabi,0.00083167
Rice,IND_KARNATAKA_BALLARI,2014,Summer,0.14728067
Rice,IND_KARNATAKA_BALLARI,2015,Kharif,0.07738753
Rice,IND_KARNATAKA_BALLARI,2015,Summer,0.17411846
Rice,IND_KARNATAKA_BALLARI,2016,Kharif,0.08872376
Rice,IND_KARNATAKA_BALLARI,2016,Rabi,0.00058868
Rice,IND_KARNATAKA_BALLARI,2016,Summer,0.04628075
Rice,IND_KARNATAKA_BALLARI,2017,Kharif,0.07533215
Rice,IND_KARNATAKA_BALLARI,2017,Rabi,0.21606711
Rice,IND_KARNATAKA_BALLARI,2017,Summer,0.17688125
Rice,IND_KARNATAKA_BALLARI,2018,Kharif,0.10202206
Rice,IND_KARNATAKA_BALLARI,2018,Rabi,0.13555322
Rice,IND_KARNATAKA_BALLARI,2018,Summer,0.20226765
Rice,IND_KARNATAKA_BALLARI,2019,Kharif,0.10080003
Rice,IND_KARNATAKA_BALLARI,2019,Summer,0.12466034
Rice,IND_KARNATAKA_BANGALORERURAL,1997,Kharif,0.01089644
Rice,IND_KARNATAKA_BANGALORERURAL,1997,Rabi,0.00361855
Rice,IND_KARNATAKA_BANGALORERURAL,1997,Summer,0.01622868
Rice,IND_KARNATAKA_BANGALORERURAL,1998,Kharif,0.01325528
Rice,IND_KARNATAKA_BANGALORERURAL,1998,Summer,0.02251969
Rice,IND_KARNATAKA_BANGALORERURAL,1999,Kharif,0.01052821
Rice,IND_KARNATAKA_BANGALORERURAL,1999,Rabi,0.0153852
Rice,IND_KARNATAKA_BANGALORERURAL,1999,Summer,0.02642444
Rice,IND_KARNATAKA_BANGALORERURAL,2000,Kharif,0.0132328
Rice,IND_KARNATAKA_BANGALORERURAL,2000,Rabi,0.01374868
Rice,IND_KARNATAKA_BANGALORERURAL,2000,Summer,0.02215239
Rice,IND_KARNATAKA_BANGALORERURAL,2001,Kharif,0.01017218
Rice,IND_KARNATAKA_BANGALORERURAL,2001,Rabi,0.00316006
Rice,IND_KARNATAKA_BANGALORERURAL,2001,Summer,0.01112289
Rice,IND_KARNATAKA_BANGALORERURAL,2002,Kharif,0.00555284
Rice,IND_KARNATAKA_BANGALORERURAL,2002,Rabi,0.00063422
Rice,IND_KARNATAKA_BANGALORERURAL,2002,Summer,0.00583513
Rice,IND_KARNATAKA_BANGALORERURAL,2003,Kharif,0.00619525
Rice,IND_KARNATAKA_BANGALORERURAL,2003,Rabi,0.00439327
Rice,IND_KARNATAKA_BANGALORERURAL,2003,Summer,0.0064135
Rice,IND_KARNATAKA_BANGALORERURAL,2004,Kharif,0.00812086
Rice,IND_KARNATAKA_BANGALORERURAL,2004,Rabi,0.000114
Rice,IND_KARNATAKA_BANGALORERURAL,2004,Summer,0.00382305
Rice,IND_KARNATAKA_BANGALORERURAL,2005,Kharif,0.00904188
Rice,IND_KARNATAKA_BANGALORERURAL,2005,Rabi,0.0004005
Rice,IND_KARNATAKA_BANGALORERURAL,2005,Summer,0.00574889
Rice,IND_KARNATAKA_BANGALORERURAL,2006,Kharif,0.00687922
Rice,IND_KARNATAKA_BANGALORERURAL,2006,Rabi,0.00029503
Rice,IND_KARNATAKA_BANGALORERURAL,2006,Summer,0.0024804
Rice,IND_KARNATAKA_BANGALORERURAL,2007,Kharif,0.0018926
Rice,IND_KARNATAKA_BANGALORERURAL,2007,Rabi,0.00039678
Rice,IND_KARNATAKA_BANGALORERURAL,2007,Summer,0.00030814
Rice,IND_KARNATAKA_BANGALORERURAL,2008,Kharif,0.00157715
Rice,IND_KARNATAKA_BANGALORERURAL,2008,Rabi,0.00029281
Rice,IND_KARNATAKA_BANGALORERURAL,2008,Summer,0.00127943
Rice,IND_KARNATAKA_BANGALORERURAL,2009,Kharif,0.00138357
Rice,IND_KARNATAKA_BANGALORERURAL,2009,Rabi,7.948e-05
Rice,IND_KARNATAKA_BANGALORERURAL,2009,Summer,0.00040114
Rice,IND_KARNATAKA_BANGALORERURAL,2010,Kharif,0.0013557
Rice,IND_KARNATAKA_BANGALORERURAL,2010,Summer,0.00043048
Rice,IND_KARNATAKA_BANGALORERURAL,2011,Kharif,0.00130623
Rice,IND_KARNATAKA_BANGALORERURAL,2011,Summer,0.00059948
Rice,IND_KARNATAKA_BANGALORERURAL,2012,Kharif,0.00091852
Rice,IND_KARNATAKA_BANGALORERURAL,2012,Rabi,2.206e-05
Rice,IND_KARNATAKA_BANGALORERURAL,2012,Summer,7.021e-05
Rice,IND_KARNATAKA_BANGALORERURAL,2013,Kharif,0.00066176
Rice,IND_KARNATAKA_BANGALORERURAL,2013,Summer,0.00051888
Rice,IND_KARNATAKA_BANGALORERURAL,2014,Kharif,0.00059799
Rice,IND_KARNATAKA_BANGALORERURAL,2014,Summer,0.000176
Rice,IND_KARNATAKA_BANGALORERURAL,2015,Kharif,0.00072057
Rice,IND_KARNATAKA_BANGALORERURAL,2015,Summer,0.00030855
Rice,IND_KARNATAKA_BANGALORERURAL,2016,Kharif,0.00057323
Rice,IND_KARNATAKA_BANGALORERURAL,2016,Rabi,5.352e-05
Rice,IND_KARNATAKA_BANGALORERURAL,2016,Summer,0.00065012
Rice,IND_KARNATAKA_BANGALORERURAL,2017,Kharif,0.00072131
Rice,IND_KARNATAKA_BANGALORERURAL,2017,Summer,0.00064073
Rice,IND_KARNATAKA_BANGALORERURAL,2018,Kharif,0.00017934
Rice,IND_KARNATAKA_BANGALORERURAL,2018,Summer,0.0005232
Rice,IND_KARNATAKA_BANGALORERURAL,2019,Kharif,0.00014625
Rice,IND_KARNATAKA_BANGALORERURAL,2019,Summer,0.00023836
Rice,IND_KARNATAKA_BELAGAVI,1997,Kharif,0.06178589
Rice,IND_KARNATAKA_BELAGAVI,1997,Summer,0.00014923
Rice,IND_KARNATAKA_BELAGAVI,1998,Kharif,0.0580999
Rice,IND_KARNATAKA_BELAGAVI,1998,Summer,0.00010141
Rice,IND_KARNATAKA_BELAGAVI,1999,Kharif,0.0578609
Rice,IND_KARNATAKA_BELAGAVI,1999,Summer,7.646e-05
Rice,IND_KARNATAKA_BELAGAVI,2000,Kharif,0.0569453
Rice,IND_KARNATAKA_BELAGAVI,2001,Kharif,0.05851464
Rice,IND_KARNATAKA_BELAGAVI,2001,Summer,0.00027871
Rice,IND_KARNATAKA_BELAGAVI,2002,Kharif,0.06390713
Rice,IND_KARNATAKA_BELAGAVI,2002,Summer,0.00204433
Rice,IND_KARNATAKA_BELAGAVI,2003,Kharif,0.07203009
Rice,IND_KARNATAKA_BELAGAVI,2003,Summer,0.00148004
Rice,IND_KARNATAKA_BELAGAVI,2004,Kharif,0.06748235
Rice,IND_KARNATAKA_BELAGAVI,2004,Summer,0.00068337
Rice,IND_KARNATAKA_BELAGAVI,2005,Kharif,0.0619623
Rice,IND_KARNATAKA_BELAGAVI,2005,Summer,0.00043103
Rice,IND_KARNATAKA_BELAGAVI,2006,Kharif,0.06272089
Rice,IND_KARNATAKA_BELAGAVI,2006,Summer,0.00049186
Rice,IND_KARNATAKA_BELAGAVI,2007,Kharif,0.06586899
Rice,IND_KARNATAKA_BELAGAVI,2007,Summer,0.00050844
Rice,IND_KARNATAKA_BELAGAVI,2008,Kharif,0.06290828
Rice,IND_KARNATAKA_BELAGAVI,2008,Summer,0.00046631
Rice,IND_KARNATAKA_BELAGAVI,2009,Kharif,0.06507769
Rice,IND_KARNATAKA_BELAGAVI,2009,Summer,0.00045598
Rice,IND_KARNATAKA_BELAGAVI,2010,Kharif,0.06052755
Rice,IND_KARNATAKA_BELAGAVI,2010,Summer,0.00031939
Rice,IND_KARNATAKA_BELAGAVI,2011,Kharif,0.06103049
Rice,IND_KARNATAKA_BELAGAVI,2011,Summer,0.00036047
Rice,IND_KARNATAKA_BELAGAVI,2012,Kharif,0.06067471
Rice,IND_KARNATAKA_BELAGAVI,2012,Summer,0.00044286
Rice,IND_KARNATAKA_BELAGAVI,2013,Kharif,0.05660939
Rice,IND_KARNATAKA_BELAGAVI,2013,Summer,0.00029164
Rice,IND_KARNATAKA_BELAGAVI,2014,Kharif,0.0599365
Rice,IND_KARNATAKA_BELAGAVI,2015,Kharif,0.0625616
Rice,IND_KARNATAKA_BELAGAVI,2015,Rabi,0.0033414
Rice,IND_KARNATAKA_BELAGAVI,2015,Summer,8.678e-05
Rice,IND_KARNATAKA_BELAGAVI,2016,Kharif,0.06961705
Rice,IND_KARNATAKA_BELAGAVI,2016,Summer,0.0001219
Rice,IND_KARNATAKA_BELAGAVI,2017,Kharif,0.08752663
Rice,IND_KARNATAKA_BELAGAVI,2017,Summer,0.00013349
Rice,IND_KARNATAKA_BELAGAVI,2018,Kharif,0.0515823
Rice,IND_KARNATAKA_BELAGAVI,2018,Summer,0.00019868
Rice,IND_KARNATAKA_BELAGAVI,2019,Kharif,0.06276923
Rice,IND_KARNATAKA_BELAGAVI,2019,Summer,0.00499815
Rice,IND_KARNATAKA_BENGALURUURBAN,1997,Kharif,0.0033998
Rice,IND_KARNATAKA_BENGALURUURBAN,1997,Summer,0.00467087
Rice,IND_KARNATAKA_BENGALURUURBAN,1998,Kharif,0.00474799
Rice,IND_KARNATAKA_BENGALURUURBAN,1998,Summer,0.00716966
Rice,IND_KARNATAKA_BENGALURUURBAN,1999,Kharif,0.00415162
Rice,IND_KARNATAKA_BENGALURUURBAN,1999,Rabi,0.00022737
Rice,IND_KARNATAKA_BENGALURUURBAN,1999,Summer,0.00781198
Rice,IND_KARNATAKA_BENGALURUURBAN,2000,Kharif,0.00400072
Rice,IND_KARNATAKA_BENGALURUURBAN,2000,Summer,0.00801243
Rice,IND_KARNATAKA_BENGALURUURBAN,2001,Kharif,0.00344955
Rice,IND_KARNATAKA_BENGALURUURBAN,2001,Summer,0.00576233
Rice,IND_KARNATAKA_BENGALURUURBAN,2002,Kharif,0.00232225
Rice,IND_KARNATAKA_BENGALURUURBAN,2002,Summer,0.00625482
Rice,IND_KARNATAKA_BENGALURUURBAN,2003,Kharif,0.0023436
Rice,IND_KARNATAKA_BENGALURUURBAN,2003,Rabi,9.153e-05
Rice,IND_KARNATAKA_BENGALURUURBAN,2003,Summer,0.00569349
Rice,IND_KARNATAKA_BENGALURUURBAN,2004,Kharif,0.00263302
Rice,IND_KARNATAKA_BENGALURUURBAN,2004,Summer,0.00346464
Rice,IND_KARNATAKA_BENGALURUURBAN,2005,Kharif,0.00231972
Rice,IND_KARNATAKA_BENGALURUURBAN,2005,Summer,0.00281679
Rice,IND_KARNATAKA_BENGALURUURBAN,2006,Kharif,0.00123245
Rice,IND_KARNATAKA_BENGALURUURBAN,2006,Summer,0.00195691
Rice,IND_KARNATAKA_BENGALURUURBAN,2007,Kharif,0.00144845
Rice,IND_KARNATAKA_BENGALURUURBAN,2007,Summer,0.0015931
Rice,IND_KARNATAKA_BENGALURUURBAN,2008,Kharif,0.0014621
Rice,IND_KARNATAKA_BENGALURUURBAN,2008,Summer,0.00136103
Rice,IND_KARNATAKA_BENGALURUURBAN,2009,Kharif,0.00144617
Rice,IND_KARNATAKA_BENGALURUURBAN,2009,Summer,0.00129001
Rice,IND_KARNATAKA_BENGALURUURBAN,2010,Kharif,0.00132382
Rice,IND_KARNATAKA_BENGALURUURBAN,2010,Summer,0.00111092
Rice,IND_KARNATAKA_BENGALURUURBAN,2011,Kharif,0.0012615
Rice,IND_KARNATAKA_BENGALURUURBAN,2011,Summer,0.00141053
Rice,IND_KARNATAKA_BENGALURUURBAN,2012,Kharif,0.00092901
Rice,IND_KARNATAKA_BENGALURUURBAN,2012,Rabi,0.00092662
Rice,IND_KARNATAKA_BENGALURUURBAN,2012,Summer,0.00096132
Rice,IND_KARNATAKA_BENGALURUURBAN,2013,Kharif,0.00107525
Rice,IND_KARNATAKA_BENGALURUURBAN,2013,Rabi,9.781e-05
Rice,IND_KARNATAKA_BENGALURUURBAN,2013,Summer,0.00022346
Rice,IND_KARNATAKA_BENGALURUURBAN,2014,Kharif,0.00094998
Rice,IND_KARNATAKA_BENGALURUURBAN,2014,Summer,7.543e-05
Rice,IND_KARNATAKA_BENGALURUURBAN,2015,Kharif,0.00073285
Rice,IND_KARNATAKA_BENGALURUURBAN,2015,Summer,0.00063638
Rice,IND_KARNATAKA_BENGALURUURBAN,2016,Kharif,0.00031422
Rice,IND_KARNATAKA_BENGALURUURBAN,2016,Rabi,0.00053516
Rice,IND_KARNATAKA_BENGALURUURBAN,2016,Summer,0.00040633
Rice,IND_KARNATAKA_BENGALURUURBAN,2017,Kharif,0.00030642
Rice,IND_KARNATAKA_BENGALURUURBAN,2017,Rabi,0.00029379
Rice,IND_KARNATAKA_BENGALURUURBAN,2017,Summer,0.00015573
Rice,IND_KARNATAKA_BENGALURUURBAN,2018,Kharif,0.00031625
Rice,IND_KARNATAKA_BENGALURUURBAN,2018,Summer,0.00021855
Rice,IND_KARNATAKA_BENGALURUURBAN,2019,Kharif,0.00059434
Rice,IND_KARNATAKA_BENGALURUURBAN,2019,Summer,0.00013568
Rice,IND_KARNATAKA_BIDAR,1997,Kharif,0.00909814
Rice,IND_KARNATAKA_BIDAR,1997,Rabi,3.711e-05
Rice,IND_KARNATAKA_BIDAR,1998,Kharif,0.00888349
Rice,IND_KARNATAKA_BIDAR,1999,Kharif,0.00914342
Rice,IND_KARNATAKA_BIDAR,1999,Summer,1.662e-05
Rice,IND_KARNATAKA_BIDAR,2000,Kharif,0.01024766
Rice,IND_KARNATAKA_BIDAR,2000,Rabi,0.00065378
Rice,IND_KARNATAKA_BIDAR,2001,Kharif,0.01031649
Rice,IND_KARNATAKA_BIDAR,2001,Rabi,0.00056096
Rice,IND_KARNATAKA_BIDAR,2002,Kharif,0.00978491
Rice,IND_KARNATAKA_BIDAR,2002,Rabi,0.00049548
Rice,IND_KARNATAKA_BIDAR,2003,Kharif,0.00928546
Rice,IND_KARNATAKA_BIDAR,2004,Kharif,0.00758155
Rice,IND_KARNATAKA_BIDAR,2005,Kharif,0.00691083
Rice,IND_KARNATAKA_BIDAR,2005,Rabi,0.00249199
Rice,IND_KARNATAKA_BIDAR,2006,Kharif,0.00663273
Rice,IND_KARNATAKA_BIDAR,2006,Rabi,0.00145247
Rice,IND_KARNATAKA_BIDAR,2007,Kharif,0.00647857
Rice,IND_KARNATAKA_BIDAR,2007,Rabi,0.00064476
Rice,IND_KARNATAKA_BIDAR,2008,Kharif,0.00487042
Rice,IND_KARNATAKA_BIDAR,2009,Kharif,0.00457168
Rice,IND_KARNATAKA_BIDAR,2010,Kharif,0.00436286
Rice,IND_KARNATAKA_BIDAR,2011,Kharif,0.00580557
Rice,IND_KARNATAKA_BIDAR,2012,Kharif,0.00471087
Rice,IND_KARNATAKA_BIDAR,2013,Kharif,0.00345084
Rice,IND_KARNATAKA_BIDAR,2014,Kharif,0.00206295
Rice,IND_KARNATAKA_BIDAR,2015,Kharif,0.00158546
Rice,IND_KARNATAKA_BIDAR,2016,Kharif,0.00055731
Rice,IND_KARNATAKA_BIDAR,2017,Kharif,0.00138025
Rice,IND_KARNATAKA_BIDAR,2018,Kharif,0.00059489
Rice,IND_KARNATAKA_BIDAR,2019,Kharif,0.00077068
Rice,IND_KARNATAKA_BIDAR,2019,Summer,8.801e-05
Rice,IND_KARNATAKA_CHAMARAJANAGARA,1998,Kharif,0.01492597
Rice,IND_KARNATAKA_CHAMARAJANAGARA,1998,Rabi,0.00135182
Rice,IND_KARNATAKA_CHAMARAJANAGARA,1998,Summer,0.00773079
Rice,IND_KARNATAKA_CHAMARAJANAGARA,1999,Kharif,0.01267289
Rice,IND_KARNATAKA_CHAMARAJANAGARA,1999,Rabi,0.00022737
Rice,IND_KARNATAKA_CHAMARAJANAGARA,1999,Summer,0.00477029
Rice,IND_KARNATAKA_CHAMARAJANAGARA,2000,Kharif,0.0144688
Rice,IND_KARNATAKA_CHAMARAJANAGARA,2000,Rabi,0.00163446
Rice,IND_KARNATAKA_CHAMARAJANAGARA,2000,Summer,0.00799313
Rice,IND_KARNATAKA_CHAMARAJANAGARA,2001,Kharif,0.01526057
Rice,IND_KARNATAKA_CHAMARAJANAGARA,2001,Rabi,0.01121915
Rice,IND_KARNATAKA_CHAMARAJANAGARA,2001,Summer,0.00647177
Rice,IND_KARNATAKA_CHAMARAJANAGARA,2002,Kharif,0.01016435
Rice,IND_KARNATAKA_CHAMARAJANAGARA,2002,Rabi,0.01783732
Rice,IND_KARNATAKA_CHAMARAJANAGARA,2002,Summer,0.00905731
Rice,IND_KARNATAKA_CHAMARAJANAGARA,2003,Kharif,0.01030318
Rice,IND_KARNATAKA_CHAMARAJANAGARA,2003,Rabi,0.01512017
Rice,IND_KARNATAKA_CHAMARAJANAGARA,2003,Summer,0.01213366
Rice,IND_KARNATAKA_CHAMARAJANAGARA,2004,Kharif,0.0136722
Rice,IND_KARNATAKA_CHAMARAJANAGARA,2004,Rabi,0.00911972
Rice,IND_KARNATAKA_CHAMARAJANAGARA,2004,Summer,0.00575847
Rice,IND_KARNATAKA_CHAMARAJANAGARA,2005,Kharif,0.01484117
Rice,IND_KARNATAKA_CHAMARAJANAGARA,2005,Rabi,0.01119171
Rice,IND_KARNATAKA_CHAMARAJANAGARA,2005,Summer,0.00482918
Rice,IND_KARNATAKA_CHAMARAJANAGARA,2006,Kharif,0.01417457
Rice,IND_KARNATAKA_CHAMARAJANAGARA,2006,Rabi,0.00317727
Rice,IND_KARNATAKA_CHAMARAJANAGARA,2006,Summer,0.00356952
Rice,IND_KARNATAKA_CHAMARAJANAGARA,2007,Kharif,0.01567145
Rice,IND_KARNATAKA_CHAMARAJANAGARA,2007,Rabi,0.00322381
Rice,IND_KARNATAKA_CHAMARAJANAGARA,2007,Summer,0.00953085
Rice,IND_KARNATAKA_CHAMARAJANAGARA,2008,Kharif,0.01395543
Rice,IND_KARNATAKA_CHAMARAJANAGARA,2008,Rabi,0.00307452
Rice,IND_KARNATAKA_CHAMARAJANAGARA,2008,Summer,0.00990901
Rice,IND_KARNATAKA_CHAMARAJANAGARA,2009,Kharif,0.01495163
Rice,IND_KARNATAKA_CHAMARAJANAGARA,2009,Rabi,0.00349697
Rice,IND_KARNATAKA_CHAMARAJANAGARA,2009,Summer,0.00144873
Rice,IND_KARNATAKA_CHAMARAJANAGARA,2010,Kharif,0.01438408
Rice,IND_KARNATAKA_CHAMARAJANAGARA,2010,Rabi,0.00146881
Rice,IND_KARNATAKA_CHAMARAJANAGARA,2010,Summer,0.00590454
Rice,IND_KARNATAKA_CHAMARAJANAGARA,2011,Kharif,0.01292184
Rice,IND_KARNATAKA_CHAMARAJANAGARA,2011,Rabi,0.01132154
Rice,IND_KARNATAKA_CHAMARAJANAGARA,2011,Summer,0.00199433
Rice,IND_KARNATAKA_CHAMARAJANAGARA,2012,Kharif,0.00655363
Rice,IND_KARNATAKA_CHAMARAJANAGARA,2012,Rabi,0.13089617
Rice,IND_KARNATAKA_CHAMARAJANAGARA,2012,Summer,0.00140418
Rice,IND_KARNATAKA_CHAMARAJANAGARA,2013,Kharif,0.01449217
Rice,IND_KARNATAKA_CHAMARAJANAGARA,2013,Rabi,0.00063576
Rice,IND_KARNATAKA_CHAMARAJANAGARA,2013,Summer,0.00132562
Rice,IND_KARNATAKA_CHAMARAJANAGARA,2014,Kharif,0.01373866
Rice,IND_KARNATAKA_CHAMARAJANAGARA,2014,Rabi,0.00035346
Rice,IND_KARNATAKA_CHAMARAJANAGARA,2014,Summer,0.00021551
Rice,IND_KARNATAKA_CHAMARAJANAGARA,2015,Kharif,0.01390474
Rice,IND_KARNATAKA_CHAMARAJANAGARA,2015,Rabi,0.00371646
Rice,IND_KARNATAKA_CHAMARAJANAGARA,2015,Summer,0.00179345
Rice,IND_KARNATAKA_CHAMARAJANAGARA,2016,Kharif,0.00712083
Rice,IND_KARNATAKA_CHAMARAJANAGARA,2016,Rabi,0.00240822
Rice,IND_KARNATAKA_CHAMARAJANAGARA,2016,Summer,0.00092101
Rice,IND_KARNATAKA_CHAMARAJANAGARA,2017,Kharif,0.00359028
Rice,IND_KARNATAKA_CHAMARAJANAGARA,2017,Rabi,0.00603904
Rice,IND_KARNATAKA_CHAMARAJANAGARA,2017,Summer,0.00079201
Rice,IND_KARNATAKA_CHAMARAJANAGARA,2018,Kharif,0.00943926
Rice,IND_KARNATAKA_CHAMARAJANAGARA,2018,Rabi,0.03434714
Rice,IND_KARNATAKA_CHAMARAJANAGARA,2018,Summer,0.00167557
Rice,IND_KARNATAKA_CHAMARAJANAGARA,2019,Kharif,0.00703567
Rice,IND_KARNATAKA_CHAMARAJANAGARA,2019,Summer,0.00650896
Rice,IND_KARNATAKA_CHIKKABALLAPURA,2007,Kharif,0.00377949
Rice,IND_KARNATAKA_CHIKKABALLAPURA,2007,Rabi,0.00272784
Rice,IND_KARNATAKA_CHIKKABALLAPURA,2007,Summer,0.00553424
Rice,IND_KARNATAKA_CHIKKABALLAPURA,2008,Kharif,0.00447922
Rice,IND_KARNATAKA_CHIKKABALLAPURA,2008,Summer,0.00892103
Rice,IND_KARNATAKA_CHIKKABALLAPURA,2009,Kharif,0.00240333
Rice,IND_KARNATAKA_CHIKKABALLAPURA,2009,Rabi,0.00246377
Rice,IND_KARNATAKA_CHIKKABALLAPURA,2009,Summer,0.00178061
Rice,IND_KARNATAKA_CHIKKABALLAPURA,2010,Kharif,0.00584342
Rice,IND_KARNATAKA_CHIKKABALLAPURA,2010,Rabi,0.02323944
Rice,IND_KARNATAKA_CHIKKABALLAPURA,2010,Summer,0.0053102
Rice,IND_KARNATAKA_CHIKKABALLAPURA,2011,Kharif,0.00460938
Rice,IND_KARNATAKA_CHIKKABALLAPURA,2011,Summer,0.00184153
Rice,IND_KARNATAKA_CHIKKABALLAPURA,2012,Kharif,0.00293964
Rice,IND_KARNATAKA_CHIKKABALLAPURA,2012,Summer,0.00071829
Rice,IND_KARNATAKA_CHIKKABALLAPURA,2013,Kharif,0.00202394
Rice,IND_KARNATAKA_CHIKKABALLAPURA,2013,Summer,3.409e-05
Rice,IND_KARNATAKA_CHIKKABALLAPURA,2014,Kharif,0.00079898
Rice,IND_KARNATAKA_CHIKKABALLAPURA,2014,Summer,5.388e-05
Rice,IND_KARNATAKA_CHIKKABALLAPURA,2015,Kharif,0.00124462
Rice,IND_KARNATAKA_CHIKKABALLAPURA,2015,Summer,0.00112813
Rice,IND_KARNATAKA_CHIKKABALLAPURA,2016,Kharif,0.00147767
Rice,IND_KARNATAKA_CHIKKABALLAPURA,2016,Summer,0.00018962
Rice,IND_KARNATAKA_CHIKKABALLAPURA,2017,Kharif,0.00032947
Rice,IND_KARNATAKA_CHIKKABALLAPURA,2017,Summer,0.00083651
Rice,IND_KARNATAKA_CHIKKABALLAPURA,2018,Kharif,0.00056211
Rice,IND_KARNATAKA_CHIKKABALLAPURA,2018,Summer,6.62e-06
Rice,IND_KARNATAKA_CHIKKABALLAPURA,2019,Kharif,0.0002479
Rice,IND_KARNATAKA_CHIKKABALLAPURA,2019,Summer,0.00097909
Rice,IND_KARNATAKA_CHIKKAMAGALURU,1997,Kharif,0.04663849
Rice,IND_KARNATAKA_CHIKKAMAGALURU,1997,Summer,0.01280014
Rice,IND_KARNATAKA_CHIKKAMAGALURU,1998,Kharif,0.04272544
Rice,IND_KARNATAKA_CHIKKAMAGALURU,1998,Summer,0.01261535
Rice,IND_KARNATAKA_CHIKKAMAGALURU,1999,Kharif,0.04407963
Rice,IND_KARNATAKA_CHIKKAMAGALURU,1999,Summer,0.01622233
Rice,IND_KARNATAKA_CHIKKAMAGALURU,2000,Kharif,0.04125032
Rice,IND_KARNATAKA_CHIKKAMAGALURU,2000,Summer,0.00969468
Rice,IND_KARNATAKA_CHIKKAMAGALURU,2001,Kharif,0.04088911
Rice,IND_KARNATAKA_CHIKKAMAGALURU,2001,Summer,0.01110118
Rice,IND_KARNATAKA_CHIKKAMAGALURU,2002,Kharif,0.04169966
Rice,IND_KARNATAKA_CHIKKAMAGALURU,2002,Summer,0.01372812
Rice,IND_KARNATAKA_CHIKKAMAGALURU,2003,Kharif,0.04303209
Rice,IND_KARNATAKA_CHIKKAMAGALURU,2003,Summer,0.0114003
Rice,IND_KARNATAKA_CHIKKAMAGALURU,2004,Kharif,0.03971334
Rice,IND_KARNATAKA_CHIKKAMAGALURU,2004,Summer,0.01796356
Rice,IND_KARNATAKA_CHIKKAMAGALURU,2005,Kharif,0.03807924
Rice,IND_KARNATAKA_CHIKKAMAGALURU,2005,Summer,0.01059729
Rice,IND_KARNATAKA_CHIKKAMAGALURU,2006,Kharif,0.03947493
Rice,IND_KARNATAKA_CHIKKAMAGALURU,2006,Summer,0.0125144
Rice,IND_KARNATAKA_CHIKKAMAGALURU,2007,Kharif,0.03684855
Rice,IND_KARNATAKA_CHIKKAMAGALURU,2007,Summer,0.01005161
Rice,IND_KARNATAKA_CHIKKAMAGALURU,2008,Kharif,0.03590283
Rice,IND_KARNATAKA_CHIKKAMAGALURU,2008,Summer,0.00939316
Rice,IND_KARNATAKA_CHIKKAMAGALURU,2009,Kharif,0.03634933
Rice,IND_KARNATAKA_CHIKKAMAGALURU,2009,Summer,0.01032293
Rice,IND_KARNATAKA_CHIKKAMAGALURU,2010,Kharif,0.0359177
Rice,IND_KARNATAKA_CHIKKAMAGALURU,2010,Summer,0.00970388
Rice,IND_KARNATAKA_CHIKKAMAGALURU,2011,Kharif,0.03746913
Rice,IND_KARNATAKA_CHIKKAMAGALURU,2011,Summer,0.01369783
Rice,IND_KARNATAKA_CHIKKAMAGALURU,2012,Kharif,0.03365232
Rice,IND_KARNATAKA_CHIKKAMAGALURU,2012,Summer,0.01462503
Rice,IND_KARNATAKA_CHIKKAMAGALURU,2013,Kharif,0.03709361
Rice,IND_KARNATAKA_CHIKKAMAGALURU,2013,Summer,0.01004439
Rice,IND_KARNATAKA_CHIKKAMAGALURU,2014,Kharif,0.03732607
Rice,IND_KARNATAKA_CHIKKAMAGALURU,2014,Summer,0.01081124
Rice,IND_KARNATAKA_CHIKKAMAGALURU,2015,Kharif,0.03297731
Rice,IND_KARNATAKA_CHIKKAMAGALURU,2015,Summer,0.00787766
Rice,IND_KARNATAKA_CHIKKAMAGALURU,2016,Kharif,0.03146095
Rice,IND_KARNATAKA_CHIKKAMAGALURU,2016,Summer,0.00398201
Rice,IND_KARNATAKA_CHIKKAMAGALURU,2017,Kharif,0.03266775
Rice,IND_KARNATAKA_CHIKKAMAGALURU,2017,Summer,0.01247642
Rice,IND_KARNATAKA_CHIKKAMAGALURU,2018,Kharif,0.01689714
Rice,IND_KARNATAKA_CHIKKAMAGALURU,2018,Summer,0.01253038
Rice,IND_KARNATAKA_CHIKKAMAGALURU,2019,Kharif,0.01493537
Rice,IND_KARNATAKA_CHIKKAMAGALURU,2019,Summer,0.0045251
Rice,IND_KARNATAKA_CHITRADURGA,1997,Kharif,0.03851076
Rice,IND_KARNATAKA_CHITRADURGA,1997,Rabi,0.00658762
Rice,IND_KARNATAKA_CHITRADURGA,1997,Summer,0.12295742
Rice,IND_KARNATAKA_CHITRADURGA,1998,Kharif,0.00299761
Rice,IND_KARNATAKA_CHITRADURGA,1998,Rabi,0.01409756
Rice,IND_KARNATAKA_CHITRADURGA,1998,Summer,0.01844641
Rice,IND_KARNATAKA_CHITRADURGA,1999,Kharif,0.00568237
Rice,IND_KARNATAKA_CHITRADURGA,1999,Rabi,0.01415362
Rice,IND_KARNATAKA_CHITRADURGA,1999,Summer,0.02085965
Rice,IND_KARNATAKA_CHITRADURGA,2000,Kharif,0.00656464
Rice,IND_KARNATAKA_CHITRADURGA,2000,Rabi,0.02303625
Rice,IND_KARNATAKA_CHITRADURGA,2000,Summer,0.02136433
Rice,IND_KARNATAKA_CHITRADURGA,2001,Kharif,0.00613989
Rice,IND_KARNATAKA_CHITRADURGA,2001,Rabi,0.02531788
Rice,IND_KARNATAKA_CHITRADURGA,2001,Summer,0.01601653
Rice,IND_KARNATAKA_CHITRADURGA,2002,Kharif,0.00477649
Rice,IND_KARNATAKA_CHITRADURGA,2002,Rabi,0.02604249
Rice,IND_KARNATAKA_CHITRADURGA,2002,Summer,0.02060572
Rice,IND_KARNATAKA_CHITRADURGA,2003,Kharif,0.00369491
Rice,IND_KARNATAKA_CHITRADURGA,2003,Rabi,0.01457102
Rice,IND_KARNATAKA_CHITRADURGA,2003,Summer,0.01214699
Rice,IND_KARNATAKA_CHITRADURGA,2004,Kharif,0.00337895
Rice,IND_KARNATAKA_CHITRADURGA,2004,Rabi,0.01443196
Rice,IND_KARNATAKA_CHITRADURGA,2004,Summer,0.00237507
Rice,IND_KARNATAKA_CHITRADURGA,2005,Kharif,0.0032872
Rice,IND_KARNATAKA_CHITRADURGA,2005,Rabi,0.03366412
Rice,IND_KARNATAKA_CHITRADURGA,2005,Summer,0.0157971
Rice,IND_KARNATAKA_CHITRADURGA,2006,Kharif,0.00406193
Rice,IND_KARNATAKA_CHITRADURGA,2006,Rabi,0.0252139
Rice,IND_KARNATAKA_CHITRADURGA,2006,Summer,0.00838627
Rice,IND_KARNATAKA_CHITRADURGA,2007,Kharif,0.00259447
Rice,IND_KARNATAKA_CHITRADURGA,2007,Rabi,0.01081215
Rice,IND_KARNATAKA_CHITRADURGA,2007,Summer,0.01081581
Rice,IND_KARNATAKA_CHITRADURGA,2008,Kharif,0.00465977
Rice,IND_KARNATAKA_CHITRADURGA,2008,Rabi,0.01346933
Rice,IND_KARNATAKA_CHITRADURGA,2008,Summer,0.00830608
Rice,IND_KARNATAKA_CHITRADURGA,2009,Kharif,0.0051242
Rice,IND_KARNATAKA_CHITRADURGA,2009,Rabi,0.03809574
Rice,IND_KARNATAKA_CHITRADURGA,2009,Summer,0.01151193
Rice,IND_KARNATAKA_CHITRADURGA,2010,Kharif,0.00703176
Rice,IND_KARNATAKA_CHITRADURGA,2010,Rabi,0.01917505
Rice,IND_KARNATAKA_CHITRADURGA,2010,Summer,0.01403647
Rice,IND_KARNATAKA_CHITRADURGA,2011,Kharif,0.00422557
Rice,IND_KARNATAKA_CHITRADURGA,2011,Rabi,0.01180774
Rice,IND_KARNATAKA_CHITRADURGA,2011,Summer,0.00298954
Rice,IND_KARNATAKA_CHITRADURGA,2012,Kharif,0.00273171
Rice,IND_KARNATAKA_CHITRADURGA,2012,Rabi,0.00602303
Rice,IND_KARNATAKA_CHITRADURGA,2012,Summer,0.00221428
Rice,IND_KARNATAKA_CHITRADURGA,2013,Kharif,0.00115543
Rice,IND_KARNATAKA_CHITRADURGA,2013,Rabi,0.00882727
Rice,IND_KARNATAKA_CHITRADURGA,2013,Summer,0.00231794
Rice,IND_KARNATAKA_CHITRADURGA,2014,Kharif,0.00104797
Rice,IND_KARNATAKA_CHITRADURGA,2014,Rabi,0.00835828
Rice,IND_KARNATAKA_CHITRADURGA,2014,Summer,0.00206527
Rice,IND_KARNATAKA_CHITRADURGA,2015,Kharif,0.00086694
Rice,IND_KARNATAKA_CHITRADURGA,2015,Rabi,0.00330731
Rice,IND_KARNATAKA_CHITRADURGA,2015,Summer,0.00340369
Rice,IND_KARNATAKA_CHITRADURGA,2016,Kharif,0.00084711
Rice,IND_KARNATAKA_CHITRADURGA,2016,Rabi,0.00026758
Rice,IND_KARNATAKA_CHITRADURGA,2016,Summer,0.00047405
Rice,IND_KARNATAKA_CHITRADURGA,2017,Kharif,0.00048133
Rice,IND_KARNATAKA_CHITRADURGA,2017,Rabi,0.01726839
Rice,IND_KARNATAKA_CHITRADURGA,2017,Summer,0.00311465
Rice,IND_KARNATAKA_CHITRADURGA,2018,Kharif,0.00074627
Rice,IND_KARNATAKA_CHITRADURGA,2018,Rabi,0.0031463
Rice,IND_KARNATAKA_CHITRADURGA,2018,Summer,0.00021855
Rice,IND_KARNATAKA_CHITRADURGA,2019,Kharif,9.958e-05
Rice,IND_KARNATAKA_CHITRADURGA,2019,Rabi,0.06958992
Rice,IND_KARNATAKA_CHITRADURGA,2019,Summer,0.00043271
Rice,IND_KARNATAKA_DAKSHINAKANNADA,1997,Kharif,0.09004585
Rice,IND_KARNATAKA_DAKSHINAKANNADA,1997,Rabi,0.75226855
Rice,IND_KARNATAKA_DAKSHINAKANNADA,1997,Summer,0.01981764
Rice,IND_KARNATAKA_DAKSHINAKANNADA,1998,Kharif,0.03629842
Rice,IND_KARNATAKA_DAKSHINAKANNADA,1998,Rabi,0.48248426
Rice,IND_KARNATAKA_DAKSHINAKANNADA,1998,Summer,0.01215901
Rice,IND_KARNATAKA_DAKSHINAKANNADA,1999,Kharif,0.03493073
Rice,IND_KARNATAKA_DAKSHINAKANNADA,1999,Rabi,0.47286748
Rice,IND_KARNATAKA_DAKSHINAKANNADA,1999,Summer,0.00982315
Rice,IND_KARNATAKA_DAKSHINAKANNADA,2000,Kharif,0.0317871
Rice,IND_KARNATAKA_DAKSHINAKANNADA,2000,Rabi,0.47130084
Rice,IND_KARNATAKA_DAKSHINAKANNADA,2000,Summer,0.00916717
Rice,IND_KARNATAKA_DAKSHINAKANNADA,2001,Kharif,0.03150647
Rice,IND_KARNATAKA_DAKSHINAKANNADA,2001,Rabi,0.46600598
Rice,IND_KARNATAKA_DAKSHINAKANNADA,2001,Summer,0.00972937
Rice,IND_KARNATAKA_DAKSHINAKANNADA,2002,Kharif,0.03224082
Rice,IND_KARNATAKA_DAKSHINAKANNADA,2002,Rabi,0.47506739
Rice,IND_KARNATAKA_DAKSHINAKANNADA,2002,Summer,0.03192397
Rice,IND_KARNATAKA_DAKSHINAKANNADA,2003,Kharif,0.03538811
Rice,IND_KARNATAKA_DAKSHINAKANNADA,2003,Rabi,0.42878325
Rice,IND_KARNATAKA_DAKSHINAKANNADA,2003,Summer,0.0301608
Rice,IND_KARNATAKA_DAKSHINAKANNADA,2004,Kharif,0.03189105
Rice,IND_KARNATAKA_DAKSHINAKANNADA,2004,Rabi,0.5260482
Rice,IND_KARNATAKA_DAKSHINAKANNADA,2004,Summer,0.01012153
Rice,IND_KARNATAKA_DAKSHINAKANNADA,2005,Kharif,0.02971023
Rice,IND_KARNATAKA_DAKSHINAKANNADA,2005,Rabi,0.50416073
Rice,IND_KARNATAKA_DAKSHINAKANNADA,2005,Summer,0.00549632
Rice,IND_KARNATAKA_DAKSHINAKANNADA,2006,Kharif,0.03101274
Rice,IND_KARNATAKA_DAKSHINAKANNADA,2006,Rabi,0.4976284
Rice,IND_KARNATAKA_DAKSHINAKANNADA,2006,Summer,0.00611667
Rice,IND_KARNATAKA_DAKSHINAKANNADA,2007,Kharif,0.03141233
Rice,IND_KARNATAKA_DAKSHINAKANNADA,2007,Rabi,0.52957223
Rice,IND_KARNATAKA_DAKSHINAKANNADA,2007,Summer,0.00481011
Rice,IND_KARNATAKA_DAKSHINAKANNADA,2008,Kharif,0.02906938
Rice,IND_KARNATAKA_DAKSHINAKANNADA,2008,Rabi,0.51044361
Rice,IND_KARNATAKA_DAKSHINAKANNADA,2008,Summer,0.00468638
Rice,IND_KARNATAKA_DAKSHINAKANNADA,2009,Kharif,0.02956122
Rice,IND_KARNATAKA_DAKSHINAKANNADA,2009,Rabi,0.55495801
Rice,IND_KARNATAKA_DAKSHINAKANNADA,2009,Summer,0.00394794
Rice,IND_KARNATAKA_DAKSHINAKANNADA,2010,Kharif,0.02869732
Rice,IND_KARNATAKA_DAKSHINAKANNADA,2010,Rabi,0.42217304
Rice,IND_KARNATAKA_DAKSHINAKANNADA,2010,Summer,0.00345218
Rice,IND_KARNATAKA_DAKSHINAKANNADA,2011,Kharif,0.02900816
Rice,IND_KARNATAKA_DAKSHINAKANNADA,2011,Rabi,0.49154936
Rice,IND_KARNATAKA_DAKSHINAKANNADA,2011,Summer,0.00592423
Rice,IND_KARNATAKA_DAKSHINAKANNADA,2012,Kharif,0.0300431
Rice,IND_KARNATAKA_DAKSHINAKANNADA,2012,Rabi,0.46774478
Rice,IND_KARNATAKA_DAKSHINAKANNADA,2012,Summer,0.00812802
Rice,IND_KARNATAKA_DAKSHINAKANNADA,2013,Kharif,0.03057257
Rice,IND_KARNATAKA_DAKSHINAKANNADA,2013,Rabi,0.5307365
Rice,IND_KARNATAKA_DAKSHINAKANNADA,2013,Summer,0.0074992
Rice,IND_KARNATAKA_DAKSHINAKANNADA,2014,Kharif,0.02974826
Rice,IND_KARNATAKA_DAKSHINAKANNADA,2014,Rabi,0.44161677
Rice,IND_KARNATAKA_DAKSHINAKANNADA,2014,Summer,0.00488481
Rice,IND_KARNATAKA_DAKSHINAKANNADA,2015,Kharif,0.0286887
Rice,IND_KARNATAKA_DAKSHINAKANNADA,2015,Rabi,0.65072113
Rice,IND_KARNATAKA_DAKSHINAKANNADA,2015,Summer,0.01518643
Rice,IND_KARNATAKA_DAKSHINAKANNADA,2016,Kharif,0.03029644
Rice,IND_KARNATAKA_DAKSHINAKANNADA,2016,Rabi,0.56405865
Rice,IND_KARNATAKA_DAKSHINAKANNADA,2016,Summer,0.00292556
Rice,IND_KARNATAKA_DAKSHINAKANNADA,2017,Kharif,0.03164951
Rice,IND_KARNATAKA_DAKSHINAKANNADA,2017,Rabi,0.31357315
Rice,IND_KARNATAKA_DAKSHINAKANNADA,2017,Summer,0.00094774
Rice,IND_KARNATAKA_DAKSHINAKANNADA,2018,Kharif,0.00580239
Rice,IND_KARNATAKA_DAKSHINAKANNADA,2018,Rabi,0.29330537
Rice,IND_KARNATAKA_DAKSHINAKANNADA,2019,Kharif,0.01064219
Rice,IND_KARNATAKA_DAKSHINAKANNADA,2019,Rabi,0.21018995
Rice,IND_KARNATAKA_DAVANGERE,1998,Kharif,0.06194721
Rice,IND_KARNATAKA_DAVANGERE,1998,Rabi,0.00191186
Rice,IND_KARNATAKA_DAVANGERE,1998,Summer,0.17316026
Rice,IND_KARNATAKA_DAVANGERE,1999,Kharif,0.06133563
Rice,IND_KARNATAKA_DAVANGERE,1999,Rabi,0.00433893
Rice,IND_KARNATAKA_DAVANGERE,1999,Summer,0.17376504
Rice,IND_KARNATAKA_DAVANGERE,2000,Kharif,0.06257201
Rice,IND_KARNATAKA_DAVANGERE,2000,Summer,0.14998778
Rice,IND_KARNATAKA_DAVANGERE,2001,Kharif,0.06159746
Rice,IND_KARNATAKA_DAVANGERE,2001,Summer,0.14412347
Rice,IND_KARNATAKA_DAVANGERE,2002,Kharif,0.06362668
Rice,IND_KARNATAKA_DAVANGERE,2002,Summer,0.15401487
Rice,IND_KARNATAKA_DAVANGERE,2003,Kharif,0.05624015
Rice,IND_KARNATAKA_DAVANGERE,2003,Summer,0.07490866
Rice,IND_KARNATAKA_DAVANGERE,2004,Kharif,0.05603562
Rice,IND_KARNATAKA_DAVANGERE,2004,Summer,0.22664953
Rice,IND_KARNATAKA_DAVANGERE,2005,Kharif,0.06626995
Rice,IND_KARNATAKA_DAVANGERE,2005,Summer,0.16229231
Rice,IND_KARNATAKA_DAVANGERE,2006,Kharif,0.06634139
Rice,IND_KARNATAKA_DAVANGERE,2006,Summer,0.19165449
Rice,IND_KARNATAKA_DAVANGERE,2007,Kharif,0.02099355
Rice,IND_KARNATAKA_DAVANGERE,2007,Summer,0.17273862
Rice,IND_KARNATAKA_DAVANGERE,2008,Kharif,0.06279942
Rice,IND_KARNATAKA_DAVANGERE,2008,Summer,0.17268493
Rice,IND_KARNATAKA_DAVANGERE,2009,Kharif,0.06820411
Rice,IND_KARNATAKA_DAVANGERE,2009,Summer,0.17971487
Rice,IND_KARNATAKA_DAVANGERE,2010,Kharif,0.06753717
Rice,IND_KARNATAKA_DAVANGERE,2010,Summer,0.1840072
Rice,IND_KARNATAKA_DAVANGERE,2011,Kharif,0.07014637
Rice,IND_KARNATAKA_DAVANGERE,2011,Summer,0.26218248
Rice,IND_KARNATAKA_DAVANGERE,2012,Kharif,0.07207178
Rice,IND_KARNATAKA_DAVANGERE,2012,Summer,0.22314514
Rice,IND_KARNATAKA_DAVANGERE,2013,Kharif,0.07170535
Rice,IND_KARNATAKA_DAVANGERE,2013,Summer,0.20225128
Rice,IND_KARNATAKA_DAVANGERE,2014,Kharif,0.07525712
Rice,IND_KARNATAKA_DAVANGERE,2014,Summer,0.22061031
Rice,IND_KARNATAKA_DAVANGERE,2015,Kharif,0.07417465
Rice,IND_KARNATAKA_DAVANGERE,2015,Summer,0.24869107
Rice,IND_KARNATAKA_DAVANGERE,2016,Kharif,0.07496935
Rice,IND_KARNATAKA_DAVANGERE,2016,Summer,0.09833135
Rice,IND_KARNATAKA_DAVANGERE,2017,Kharif,0.02152405
Rice,IND_KARNATAKA_DAVANGERE,2017,Summer,0.21592568
Rice,IND_KARNATAKA_DAVANGERE,2018,Kharif,0.07107017
Rice,IND_KARNATAKA_DAVANGERE,2018,Summer,0.34411529
Rice,IND_KARNATAKA_DAVANGERE,2019,Kharif,0.07232127
Rice,IND_KARNATAKA_DAVANGERE,2019,Summer,0.12730426
Rice,IND_KARNATAKA_DHARWAD,1997,Kharif,0.08691458
Rice,IND_KARNATAKA_DHARWAD,1997,Rabi,0.00035258
Rice,IND_KARNATAKA_DHARWAD,1997,Summer,0.00919252
Rice,IND_KARNATAKA_DHARWAD,1998,Kharif,0.03428302
Rice,IND_KARNATAKA_DHARWAD,1998,Rabi,3.862e-05
Rice,IND_KARNATAKA_DHARWAD,1998,Summer,0.00213974
Rice,IND_KARNATAKA_DHARWAD,1999,Kharif,0.03599532
Rice,IND_KARNATAKA_DHARWAD,1999,Summer,0.00278904
Rice,IND_KARNATAKA_DHARWAD,2000,Kharif,0.03446436
Rice,IND_KARNATAKA_DHARWAD,2000,Summer,0.00284343
Rice,IND_KARNATAKA_DHARWAD,2001,Kharif,0.03579888
Rice,IND_KARNATAKA_DHARWAD,2001,Summer,0.00136095
Rice,IND_KARNATAKA_DHARWAD,2002,Kharif,0.03710853
Rice,IND_KARNATAKA_DHARWAD,2002,Summer,0.00356065
Rice,IND_KARNATAKA_DHARWAD,2003,Kharif,0.0308068
Rice,IND_KARNATAKA_DHARWAD,2003,Summer,0.00301341
Rice,IND_KARNATAKA_DHARWAD,2004,Kharif,0.02239017
Rice,IND_KARNATAKA_DHARWAD,2004,Summer,0.00096532
Rice,IND_KARNATAKA_DHARWAD,2005,Kharif,0.02101408
Rice,IND_KARNATAKA_DHARWAD,2005,Summer,0.00080166
Rice,IND_KARNATAKA_DHARWAD,2006,Kharif,0.02289544
Rice,IND_KARNATAKA_DHARWAD,2006,Summer,0.00048835
Rice,IND_KARNATAKA_DHARWAD,2007,Kharif,0.02443541
Rice,IND_KARNATAKA_DHARWAD,2007,Summer,0.00079809
Rice,IND_KARNATAKA_DHARWAD,2008,Kharif,0.02894016
Rice,IND_KARNATAKA_DHARWAD,2008,Summer,0.00039345
Rice,IND_KARNATAKA_DHARWAD,2009,Kharif,0.02420658
Rice,IND_KARNATAKA_DHARWAD,2009,Summer,0.0007994
Rice,IND_KARNATAKA_DHARWAD,2010,Kharif,0.02468866
Rice,IND_KARNATAKA_DHARWAD,2010,Summer,0.0007582
Rice,IND_KARNATAKA_DHARWAD,2011,Kharif,0.02293419
Rice,IND_KARNATAKA_DHARWAD,2011,Summer,0.00076404
Rice,IND_KARNATAKA_DHARWAD,2012,Kharif,0.02614488
Rice,IND_KARNATAKA_DHARWAD,2012,Summer,0.00051846
Rice,IND_KARNATAKA_DHARWAD,2013,Kharif,0.02159575
Rice,IND_KARNATAKA_DHARWAD,2013,Summer,0.00033709
Rice,IND_KARNATAKA_DHARWAD,2014,Kharif,0.02055349
Rice,IND_KARNATAKA_DHARWAD,2014,Summer,0.00044179
Rice,IND_KARNATAKA_DHARWAD,2015,Kharif,0.02445944
Rice,IND_KARNATAKA_DHARWAD,2015,Summer,0.00011571
Rice,IND_KARNATAKA_DHARWAD,2016,Kharif,0.02325098
Rice,IND_KARNATAKA_DHARWAD,2016,Summer,1.354e-05
Rice,IND_KARNATAKA_DHARWAD,2017,Kharif,0.03039264
Rice,IND_KARNATAKA_DHARWAD,2017,Summer,2.225e-05
Rice,IND_KARNATAKA_DHARWAD,2018,Kharif,0.01070522
Rice,IND_KARNATAKA_DHARWAD,2018,Summer,2.649e-05
Rice,IND_KARNATAKA_DHARWAD,2019,Kharif,0.0103362
Rice,IND_KARNATAKA_DHARWAD,2019,Summer,0.00024202
Rice,IND_KARNATAKA_GADAG,1998,Kharif,0.00075519
Rice,IND_KARNATAKA_GADAG,1998,Rabi,3.862e-05
Rice,IND_KARNATAKA_GADAG,1998,Summer,0.00076733
Rice,IND_KARNATAKA_GADAG,1999,Kharif,0.00074439
Rice,IND_KARNATAKA_GADAG,1999,Summer,0.00109035
Rice,IND_KARNATAKA_GADAG,2000,Kharif,0.00079247
Rice,IND_KARNATAKA_GADAG,2000,Summer,0.00084917
Rice,IND_KARNATAKA_GADAG,2001,Kharif,0.000648
Rice,IND_KARNATAKA_GADAG,2001,Rabi,5.61e-05
Rice,IND_KARNATAKA_GADAG,2001,Summer,0.00117274
Rice,IND_KARNATAKA_GADAG,2002,Kharif,0.00119655
Rice,IND_KARNATAKA_GADAG,2002,Summer,0.00243694
Rice,IND_KARNATAKA_GADAG,2003,Kharif,0.00131742
Rice,IND_KARNATAKA_GADAG,2003,Summer,0.00398677
Rice,IND_KARNATAKA_GADAG,2004,Kharif,0.00064356
Rice,IND_KARNATAKA_GADAG,2004,Summer,0.00317313
Rice,IND_KARNATAKA_GADAG,2005,Kharif,0.00171655
Rice,IND_KARNATAKA_GADAG,2005,Summer,0.00298426
Rice,IND_KARNATAKA_GADAG,2006,Kharif,0.00140115
Rice,IND_KARNATAKA_GADAG,2006,Summer,0.00310225
Rice,IND_KARNATAKA_GADAG,2007,Kharif,0.0014009
Rice,IND_KARNATAKA_GADAG,2007,Summer,0.0015931
Rice,IND_KARNATAKA_GADAG,2008,Kharif,0.00097355
Rice,IND_KARNATAKA_GADAG,2008,Summer,0.0023461
Rice,IND_KARNATAKA_GADAG,2009,Kharif,0.00084194
Rice,IND_KARNATAKA_GADAG,2009,Summer,0.00312834
Rice,IND_KARNATAKA_GADAG,2010,Kharif,0.00076596
Rice,IND_KARNATAKA_GADAG,2010,Summer,0.0041104
Rice,IND_KARNATAKA_GADAG,2011,Kharif,0.00095104
Rice,IND_KARNATAKA_GADAG,2011,Summer,0.00252328
Rice,IND_KARNATAKA_GADAG,2012,Kharif,0.00085366
Rice,IND_KARNATAKA_GADAG,2012,Summer,0.00368326
Rice,IND_KARNATAKA_GADAG,2013,Kharif,0.0013158
Rice,IND_KARNATAKA_GADAG,2013,Summer,0.0059274
Rice,IND_KARNATAKA_GADAG,2014,Kharif,0.00104397
Rice,IND_KARNATAKA_GADAG,2014,Summer,0.00358818
Rice,IND_KARNATAKA_GADAG,2015,Kharif,0.00089969
Rice,IND_KARNATAKA_GADAG,2015,Summer,0.00798372
Rice,IND_KARNATAKA_GADAG,2016,Kharif,0.00121441
Rice,IND_KARNATAKA_GADAG,2016,Summer,0.01036136
Rice,IND_KARNATAKA_GADAG,2017,Kharif,0.00179107
Rice,IND_KARNATAKA_GADAG,2017,Summer,0.00496565
Rice,IND_KARNATAKA_GADAG,2018,Kharif,0.00239308
Rice,IND_KARNATAKA_GADAG,2018,Summer,0.00808647
Rice,IND_KARNATAKA_GADAG,2019,Kharif,0.00334202
Rice,IND_KARNATAKA_GADAG,2019,Summer,0.00584523
Rice,IND_KARNATAKA_HASSAN,1997,Kharif,0.05229901
Rice,IND_KARNATAKA_HASSAN,1997,Rabi,0.08803281
Rice,IND_KARNATAKA_HASSAN,1997,Summer,0.03321843
Rice,IND_KARNATAKA_HASSAN,1998,Kharif,0.05177758
Rice,IND_KARNATAKA_HASSAN,1998,Rabi,0.05671855
Rice,IND_KARNATAKA_HASSAN,1998,Summer,0.02659974
Rice,IND_KARNATAKA_HASSAN,1999,Kharif,0.04979757
Rice,IND_KARNATAKA_HASSAN,1999,Rabi,0.0604229
Rice,IND_KARNATAKA_HASSAN,1999,Summer,0.03202912
Rice,IND_KARNATAKA_HASSAN,2000,Kharif,0.04872433
Rice,IND_KARNATAKA_HASSAN,2000,Rabi,0.03857321
Rice,IND_KARNATAKA_HASSAN,2000,Summer,0.03743422
Rice,IND_KARNATAKA_HASSAN,2001,Kharif,0.04805844
Rice,IND_KARNATAKA_HASSAN,2001,Rabi,0.03649963
Rice,IND_KARNATAKA_HASSAN,2001,Summer,0.01059806
Rice,IND_KARNATAKA_HASSAN,2002,Kharif,0.04445279
Rice,IND_KARNATAKA_HASSAN,2002,Rabi,0.03626922
Rice,IND_KARNATAKA_HASSAN,2002,Summer,0.01552875
Rice,IND_KARNATAKA_HASSAN,2003,Kharif,0.04023311
Rice,IND_KARNATAKA_HASSAN,2003,Rabi,0.0145161
Rice,IND_KARNATAKA_HASSAN,2003,Summer,0.00998693
Rice,IND_KARNATAKA_HASSAN,2004,Kharif,0.04872325
Rice,IND_KARNATAKA_HASSAN,2004,Rabi,0.01584551
Rice,IND_KARNATAKA_HASSAN,2004,Summer,0.00517545
Rice,IND_KARNATAKA_HASSAN,2005,Kharif,0.04303838
Rice,IND_KARNATAKA_HASSAN,2005,Rabi,0.01448469
Rice,IND_KARNATAKA_HASSAN,2005,Summer,0.01529744
Rice,IND_KARNATAKA_HASSAN,2006,Kharif,0.04547129
Rice,IND_KARNATAKA_HASSAN,2006,Rabi,0.00846515
Rice,IND_KARNATAKA_HASSAN,2006,Summer,0.01001293
Rice,IND_KARNATAKA_HASSAN,2007,Kharif,0.04392534
Rice,IND_KARNATAKA_HASSAN,2007,Rabi,0.00545567
Rice,IND_KARNATAKA_HASSAN,2007,Summer,0.01854711
Rice,IND_KARNATAKA_HASSAN,2008,Kharif,0.04187602
Rice,IND_KARNATAKA_HASSAN,2008,Rabi,0.00732029
Rice,IND_KARNATAKA_HASSAN,2008,Summer,0.01611963
Rice,IND_KARNATAKA_HASSAN,2009,Kharif,0.0376694
Rice,IND_KARNATAKA_HASSAN,2009,Rabi,0.02940631
Rice,IND_KARNATAKA_HASSAN,2009,Summer,0.01451329
Rice,IND_KARNATAKA_HASSAN,2010,Kharif,0.03168766
Rice,IND_KARNATAKA_HASSAN,2010,Rabi,0.21710262
Rice,IND_KARNATAKA_HASSAN,2010,Summer,0.01435864
Rice,IND_KARNATAKA_HASSAN,2011,Kharif,0.04155871
Rice,IND_KARNATAKA_HASSAN,2011,Rabi,0.01210872
Rice,IND_KARNATAKA_HASSAN,2011,Summer,0.00742488
Rice,IND_KARNATAKA_HASSAN,2012,Kharif,0.04603563
Rice,IND_KARNATAKA_HASSAN,2012,Rabi,0.00057362
Rice,IND_KARNATAKA_HASSAN,2012,Summer,0.00541688
Rice,IND_KARNATAKA_HASSAN,2013,Kharif,0.04855518
Rice,IND_KARNATAKA_HASSAN,2013,Rabi,0.01107688
Rice,IND_KARNATAKA_HASSAN,2013,Summer,0.0041132
Rice,IND_KARNATAKA_HASSAN,2014,Kharif,0.04565186
Rice,IND_KARNATAKA_HASSAN,2014,Rabi,0.03642715
Rice,IND_KARNATAKA_HASSAN,2014,Summer,0.00239571
Rice,IND_KARNATAKA_HASSAN,2015,Kharif,0.04270091
Rice,IND_KARNATAKA_HASSAN,2015,Rabi,0.00511439
Rice,IND_KARNATAKA_HASSAN,2015,Summer,0.00915043
Rice,IND_KARNATAKA_HASSAN,2016,Kharif,0.02742815
Rice,IND_KARNATAKA_HASSAN,2016,Rabi,0.00016055
Rice,IND_KARNATAKA_HASSAN,2016,Summer,0.00350796
Rice,IND_KARNATAKA_HASSAN,2017,Kharif,0.02849446
Rice,IND_KARNATAKA_HASSAN,2017,Summer,0.00270975
Rice,IND_KARNATAKA_HASSAN,2018,Kharif,0.04459301
Rice,IND_KARNATAKA_HASSAN,2018,Summer,0.00364918
Rice,IND_KARNATAKA_HASSAN,2019,Kharif,0.04387675
Rice,IND_KARNATAKA_HASSAN,2019,Rabi,0.14672466
Rice,IND_KARNATAKA_HASSAN,2019,Summer,0.00803444
Rice,IND_KARNATAKA_HAVERI,1998,Kharif,0.04855017
Rice,IND_KARNATAKA_HAVERI,1998,Summer,0.00669303
Rice,IND_KARNATAKA_HAVERI,1999,Kharif,0.0490249
Rice,IND_KARNATAKA_HAVERI,1999,Summer,0.00641912
Rice,IND_KARNATAKA_HAVERI,2000,Kharif,0.0490697
Rice,IND_KARNATAKA_HAVERI,2000,Summer,0.0056547
Rice,IND_KARNATAKA_HAVERI,2001,Kharif,0.05181131
Rice,IND_KARNATAKA_HAVERI,2001,Summer,0.00638852
Rice,IND_KARNATAKA_HAVERI,2002,Kharif,0.05358945
Rice,IND_KARNATAKA_HAVERI,2002,Rabi,0.00105042
Rice,IND_KARNATAKA_HAVERI,2002,Summer,0.02840394
Rice,IND_KARNATAKA_HAVERI,2003,Kharif,0.03774442
Rice,IND_KARNATAKA_HAVERI,2003,Summer,0.01956052
Rice,IND_KARNATAKA_HAVERI,2004,Kharif,0.0322588
Rice,IND_KARNATAKA_HAVERI,2004,Summer,0.01566495
Rice,IND_KARNATAKA_HAVERI,2005,Kharif,0.02490351
Rice,IND_KARNATAKA_HAVERI,2005,Summer,0.01268655
Rice,IND_KARNATAKA_HAVERI,2006,Kharif,0.03410089
Rice,IND_KARNATAKA_HAVERI,2006,Summer,0.01114421
Rice,IND_KARNATAKA_HAVERI,2007,Kharif,0.03589274
Rice,IND_KARNATAKA_HAVERI,2007,Summer,0.01271705
Rice,IND_KARNATAKA_HAVERI,2008,Kharif,0.04155652
Rice,IND_KARNATAKA_HAVERI,2008,Summer,0.01374147
Rice,IND_KARNATAKA_HAVERI,2009,Kharif,0.03986133
Rice,IND_KARNATAKA_HAVERI,2009,Summer,0.01748579
Rice,IND_KARNATAKA_HAVERI,2010,Kharif,0.03984401
Rice,IND_KARNATAKA_HAVERI,2010,Summer,0.01647216
Rice,IND_KARNATAKA_HAVERI,2011,Kharif,0.0400467
Rice,IND_KARNATAKA_HAVERI,2011,Summer,0.01926551
Rice,IND_KARNATAKA_HAVERI,2012,Kharif,0.04396968
Rice,IND_KARNATAKA_HAVERI,2012,Summer,0.0247999
Rice,IND_KARNATAKA_HAVERI,2013,Kharif,0.03965855
Rice,IND_KARNATAKA_HAVERI,2013,Summer,0.02769403
Rice,IND_KARNATAKA_HAVERI,2014,Kharif,0.039893
Rice,IND_KARNATAKA_HAVERI,2014,Summer,0.0225743
Rice,IND_KARNATAKA_HAVERI,2015,Kharif,0.03977155
Rice,IND_KARNATAKA_HAVERI,2015,Summer,0.05892335
Rice,IND_KARNATAKA_HAVERI,2016,Kharif,0.0339853
Rice,IND_KARNATAKA_HAVERI,2016,Summer,0.0540687
Rice,IND_KARNATAKA_HAVERI,2017,Kharif,0.03209558
Rice,IND_KARNATAKA_HAVERI,2017,Summer,0.0180561
Rice,IND_KARNATAKA_HAVERI,2018,Kharif,0.03074941
Rice,IND_KARNATAKA_HAVERI,2018,Summer,0.03573676
Rice,IND_KARNATAKA_HAVERI,2019,Kharif,0.03028254
Rice,IND_KARNATAKA_HAVERI,2019,Summer,0.02616419
Rice,IND_KARNATAKA_KALABURAGI,1997,Kharif,0.00638954
Rice,IND_KARNATAKA_KALABURAGI,1997,Rabi,0.0342556
Rice,IND_KARNATAKA_KALABURAGI,1997,Summer,0.00237274
Rice,IND_KARNATAKA_KALABURAGI,1998,Kharif,0.01225731
Rice,IND_KARNATAKA_KALABURAGI,1998,Rabi,0.0887374
Rice,IND_KARNATAKA_KALABURAGI,1998,Summer,0.01480242
Rice,IND_KARNATAKA_KALABURAGI,1999,Kharif,0.00976557
Rice,IND_KARNATAKA_KALABURAGI,1999,Rabi,0.03499564
Rice,IND_KARNATAKA_KALABURAGI,1999,Summer,0.02480553
Rice,IND_KARNATAKA_KALABURAGI,2000,Kharif,0.01471154
Rice,IND_KARNATAKA_KALABURAGI,2000,Rabi,0.07645419
Rice,IND_KARNATAKA_KALABURAGI,2000,Summer,0.03779126
Rice,IND_KARNATAKA_KALABURAGI,2001,Kharif,0.01720824
Rice,IND_KARNATAKA_KALABURAGI,2001,Rabi,0.13595737
Rice,IND_KARNATAKA_KALABURAGI,2001,Summer,0.05659175
Rice,IND_KARNATAKA_KALABURAGI,2002,Kharif,0.02435602
Rice,IND_KARNATAKA_KALABURAGI,2002,Rabi,0.09737197
Rice,IND_KARNATAKA_KALABURAGI,2002,Summer,0.23826544
Rice,IND_KARNATAKA_KALABURAGI,2003,Kharif,0.03437251
Rice,IND_KARNATAKA_KALABURAGI,2003,Rabi,0.0860532
Rice,IND_KARNATAKA_KALABURAGI,2003,Summer,0.38039681
Rice,IND_KARNATAKA_KALABURAGI,2004,Kharif,0.03759403
Rice,IND_KARNATAKA_KALABURAGI,2004,Rabi,0.08205467
Rice,IND_KARNATAKA_KALABURAGI,2004,Summer,0.163163
Rice,IND_KARNATAKA_KALABURAGI,2005,Kharif,0.04564528
Rice,IND_KARNATAKA_KALABURAGI,2005,Rabi,0.12204076
Rice,IND_KARNATAKA_KALABURAGI,2005,Summer,0.09756098
Rice,IND_KARNATAKA_KALABURAGI,2006,Kharif,0.04496331
Rice,IND_KARNATAKA_KALABURAGI,2006,Rabi,0.09615777
Rice,IND_KARNATAKA_KALABURAGI,2006,Summer,0.12307471
Rice,IND_KARNATAKA_KALABURAGI,2007,Kharif,0.04957935
Rice,IND_KARNATAKA_KALABURAGI,2007,Rabi,0.08550527
Rice,IND_KARNATAKA_KALABURAGI,2007,Summer,0.10856483
Rice,IND_KARNATAKA_KALABURAGI,2008,Kharif,0.04185566
Rice,IND_KARNATAKA_KALABURAGI,2008,Rabi,0.1249817
Rice,IND_KARNATAKA_KALABURAGI,2008,Summer,0.11752671
Rice,IND_KARNATAKA_KALABURAGI,2009,Kharif,0.03592111
Rice,IND_KARNATAKA_KALABURAGI,2009,Rabi,0.05732906
Rice,IND_KARNATAKA_KALABURAGI,2009,Summer,0.10884246
Rice,IND_KARNATAKA_KALABURAGI,2010,Kharif,0.00268573
Rice,IND_KARNATAKA_KALABURAGI,2010,Rabi,0.0122334
Rice,IND_KARNATAKA_KALABURAGI,2010,Summer,0.00250235
Rice,IND_KARNATAKA_KALABURAGI,2011,Kharif,0.00293633
Rice,IND_KARNATAKA_KALABURAGI,2011,Rabi,0.01331265
Rice,IND_KARNATAKA_KALABURAGI,2011,Summer,0.00041532
Rice,IND_KARNATAKA_KALABURAGI,2012,Kharif,0.00266971
Rice,IND_KARNATAKA_KALABURAGI,2012,Rabi,0.03580726
Rice,IND_KARNATAKA_KALABURAGI,2012,Summer,0.00075609
Rice,IND_KARNATAKA_KALABURAGI,2013,Kharif,0.00413579
Rice,IND_KARNATAKA_KALABURAGI,2013,Rabi,0.02139574
Rice,IND_KARNATAKA_KALABURAGI,2013,Summer,0.00046207
Rice,IND_KARNATAKA_KALABURAGI,2014,Kharif,0.00155596
Rice,IND_KARNATAKA_KALABURAGI,2014,Rabi,0.00740186
Rice,IND_KARNATAKA_KALABURAGI,2014,Summer,0.0134476
Rice,IND_KARNATAKA_KALABURAGI,2015,Kharif,0.00380755
Rice,IND_KARNATAKA_KALABURAGI,2015,Rabi,0.01326332
Rice,IND_KARNATAKA_KALABURAGI,2015,Summer,0.0008678
Rice,IND_KARNATAKA_KALABURAGI,2016,Kharif,0.00375468
Rice,IND_KARNATAKA_KALABURAGI,2016,Rabi,0.11168789
Rice,IND_KARNATAKA_KALABURAGI,2016,Summer,0.01686261
Rice,IND_KARNATAKA_KALABURAGI,2017,Kharif,0.00379637
Rice,IND_KARNATAKA_KALABURAGI,2017,Rabi,0.05314357
Rice,IND_KARNATAKA_KALABURAGI,2017,Summer,0.01515057
Rice,IND_KARNATAKA_KALABURAGI,2018,Kharif,0.00766036
Rice,IND_KARNATAKA_KALABURAGI,2018,Rabi,0.06205209
Rice,IND_KARNATAKA_KALABURAGI,2018,Summer,0.00945739
Rice,IND_KARNATAKA_KALABURAGI,2019,Kharif,0.00730225
Rice,IND_KARNATAKA_KALABURAGI,2019,Rabi,0.09328954
Rice,IND_KARNATAKA_KALABURAGI,2019,Summer,0.00597358
Rice,IND_KARNATAKA_KODAGU,1997,Kharif,0.03820926
Rice,IND_KARNATAKA_KODAGU,1997,Rabi,0.0015402
Rice,IND_KARNATAKA_KODAGU,1997,Summer,0.00311516
Rice,IND_KARNATAKA_KODAGU,1998,Kharif,0.03714998
Rice,IND_KARNATAKA_KODAGU,1998,Rabi,0.00046348
Rice,IND_KARNATAKA_KODAGU,1998,Summer,0.00185918
Rice,IND_KARNATAKA_KODAGU,1999,Kharif,0.03299221
Rice,IND_KARNATAKA_KODAGU,1999,Rabi,0.00047368
Rice,IND_KARNATAKA_KODAGU,1999,Summer,0.00083106
Rice,IND_KARNATAKA_KODAGU,2000,Kharif,0.03252067
Rice,IND_KARNATAKA_KODAGU,2000,Rabi,9.614e-05
Rice,IND_KARNATAKA_KODAGU,2000,Summer,0.00163722
Rice,IND_KARNATAKA_KODAGU,2001,Kharif,0.0328521
Rice,IND_KARNATAKA_KODAGU,2001,Rabi,0.00020568
Rice,IND_KARNATAKA_KODAGU,2001,Summer,0.00184959
Rice,IND_KARNATAKA_KODAGU,2002,Kharif,0.03420595
Rice,IND_KARNATAKA_KODAGU,2002,Rabi,0.00017837
Rice,IND_KARNATAKA_KODAGU,2002,Summer,0.00121847
Rice,IND_KARNATAKA_KODAGU,2003,Kharif,0.03803671
Rice,IND_KARNATAKA_KODAGU,2003,Rabi,0.00021966
Rice,IND_KARNATAKA_KODAGU,2003,Summer,0.00236006
Rice,IND_KARNATAKA_KODAGU,2004,Kharif,0.03416769
Rice,IND_KARNATAKA_KODAGU,2004,Rabi,0.00056998
Rice,IND_KARNATAKA_KODAGU,2004,Summer,0.00551475
Rice,IND_KARNATAKA_KODAGU,2005,Kharif,0.03185523
Rice,IND_KARNATAKA_KODAGU,2005,Rabi,0.00144624
Rice,IND_KARNATAKA_KODAGU,2005,Summer,0.00264932
Rice,IND_KARNATAKA_KODAGU,2006,Kharif,0.0321449
Rice,IND_KARNATAKA_KODAGU,2006,Rabi,0.00034042
Rice,IND_KARNATAKA_KODAGU,2006,Summer,0.00107859
Rice,IND_KARNATAKA_KODAGU,2007,Kharif,0.0349531
Rice,IND_KARNATAKA_KODAGU,2007,Rabi,0.00061996
Rice,IND_KARNATAKA_KODAGU,2007,Summer,0.00129728
Rice,IND_KARNATAKA_KODAGU,2008,Kharif,0.03087134
Rice,IND_KARNATAKA_KODAGU,2008,Rabi,0.00048802
Rice,IND_KARNATAKA_KODAGU,2008,Summer,0.00134355
Rice,IND_KARNATAKA_KODAGU,2009,Kharif,0.0314202
Rice,IND_KARNATAKA_KODAGU,2009,Rabi,0.00026492
Rice,IND_KARNATAKA_KODAGU,2009,Summer,0.00058296
Rice,IND_KARNATAKA_KODAGU,2010,Kharif,0.03125022
Rice,IND_KARNATAKA_KODAGU,2010,Rabi,0.0001006
Rice,IND_KARNATAKA_KODAGU,2010,Summer,0.00038882
Rice,IND_KARNATAKA_KODAGU,2011,Kharif,0.03047722
Rice,IND_KARNATAKA_KODAGU,2011,Rabi,6.946e-05
Rice,IND_KARNATAKA_KODAGU,2011,Summer,0.00057597
Rice,IND_KARNATAKA_KODAGU,2012,Kharif,0.02983613
Rice,IND_KARNATAKA_KODAGU,2012,Summer,0.00045906
Rice,IND_KARNATAKA_KODAGU,2013,Kharif,0.03083437
Rice,IND_KARNATAKA_KODAGU,2013,Summer,0.00041662
Rice,IND_KARNATAKA_KODAGU,2014,Kharif,0.03089823
Rice,IND_KARNATAKA_KODAGU,2014,Rabi,0.00010396
Rice,IND_KARNATAKA_KODAGU,2014,Summer,0.00020114
Rice,IND_KARNATAKA_KODAGU,2015,Kharif,0.02895072
Rice,IND_KARNATAKA_KODAGU,2015,Rabi,0.00017048
Rice,IND_KARNATAKA_KODAGU,2015,Summer,0.00044354
Rice,IND_KARNATAKA_KODAGU,2016,Kharif,0.02960643
Rice,IND_KARNATAKA_KODAGU,2016,Rabi,0.00021406
Rice,IND_KARNATAKA_KODAGU,2016,Summer,0.00044696
Rice,IND_KARNATAKA_KODAGU,2017,Kharif,0.03681664
Rice,IND_KARNATAKA_KODAGU,2017,Rabi,0.00016322
Rice,IND_KARNATAKA_KODAGU,2017,Summer,5.339e-05
Rice,IND_KARNATAKA_KODAGU,2018,Kharif,0.01832508
Rice,IND_KARNATAKA_KODAGU,2018,Rabi,0.00043699
Rice,IND_KARNATAKA_KODAGU,2018,Summer,7.947e-05
Rice,IND_KARNATAKA_KODAGU,2019,Kharif,0.02888536
Rice,IND_KARNATAKA_KODAGU,2019,Summer,5.501e-05
Rice,IND_KARNATAKA_KOLAR,1997,Kharif,0.01175923
Rice,IND_KARNATAKA_KOLAR,1997,Rabi,0.0061237
Rice,IND_KARNATAKA_KOLAR,1997,Summer,0.029525
Rice,IND_KARNATAKA_KOLAR,1998,Kharif,0.01247784
Rice,IND_KARNATAKA_KOLAR,1998,Rabi,0.00502105
Rice,IND_KARNATAKA_KOLAR,1998,Summer,0.05253355
Rice,IND_KARNATAKA_KOLAR,1999,Kharif,0.00722224
Rice,IND_KARNATAKA_KOLAR,1999,Summer,0.00691111
Rice,IND_KARNATAKA_KOLAR,2000,Kharif,0.01070457
Rice,IND_KARNATAKA_KOLAR,2000,Summer,0.03461009
Rice,IND_KARNATAKA_KOLAR,2001,Kharif,0.00568859
Rice,IND_KARNATAKA_KOLAR,2001,Summer,0.0666686
Rice,IND_KARNATAKA_KOLAR,2002,Kharif,0.00546356
Rice,IND_KARNATAKA_KOLAR,2002,Summer,0.00297849
Rice,IND_KARNATAKA_KOLAR,2003,Kharif,0.00886185
Rice,IND_KARNATAKA_KOLAR,2003,Summer,0.00921358
Rice,IND_KARNATAKA_KOLAR,2004,Kharif,0.00660815
Rice,IND_KARNATAKA_KOLAR,2004,Summer,0.00167736
Rice,IND_KARNATAKA_KOLAR,2005,Kharif,0.00602885
Rice,IND_KARNATAKA_KOLAR,2005,Rabi,0.00055625
Rice,IND_KARNATAKA_KOLAR,2005,Summer,0.02808831
Rice,IND_KARNATAKA_KOLAR,2006,Kharif,0.00912294
Rice,IND_KARNATAKA_KOLAR,2006,Summer,0.00183043
Rice,IND_KARNATAKA_KOLAR,2007,Kharif,0.00452606
Rice,IND_KARNATAKA_KOLAR,2007,Summer,0.00246822
Rice,IND_KARNATAKA_KOLAR,2008,Kharif,0.0034862
Rice,IND_KARNATAKA_KOLAR,2008,Summer,0.00063534
Rice,IND_KARNATAKA_KOLAR,2009,Kharif,0.00347662
Rice,IND_KARNATAKA_KOLAR,2009,Summer,0.00941964
Rice,IND_KARNATAKA_KOLAR,2010,Kharif,0.00667579
Rice,IND_KARNATAKA_KOLAR,2010,Summer,0.00566569
Rice,IND_KARNATAKA_KOLAR,2011,Kharif,0.00459686
Rice,IND_KARNATAKA_KOLAR,2011,Summer,0.00025468
Rice,IND_KARNATAKA_KOLAR,2012,Kharif,0.00372844
Rice,IND_KARNATAKA_KOLAR,2012,Summer,0.00035644
Rice,IND_KARNATAKA_KOLAR,2013,Kharif,0.00185198
Rice,IND_KARNATAKA_KOLAR,2013,Summer,0.00022725
Rice,IND_KARNATAKA_KOLAR,2014,Kharif,0.00034399
Rice,IND_KARNATAKA_KOLAR,2015,Kharif,0.0004043
Rice,IND_KARNATAKA_KOLAR,2016,Kharif,0.00130782
Rice,IND_KARNATAKA_KOLAR,2017,Kharif,0.00102095
Rice,IND_KARNATAKA_KOLAR,2017,Summer,0.0022381
Rice,IND_KARNATAKA_KOLAR,2018,Kharif,0.00310753
Rice,IND_KARNATAKA_KOLAR,2019,Kharif,0.00119076
Rice,IND_KARNATAKA_KOLAR,2019,Summer,0.00033737
Rice,IND_KARNATAKA_KOPPAL,1998,Kharif,0.03255025
Rice,IND_KARNATAKA_KOPPAL,1998,Summer,0.113981
Rice,IND_KARNATAKA_KOPPAL,1999,Kharif,0.03326133
Rice,IND_KARNATAKA_KOPPAL,1999,Summer,0.12337943
Rice,IND_KARNATAKA_KOPPAL,2000,Kharif,0.03309181
Rice,IND_KARNATAKA_KOPPAL,2000,Summer,0.11684765
Rice,IND_KARNATAKA_KOPPAL,2001,Kharif,0.03455895
Rice,IND_KARNATAKA_KOPPAL,2001,Summer,0.13437963
Rice,IND_KARNATAKA_KOPPAL,2002,Kharif,0.03711338
Rice,IND_KARNATAKA_KOPPAL,2002,Rabi,0.00015855
Rice,IND_KARNATAKA_KOPPAL,2002,Summer,0.05665895
Rice,IND_KARNATAKA_KOPPAL,2003,Kharif,0.03950451
Rice,IND_KARNATAKA_KOPPAL,2003,Summer,0.07906878
Rice,IND_KARNATAKA_KOPPAL,2004,Kharif,0.03825087
Rice,IND_KARNATAKA_KOPPAL,2004,Summer,0.10561176
Rice,IND_KARNATAKA_KOPPAL,2005,Kharif,0.03870843
Rice,IND_KARNATAKA_KOPPAL,2005,Summer,0.10216503
Rice,IND_KARNATAKA_KOPPAL,2006,Kharif,0.03737836
Rice,IND_KARNATAKA_KOPPAL,2006,Summer,0.12758228
Rice,IND_KARNATAKA_KOPPAL,2007,Kharif,0.03659272
Rice,IND_KARNATAKA_KOPPAL,2007,Summer,0.1131315
Rice,IND_KARNATAKA_KOPPAL,2008,Kharif,0.03569573
Rice,IND_KARNATAKA_KOPPAL,2008,Summer,0.10168686
Rice,IND_KARNATAKA_KOPPAL,2009,Kharif,0.03366566
Rice,IND_KARNATAKA_KOPPAL,2009,Summer,0.10634037
Rice,IND_KARNATAKA_KOPPAL,2010,Kharif,0.03654906
Rice,IND_KARNATAKA_KOPPAL,2010,Summer,0.10236848
Rice,IND_KARNATAKA_KOPPAL,2011,Kharif,0.03795315
Rice,IND_KARNATAKA_KOPPAL,2011,Summer,0.13185332
Rice,IND_KARNATAKA_KOPPAL,2012,Kharif,0.03915103
Rice,IND_KARNATAKA_KOPPAL,2012,Summer,0.19352243
Rice,IND_KARNATAKA_KOPPAL,2013,Kharif,0.03839202
Rice,IND_KARNATAKA_KOPPAL,2013,Summer,0.13686806
Rice,IND_KARNATAKA_KOPPAL,2014,Kharif,0.03943801
Rice,IND_KARNATAKA_KOPPAL,2014,Summer,0.12828378
Rice,IND_KARNATAKA_KOPPAL,2015,Kharif,0.04188003
Rice,IND_KARNATAKA_KOPPAL,2015,Summer,0.09484047
Rice,IND_KARNATAKA_KOPPAL,2016,Kharif,0.03904037
Rice,IND_KARNATAKA_KOPPAL,2016,Summer,0.07901723
Rice,IND_KARNATAKA_KOPPAL,2017,Kharif,0.04919686
Rice,IND_KARNATAKA_KOPPAL,2017,Summer,0.0785516
Rice,IND_KARNATAKA_KOPPAL,2018,Kharif,0.05878661
Rice,IND_KARNATAKA_KOPPAL,2018,Summer,0.09413681
Rice,IND_KARNATAKA_KOPPAL,2019,Kharif,0.05838685
Rice,IND_KARNATAKA_KOPPAL,2019,Summer,0.16166424
Rice,IND_KARNATAKA_MANDYA,1997,Kharif,0.05622425
Rice,IND_KARNATAKA_MANDYA,1997,Rabi,0.03004324
Rice,IND_KARNATAKA_MANDYA,1997,Summer,0.0946076
Rice,IND_KARNATAKA_MANDYA,1998,Kharif,0.05632449
Rice,IND_KARNATAKA_MANDYA,1998,Summer,0.06458777
Rice,IND_KARNATAKA_MANDYA,1999,Kharif,0.05395376
Rice,IND_KARNATAKA_MANDYA,1999,Rabi,0.00547577
Rice,IND_KARNATAKA_MANDYA,1999,Summer,0.0647796
Rice,IND_KARNATAKA_MANDYA,2000,Kharif,0.05428946
Rice,IND_KARNATAKA_MANDYA,2000,Rabi,0.00057687
Rice,IND_KARNATAKA_MANDYA,2000,Summer,0.0576406
Rice,IND_KARNATAKA_MANDYA,2001,Kharif,0.05312018
Rice,IND_KARNATAKA_MANDYA,2001,Rabi,0.00035527
Rice,IND_KARNATAKA_MANDYA,2001,Summer,0.05133254
Rice,IND_KARNATAKA_MANDYA,2002,Kharif,0.03719392
Rice,IND_KARNATAKA_MANDYA,2002,Rabi,0.0396385
Rice,IND_KARNATAKA_MANDYA,2002,Summer,0.0378674
Rice,IND_KARNATAKA_MANDYA,2003,Kharif,0.05512183
Rice,IND_KARNATAKA_MANDYA,2003,Rabi,0.01636493
Rice,IND_KARNATAKA_MANDYA,2003,Summer,0.02158724
Rice,IND_KARNATAKA_MANDYA,2004,Kharif,0.06836098
Rice,IND_KARNATAKA_MANDYA,2004,Rabi,0.00387588
Rice,IND_KARNATAKA_MANDYA,2004,Summer,0.09413305
Rice,IND_KARNATAKA_MANDYA,2005,Kharif,0.05662119
Rice,IND_KARNATAKA_MANDYA,2005,Rabi,0.000267
Rice,IND_KARNATAKA_MANDYA,2005,Summer,0.06279856
Rice,IND_KARNATAKA_MANDYA,2006,Kharif,0.05312466
Rice,IND_KARNATAKA_MANDYA,2006,Rabi,0.00029503
Rice,IND_KARNATAKA_MANDYA,2006,Summer,0.04513899
Rice,IND_KARNATAKA_MANDYA,2007,Kharif,0.06152458
Rice,IND_KARNATAKA_MANDYA,2007,Rabi,0.00131432
Rice,IND_KARNATAKA_MANDYA,2007,Summer,0.06772051
Rice,IND_KARNATAKA_MANDYA,2008,Kharif,0.06034873
Rice,IND_KARNATAKA_MANDYA,2008,Rabi,0.00034161
Rice,IND_KARNATAKA_MANDYA,2008,Summer,0.06165737
Rice,IND_KARNATAKA_MANDYA,2009,Kharif,0.05556962
Rice,IND_KARNATAKA_MANDYA,2009,Summer,0.05399844
Rice,IND_KARNATAKA_MANDYA,2010,Kharif,0.05387832
Rice,IND_KARNATAKA_MANDYA,2010,Summer,0.05497664
Rice,IND_KARNATAKA_MANDYA,2011,Kharif,0.05111924
Rice,IND_KARNATAKA_MANDYA,2011,Summer,0.06670245
Rice,IND_KARNATAKA_MANDYA,2012,Kharif,0.04550531
Rice,IND_KARNATAKA_MANDYA,2012,Rabi,0.00701584
Rice,IND_KARNATAKA_MANDYA,2012,Summer,0.0103855
Rice,IND_KARNATAKA_MANDYA,2013,Kharif,0.05053081
Rice,IND_KARNATAKA_MANDYA,2013,Rabi,0.03440434
Rice,IND_KARNATAKA_MANDYA,2013,Summer,0.04508234
Rice,IND_KARNATAKA_MANDYA,2014,Kharif,0.05103572
Rice,IND_KARNATAKA_MANDYA,2014,Rabi,0.01721557
Rice,IND_KARNATAKA_MANDYA,2014,Summer,0.05264462
Rice,IND_KARNATAKA_MANDYA,2015,Kharif,0.05373053
Rice,IND_KARNATAKA_MANDYA,2015,Rabi,0.00450066
Rice,IND_KARNATAKA_MANDYA,2015,Summer,0.05650317
Rice,IND_KARNATAKA_MANDYA,2016,Kharif,0.04616438
Rice,IND_KARNATAKA_MANDYA,2016,Summer,0.00237025
Rice,IND_KARNATAKA_MANDYA,2017,Kharif,0.01676639
Rice,IND_KARNATAKA_MANDYA,2017,Rabi,0.20075733
Rice,IND_KARNATAKA_MANDYA,2017,Summer,0.06824209
Rice,IND_KARNATAKA_MANDYA,2018,Kharif,0.05636942
Rice,IND_KARNATAKA_MANDYA,2018,Rabi,0.00611781
Rice,IND_KARNATAKA_MANDYA,2018,Summer,0.06289033
Rice,IND_KARNATAKA_MANDYA,2019,Kharif,0.05413619
Rice,IND_KARNATAKA_MANDYA,2019,Rabi,0.06799219
Rice,IND_KARNATAKA_MANDYA,2019,Summer,0.05021617
Rice,IND_KARNATAKA_MYSURU,1997,Kharif,0.10185744
Rice,IND_KARNATAKA_MYSURU,1997,Rabi,0.01516079
Rice,IND_KARNATAKA_MYSURU,1997,Summer,0.07670382
Rice,IND_KARNATAKA_MYSURU,1998,Kharif,0.08839846
Rice,IND_KARNATAKA_MYSURU,1998,Rabi,0.01181878
Rice,IND_KARNATAKA_MYSURU,1998,Summer,0.04615827
Rice,IND_KARNATAKA_MYSURU,1999,Kharif,0.08341924
Rice,IND_KARNATAKA_MYSURU,1999,Rabi,0.03196408
Rice,IND_KARNATAKA_MYSURU,1999,Summer,0.05824081
Rice,IND_KARNATAKA_MYSURU,2000,Kharif,0.08167604
Rice,IND_KARNATAKA_MYSURU,2000,Rabi,0.0226709
Rice,IND_KARNATAKA_MYSURU,2000,Summer,0.05245552
Rice,IND_KARNATAKA_MYSURU,2001,Kharif,0.09408833
Rice,IND_KARNATAKA_MYSURU,2001,Rabi,0.00329095
Rice,IND_KARNATAKA_MYSURU,2001,Summer,0.04435404
Rice,IND_KARNATAKA_MYSURU,2002,Kharif,0.07786104
Rice,IND_KARNATAKA_MYSURU,2002,Rabi,0.01242667
Rice,IND_KARNATAKA_MYSURU,2002,Summer,0.03367044
Rice,IND_KARNATAKA_MYSURU,2003,Kharif,0.08108257
Rice,IND_KARNATAKA_MYSURU,2003,Rabi,0.04547035
Rice,IND_KARNATAKA_MYSURU,2003,Summer,0.03272087
Rice,IND_KARNATAKA_MYSURU,2004,Kharif,0.09410262
Rice,IND_KARNATAKA_MYSURU,2004,Rabi,0.00109437
Rice,IND_KARNATAKA_MYSURU,2004,Summer,0.0915047
Rice,IND_KARNATAKA_MYSURU,2005,Kharif,0.09263164
Rice,IND_KARNATAKA_MYSURU,2005,Rabi,0.00077875
Rice,IND_KARNATAKA_MYSURU,2005,Summer,0.05805724
Rice,IND_KARNATAKA_MYSURU,2006,Kharif,0.09457713
Rice,IND_KARNATAKA_MYSURU,2006,Rabi,0.00458435
Rice,IND_KARNATAKA_MYSURU,2006,Summer,0.04665674
Rice,IND_KARNATAKA_MYSURU,2007,Kharif,0.10056911
Rice,IND_KARNATAKA_MYSURU,2007,Rabi,0.0049597
Rice,IND_KARNATAKA_MYSURU,2007,Summer,0.05189431
Rice,IND_KARNATAKA_MYSURU,2008,Kharif,0.09787828
Rice,IND_KARNATAKA_MYSURU,2008,Summer,0.03850525
Rice,IND_KARNATAKA_MYSURU,2009,Kharif,0.09997632
Rice,IND_KARNATAKA_MYSURU,2009,Summer,0.03882716
Rice,IND_KARNATAKA_MYSURU,2010,Kharif,0.09420138
Rice,IND_KARNATAKA_MYSURU,2010,Summer,0.05196883
Rice,IND_KARNATAKA_MYSURU,2011,Kharif,0.09646423
Rice,IND_KARNATAKA_MYSURU,2011,Rabi,9.261e-05
Rice,IND_KARNATAKA_MYSURU,2011,Summer,0.05164111
Rice,IND_KARNATAKA_MYSURU,2012,Kharif,0.08383416
Rice,IND_KARNATAKA_MYSURU,2012,Rabi,0.00529497
Rice,IND_KARNATAKA_MYSURU,2012,Summer,0.00486601
Rice,IND_KARNATAKA_MYSURU,2013,Kharif,0.08862528
Rice,IND_KARNATAKA_MYSURU,2013,Rabi,0.00122261
Rice,IND_KARNATAKA_MYSURU,2013,Summer,0.04037829
Rice,IND_KARNATAKA_MYSURU,2014,Kharif,0.09435664
Rice,IND_KARNATAKA_MYSURU,2014,Summer,0.03183748
Rice,IND_KARNATAKA_MYSURU,2015,Kharif,0.0908286
Rice,IND_KARNATAKA_MYSURU,2015,Summer,0.04609926
Rice,IND_KARNATAKA_MYSURU,2016,Kharif,0.06876144
Rice,IND_KARNATAKA_MYSURU,2016,Summer,0.01176996
Rice,IND_KARNATAKA_MYSURU,2017,Kharif,0.0775232
Rice,IND_KARNATAKA_MYSURU,2017,Summer,0.03537803
Rice,IND_KARNATAKA_MYSURU,2018,Kharif,0.08803287
Rice,IND_KARNATAKA_MYSURU,2018,Summer,0.05589663
Rice,IND_KARNATAKA_MYSURU,2019,Kharif,0.0789742
Rice,IND_KARNATAKA_MYSURU,2019,Summer,0.027664
Rice,IND_KARNATAKA_RAICHUR,1997,Kharif,0.08980447
Rice,IND_KARNATAKA_RAICHUR,1997,Summer,0.29674233
Rice,IND_KARNATAKA_RAICHUR,1998,Kharif,0.06140144
Rice,IND_KARNATAKA_RAICHUR,1998,Summer,0.17267688
Rice,IND_KARNATAKA_RAICHUR,1999,Kharif,0.08265295
Rice,IND_KARNATAKA_RAICHUR,1999,Summer,0.18988432
Rice,IND_KARNATAKA_RAICHUR,2000,Kharif,0.0803258
Rice,IND_KARNATAKA_RAICHUR,2000,Summer,0.16577139
Rice,IND_KARNATAKA_RAICHUR,2001,Kharif,0.0715325
Rice,IND_KARNATAKA_RAICHUR,2001,Summer,0.15902518
Rice,IND_KARNATAKA_RAICHUR,2002,Kharif,0.07954669
Rice,IND_KARNATAKA_RAICHUR,2002,Summer,0.08060869
Rice,IND_KARNATAKA_RAICHUR,2003,Kharif,0.069588
Rice,IND_KARNATAKA_RAICHUR,2003,Rabi,0.12919878
Rice,IND_KARNATAKA_RAICHUR,2003,Summer,0.08312222
Rice,IND_KARNATAKA_RAICHUR,2004,Kharif,0.08514484
Rice,IND_KARNATAKA_RAICHUR,2004,Rabi,0.01265361
Rice,IND_KARNATAKA_RAICHUR,2004,Summer,0.08411666
Rice,IND_KARNATAKA_RAICHUR,2005,Kharif,0.09352477
Rice,IND_KARNATAKA_RAICHUR,2005,Summer,0.21291497
Rice,IND_KARNATAKA_RAICHUR,2006,Kharif,0.07641186
Rice,IND_KARNATAKA_RAICHUR,2006,Summer,0.19758144
Rice,IND_KARNATAKA_RAICHUR,2007,Kharif,0.09160829
Rice,IND_KARNATAKA_RAICHUR,2007,Summer,0.19691549
Rice,IND_KARNATAKA_RAICHUR,2008,Kharif,0.08356883
Rice,IND_KARNATAKA_RAICHUR,2008,Summer,0.20547211
Rice,IND_KARNATAKA_RAICHUR,2009,Kharif,0.08730554
Rice,IND_KARNATAKA_RAICHUR,2009,Summer,0.23147961
Rice,IND_KARNATAKA_RAICHUR,2010,Kharif,0.08881311
Rice,IND_KARNATAKA_RAICHUR,2010,Summer,0.20679494
Rice,IND_KARNATAKA_RAICHUR,2011,Kharif,0.09441094
Rice,IND_KARNATAKA_RAICHUR,2011,Summer,0.14565694
Rice,IND_KARNATAKA_RAICHUR,2012,Kharif,0.10872383
Rice,IND_KARNATAKA_RAICHUR,2012,Summer,0.2037027
Rice,IND_KARNATAKA_RAICHUR,2013,Kharif,0.10390866
Rice,IND_KARNATAKA_RAICHUR,2013,Summer,0.26814959
Rice,IND_KARNATAKA_RAICHUR,2014,Kharif,0.09793255
Rice,IND_KARNATAKA_RAICHUR,2014,Summer,0.23219019
Rice,IND_KARNATAKA_RAICHUR,2015,Kharif,0.1065798
Rice,IND_KARNATAKA_RAICHUR,2015,Summer,0.1071921
Rice,IND_KARNATAKA_RAICHUR,2016,Kharif,0.11661049
Rice,IND_KARNATAKA_RAICHUR,2016,Summer,0.22788222
Rice,IND_KARNATAKA_RAICHUR,2017,Kharif,0.12235424
Rice,IND_KARNATAKA_RAICHUR,2017,Summer,0.1032953
Rice,IND_KARNATAKA_RAICHUR,2018,Kharif,0.15637058
Rice,IND_KARNATAKA_RAICHUR,2018,Summer,0.08446087
Rice,IND_KARNATAKA_RAICHUR,2019,Kharif,0.14904464
Rice,IND_KARNATAKA_RAICHUR,2019,Summer,0.2889135
Rice,IND_KARNATAKA_RAMANAGARA,2007,Kharif,0.00550089
Rice,IND_KARNATAKA_RAMANAGARA,2007,Summer,0.00089361
Rice,IND_KARNATAKA_RAMANAGARA,2008,Kharif,0.00553332
Rice,IND_KARNATAKA_RAMANAGARA,2008,Summer,0.00104919
Rice,IND_KARNATAKA_RAMANAGARA,2009,Kharif,0.00675545
Rice,IND_KARNATAKA_RAMANAGARA,2009,Summer,0.00250498
Rice,IND_KARNATAKA_RAMANAGARA,2010,Kharif,0.00698129
Rice,IND_KARNATAKA_RAMANAGARA,2010,Summer,0.00163583
Rice,IND_KARNATAKA_RAMANAGARA,2011,Kharif,0.00646853
Rice,IND_KARNATAKA_RAMANAGARA,2011,Summer,0.00182977
Rice,IND_KARNATAKA_RAMANAGARA,2012,Kharif,0.00604715
Rice,IND_KARNATAKA_RAMANAGARA,2012,Summer,0.00222508
Rice,IND_KARNATAKA_RAMANAGARA,2013,Kharif,0.00514051
Rice,IND_KARNATAKA_RAMANAGARA,2013,Summer,0.0016324
Rice,IND_KARNATAKA_RAMANAGARA,2014,Kharif,0.00461688
Rice,IND_KARNATAKA_RAMANAGARA,2014,Rabi,4.158e-05
Rice,IND_KARNATAKA_RAMANAGARA,2014,Summer,0.00217302
Rice,IND_KARNATAKA_RAMANAGARA,2015,Kharif,0.00418831
Rice,IND_KARNATAKA_RAMANAGARA,2015,Rabi,0.00153432
Rice,IND_KARNATAKA_RAMANAGARA,2015,Summer,0.00305657
Rice,IND_KARNATAKA_RAMANAGARA,2016,Kharif,0.00421114
Rice,IND_KARNATAKA_RAMANAGARA,2016,Rabi,5.352e-05
Rice,IND_KARNATAKA_RAMANAGARA,2016,Summer,0.00088038
Rice,IND_KARNATAKA_RAMANAGARA,2017,Kharif,0.00546135
Rice,IND_KARNATAKA_RAMANAGARA,2017,Rabi,0.00016322
Rice,IND_KARNATAKA_RAMANAGARA,2017,Summer,0.00116132
Rice,IND_KARNATAKA_RAMANAGARA,2018,Kharif,0.00291566
Rice,IND_KARNATAKA_RAMANAGARA,2018,Summer,0.00099342
Rice,IND_KARNATAKA_RAMANAGARA,2019,Kharif,0.00255475
Rice,IND_KARNATAKA_RAMANAGARA,2019,Summer,0.00096076
Rice,IND_KARNATAKA_SHIVAMOGGA,1997,Kharif,0.15795857
Rice,IND_KARNATAKA_SHIVAMOGGA,1997,Summer,0.14306233
Rice,IND_KARNATAKA_SHIVAMOGGA,1998,Kharif,0.12683088
Rice,IND_KARNATAKA_SHIVAMOGGA,1998,Summer,0.073549
Rice,IND_KARNATAKA_SHIVAMOGGA,1999,Kharif,0.12622811
Rice,IND_KARNATAKA_SHIVAMOGGA,1999,Summer,0.07532079
Rice,IND_KARNATAKA_SHIVAMOGGA,2000,Kharif,0.12054716
Rice,IND_KARNATAKA_SHIVAMOGGA,2000,Summer,0.06846429
Rice,IND_KARNATAKA_SHIVAMOGGA,2001,Kharif,0.12112775
Rice,IND_KARNATAKA_SHIVAMOGGA,2001,Summer,0.06166999
Rice,IND_KARNATAKA_SHIVAMOGGA,2002,Kharif,0.12767161
Rice,IND_KARNATAKA_SHIVAMOGGA,2002,Summer,0.10116026
Rice,IND_KARNATAKA_SHIVAMOGGA,2003,Kharif,0.1207131
Rice,IND_KARNATAKA_SHIVAMOGGA,2003,Rabi,9.153e-05
Rice,IND_KARNATAKA_SHIVAMOGGA,2003,Summer,0.08349556
Rice,IND_KARNATAKA_SHIVAMOGGA,2004,Kharif,0.10812455
Rice,IND_KARNATAKA_SHIVAMOGGA,2004,Summer,0.06711842
Rice,IND_KARNATAKA_SHIVAMOGGA,2005,Kharif,0.10798026
Rice,IND_KARNATAKA_SHIVAMOGGA,2005,Summer,0.04779214
Rice,IND_KARNATAKA_SHIVAMOGGA,2006,Kharif,0.11011724
Rice,IND_KARNATAKA_SHIVAMOGGA,2006,Summer,0.05336364
Rice,IND_KARNATAKA_SHIVAMOGGA,2007,Kharif,0.10934543
Rice,IND_KARNATAKA_SHIVAMOGGA,2007,Summer,0.04623373
Rice,IND_KARNATAKA_SHIVAMOGGA,2008,Kharif,0.1014521
Rice,IND_KARNATAKA_SHIVAMOGGA,2008,Summer,0.0479159
Rice,IND_KARNATAKA_SHIVAMOGGA,2009,Kharif,0.10444729
Rice,IND_KARNATAKA_SHIVAMOGGA,2009,Summer,0.05233615
Rice,IND_KARNATAKA_SHIVAMOGGA,2010,Kharif,0.09990136
Rice,IND_KARNATAKA_SHIVAMOGGA,2010,Summer,0.05436564
Rice,IND_KARNATAKA_SHIVAMOGGA,2011,Kharif,0.09966628
Rice,IND_KARNATAKA_SHIVAMOGGA,2011,Summer,0.06888094
Rice,IND_KARNATAKA_SHIVAMOGGA,2012,Kharif,0.10299906
Rice,IND_KARNATAKA_SHIVAMOGGA,2012,Summer,0.08275996
Rice,IND_KARNATAKA_SHIVAMOGGA,2013,Kharif,0.10459555
Rice,IND_KARNATAKA_SHIVAMOGGA,2013,Summer,0.0619404
Rice,IND_KARNATAKA_SHIVAMOGGA,2014,Kharif,0.10557836
Rice,IND_KARNATAKA_SHIVAMOGGA,2014,Summer,0.05850281
Rice,IND_KARNATAKA_SHIVAMOGGA,2015,Kharif,0.10431881
Rice,IND_KARNATAKA_SHIVAMOGGA,2015,Rabi,6.819e-05
Rice,IND_KARNATAKA_SHIVAMOGGA,2015,Summer,0.07813057
Rice,IND_KARNATAKA_SHIVAMOGGA,2016,Kharif,0.10692498
Rice,IND_KARNATAKA_SHIVAMOGGA,2016,Rabi,0.00090977
Rice,IND_KARNATAKA_SHIVAMOGGA,2016,Summer,0.05012732
Rice,IND_KARNATAKA_SHIVAMOGGA,2017,Kharif,0.11403341
Rice,IND_KARNATAKA_SHIVAMOGGA,2017,Rabi,0.00130574
Rice,IND_KARNATAKA_SHIVAMOGGA,2017,Summer,0.04169633
Rice,IND_KARNATAKA_SHIVAMOGGA,2018,Kharif,0.08219384
Rice,IND_KARNATAKA_SHIVAMOGGA,2018,Rabi,0.0031463
Rice,IND_KARNATAKA_SHIVAMOGGA,2018,Summer,0.06492354
Rice,IND_KARNATAKA_SHIVAMOGGA,2019,Kharif,0.08505871
Rice,IND_KARNATAKA_SHIVAMOGGA,2019,Summer,0.02728996
Rice,IND_KARNATAKA_TUMAKURU,1997,Kharif,0.02189854
Rice,IND_KARNATAKA_TUMAKURU,1997,Rabi,0.01686801
Rice,IND_KARNATAKA_TUMAKURU,1997,Summer,0.03768784
Rice,IND_KARNATAKA_TUMAKURU,1998,Kharif,0.02758079
Rice,IND_KARNATAKA_TUMAKURU,1998,Rabi,0.02512456
Rice,IND_KARNATAKA_TUMAKURU,1998,Summer,0.0553764
Rice,IND_KARNATAKA_TUMAKURU,1999,Kharif,0.02520256
Rice,IND_KARNATAKA_TUMAKURU,1999,Rabi,0.02904619
Rice,IND_KARNATAKA_TUMAKURU,1999,Summer,0.03614454
Rice,IND_KARNATAKA_TUMAKURU,2000,Kharif,0.02756863
Rice,IND_KARNATAKA_TUMAKURU,2000,Rabi,0.04855302
Rice,IND_KARNATAKA_TUMAKURU,2000,Summer,0.07558252
Rice,IND_KARNATAKA_TUMAKURU,2001,Kharif,0.02277735
Rice,IND_KARNATAKA_TUMAKURU,2001,Rabi,0.03193717
Rice,IND_KARNATAKA_TUMAKURU,2001,Summer,0.08641689
Rice,IND_KARNATAKA_TUMAKURU,2002,Kharif,0.01386075
Rice,IND_KARNATAKA_TUMAKURU,2002,Rabi,0.01474552
Rice,IND_KARNATAKA_TUMAKURU,2002,Summer,0.03396829
Rice,IND_KARNATAKA_TUMAKURU,2003,Kharif,0.01227295
Rice,IND_KARNATAKA_TUMAKURU,2003,Rabi,0.00499735
Rice,IND_KARNATAKA_TUMAKURU,2003,Summer,0.01710712
Rice,IND_KARNATAKA_TUMAKURU,2004,Kharif,0.02050592
Rice,IND_KARNATAKA_TUMAKURU,2004,Rabi,0.03620528
Rice,IND_KARNATAKA_TUMAKURU,2004,Summer,0.01393502
Rice,IND_KARNATAKA_TUMAKURU,2005,Kharif,0.02551597
Rice,IND_KARNATAKA_TUMAKURU,2005,Rabi,0.00938946
Rice,IND_KARNATAKA_TUMAKURU,2005,Summer,0.03076235
Rice,IND_KARNATAKA_TUMAKURU,2006,Kharif,0.0223556
Rice,IND_KARNATAKA_TUMAKURU,2006,Rabi,0.00317727
Rice,IND_KARNATAKA_TUMAKURU,2006,Summer,0.01764735
Rice,IND_KARNATAKA_TUMAKURU,2007,Kharif,0.01781132
Rice,IND_KARNATAKA_TUMAKURU,2007,Rabi,0.03781773
Rice,IND_KARNATAKA_TUMAKURU,2007,Summer,0.02964024
Rice,IND_KARNATAKA_TUMAKURU,2008,Kharif,0.02154382
Rice,IND_KARNATAKA_TUMAKURU,2008,Rabi,0.03735786
Rice,IND_KARNATAKA_TUMAKURU,2008,Summer,0.04063569
Rice,IND_KARNATAKA_TUMAKURU,2009,Kharif,0.02373208
Rice,IND_KARNATAKA_TUMAKURU,2009,Rabi,0.01902138
Rice,IND_KARNATAKA_TUMAKURU,2009,Summer,0.02729791
Rice,IND_KARNATAKA_TUMAKURU,2010,Kharif,0.02104482
Rice,IND_KARNATAKA_TUMAKURU,2010,Rabi,0.00927565
Rice,IND_KARNATAKA_TUMAKURU,2010,Summer,0.02874227
Rice,IND_KARNATAKA_TUMAKURU,2011,Kharif,0.02000412
Rice,IND_KARNATAKA_TUMAKURU,2011,Rabi,0.00553343
Rice,IND_KARNATAKA_TUMAKURU,2011,Summer,0.02287803
Rice,IND_KARNATAKA_TUMAKURU,2012,Kharif,0.01363757
Rice,IND_KARNATAKA_TUMAKURU,2012,Rabi,0.00324317
Rice,IND_KARNATAKA_TUMAKURU,2012,Summer,0.0023871
Rice,IND_KARNATAKA_TUMAKURU,2013,Kharif,0.01126353
Rice,IND_KARNATAKA_TUMAKURU,2013,Rabi,0.0026653
Rice,IND_KARNATAKA_TUMAKURU,2013,Summer,0.00480252
Rice,IND_KARNATAKA_TUMAKURU,2014,Kharif,0.00763581
Rice,IND_KARNATAKA_TUMAKURU,2014,Rabi,0.00139305
Rice,IND_KARNATAKA_TUMAKURU,2014,Summer,0.00647238
Rice,IND_KARNATAKA_TUMAKURU,2015,Kharif,0.00761204
Rice,IND_KARNATAKA_TUMAKURU,2015,Rabi,0.0033414
Rice,IND_KARNATAKA_TUMAKURU,2015,Summer,0.02742236
Rice,IND_KARNATAKA_TUMAKURU,2016,Kharif,0.01115469
Rice,IND_KARNATAKA_TUMAKURU,2016,Rabi,0.01054265
Rice,IND_KARNATAKA_TUMAKURU,2016,Summer,0.00079911
Rice,IND_KARNATAKA_TUMAKURU,2017,Kharif,0.00581522
Rice,IND_KARNATAKA_TUMAKURU,2017,Rabi,0.00104459
Rice,IND_KARNATAKA_TUMAKURU,2017,Summer,0.00238939
Rice,IND_KARNATAKA_TUMAKURU,2018,Kharif,0.00620156
Rice,IND_KARNATAKA_TUMAKURU,2018,Rabi,0.00026219
Rice,IND_KARNATAKA_TUMAKURU,2018,Summer,0.00346374
Rice,IND_KARNATAKA_TUMAKURU,2019,Kharif,0.00154862
Rice,IND_KARNATAKA_TUMAKURU,2019,Summer,0.00340666
Rice,IND_KARNATAKA_UDUPI,1998,Kharif,0.05031537
Rice,IND_KARNATAKA_UDUPI,1998,Rabi,0.26418447
Rice,IND_KARNATAKA_UDUPI,1998,Summer,0.00546936
Rice,IND_KARNATAKA_UDUPI,1999,Kharif,0.04883607
Rice,IND_KARNATAKA_UDUPI,1999,Rabi,0.28131039
Rice,IND_KARNATAKA_UDUPI,1999,Summer,0.00502294
Rice,IND_KARNATAKA_UDUPI,2000,Kharif,0.04691807
Rice,IND_KARNATAKA_UDUPI,2000,Rabi,0.25541775
Rice,IND_KARNATAKA_UDUPI,2000,Summer,0.00411397
Rice,IND_KARNATAKA_UDUPI,2001,Kharif,0.04790495
Rice,IND_KARNATAKA_UDUPI,2001,Rabi,0.24093119
Rice,IND_KARNATAKA_UDUPI,2001,Summer,0.00262418
Rice,IND_KARNATAKA_UDUPI,2002,Kharif,0.04966598
Rice,IND_KARNATAKA_UDUPI,2002,Rabi,0.23467972
Rice,IND_KARNATAKA_UDUPI,2002,Summer,0.00633605
Rice,IND_KARNATAKA_UDUPI,2003,Kharif,0.05398339
Rice,IND_KARNATAKA_UDUPI,2003,Rabi,0.19993044
Rice,IND_KARNATAKA_UDUPI,2003,Summer,0.00274674
Rice,IND_KARNATAKA_UDUPI,2004,Kharif,0.04870808
Rice,IND_KARNATAKA_UDUPI,2004,Rabi,0.24447687
Rice,IND_KARNATAKA_UDUPI,2004,Summer,0.00084585
Rice,IND_KARNATAKA_UDUPI,2005,Kharif,0.048057
Rice,IND_KARNATAKA_UDUPI,2005,Rabi,0.24274653
Rice,IND_KARNATAKA_UDUPI,2005,Summer,0.00040083
Rice,IND_KARNATAKA_UDUPI,2006,Kharif,0.04813113
Rice,IND_KARNATAKA_UDUPI,2006,Rabi,0.24764542
Rice,IND_KARNATAKA_UDUPI,2006,Summer,0.00056213
Rice,IND_KARNATAKA_UDUPI,2007,Kharif,0.04883943
Rice,IND_KARNATAKA_UDUPI,2007,Rabi,0.26050837
Rice,IND_KARNATAKA_UDUPI,2007,Summer,0.00043756
Rice,IND_KARNATAKA_UDUPI,2008,Kharif,0.04517282
Rice,IND_KARNATAKA_UDUPI,2008,Rabi,0.25176907
Rice,IND_KARNATAKA_UDUPI,2008,Summer,0.00044882
Rice,IND_KARNATAKA_UDUPI,2009,Kharif,0.04362374
Rice,IND_KARNATAKA_UDUPI,2009,Rabi,0.24592683
Rice,IND_KARNATAKA_UDUPI,2009,Summer,0.00041269
Rice,IND_KARNATAKA_UDUPI,2010,Kharif,0.04179565
Rice,IND_KARNATAKA_UDUPI,2010,Rabi,0.18072435
Rice,IND_KARNATAKA_UDUPI,2010,Summer,0.00043881
Rice,IND_KARNATAKA_UDUPI,2011,Kharif,0.04204094
Rice,IND_KARNATAKA_UDUPI,2011,Rabi,0.19075292
Rice,IND_KARNATAKA_UDUPI,2011,Summer,0.00040357
Rice,IND_KARNATAKA_UDUPI,2012,Kharif,0.04250463
Rice,IND_KARNATAKA_UDUPI,2012,Rabi,0.15331157
Rice,IND_KARNATAKA_UDUPI,2012,Summer,0.00051846
Rice,IND_KARNATAKA_UDUPI,2013,Kharif,0.04314803
Rice,IND_KARNATAKA_UDUPI,2013,Rabi,0.16686228
Rice,IND_KARNATAKA_UDUPI,2013,Summer,0.00041662
Rice,IND_KARNATAKA_UDUPI,2014,Kharif,0.04301192
Rice,IND_KARNATAKA_UDUPI,2014,Rabi,0.13391966
Rice,IND_KARNATAKA_UDUPI,2014,Summer,0.00034122
Rice,IND_KARNATAKA_UDUPI,2015,Kharif,0.04422598
Rice,IND_KARNATAKA_UDUPI,2015,Rabi,0.21555457
Rice,IND_KARNATAKA_UDUPI,2015,Summer,0.00072316
Rice,IND_KARNATAKA_UDUPI,2016,Kharif,0.04618349
Rice,IND_KARNATAKA_UDUPI,2016,Rabi,0.22824575
Rice,IND_KARNATAKA_UDUPI,2016,Summer,0.00081266
Rice,IND_KARNATAKA_UDUPI,2017,Kharif,0.05769531
Rice,IND_KARNATAKA_UDUPI,2017,Rabi,0.14594895
Rice,IND_KARNATAKA_UDUPI,2017,Summer,0.00031591
Rice,IND_KARNATAKA_UDUPI,2018,Kharif,0.02981995
Rice,IND_KARNATAKA_UDUPI,2018,Rabi,0.31768922
Rice,IND_KARNATAKA_UDUPI,2018,Summer,0.00029803
Rice,IND_KARNATAKA_UDUPI,2019,Kharif,0.03584013
Rice,IND_KARNATAKA_UDUPI,2019,Rabi,0.329842
Rice,IND_KARNATAKA_UDUPI,2019,Summer,0.00019802
Rice,IND_KARNATAKA_UTTARAKANNADA,1997,Kharif,0.08280418
Rice,IND_KARNATAKA_UTTARAKANNADA,1997,Rabi,0.04511125
Rice,IND_KARNATAKA_UTTARAKANNADA,1997,Summer,0.00920371
Rice,IND_KARNATAKA_UTTARAKANNADA,1998,Kharif,0.07841415
Rice,IND_KARNATAKA_UTTARAKANNADA,1998,Rabi,0.04800896
Rice,IND_KARNATAKA_UTTARAKANNADA,1998,Summer,0.00932292
Rice,IND_KARNATAKA_UTTARAKANNADA,1999,Kharif,0.07635847
Rice,IND_KARNATAKA_UTTARAKANNADA,1999,Rabi,0.04911137
Rice,IND_KARNATAKA_UTTARAKANNADA,1999,Summer,0.00809454
Rice,IND_KARNATAKA_UTTARAKANNADA,2000,Kharif,0.07607967
Rice,IND_KARNATAKA_UTTARAKANNADA,2000,Rabi,0.04728392
Rice,IND_KARNATAKA_UTTARAKANNADA,2000,Summer,0.00895488
Rice,IND_KARNATAKA_UTTARAKANNADA,2001,Kharif,0.0746484
Rice,IND_KARNATAKA_UTTARAKANNADA,2001,Rabi,0.04450262
Rice,IND_KARNATAKA_UTTARAKANNADA,2001,Summer,0.00511081
Rice,IND_KARNATAKA_UTTARAKANNADA,2002,Kharif,0.08012701
Rice,IND_KARNATAKA_UTTARAKANNADA,2002,Rabi,0.04340415
Rice,IND_KARNATAKA_UTTARAKANNADA,2002,Summer,0.01875093
Rice,IND_KARNATAKA_UTTARAKANNADA,2003,Kharif,0.0847743
Rice,IND_KARNATAKA_UTTARAKANNADA,2003,Rabi,0.04019843
Rice,IND_KARNATAKA_UTTARAKANNADA,2003,Summer,0.0176538
Rice,IND_KARNATAKA_UTTARAKANNADA,2004,Kharif,0.07459474
Rice,IND_KARNATAKA_UTTARAKANNADA,2004,Rabi,0.04710335
Rice,IND_KARNATAKA_UTTARAKANNADA,2004,Summer,0.00682892
Rice,IND_KARNATAKA_UTTARAKANNADA,2005,Kharif,0.07272817
Rice,IND_KARNATAKA_UTTARAKANNADA,2005,Rabi,0.04516732
Rice,IND_KARNATAKA_UTTARAKANNADA,2005,Summer,0.00556495
Rice,IND_KARNATAKA_UTTARAKANNADA,2006,Kharif,0.07294319
Rice,IND_KARNATAKA_UTTARAKANNADA,2006,Rabi,0.04341511
Rice,IND_KARNATAKA_UTTARAKANNADA,2006,Summer,0.00506619
Rice,IND_KARNATAKA_UTTARAKANNADA,2007,Kharif,0.07357537
Rice,IND_KARNATAKA_UTTARAKANNADA,2007,Rabi,0.04734036
Rice,IND_KARNATAKA_UTTARAKANNADA,2007,Summer,0.00525691
Rice,IND_KARNATAKA_UTTARAKANNADA,2008,Kharif,0.06847877
Rice,IND_KARNATAKA_UTTARAKANNADA,2008,Rabi,0.04680103
Rice,IND_KARNATAKA_UTTARAKANNADA,2008,Summer,0.00349438
Rice,IND_KARNATAKA_UTTARAKANNADA,2009,Kharif,0.06932276
Rice,IND_KARNATAKA_UTTARAKANNADA,2009,Rabi,0.04773889
Rice,IND_KARNATAKA_UTTARAKANNADA,2009,Summer,0.00594788
Rice,IND_KARNATAKA_UTTARAKANNADA,2010,Kharif,0.06678892
Rice,IND_KARNATAKA_UTTARAKANNADA,2010,Rabi,0.04096579
Rice,IND_KARNATAKA_UTTARAKANNADA,2010,Summer,0.00432703
Rice,IND_KARNATAKA_UTTARAKANNADA,2011,Kharif,0.06494471
Rice,IND_KARNATAKA_UTTARAKANNADA,2011,Rabi,0.0432719
Rice,IND_KARNATAKA_UTTARAKANNADA,2011,Summer,0.00505049
Rice,IND_KARNATAKA_UTTARAKANNADA,2012,Kharif,0.06820313
Rice,IND_KARNATAKA_UTTARAKANNADA,2012,Rabi,0.03457177
Rice,IND_KARNATAKA_UTTARAKANNADA,2012,Summer,0.00654022
Rice,IND_KARNATAKA_UTTARAKANNADA,2013,Kharif,0.06485874
Rice,IND_KARNATAKA_UTTARAKANNADA,2013,Rabi,0.03733862
Rice,IND_KARNATAKA_UTTARAKANNADA,2013,Summer,0.0049313
Rice,IND_KARNATAKA_UTTARAKANNADA,2014,Kharif,0.06586335
Rice,IND_KARNATAKA_UTTARAKANNADA,2014,Rabi,0.03114604
Rice,IND_KARNATAKA_UTTARAKANNADA,2014,Summer,0.00411976
Rice,IND_KARNATAKA_UTTARAKANNADA,2015,Kharif,0.06681133
Rice,IND_KARNATAKA_UTTARAKANNADA,2015,Rabi,0.04480207
Rice,IND_KARNATAKA_UTTARAKANNADA,2015,Summer,0.00726056
Rice,IND_KARNATAKA_UTTARAKANNADA,2016,Kharif,0.06882832
Rice,IND_KARNATAKA_UTTARAKANNADA,2016,Rabi,0.06411217
Rice,IND_KARNATAKA_UTTARAKANNADA,2016,Summer,0.00854643
Rice,IND_KARNATAKA_UTTARAKANNADA,2017,Kharif,0.08261846
Rice,IND_KARNATAKA_UTTARAKANNADA,2017,Rabi,0.0442319
Rice,IND_KARNATAKA_UTTARAKANNADA,2017,Summer,0.00257182
Rice,IND_KARNATAKA_UTTARAKANNADA,2018,Kharif,0.05028935
Rice,IND_KARNATAKA_UTTARAKANNADA,2018,Rabi,0.11213075
Rice,IND_KARNATAKA_UTTARAKANNADA,2018,Summer,0.00313922
Rice,IND_KARNATAKA_UTTARAKANNADA,2019,Kharif,0.04799878
Rice,IND_KARNATAKA_UTTARAKANNADA,2019,Rabi,0.08237174
Rice,IND_KARNATAKA_UTTARAKANNADA,2019,Summer,0.00199486
Rice,IND_KARNATAKA_VIJAYAPURA,1997,Kharif,0.00043625
Rice,IND_KARNATAKA_VIJAYAPURA,1998,Kharif,0.00036509
Rice,IND_KARNATAKA_VIJAYAPURA,1999,Kharif,0.00033297
Rice,IND_KARNATAKA_VIJAYAPURA,2000,Kharif,0.00030432
Rice,IND_KARNATAKA_VIJAYAPURA,2001,Kharif,3.68e-06
Rice,IND_KARNATAKA_VIJAYAPURA,2002,Kharif,1.456e-05
Rice,IND_KARNATAKA_VIJAYAPURA,2003,Kharif,2.965e-05
Rice,IND_KARNATAKA_VIJAYAPURA,2004,Kharif,2.749e-05
Rice,IND_KARNATAKA_VIJAYAPURA,2004,Rabi,2.28e-05
Rice,IND_KARNATAKA_VIJAYAPURA,2005,Kharif,7.156e-05
Rice,IND_KARNATAKA_VIJAYAPURA,2005,Rabi,0.0003115
Rice,IND_KARNATAKA_VIJAYAPURA,2006,Kharif,3.187e-05
Rice,IND_KARNATAKA_VIJAYAPURA,2006,Rabi,0.00022695
Rice,IND_KARNATAKA_VIJAYAPURA,2007,Kharif,1.902e-05
Rice,IND_KARNATAKA_VIJAYAPURA,2008,Kharif,1.062e-05
Rice,IND_KARNATAKA_VIJAYAPURA,2009,Kharif,2.45e-05
Rice,IND_KARNATAKA_VIJAYAPURA,2010,Kharif,6.287e-05
Rice,IND_KARNATAKA_VIJAYAPURA,2011,Kharif,7.873e-05
Rice,IND_KARNATAKA_VIJAYAPURA,2012,Kharif,9.252e-05
Rice,IND_KARNATAKA_VIJAYAPURA,2013,Kharif,5.024e-05
Rice,IND_KARNATAKA_VIJAYAPURA,2014,Kharif,5e-05
Rice,IND_KARNATAKA_VIJAYAPURA,2015,Kharif,5.22e-05
Rice,IND_KARNATAKA_VIJAYAPURA,2016,Kharif,1.486e-05
Rice,IND_KARNATAKA_VIJAYAPURA,2017,Kharif,4.068e-05
Rice,IND_KARNATAKA_VIJAYAPURA,2018,Kharif,8.774e-05
Rice,IND_KARNATAKA_VIJAYAPURA,2019,Kharif,0.00011202
Rice,IND_KARNATAKA_VIJAYAPURA,2019,Summer,0.00018335
Rice,IND_KARNATAKA_YADAGIRI,2010,Kharif,0.04666503
Rice,IND_KARNATAKA_YADAGIRI,2010,Rabi,0.07082495
Rice,IND_KARNATAKA_YADAGIRI,2010,Summer,0.10984775
Rice,IND_KARNATAKA_YADAGIRI,2011,Kharif,0.04640071
Rice,IND_KARNATAKA_YADAGIRI,2011,Rabi,0.22017966
Rice,IND_KARNATAKA_YADAGIRI,2011,Summer,0.03027157
Rice,IND_KARNATAKA_YADAGIRI,2012,Kharif,0.0463666
Rice,IND_KARNATAKA_YADAGIRI,2012,Rabi,0.15456912
Rice,IND_KARNATAKA_YADAGIRI,2012,Summer,0.03732947
Rice,IND_KARNATAKA_YADAGIRI,2013,Kharif,0.04921501
Rice,IND_KARNATAKA_YADAGIRI,2013,Rabi,0.18473689
Rice,IND_KARNATAKA_YADAGIRI,2013,Summer,0.04130244
Rice,IND_KARNATAKA_YADAGIRI,2014,Kharif,0.05145471
Rice,IND_KARNATAKA_YADAGIRI,2014,Rabi,0.32119095
Rice,IND_KARNATAKA_YADAGIRI,2014,Summer,0.05461291
Rice,IND_KARNATAKA_YADAGIRI,2015,Kharif,0.04390049
Rice,IND_KARNATAKA_YADAGIRI,2015,Rabi,0.05056429
Rice,IND_KARNATAKA_YADAGIRI,2015,Summer,0.04805662
Rice,IND_KARNATAKA_YADAGIRI,2016,Kharif,0.06558212
Rice,IND_KARNATAKA_YADAGIRI,2016,Rabi,0.01616183
Rice,IND_KARNATAKA_YADAGIRI,2016,Summer,0.37825062
Rice,IND_KARNATAKA_YADAGIRI,2017,Kharif,0.07857804
Rice,IND_KARNATAKA_YADAGIRI,2017,Summer,0.21129819
Rice,IND_KARNATAKA_YADAGIRI,2018,Kharif,0.09213447
Rice,IND_KARNATAKA_YADAGIRI,2018,Rabi,0.03181262
Rice,IND_KARNATAKA_YADAGIRI,2018,Summer,0.01100713
Rice,IND_KARNATAKA_YADAGIRI,2019,Kharif,0.09073248
Rice,IND_KARNATAKA_YADAGIRI,2019,Summer,0.1208063
Rice,IND_TAMILNADU_ARIYALUR,2009,Kharif,0.014076
Rice,IND_TAMILNADU_ARIYALUR,2010,Kharif,0.01322908
Rice,IND_TAMILNADU_ARIYALUR,2011,Kharif,0.0126575
Rice,IND_TAMILNADU_ARIYALUR,2012,Kharif,0.0117346
Rice,IND_TAMILNADU_ARIYALUR,2013,Kharif,0.01416038
Rice,IND_TAMILNADU_ARIYALUR,2014,Kharif,0.0128736
Rice,IND_TAMILNADU_ARIYALUR,2015,Kharif,0.01220271
Rice,IND_TAMILNADU_ARIYALUR,2016,Kharif,0.010672
Rice,IND_TAMILNADU_ARIYALUR,2017,Autumn,0.01086481
Rice,IND_TAMILNADU_ARIYALUR,2017,Summer,0.00173742
Rice,IND_TAMILNADU_ARIYALUR,2017,Winter,0.01489974
Rice,IND_TAMILNADU_ARIYALUR,2018,Autumn,0.01057726
Rice,IND_TAMILNADU_ARIYALUR,2018,Summer,0.00308999
Rice,IND_TAMILNADU_ARIYALUR,2018,Winter,0.01585886
Rice,IND_TAMILNADU_ARIYALUR,2019,Autumn,0.01185386
Rice,IND_TAMILNADU_ARIYALUR,2019,Summer,0.00116771
Rice,IND_TAMILNADU_ARIYALUR,2019,Winter,0.01497584
Rice,IND_TAMILNADU_COIMBATORE,1998,Kharif,0.00629987
Rice,IND_TAMILNADU_COIMBATORE,1999,Kharif,0.00765637
Rice,IND_TAMILNADU_COIMBATORE,2000,Kharif,0.00575865
Rice,IND_TAMILNADU_COIMBATORE,2001,Kharif,0.00512069
Rice,IND_TAMILNADU_COIMBATORE,2002,Kharif,0.00433685
Rice,IND_TAMILNADU_COIMBATORE,2003,Kharif,0.00261626
Rice,IND_TAMILNADU_COIMBATORE,2004,Kharif,0.00386529
Rice,IND_TAMILNADU_COIMBATORE,2005,Kharif,0.00361188
Rice,IND_TAMILNADU_COIMBATORE,2006,Kharif,0.00322098
Rice,IND_TAMILNADU_COIMBATORE,2007,Kharif,0.00362123
Rice,IND_TAMILNADU_COIMBATORE,2008,Kharif,0.00135709
Rice,IND_TAMILNADU_COIMBATORE,2009,Kharif,0.00152637
Rice,IND_TAMILNADU_COIMBATORE,2010,Kharif,0.00139894
Rice,IND_TAMILNADU_COIMBATORE,2011,Kharif,0.00138094
Rice,IND_TAMILNADU_COIMBATORE,2012,Kharif,0.00144381
Rice,IND_TAMILNADU_COIMBATORE,2013,Kharif,0.00125049
Rice,IND_TAMILNADU_COIMBATORE,2014,Kharif,0.00120669
Rice,IND_TAMILNADU_COIMBATORE,2015,Kharif,0.00101689
Rice,IND_TAMILNADU_COIMBATORE,2016,Kharif,0.00060436
Rice,IND_TAMILNADU_COIMBATORE,2017,Autumn,4.676e-05
Rice,IND_TAMILNADU_COIMBATORE,2017,Winter,0.00050784
Rice,IND_TAMILNADU_COIMBATORE,2018,Autumn,0.00169909
Rice,IND_TAMILNADU_COIMBATORE,2018,Summer,0.00074717
Rice,IND_TAMILNADU_COIMBATORE,2018,Winter,0.00078618
Rice,IND_TAMILNADU_COIMBATORE,2019,Autumn,5.326e-05
Rice,IND_TAMILNADU_COIMBATORE,2019,Summer,0.00034414
Rice,IND_TAMILNADU_COIMBATORE,2019,Winter,0.00053866
Rice,IND_TAMILNADU_CUDDALORE,1998,Kharif,0.05082344
Rice,IND_TAMILNADU_CUDDALORE,1999,Kharif,0.05800378
Rice,IND_TAMILNADU_CUDDALORE,2000,Kharif,0.05858204
Rice,IND_TAMILNADU_CUDDALORE,2001,Kharif,0.05261234
Rice,IND_TAMILNADU_CUDDALORE,2002,Kharif,0.06748005
Rice,IND_TAMILNADU_CUDDALORE,2003,Kharif,0.07457983
Rice,IND_TAMILNADU_CUDDALORE,2004,Kharif,0.06119055
Rice,IND_TAMILNADU_CUDDALORE,2005,Kharif,0.05573934
Rice,IND_TAMILNADU_CUDDALORE,2006,Kharif,0.05459261
Rice,IND_TAMILNADU_CUDDALORE,2007,Kharif,0.05745569
Rice,IND_TAMILNADU_CUDDALORE,2008,Kharif,0.05686644
Rice,IND_TAMILNADU_CUDDALORE,2009,Kharif,0.06042471
Rice,IND_TAMILNADU_CUDDALORE,2010,Kharif,0.06077212
Rice,IND_TAMILNADU_CUDDALORE,2011,Kharif,0.0635491
Rice,IND_TAMILNADU_CUDDALORE,2012,Kharif,0.07497475
Rice,IND_TAMILNADU_CUDDALORE,2013,Kharif,0.07387309
Rice,IND_TAMILNADU_CUDDALORE,2014,Kharif,0.07502935
Rice,IND_TAMILNADU_CUDDALORE,2015,Kharif,0.06998608
Rice,IND_TAMILNADU_CUDDALORE,2016,Kharif,0.09142102
Rice,IND_TAMILNADU_CUDDALORE,2017,Autumn,0.13552528
Rice,IND_TAMILNADU_CUDDALORE,2017,Summer,0.02682863
Rice,IND_TAMILNADU_CUDDALORE,2017,Winter,0.06978239
Rice,IND_TAMILNADU_CUDDALORE,2018,Autumn,0.12823989
Rice,IND_TAMILNADU_CUDDALORE,2018,Summer,0.02777614
Rice,IND_TAMILNADU_CUDDALORE,2018,Winter,0.07548713
Rice,IND_TAMILNADU_CUDDALORE,2019,Autumn,0.16865119
Rice,IND_TAMILNADU_CUDDALORE,2019,Summer,0.02375721
Rice,IND_TAMILNADU_CUDDALORE,2019,Winter,0.06558313
Rice,IND_TAMILNADU_DHARMAPURI,1998,Kharif,0.02391553
Rice,IND_TAMILNADU_DHARMAPURI,1999,Kharif,0.02743681
Rice,IND_TAMILNADU_DHARMAPURI,2000,Kharif,0.0291519
Rice,IND_TAMILNADU_DHARMAPURI,2001,Kharif,0.02637729
Rice,IND_TAMILNADU_DHARMAPURI,2002,Kharif,0.01988214
Rice,IND_TAMILNADU_DHARMAPURI,2003,Kharif,0.01145383
Rice,IND_TAMILNADU_DHARMAPURI,2004,Kharif,0.00742996
Rice,IND_TAMILNADU_DHARMAPURI,2005,Kharif,0.01415442
Rice,IND_TAMILNADU_DHARMAPURI,2006,Kharif,0.01090506
Rice,IND_TAMILNADU_DHARMAPURI,2007,Kharif,0.01050822
Rice,IND_TAMILNADU_DHARMAPURI,2008,Kharif,0.01074279
Rice,IND_TAMILNADU_DHARMAPURI,2009,Kharif,0.01100483
Rice,IND_TAMILNADU_DHARMAPURI,2010,Kharif,0.01199648
Rice,IND_TAMILNADU_DHARMAPURI,2011,Kharif,0.01421756
Rice,IND_TAMILNADU_DHARMAPURI,2012,Kharif,0.00803803
Rice,IND_TAMILNADU_DHARMAPURI,2013,Kharif,0.01546534
Rice,IND_TAMILNADU_DHARMAPURI,2014,Kharif,0.01019671
Rice,IND_TAMILNADU_DHARMAPURI,2015,Kharif,0.01667273
Rice,IND_TAMILNADU_DHARMAPURI,2016,Kharif,0.00792326
Rice,IND_TAMILNADU_DHARMAPURI,2017,Autumn,0.00726021
Rice,IND_TAMILNADU_DHARMAPURI,2017,Summer,0.01795694
Rice,IND_TAMILNADU_DHARMAPURI,2017,Winter,0.01181474
Rice,IND_TAMILNADU_DHARMAPURI,2018,Autumn,0.00354125
Rice,IND_TAMILNADU_DHARMAPURI,2018,Summer,0.00201778
Rice,IND_TAMILNADU_DHARMAPURI,2018,Winter,0.00200986
Rice,IND_TAMILNADU_DHARMAPURI,2019,Autumn,3.874e-05
Rice,IND_TAMILNADU_DHARMAPURI,2019,Summer,0.00757395
Rice,IND_TAMILNADU_DHARMAPURI,2019,Winter,0.00972154
Rice,IND_TAMILNADU_DINDIGUL,1998,Kharif,0.01143061
Rice,IND_TAMILNADU_DINDIGUL,1999,Kharif,0.01290218
Rice,IND_TAMILNADU_DINDIGUL,2000,Kharif,0.011946
Rice,IND_TAMILNADU_DINDIGUL,2001,Kharif,0.00781891
Rice,IND_TAMILNADU_DINDIGUL,2002,Kharif,0.01013625
Rice,IND_TAMILNADU_DINDIGUL,2003,Kharif,0.00818887
Rice,IND_TAMILNADU_DINDIGUL,2004,Kharif,0.01122958
Rice,IND_TAMILNADU_DINDIGUL,2005,Kharif,0.01157548
Rice,IND_TAMILNADU_DINDIGUL,2006,Kharif,0.00963396
Rice,IND_TAMILNADU_DINDIGUL,2007,Kharif,0.00965587
Rice,IND_TAMILNADU_DINDIGUL,2008,Kharif,0.01035776
Rice,IND_TAMILNADU_DINDIGUL,2009,Kharif,0.00902006
Rice,IND_TAMILNADU_DINDIGUL,2010,Kharif,0.00962835
Rice,IND_TAMILNADU_DINDIGUL,2011,Kharif,0.01006318
Rice,IND_TAMILNADU_DINDIGUL,2012,Kharif,0.00634578
Rice,IND_TAMILNADU_DINDIGUL,2013,Kharif,0.00245345
Rice,IND_TAMILNADU_DINDIGUL,2014,Kharif,0.00672482
Rice,IND_TAMILNADU_DINDIGUL,2015,Kharif,0.00749371
Rice,IND_TAMILNADU_DINDIGUL,2016,Kharif,0.00105486
Rice,IND_TAMILNADU_DINDIGUL,2017,Autumn,0.00045483
Rice,IND_TAMILNADU_DINDIGUL,2017,Summer,0.01263972
Rice,IND_TAMILNADU_DINDIGUL,2017,Winter,0.00394963
Rice,IND_TAMILNADU_DINDIGUL,2018,Autumn,0.00163828
Rice,IND_TAMILNADU_DINDIGUL,2018,Summer,0.02351263
Rice,IND_TAMILNADU_DINDIGUL,2018,Winter,0.00265075
Rice,IND_TAMILNADU_DINDIGUL,2019,Autumn,0.00105077
Rice,IND_TAMILNADU_DINDIGUL,2019,Summer,0.01323309
Rice,IND_TAMILNADU_DINDIGUL,2019,Winter,0.00251618
Rice,IND_TAMILNADU_ERODE,1998,Kharif,0.02823794
Rice,IND_TAMILNADU_ERODE,1999,Kharif,0.02925574
Rice,IND_TAMILNADU_ERODE,2000,Kharif,0.03223801
Rice,IND_TAMILNADU_ERODE,2001,Kharif,0.02450339
Rice,IND_TAMILNADU_ERODE,2002,Kharif,0.011006
Rice,IND_TAMILNADU_ERODE,2003,Kharif,0.0013919
Rice,IND_TAMILNADU_ERODE,2004,Kharif,0.02955273
Rice,IND_TAMILNADU_ERODE,2005,Kharif,0.02123382
Rice,IND_TAMILNADU_ERODE,2006,Kharif,0.01995861
Rice,IND_TAMILNADU_ERODE,2007,Kharif,0.02144011
Rice,IND_TAMILNADU_ERODE,2008,Kharif,0.02007048
Rice,IND_TAMILNADU_ERODE,2009,Kharif,0.0206518
Rice,IND_TAMILNADU_ERODE,2010,Kharif,0.01923624
Rice,IND_TAMILNADU_ERODE,2011,Kharif,0.01771168
Rice,IND_TAMILNADU_ERODE,2012,Kharif,0.00442182
Rice,IND_TAMILNADU_ERODE,2013,Kharif,0.01789909
Rice,IND_TAMILNADU_ERODE,2014,Kharif,0.02071988
Rice,IND_TAMILNADU_ERODE,2015,Kharif,0.01716768
Rice,IND_TAMILNADU_ERODE,2016,Kharif,0.00048169
Rice,IND_TAMILNADU_ERODE,2017,Autumn,0.00025504
Rice,IND_TAMILNADU_ERODE,2017,Summer,0.00626556
Rice,IND_TAMILNADU_ERODE,2017,Winter,0.0068145
Rice,IND_TAMILNADU_ERODE,2018,Autumn,0.00084775
Rice,IND_TAMILNADU_ERODE,2018,Summer,0.03432759
Rice,IND_TAMILNADU_ERODE,2018,Winter,0.02257416
Rice,IND_TAMILNADU_ERODE,2019,Autumn,0.00148173
Rice,IND_TAMILNADU_ERODE,2019,Summer,0.02207476
Rice,IND_TAMILNADU_ERODE,2019,Winter,0.01966208
Rice,IND_TAMILNADU_KANCHIPURAM,1998,Kharif,0.08710656
Rice,IND_TAMILNADU_KANCHIPURAM,1999,Kharif,0.08787974
Rice,IND_TAMILNADU_KANCHIPURAM,2000,Kharif,0.08163224
Rice,IND_TAMILNADU_KANCHIPURAM,2001,Kharif,0.06561554
Rice,IND_TAMILNADU_KANCHIPURAM,2002,Kharif,0.06423846
Rice,IND_TAMILNADU_KANCHIPURAM,2003,Kharif,0.06953562
Rice,IND_TAMILNADU_KANCHIPURAM,2004,Kharif,0.0542892
Rice,IND_TAMILNADU_KANCHIPURAM,2005,Kharif,0.05594856
Rice,IND_TAMILNADU_KANCHIPURAM,2006,Kharif,0.05338467
Rice,IND_TAMILNADU_KANCHIPURAM,2007,Kharif,0.05106055
Rice,IND_TAMILNADU_KANCHIPURAM,2008,Kharif,0.04793011
Rice,IND_TAMILNADU_KANCHIPURAM,2009,Kharif,0.04931855
Rice,IND_TAMILNADU_KANCHIPURAM,2010,Kharif,0.05023755
Rice,IND_TAMILNADU_KANCHIPURAM,2011,Kharif,0.04749466
Rice,IND_TAMILNADU_KANCHIPURAM,2012,Kharif,0.0520895
Rice,IND_TAMILNADU_KANCHIPURAM,2013,Kharif,0.04958134
Rice,IND_TAMILNADU_KANCHIPURAM,2014,Kharif,0.03447427
Rice,IND_TAMILNADU_KANCHIPURAM,2015,Kharif,0.04886382
Rice,IND_TAMILNADU_KANCHIPURAM,2016,Kharif,0.05032918
Rice,IND_TAMILNADU_KANCHIPURAM,2017,Autumn,0.1152154
Rice,IND_TAMILNADU_KANCHIPURAM,2017,Summer,0.08045332
Rice,IND_TAMILNADU_KANCHIPURAM,2017,Winter,0.03133744
Rice,IND_TAMILNADU_KANCHIPURAM,2018,Autumn,0.06030863
Rice,IND_TAMILNADU_KANCHIPURAM,2018,Summer,0.06625748
Rice,IND_TAMILNADU_KANCHIPURAM,2018,Winter,0.03139645
Rice,IND_TAMILNADU_KANCHIPURAM,2019,Autumn,0.04629688
Rice,IND_TAMILNADU_KANCHIPURAM,2019,Summer,0.13717825
Rice,IND_TAMILNADU_KANCHIPURAM,2019,Winter,0.02287638
Rice,IND_TAMILNADU_KANNIYAKUMARI,1998,Kharif,0.0137894
Rice,IND_TAMILNADU_KANNIYAKUMARI,1999,Kharif,0.01427919
Rice,IND_TAMILNADU_KANNIYAKUMARI,2000,Kharif,0.01353116
Rice,IND_TAMILNADU_KANNIYAKUMARI,2001,Kharif,0.01370421
Rice,IND_TAMILNADU_KANNIYAKUMARI,2002,Kharif,0.01717861
Rice,IND_TAMILNADU_KANNIYAKUMARI,2003,Kharif,0.01240109
Rice,IND_TAMILNADU_KANNIYAKUMARI,2004,Kharif,0.01175552
Rice,IND_TAMILNADU_KANNIYAKUMARI,2005,Kharif,0.01058741
Rice,IND_TAMILNADU_KANNIYAKUMARI,2006,Kharif,0.01108317
Rice,IND_TAMILNADU_KANNIYAKUMARI,2007,Kharif,0.01137343
Rice,IND_TAMILNADU_KANNIYAKUMARI,2008,Kharif,0.00959246
Rice,IND_TAMILNADU_KANNIYAKUMARI,2009,Kharif,0.00937768
Rice,IND_TAMILNADU_KANNIYAKUMARI,2010,Kharif,0.00891471
Rice,IND_TAMILNADU_KANNIYAKUMARI,2011,Kharif,0.00872846
Rice,IND_TAMILNADU_KANNIYAKUMARI,2012,Kharif,0.00831193
Rice,IND_TAMILNADU_KANNIYAKUMARI,2013,Kharif,0.00789173
Rice,IND_TAMILNADU_KANNIYAKUMARI,2014,Kharif,0.00734043
Rice,IND_TAMILNADU_KANNIYAKUMARI,2015,Kharif,0.00647781
Rice,IND_TAMILNADU_KANNIYAKUMARI,2016,Kharif,0.00842504
Rice,IND_TAMILNADU_KANNIYAKUMARI,2017,Autumn,0.01361926
Rice,IND_TAMILNADU_KANNIYAKUMARI,2017,Summer,0.00041264
Rice,IND_TAMILNADU_KANNIYAKUMARI,2017,Winter,0.00478996
Rice,IND_TAMILNADU_KANNIYAKUMARI,2018,Autumn,0.02119387
Rice,IND_TAMILNADU_KANNIYAKUMARI,2018,Summer,0.00032504
Rice,IND_TAMILNADU_KANNIYAKUMARI,2018,Winter,0.00494204
Rice,IND_TAMILNADU_KANNIYAKUMARI,2019,Autumn,0.02442438
Rice,IND_TAMILNADU_KANNIYAKUMARI,2019,Summer,0.00014413
Rice,IND_TAMILNADU_KANNIYAKUMARI,2019,Winter,0.00431881
Rice,IND_TAMILNADU_KARUR,1998,Kharif,0.00710736
Rice,IND_TAMILNADU_KARUR,1999,Kharif,0.00783967
Rice,IND_TAMILNADU_KARUR,2000,Kharif,0.00722883
Rice,IND_TAMILNADU_KARUR,2001,Kharif,0.00754365
Rice,IND_TAMILNADU_KARUR,2002,Kharif,0.00846468
Rice,IND_TAMILNADU_KARUR,2003,Kharif,0.00667382
Rice,IND_TAMILNADU_KARUR,2004,Kharif,0.00973558
Rice,IND_TAMILNADU_KARUR,2005,Kharif,0.00897264
Rice,IND_TAMILNADU_KARUR,2006,Kharif,0.00711661
Rice,IND_TAMILNADU_KARUR,2007,Kharif,0.00694903
Rice,IND_TAMILNADU_KARUR,2008,Kharif,0.00824275
Rice,IND_TAMILNADU_KARUR,2009,Kharif,0.00813469
Rice,IND_TAMILNADU_KARUR,2010,Kharif,0.00777027
Rice,IND_TAMILNADU_KARUR,2011,Kharif,0.00897692
Rice,IND_TAMILNADU_KARUR,2012,Kharif,0.00730408
Rice,IND_TAMILNADU_KARUR,2013,Kharif,0.00728098
Rice,IND_TAMILNADU_KARUR,2014,Kharif,0.00749029
Rice,IND_TAMILNADU_KARUR,2015,Kharif,0.0066373
Rice,IND_TAMILNADU_KARUR,2016,Kharif,0.00254498
Rice,IND_TAMILNADU_KARUR,2017,Summer,0.00065877
Rice,IND_TAMILNADU_KARUR,2017,Winter,0.00835852
Rice,IND_TAMILNADU_KARUR,2018,Summer,0.00135926
Rice,IND_TAMILNADU_KARUR,2018,Winter,0.00919005
Rice,IND_TAMILNADU_KARUR,2019,Summer,0.00078828
Rice,IND_TAMILNADU_KARUR,2019,Winter,0.00798212
Rice,IND_TAMILNADU_KRISHNAGIRI,2004,Kharif,0.00940826
Rice,IND_TAMILNADU_KRISHNAGIRI,2005,Kharif,0.01071957
Rice,IND_TAMILNADU_KRISHNAGIRI,2006,Kharif,0.00926273
Rice,IND_TAMILNADU_KRISHNAGIRI,2007,Kharif,0.00837372
Rice,IND_TAMILNADU_KRISHNAGIRI,2008,Kharif,0.00771162
Rice,IND_TAMILNADU_KRISHNAGIRI,2009,Kharif,0.00893499
Rice,IND_TAMILNADU_KRISHNAGIRI,2010,Kharif,0.00857259
Rice,IND_TAMILNADU_KRISHNAGIRI,2011,Kharif,0.01056376
Rice,IND_TAMILNADU_KRISHNAGIRI,2012,Kharif,0.01188863
Rice,IND_TAMILNADU_KRISHNAGIRI,2013,Kharif,0.01721243
Rice,IND_TAMILNADU_KRISHNAGIRI,2014,Kharif,0.01073209
Rice,IND_TAMILNADU_KRISHNAGIRI,2015,Kharif,0.01140129
Rice,IND_TAMILNADU_KRISHNAGIRI,2016,Kharif,0.01108022
Rice,IND_TAMILNADU_KRISHNAGIRI,2017,Autumn,0.00883297
Rice,IND_TAMILNADU_KRISHNAGIRI,2017,Summer,0.03216033
Rice,IND_TAMILNADU_KRISHNAGIRI,2017,Winter,0.01056828
Rice,IND_TAMILNADU_KRISHNAGIRI,2018,Autumn,0.01339953
Rice,IND_TAMILNADU_KRISHNAGIRI,2018,Summer,0.03127981
Rice,IND_TAMILNADU_KRISHNAGIRI,2018,Winter,0.00980023
Rice,IND_TAMILNADU_KRISHNAGIRI,2019,Autumn,0.01414909
Rice,IND_TAMILNADU_KRISHNAGIRI,2019,Summer,0.01949227
Rice,IND_TAMILNADU_KRISHNAGIRI,2019,Winter,0.01030209
Rice,IND_TAMILNADU_MADURAI,1998,Kharif,0.03701728
Rice,IND_TAMILNADU_MADURAI,1999,Kharif,0.0358899
Rice,IND_TAMILNADU_MADURAI,2000,Kharif,0.03379526
Rice,IND_TAMILNADU_MADURAI,2001,Kharif,0.03307526
Rice,IND_TAMILNADU_MADURAI,2002,Kharif,0.02898643
Rice,IND_TAMILNADU_MADURAI,2003,Kharif,0.01713671
Rice,IND_TAMILNADU_MADURAI,2004,Kharif,0.03223371
Rice,IND_TAMILNADU_MADURAI,2005,Kharif,0.03462451
Rice,IND_TAMILNADU_MADURAI,2006,Kharif,0.034809
Rice,IND_TAMILNADU_MADURAI,2007,Kharif,0.03457693
Rice,IND_TAMILNADU_MADURAI,2008,Kharif,0.03517937
Rice,IND_TAMILNADU_MADURAI,2009,Kharif,0.02762641
Rice,IND_TAMILNADU_MADURAI,2010,Kharif,0.03204238
Rice,IND_TAMILNADU_MADURAI,2011,Kharif,0.03447629
Rice,IND_TAMILNADU_MADURAI,2012,Kharif,0.01207011
Rice,IND_TAMILNADU_MADURAI,2013,Kharif,0.02043657
Rice,IND_TAMILNADU_MADURAI,2014,Kharif,0.02658342
Rice,IND_TAMILNADU_MADURAI,2015,Kharif,0.02798853
Rice,IND_TAMILNADU_MADURAI,2016,Kharif,0.00721285
Rice,IND_TAMILNADU_MADURAI,2017,Autumn,0.00307326
Rice,IND_TAMILNADU_MADURAI,2017,Summer,0.01012046
Rice,IND_TAMILNADU_MADURAI,2017,Winter,0.01321529
Rice,IND_TAMILNADU_MADURAI,2018,Autumn,0.00981178
Rice,IND_TAMILNADU_MADURAI,2018,Summer,0.03866286
Rice,IND_TAMILNADU_MADURAI,2018,Winter,0.03035043
Rice,IND_TAMILNADU_MADURAI,2019,Autumn,0.00318621
Rice,IND_TAMILNADU_MADURAI,2019,Summer,0.0226895
Rice,IND_TAMILNADU_MADURAI,2019,Winter,0.02358626
Rice,IND_TAMILNADU_NAGAPATTINAM,1998,Kharif,0.06673193
Rice,IND_TAMILNADU_NAGAPATTINAM,1999,Kharif,0.07367405
Rice,IND_TAMILNADU_NAGAPATTINAM,2000,Kharif,0.07956821
Rice,IND_TAMILNADU_NAGAPATTINAM,2001,Kharif,0.08168688
Rice,IND_TAMILNADU_NAGAPATTINAM,2002,Kharif,0.0908148
Rice,IND_TAMILNADU_NAGAPATTINAM,2003,Kharif,0.09740372
Rice,IND_TAMILNADU_NAGAPATTINAM,2004,Kharif,0.08176912
Rice,IND_TAMILNADU_NAGAPATTINAM,2005,Kharif,0.07710484
Rice,IND_TAMILNADU_NAGAPATTINAM,2006,Kharif,0.08580007
Rice,IND_TAMILNADU_NAGAPATTINAM,2007,Kharif,0.08609579
Rice,IND_TAMILNADU_NAGAPATTINAM,2008,Kharif,0.09010696
Rice,IND_TAMILNADU_NAGAPATTINAM,2009,Kharif,0.08553263
Rice,IND_TAMILNADU_NAGAPATTINAM,2010,Kharif,0.08188428
Rice,IND_TAMILNADU_NAGAPATTINAM,2011,Kharif,0.08931847
Rice,IND_TAMILNADU_NAGAPATTINAM,2012,Kharif,0.09523357
Rice,IND_TAMILNADU_NAGAPATTINAM,2013,Kharif,0.0896722
Rice,IND_TAMILNADU_NAGAPATTINAM,2014,Kharif,0.08885783
Rice,IND_TAMILNADU_NAGAPATTINAM,2015,Kharif,0.08188832
Rice,IND_TAMILNADU_NAGAPATTINAM,2016,Kharif,0.11526703
Rice,IND_TAMILNADU_NAGAPATTINAM,2017,Autumn,0.1482689
Rice,IND_TAMILNADU_NAGAPATTINAM,2017,Summer,0.00110036
Rice,IND_TAMILNADU_NAGAPATTINAM,2017,Winter,0.0976993
Rice,IND_TAMILNADU_NAGAPATTINAM,2018,Autumn,0.13222827
Rice,IND_TAMILNADU_NAGAPATTINAM,2018,Summer,0.00230061
Rice,IND_TAMILNADU_NAGAPATTINAM,2018,Winter,0.10852816
Rice,IND_TAMILNADU_NAGAPATTINAM,2019,Autumn,0.17754158
Rice,IND_TAMILNADU_NAGAPATTINAM,2019,Summer,0.00114124
Rice,IND_TAMILNADU_NAGAPATTINAM,2019,Winter,0.09712653
Rice,IND_TAMILNADU_NAMAKKAL,1998,Kharif,0.01012697
Rice,IND_TAMILNADU_NAMAKKAL,1999,Kharif,0.01030378
Rice,IND_TAMILNADU_NAMAKKAL,2000,Kharif,0.01015263
Rice,IND_TAMILNADU_NAMAKKAL,2001,Kharif,0.01037003
Rice,IND_TAMILNADU_NAMAKKAL,2002,Kharif,0.00622603
Rice,IND_TAMILNADU_NAMAKKAL,2003,Kharif,0.00535495
Rice,IND_TAMILNADU_NAMAKKAL,2004,Kharif,0.00482801
Rice,IND_TAMILNADU_NAMAKKAL,2005,Kharif,0.00918479
Rice,IND_TAMILNADU_NAMAKKAL,2006,Kharif,0.00788134
Rice,IND_TAMILNADU_NAMAKKAL,2007,Kharif,0.0068216
Rice,IND_TAMILNADU_NAMAKKAL,2008,Kharif,0.00733609
Rice,IND_TAMILNADU_NAMAKKAL,2009,Kharif,0.00579068
Rice,IND_TAMILNADU_NAMAKKAL,2010,Kharif,0.00737672
Rice,IND_TAMILNADU_NAMAKKAL,2011,Kharif,0.00426994
Rice,IND_TAMILNADU_NAMAKKAL,2012,Kharif,0.00371331
Rice,IND_TAMILNADU_NAMAKKAL,2013,Kharif,0.00531949
Rice,IND_TAMILNADU_NAMAKKAL,2014,Kharif,0.00580281
Rice,IND_TAMILNADU_NAMAKKAL,2015,Kharif,0.00599086
Rice,IND_TAMILNADU_NAMAKKAL,2016,Kharif,0.00151645
Rice,IND_TAMILNADU_NAMAKKAL,2017,Autumn,0.00264394
Rice,IND_TAMILNADU_NAMAKKAL,2017,Summer,0.00191116
Rice,IND_TAMILNADU_NAMAKKAL,2017,Winter,0.00467686
Rice,IND_TAMILNADU_NAMAKKAL,2018,Autumn,0.01615026
Rice,IND_TAMILNADU_NAMAKKAL,2018,Summer,0.00093291
Rice,IND_TAMILNADU_NAMAKKAL,2018,Winter,0.00240668
Rice,IND_TAMILNADU_NAMAKKAL,2019,Autumn,0.0029441
Rice,IND_TAMILNADU_NAMAKKAL,2019,Summer,0.00247661
Rice,IND_TAMILNADU_NAMAKKAL,2019,Winter,0.00668949
Rice,IND_TAMILNADU_PERAMBALUR,1998,Kharif,0.02003605
Rice,IND_TAMILNADU_PERAMBALUR,1999,Kharif,0.02058759
Rice,IND_TAMILNADU_PERAMBALUR,2000,Kharif,0.02081677
Rice,IND_TAMILNADU_PERAMBALUR,2001,Kharif,0.02365868
Rice,IND_TAMILNADU_PERAMBALUR,2002,Kharif,0.02365851
Rice,IND_TAMILNADU_PERAMBALUR,2003,Kharif,0.02604946
Rice,IND_TAMILNADU_PERAMBALUR,2004,Kharif,0.0247936
Rice,IND_TAMILNADU_PERAMBALUR,2005,Kharif,0.02241064
Rice,IND_TAMILNADU_PERAMBALUR,2006,Kharif,0.02170967
Rice,IND_TAMILNADU_PERAMBALUR,2007,Kharif,0.02130653
Rice,IND_TAMILNADU_PERAMBALUR,2008,Kharif,0.00653966
Rice,IND_TAMILNADU_PERAMBALUR,2009,Kharif,0.00655034
Rice,IND_TAMILNADU_PERAMBALUR,2010,Kharif,0.00747484
Rice,IND_TAMILNADU_PERAMBALUR,2011,Kharif,0.00688055
Rice,IND_TAMILNADU_PERAMBALUR,2012,Kharif,0.00488791
Rice,IND_TAMILNADU_PERAMBALUR,2013,Kharif,0.00415766
Rice,IND_TAMILNADU_PERAMBALUR,2014,Kharif,0.00501061
Rice,IND_TAMILNADU_PERAMBALUR,2015,Kharif,0.00704375
Rice,IND_TAMILNADU_PERAMBALUR,2016,Kharif,0.00230032
Rice,IND_TAMILNADU_PERAMBALUR,2017,Autumn,0.00138998
Rice,IND_TAMILNADU_PERAMBALUR,2017,Summer,0.00542581
Rice,IND_TAMILNADU_PERAMBALUR,2017,Winter,0.0056227
Rice,IND_TAMILNADU_PERAMBALUR,2018,Autumn,0.00031836
Rice,IND_TAMILNADU_PERAMBALUR,2018,Summer,0.00409466
Rice,IND_TAMILNADU_PERAMBALUR,2018,Winter,0.00129009
Rice,IND_TAMILNADU_PERAMBALUR,2019,Autumn,0.00029054
Rice,IND_TAMILNADU_PERAMBALUR,2019,Summer,0.00703569
Rice,IND_TAMILNADU_PERAMBALUR,2019,Winter,0.00272635
Rice,IND_TAMILNADU_PUDUKKOTTAI,1998,Kharif,0.04492082
Rice,IND_TAMILNADU_PUDUKKOTTAI,1999,Kharif,0.04629985
Rice,IND_TAMILNADU_PUDUKKOTTAI,2000,Kharif,0.04603557
Rice,IND_TAMILNADU_PUDUKKOTTAI,2001,Kharif,0.04053638
Rice,IND_TAMILNADU_PUDUKKOTTAI,2002,Kharif,0.05040629
Rice,IND_TAMILNADU_PUDUKKOTTAI,2003,Kharif,0.05711377
Rice,IND_TAMILNADU_PUDUKKOTTAI,2004,Kharif,0.05020872
Rice,IND_TAMILNADU_PUDUKKOTTAI,2005,Kharif,0.04681205
Rice,IND_TAMILNADU_PUDUKKOTTAI,2006,Kharif,0.04834066
Rice,IND_TAMILNADU_PUDUKKOTTAI,2007,Kharif,0.0495565
Rice,IND_TAMILNADU_PUDUKKOTTAI,2008,Kharif,0.05083733
Rice,IND_TAMILNADU_PUDUKKOTTAI,2009,Kharif,0.05163872
Rice,IND_TAMILNADU_PUDUKKOTTAI,2010,Kharif,0.04874835
Rice,IND_TAMILNADU_PUDUKKOTTAI,2011,Kharif,0.04863503
Rice,IND_TAMILNADU_PUDUKKOTTAI,2012,Kharif,0.05597425
Rice,IND_TAMILNADU_PUDUKKOTTAI,2013,Kharif,0.04209929
Rice,IND_TAMILNADU_PUDUKKOTTAI,2014,Kharif,0.03745868
Rice,IND_TAMILNADU_PUDUKKOTTAI,2015,Kharif,0.0368086
Rice,IND_TAMILNADU_PUDUKKOTTAI,2016,Kharif,0.04792073
Rice,IND_TAMILNADU_PUDUKKOTTAI,2017,Autumn,0.01127287
Rice,IND_TAMILNADU_PUDUKKOTTAI,2017,Summer,0.00586017
Rice,IND_TAMILNADU_PUDUKKOTTAI,2017,Winter,0.06179887
Rice,IND_TAMILNADU_PUDUKKOTTAI,2018,Autumn,0.01099219
Rice,IND_TAMILNADU_PUDUKKOTTAI,2018,Summer,0.0204353
Rice,IND_TAMILNADU_PUDUKKOTTAI,2018,Winter,0.05563096
Rice,IND_TAMILNADU_PUDUKKOTTAI,2019,Autumn,0.0197177
Rice,IND_TAMILNADU_PUDUKKOTTAI,2019,Summer,0.01128004
Rice,IND_TAMILNADU_PUDUKKOTTAI,2019,Winter,0.05871728
Rice,IND_TAMILNADU_RAMANATHAPURAM,1998,Kharif,0.05736761
Rice,IND_TAMILNADU_RAMANATHAPURAM,1999,Kharif,0.0583182
Rice,IND_TAMILNADU_RAMANATHAPURAM,2000,Kharif,0.05836769
Rice,IND_TAMILNADU_RAMANATHAPURAM,2001,Kharif,0.06044873
Rice,IND_TAMILNADU_RAMANATHAPURAM,2002,Kharif,0.08318425
Rice,IND_TAMILNADU_RAMANATHAPURAM,2003,Kharif,0.08665801
Rice,IND_TAMILNADU_RAMANATHAPURAM,2004,Kharif,0.06760226
Rice,IND_TAMILNADU_RAMANATHAPURAM,2005,Kharif,0.06213011
Rice,IND_TAMILNADU_RAMANATHAPURAM,2006,Kharif,0.06752729
Rice,IND_TAMILNADU_RAMANATHAPURAM,2007,Kharif,0.06917789
Rice,IND_TAMILNADU_RAMANATHAPURAM,2008,Kharif,0.06793096
Rice,IND_TAMILNADU_RAMANATHAPURAM,2009,Kharif,0.07254465
Rice,IND_TAMILNADU_RAMANATHAPURAM,2010,Kharif,0.06894853
Rice,IND_TAMILNADU_RAMANATHAPURAM,2011,Kharif,0.0677392
Rice,IND_TAMILNADU_RAMANATHAPURAM,2012,Kharif,0.07801974
Rice,IND_TAMILNADU_RAMANATHAPURAM,2013,Kharif,0.06662746
Rice,IND_TAMILNADU_RAMANATHAPURAM,2014,Kharif,0.06510729
Rice,IND_TAMILNADU_RAMANATHAPURAM,2015,Kharif,0.05828482
Rice,IND_TAMILNADU_RAMANATHAPURAM,2016,Kharif,0.08445075
Rice,IND_TAMILNADU_RAMANATHAPURAM,2017,Winter,0.09613554
Rice,IND_TAMILNADU_RAMANATHAPURAM,2018,Winter,0.10428429
Rice,IND_TAMILNADU_RAMANATHAPURAM,2019,Winter,0.09353964
Rice,IND_TAMILNADU_SALEM,1998,Kharif,0.0202816
Rice,IND_TAMILNADU_SALEM,1999,Kharif,0.02080855
Rice,IND_TAMILNADU_SALEM,2000,Kharif,0.02174752
Rice,IND_TAMILNADU_SALEM,2001,Kharif,0.02244453
Rice,IND_TAMILNADU_SALEM,2002,Kharif,0.00729161
Rice,IND_TAMILNADU_SALEM,2003,Kharif,0.00972684
Rice,IND_TAMILNADU_SALEM,2004,Kharif,0.01457907
Rice,IND_TAMILNADU_SALEM,2005,Kharif,0.01820474
Rice,IND_TAMILNADU_SALEM,2006,Kharif,0.0142296
Rice,IND_TAMILNADU_SALEM,2007,Kharif,0.01213468
Rice,IND_TAMILNADU_SALEM,2008,Kharif,0.0157856
Rice,IND_TAMILNADU_SALEM,2009,Kharif,0.01321122
Rice,IND_TAMILNADU_SALEM,2010,Kharif,0.01747156
Rice,IND_TAMILNADU_SALEM,2011,Kharif,0.0145737
Rice,IND_TAMILNADU_SALEM,2012,Kharif,0.00865814
Rice,IND_TAMILNADU_SALEM,2013,Kharif,0.01167506
Rice,IND_TAMILNADU_SALEM,2014,Kharif,0.0107761
Rice,IND_TAMILNADU_SALEM,2015,Kharif,0.01235569
Rice,IND_TAMILNADU_SALEM,2016,Kharif,0.00348202
Rice,IND_TAMILNADU_SALEM,2017,Autumn,0.00154301
Rice,IND_TAMILNADU_SALEM,2017,Summer,0.0152748
Rice,IND_TAMILNADU_SALEM,2017,Winter,0.0107034
Rice,IND_TAMILNADU_SALEM,2018,Autumn,0.00147373
Rice,IND_TAMILNADU_SALEM,2018,Summer,0.00211909
Rice,IND_TAMILNADU_SALEM,2018,Winter,0.00733793
Rice,IND_TAMILNADU_SALEM,2019,Autumn,0.00142847
Rice,IND_TAMILNADU_SALEM,2019,Summer,0.01221833
Rice,IND_TAMILNADU_SALEM,2019,Winter,0.01112661
Rice,IND_TAMILNADU_SIVAGANGA,1998,Kharif,0.0369121
Rice,IND_TAMILNADU_SIVAGANGA,1999,Kharif,0.03800783
Rice,IND_TAMILNADU_SIVAGANGA,2000,Kharif,0.03818971
Rice,IND_TAMILNADU_SIVAGANGA,2001,Kharif,0.03750028
Rice,IND_TAMILNADU_SIVAGANGA,2002,Kharif,0.05258296
Rice,IND_TAMILNADU_SIVAGANGA,2003,Kharif,0.05151967
Rice,IND_TAMILNADU_SIVAGANGA,2004,Kharif,0.04546134
Rice,IND_TAMILNADU_SIVAGANGA,2005,Kharif,0.04385563
Rice,IND_TAMILNADU_SIVAGANGA,2006,Kharif,0.04213789
Rice,IND_TAMILNADU_SIVAGANGA,2007,Kharif,0.04288748
Rice,IND_TAMILNADU_SIVAGANGA,2008,Kharif,0.04263414
Rice,IND_TAMILNADU_SIVAGANGA,2009,Kharif,0.0419018
Rice,IND_TAMILNADU_SIVAGANGA,2010,Kharif,0.04403938
Rice,IND_TAMILNADU_SIVAGANGA,2011,Kharif,0.0440079
Rice,IND_TAMILNADU_SIVAGANGA,2012,Kharif,0.04730003
Rice,IND_TAMILNADU_SIVAGANGA,2013,Kharif,0.03792424
Rice,IND_TAMILNADU_SIVAGANGA,2014,Kharif,0.03626035
Rice,IND_TAMILNADU_SIVAGANGA,2015,Kharif,0.03359994
Rice,IND_TAMILNADU_SIVAGANGA,2016,Kharif,0.04519348
Rice,IND_TAMILNADU_SIVAGANGA,2017,Autumn,0.00017853
Rice,IND_TAMILNADU_SIVAGANGA,2017,Summer,0.00047055
Rice,IND_TAMILNADU_SIVAGANGA,2017,Winter,0.05463898
Rice,IND_TAMILNADU_SIVAGANGA,2018,Autumn,7.154e-05
Rice,IND_TAMILNADU_SIVAGANGA,2018,Summer,0.00201356
Rice,IND_TAMILNADU_SIVAGANGA,2018,Winter,0.05229697
Rice,IND_TAMILNADU_SIVAGANGA,2019,Autumn,0.00063434
Rice,IND_TAMILNADU_SIVAGANGA,2019,Summer,0.00240308
Rice,IND_TAMILNADU_SIVAGANGA,2019,Winter,0.05101661
Rice,IND_TAMILNADU_THANJAVUR,1998,Kharif,0.08156725
Rice,IND_TAMILNADU_THANJAVUR,1999,Kharif,0.08578496
Rice,IND_TAMILNADU_THANJAVUR,2000,Kharif,0.09313013
Rice,IND_TAMILNADU_THANJAVUR,2001,Kharif,0.09328756
Rice,IND_TAMILNADU_THANJAVUR,2002,Kharif,0.09177884
Rice,IND_TAMILNADU_THANJAVUR,2003,Kharif,0.0882776
Rice,IND_TAMILNADU_THANJAVUR,2004,Kharif,0.08575722
Rice,IND_TAMILNADU_THANJAVUR,2005,Kharif,0.0755447
Rice,IND_TAMILNADU_THANJAVUR,2006,Kharif,0.08503845
Rice,IND_TAMILNADU_THANJAVUR,2007,Kharif,0.08396519
Rice,IND_TAMILNADU_THANJAVUR,2008,Kharif,0.09340554
Rice,IND_TAMILNADU_THANJAVUR,2009,Kharif,0.08828682
Rice,IND_TAMILNADU_THANJAVUR,2010,Kharif,0.08721558
Rice,IND_TAMILNADU_THANJAVUR,2011,Kharif,0.09500035
Rice,IND_TAMILNADU_THANJAVUR,2012,Kharif,0.09841382
Rice,IND_TAMILNADU_THANJAVUR,2013,Kharif,0.09693811
Rice,IND_TAMILNADU_THANJAVUR,2014,Kharif,0.09902891
Rice,IND_TAMILNADU_THANJAVUR,2015,Kharif,0.0887036
Rice,IND_TAMILNADU_THANJAVUR,2016,Kharif,0.10201609
Rice,IND_TAMILNADU_THANJAVUR,2017,Autumn,0.14191409
Rice,IND_TAMILNADU_THANJAVUR,2017,Summer,0.04900243
Rice,IND_TAMILNADU_THANJAVUR,2017,Winter,0.0939569
Rice,IND_TAMILNADU_THANJAVUR,2018,Autumn,0.14987731
Rice,IND_TAMILNADU_THANJAVUR,2018,Summer,0.06528658
Rice,IND_TAMILNADU_THANJAVUR,2018,Winter,0.10644441
Rice,IND_TAMILNADU_THANJAVUR,2019,Autumn,0.17957533
Rice,IND_TAMILNADU_THANJAVUR,2019,Summer,0.05895624
Rice,IND_TAMILNADU_THANJAVUR,2019,Winter,0.09928189
Rice,IND_TAMILNADU_THENILGIRIS,1998,Kharif,0.00109412
Rice,IND_TAMILNADU_THENILGIRIS,1999,Kharif,0.00083029
Rice,IND_TAMILNADU_THENILGIRIS,2000,Kharif,0.00099369
Rice,IND_TAMILNADU_THENILGIRIS,2001,Kharif,0.00104569
Rice,IND_TAMILNADU_THENILGIRIS,2002,Kharif,0.00121857
Rice,IND_TAMILNADU_THENILGIRIS,2003,Kharif,0.00117066
Rice,IND_TAMILNADU_THENILGIRIS,2004,Kharif,0.0007705
Rice,IND_TAMILNADU_THENILGIRIS,2005,Kharif,0.00069741
Rice,IND_TAMILNADU_THENILGIRIS,2006,Kharif,0.00064668
Rice,IND_TAMILNADU_THENILGIRIS,2007,Kharif,0.0006204
Rice,IND_TAMILNADU_THENILGIRIS,2008,Kharif,0.00040876
Rice,IND_TAMILNADU_THENILGIRIS,2009,Kharif,0.0002758
Rice,IND_TAMILNADU_THENILGIRIS,2010,Kharif,0.0002057
Rice,IND_TAMILNADU_THENILGIRIS,2011,Kharif,0.00020958
Rice,IND_TAMILNADU_THENILGIRIS,2012,Kharif,0.00019353
Rice,IND_TAMILNADU_THENILGIRIS,2013,Kharif,0.00019006
Rice,IND_TAMILNADU_THENILGIRIS,2014,Kharif,1.783e-05
Rice,IND_TAMILNADU_THENILGIRIS,2015,Kharif,0.00015898
Rice,IND_TAMILNADU_THENILGIRIS,2016,Kharif,0.00016842
Rice,IND_TAMILNADU_THENILGIRIS,2017,Autumn,0.00101592
Rice,IND_TAMILNADU_THENILGIRIS,2018,Autumn,0.00074044
Rice,IND_TAMILNADU_THENILGIRIS,2019,Autumn,0.00082318
Rice,IND_TAMILNADU_THENI,1998,Kharif,0.00911289
Rice,IND_TAMILNADU_THENI,1999,Kharif,0.00939454
Rice,IND_TAMILNADU_THENI,2000,Kharif,0.00988244
Rice,IND_TAMILNADU_THENI,2001,Kharif,0.00845778
Rice,IND_TAMILNADU_THENI,2002,Kharif,0.00908847
Rice,IND_TAMILNADU_THENI,2003,Kharif,0.01018723
Rice,IND_TAMILNADU_THENI,2004,Kharif,0.00888232
Rice,IND_TAMILNADU_THENI,2005,Kharif,0.00765391
Rice,IND_TAMILNADU_THENI,2006,Kharif,0.00772239
Rice,IND_TAMILNADU_THENI,2007,Kharif,0.00804842
Rice,IND_TAMILNADU_THENI,2008,Kharif,0.00821691
Rice,IND_TAMILNADU_THENI,2009,Kharif,0.00832867
Rice,IND_TAMILNADU_THENI,2010,Kharif,0.0080573
Rice,IND_TAMILNADU_THENI,2011,Kharif,0.0077399
Rice,IND_TAMILNADU_THENI,2012,Kharif,0.00691165
Rice,IND_TAMILNADU_THENI,2013,Kharif,0.00724273
Rice,IND_TAMILNADU_THENI,2014,Kharif,0.00771146
Rice,IND_TAMILNADU_THENI,2015,Kharif,0.00731472
Rice,IND_TAMILNADU_THENI,2016,Kharif,0.00430401
Rice,IND_TAMILNADU_THENI,2017,Autumn,0.00626979
Rice,IND_TAMILNADU_THENI,2017,Summer,0.0011257
Rice,IND_TAMILNADU_THENI,2017,Winter,0.00399973
Rice,IND_TAMILNADU_THENI,2018,Autumn,0.0144476
Rice,IND_TAMILNADU_THENI,2018,Summer,0.0160156
Rice,IND_TAMILNADU_THENI,2018,Winter,0.00470544
Rice,IND_TAMILNADU_THENI,2019,Autumn,0.00310389
Rice,IND_TAMILNADU_THENI,2019,Summer,0.00491498
Rice,IND_TAMILNADU_THENI,2019,Winter,0.00486334
Rice,IND_TAMILNADU_THIRUVALLUR,1998,Kharif,0.05896038
Rice,IND_TAMILNADU_THIRUVALLUR,1999,Kharif,0.05685952
Rice,IND_TAMILNADU_THIRUVALLUR,2000,Kharif,0.04403069
Rice,IND_TAMILNADU_THIRUVALLUR,2001,Kharif,0.04583864
Rice,IND_TAMILNADU_THIRUVALLUR,2002,Kharif,0.05786736
Rice,IND_TAMILNADU_THIRUVALLUR,2003,Kharif,0.05365836
Rice,IND_TAMILNADU_THIRUVALLUR,2004,Kharif,0.03563286
Rice,IND_TAMILNADU_THIRUVALLUR,2005,Kharif,0.04730365
Rice,IND_TAMILNADU_THIRUVALLUR,2006,Kharif,0.04642598
Rice,IND_TAMILNADU_THIRUVALLUR,2007,Kharif,0.04399358
Rice,IND_TAMILNADU_THIRUVALLUR,2008,Kharif,0.04337624
Rice,IND_TAMILNADU_THIRUVALLUR,2009,Kharif,0.04385786
Rice,IND_TAMILNADU_THIRUVALLUR,2010,Kharif,0.04366787
Rice,IND_TAMILNADU_THIRUVALLUR,2011,Kharif,0.0416116
Rice,IND_TAMILNADU_THIRUVALLUR,2012,Kharif,0.05245983
Rice,IND_TAMILNADU_THIRUVALLUR,2013,Kharif,0.05552839
Rice,IND_TAMILNADU_THIRUVALLUR,2014,Kharif,0.05367604
Rice,IND_TAMILNADU_THIRUVALLUR,2015,Kharif,0.05069263
Rice,IND_TAMILNADU_THIRUVALLUR,2016,Kharif,0.0672056
Rice,IND_TAMILNADU_THIRUVALLUR,2017,Autumn,0.10559606
Rice,IND_TAMILNADU_THIRUVALLUR,2017,Summer,0.0896544
Rice,IND_TAMILNADU_THIRUVALLUR,2017,Winter,0.04023113
Rice,IND_TAMILNADU_THIRUVALLUR,2018,Autumn,0.08793398
Rice,IND_TAMILNADU_THIRUVALLUR,2018,Summer,0.0690351
Rice,IND_TAMILNADU_THIRUVALLUR,2018,Winter,0.03979534
Rice,IND_TAMILNADU_THIRUVALLUR,2019,Autumn,0.08859889
Rice,IND_TAMILNADU_THIRUVALLUR,2019,Summer,0.07866616
Rice,IND_TAMILNADU_THIRUVALLUR,2019,Winter,0.03789484
Rice,IND_TAMILNADU_THIRUVARUR,1998,Kharif,0.07502601
Rice,IND_TAMILNADU_THIRUVARUR,1999,Kharif,0.07408602
Rice,IND_TAMILNADU_THIRUVARUR,2000,Kharif,0.08582559
Rice,IND_TAMILNADU_THIRUVARUR,2001,Kharif,0.08482153
Rice,IND_TAMILNADU_THIRUVARUR,2002,Kharif,0.08641728
Rice,IND_TAMILNADU_THIRUVARUR,2003,Kharif,0.08694871
Rice,IND_TAMILNADU_THIRUVARUR,2004,Kharif,0.07934977
Rice,IND_TAMILNADU_THIRUVARUR,2005,Kharif,0.07612847
Rice,IND_TAMILNADU_THIRUVARUR,2006,Kharif,0.09159173
Rice,IND_TAMILNADU_THIRUVARUR,2007,Kharif,0.08474824
Rice,IND_TAMILNADU_THIRUVARUR,2008,Kharif,0.09390449
Rice,IND_TAMILNADU_THIRUVARUR,2009,Kharif,0.09008248
Rice,IND_TAMILNADU_THIRUVARUR,2010,Kharif,0.08408187
Rice,IND_TAMILNADU_THIRUVARUR,2011,Kharif,0.09786203
Rice,IND_TAMILNADU_THIRUVARUR,2012,Kharif,0.10641301
Rice,IND_TAMILNADU_THIRUVARUR,2013,Kharif,0.10103898
Rice,IND_TAMILNADU_THIRUVARUR,2014,Kharif,0.10730694
Rice,IND_TAMILNADU_THIRUVARUR,2015,Kharif,0.09736118
Rice,IND_TAMILNADU_THIRUVARUR,2016,Kharif,0.1295763
Rice,IND_TAMILNADU_THIRUVARUR,2017,Autumn,0.09998087
Rice,IND_TAMILNADU_THIRUVARUR,2017,Summer,0.03635186
Rice,IND_TAMILNADU_THIRUVARUR,2017,Winter,0.11191888
Rice,IND_TAMILNADU_THIRUVARUR,2018,Autumn,0.10160179
Rice,IND_TAMILNADU_THIRUVARUR,2018,Summer,0.04206945
Rice,IND_TAMILNADU_THIRUVARUR,2018,Winter,0.12480792
Rice,IND_TAMILNADU_THIRUVARUR,2019,Autumn,0.10984674
Rice,IND_TAMILNADU_THIRUVARUR,2019,Summer,0.02864278
Rice,IND_TAMILNADU_THIRUVARUR,2019,Winter,0.10911072
Rice,IND_TAMILNADU_TIRUCHIRAPPALLI,1998,Kharif,0.02960905
Rice,IND_TAMILNADU_TIRUCHIRAPPALLI,1999,Kharif,0.03431689
Rice,IND_TAMILNADU_TIRUCHIRAPPALLI,2000,Kharif,0.03297949
Rice,IND_TAMILNADU_TIRUCHIRAPPALLI,2001,Kharif,0.03510742
Rice,IND_TAMILNADU_TIRUCHIRAPPALLI,2002,Kharif,0.03412116
Rice,IND_TAMILNADU_TIRUCHIRAPPALLI,2003,Kharif,0.03073638
Rice,IND_TAMILNADU_TIRUCHIRAPPALLI,2004,Kharif,0.03320017
Rice,IND_TAMILNADU_TIRUCHIRAPPALLI,2005,Kharif,0.03880895
Rice,IND_TAMILNADU_TIRUCHIRAPPALLI,2006,Kharif,0.03713478
Rice,IND_TAMILNADU_TIRUCHIRAPPALLI,2007,Kharif,0.03425555
Rice,IND_TAMILNADU_TIRUCHIRAPPALLI,2008,Kharif,0.03825484
Rice,IND_TAMILNADU_TIRUCHIRAPPALLI,2009,Kharif,0.03483834
Rice,IND_TAMILNADU_TIRUCHIRAPPALLI,2010,Kharif,0.03524379
Rice,IND_TAMILNADU_TIRUCHIRAPPALLI,2011,Kharif,0.03358543
Rice,IND_TAMILNADU_TIRUCHIRAPPALLI,2012,Kharif,0.0302938
Rice,IND_TAMILNADU_TIRUCHIRAPPALLI,2013,Kharif,0.02784329
Rice,IND_TAMILNADU_TIRUCHIRAPPALLI,2014,Kharif,0.02856393
Rice,IND_TAMILNADU_TIRUCHIRAPPALLI,2015,Kharif,0.0292824
Rice,IND_TAMILNADU_TIRUCHIRAPPALLI,2016,Kharif,0.01876021
Rice,IND_TAMILNADU_TIRUCHIRAPPALLI,2017,Autumn,0.01467769
Rice,IND_TAMILNADU_TIRUCHIRAPPALLI,2017,Summer,0.00974764
Rice,IND_TAMILNADU_TIRUCHIRAPPALLI,2017,Winter,0.03072636
Rice,IND_TAMILNADU_TIRUCHIRAPPALLI,2018,Autumn,0.01468368
Rice,IND_TAMILNADU_TIRUCHIRAPPALLI,2018,Summer,0.00702424
Rice,IND_TAMILNADU_TIRUCHIRAPPALLI,2018,Winter,0.03195516
Rice,IND_TAMILNADU_TIRUCHIRAPPALLI,2019,Autumn,0.01705445
Rice,IND_TAMILNADU_TIRUCHIRAPPALLI,2019,Summer,0.00873578
Rice,IND_TAMILNADU_TIRUCHIRAPPALLI,2019,Winter,0.03169551
Rice,IND_TAMILNADU_TIRUNELVELI,1998,Kharif,0.04008341
Rice,IND_TAMILNADU_TIRUNELVELI,1999,Kharif,0.04055269
Rice,IND_TAMILNADU_TIRUNELVELI,2000,Kharif,0.03599793
Rice,IND_TAMILNADU_TIRUNELVELI,2001,Kharif,0.03494527
Rice,IND_TAMILNADU_TIRUNELVELI,2002,Kharif,0.04365538
Rice,IND_TAMILNADU_TIRUNELVELI,2003,Kharif,0.0375713
Rice,IND_TAMILNADU_TIRUNELVELI,2004,Kharif,0.04636426
Rice,IND_TAMILNADU_TIRUNELVELI,2005,Kharif,0.04213553
Rice,IND_TAMILNADU_TIRUNELVELI,2006,Kharif,0.04757385
Rice,IND_TAMILNADU_TIRUNELVELI,2007,Kharif,0.04678762
Rice,IND_TAMILNADU_TIRUNELVELI,2008,Kharif,0.04816534
Rice,IND_TAMILNADU_TIRUNELVELI,2009,Kharif,0.04659525
Rice,IND_TAMILNADU_TIRUNELVELI,2010,Kharif,0.04185492
Rice,IND_TAMILNADU_TIRUNELVELI,2011,Kharif,0.0455543
Rice,IND_TAMILNADU_TIRUNELVELI,2012,Kharif,0.03040362
Rice,IND_TAMILNADU_TIRUNELVELI,2013,Kharif,0.03608965
Rice,IND_TAMILNADU_TIRUNELVELI,2014,Kharif,0.04725595
Rice,IND_TAMILNADU_TIRUNELVELI,2015,Kharif,0.04924778
Rice,IND_TAMILNADU_TIRUNELVELI,2016,Kharif,0.02070984
Rice,IND_TAMILNADU_TIRUNELVELI,2017,Autumn,0.00737498
Rice,IND_TAMILNADU_TIRUNELVELI,2017,Summer,0.09128323
Rice,IND_TAMILNADU_TIRUNELVELI,2017,Winter,0.0275996
Rice,IND_TAMILNADU_TIRUNELVELI,2018,Autumn,0.05133387
Rice,IND_TAMILNADU_TIRUNELVELI,2018,Summer,0.13117681
Rice,IND_TAMILNADU_TIRUNELVELI,2018,Winter,0.03117894
Rice,IND_TAMILNADU_TIRUNELVELI,2019,Autumn,0.01111784
Rice,IND_TAMILNADU_TIRUNELVELI,2019,Summer,0.09934673
Rice,IND_TAMILNADU_TIRUNELVELI,2019,Winter,0.03169992
Rice,IND_TAMILNADU_TIRUPPUR,2009,Kharif,0.00647936
Rice,IND_TAMILNADU_TIRUPPUR,2010,Kharif,0.00619029
Rice,IND_TAMILNADU_TIRUPPUR,2011,Kharif,0.0055742
Rice,IND_TAMILNADU_TIRUPPUR,2012,Kharif,0.00016407
Rice,IND_TAMILNADU_TIRUPPUR,2013,Kharif,0.00435236
Rice,IND_TAMILNADU_TIRUPPUR,2014,Kharif,0.00600337
Rice,IND_TAMILNADU_TIRUPPUR,2015,Kharif,0.00532194
Rice,IND_TAMILNADU_TIRUPPUR,2016,Kharif,0.00118031
Rice,IND_TAMILNADU_TIRUPPUR,2017,Summer,0.00257717
Rice,IND_TAMILNADU_TIRUPPUR,2017,Winter,0.00524163
Rice,IND_TAMILNADU_TIRUPPUR,2018,Summer,0.0029127
Rice,IND_TAMILNADU_TIRUPPUR,2018,Winter,0.00806683
Rice,IND_TAMILNADU_TIRUPPUR,2019,Summer,0.00195305
Rice,IND_TAMILNADU_TIRUPPUR,2019,Winter,0.00674975
Rice,IND_TAMILNADU_TIRUVANNAMALAI,1998,Kharif,0.06033777
Rice,IND_TAMILNADU_TIRUVANNAMALAI,1999,Kharif,0.03973511
Rice,IND_TAMILNADU_TIRUVANNAMALAI,2000,Kharif,0.03867473
Rice,IND_TAMILNADU_TIRUVANNAMALAI,2001,Kharif,0.05956081
Rice,IND_TAMILNADU_TIRUVANNAMALAI,2002,Kharif,0.02892907
Rice,IND_TAMILNADU_TIRUVANNAMALAI,2003,Kharif,0.05063684
Rice,IND_TAMILNADU_TIRUVANNAMALAI,2004,Kharif,0.06237646
Rice,IND_TAMILNADU_TIRUVANNAMALAI,2005,Kharif,0.06961577
Rice,IND_TAMILNADU_TIRUVANNAMALAI,2006,Kharif,0.05770901
Rice,IND_TAMILNADU_TIRUVANNAMALAI,2007,Kharif,0.06268158
Rice,IND_TAMILNADU_TIRUVANNAMALAI,2008,Kharif,0.05373822
Rice,IND_TAMILNADU_TIRUVANNAMALAI,2009,Kharif,0.05698942
Rice,IND_TAMILNADU_TIRUVANNAMALAI,2010,Kharif,0.06584892
Rice,IND_TAMILNADU_TIRUVANNAMALAI,2011,Kharif,0.05458847
Rice,IND_TAMILNADU_TIRUVANNAMALAI,2012,Kharif,0.06145816
Rice,IND_TAMILNADU_TIRUVANNAMALAI,2013,Kharif,0.04787829
Rice,IND_TAMILNADU_TIRUVANNAMALAI,2014,Kharif,0.05188327
Rice,IND_TAMILNADU_TIRUVANNAMALAI,2015,Kharif,0.06943264
Rice,IND_TAMILNADU_TIRUVANNAMALAI,2016,Kharif,0.05416328
Rice,IND_TAMILNADU_TIRUVANNAMALAI,2017,Autumn,0.06445347
Rice,IND_TAMILNADU_TIRUVANNAMALAI,2017,Summer,0.21996076
Rice,IND_TAMILNADU_TIRUVANNAMALAI,2017,Winter,0.06511389
Rice,IND_TAMILNADU_TIRUVANNAMALAI,2018,Autumn,0.07431983
Rice,IND_TAMILNADU_TIRUVANNAMALAI,2018,Summer,0.13593844
Rice,IND_TAMILNADU_TIRUVANNAMALAI,2018,Winter,0.03658339
Rice,IND_TAMILNADU_TIRUVANNAMALAI,2019,Autumn,0.05498874
Rice,IND_TAMILNADU_TIRUVANNAMALAI,2019,Summer,0.18286316
Rice,IND_TAMILNADU_TIRUVANNAMALAI,2019,Winter,0.06478066
Rice,IND_TAMILNADU_TUTICORIN,1998,Kharif,0.00951601
Rice,IND_TAMILNADU_TUTICORIN,1999,Kharif,0.00767498
Rice,IND_TAMILNADU_TUTICORIN,2000,Kharif,0.00731353
Rice,IND_TAMILNADU_TUTICORIN,2001,Kharif,0.00495224
Rice,IND_TAMILNADU_TUTICORIN,2002,Kharif,0.00970764
Rice,IND_TAMILNADU_TUTICORIN,2003,Kharif,0.00969462
Rice,IND_TAMILNADU_TUTICORIN,2004,Kharif,0.00876485
Rice,IND_TAMILNADU_TUTICORIN,2005,Kharif,0.00972077
Rice,IND_TAMILNADU_TUTICORIN,2006,Kharif,0.01106764
Rice,IND_TAMILNADU_TUTICORIN,2007,Kharif,0.01009183
Rice,IND_TAMILNADU_TUTICORIN,2008,Kharif,0.01181507
Rice,IND_TAMILNADU_TUTICORIN,2009,Kharif,0.01059249
Rice,IND_TAMILNADU_TUTICORIN,2010,Kharif,0.01049836
Rice,IND_TAMILNADU_TUTICORIN,2011,Kharif,0.00928578
Rice,IND_TAMILNADU_TUTICORIN,2012,Kharif,0.00417471
Rice,IND_TAMILNADU_TUTICORIN,2013,Kharif,0.00679712
Rice,IND_TAMILNADU_TUTICORIN,2014,Kharif,0.00907024
Rice,IND_TAMILNADU_TUTICORIN,2015,Kharif,0.00927702
Rice,IND_TAMILNADU_TUTICORIN,2016,Kharif,0.00333231
Rice,IND_TAMILNADU_TUTICORIN,2017,Autumn,0.00138998
Rice,IND_TAMILNADU_TUTICORIN,2017,Summer,0.03478818
Rice,IND_TAMILNADU_TUTICORIN,2017,Winter,0.00284513
Rice,IND_TAMILNADU_TUTICORIN,2018,Autumn,0.00460363
Rice,IND_TAMILNADU_TUTICORIN,2018,Summer,0.0342305
Rice,IND_TAMILNADU_TUTICORIN,2018,Winter,0.00399564
Rice,IND_TAMILNADU_TUTICORIN,2019,Autumn,0.0024066
Rice,IND_TAMILNADU_TUTICORIN,2019,Summer,0.03206356
Rice,IND_TAMILNADU_TUTICORIN,2019,Winter,0.00302838
Rice,IND_TAMILNADU_VELLORE,1998,Kharif,0.03231186
Rice,IND_TAMILNADU_VELLORE,1999,Kharif,0.02262566
Rice,IND_TAMILNADU_VELLORE,2000,Kharif,0.02476265
Rice,IND_TAMILNADU_VELLORE,2001,Kharif,0.0291828
Rice,IND_TAMILNADU_VELLORE,2002,Kharif,0.01733357
Rice,IND_TAMILNADU_VELLORE,2003,Kharif,0.0221308
Rice,IND_TAMILNADU_VELLORE,2004,Kharif,0.0156977
Rice,IND_TAMILNADU_VELLORE,2005,Kharif,0.0283659
Rice,IND_TAMILNADU_VELLORE,2006,Kharif,0.02158386
Rice,IND_TAMILNADU_VELLORE,2007,Kharif,0.02477462
Rice,IND_TAMILNADU_VELLORE,2008,Kharif,0.02500938
Rice,IND_TAMILNADU_VELLORE,2009,Kharif,0.02154639
Rice,IND_TAMILNADU_VELLORE,2010,Kharif,0.02268007
Rice,IND_TAMILNADU_VELLORE,2011,Kharif,0.01995407
Rice,IND_TAMILNADU_VELLORE,2012,Kharif,0.02391186
Rice,IND_TAMILNADU_VELLORE,2013,Kharif,0.02281122
Rice,IND_TAMILNADU_VELLORE,2014,Kharif,0.0203806
Rice,IND_TAMILNADU_VELLORE,2015,Kharif,0.02588276
Rice,IND_TAMILNADU_VELLORE,2016,Kharif,0.03089044
Rice,IND_TAMILNADU_VELLORE,2017,Autumn,0.05335487
Rice,IND_TAMILNADU_VELLORE,2017,Summer,0.08420687
Rice,IND_TAMILNADU_VELLORE,2017,Winter,0.01451564
Rice,IND_TAMILNADU_VELLORE,2018,Autumn,0.04336784
Rice,IND_TAMILNADU_VELLORE,2018,Summer,0.06550187
Rice,IND_TAMILNADU_VELLORE,2018,Winter,0.01078897
Rice,IND_TAMILNADU_VELLORE,2019,Autumn,0.02407089
Rice,IND_TAMILNADU_VELLORE,2019,Summer,0.07764257
Rice,IND_TAMILNADU_VELLORE,2019,Winter,0.01043583
Rice,IND_TAMILNADU_VILLUPURAM,1998,Kharif,0.06562943
Rice,IND_TAMILNADU_VILLUPURAM,1999,Kharif,0.06476135
Rice,IND_TAMILNADU_VILLUPURAM,2000,Kharif,0.06708184
Rice,IND_TAMILNADU_VILLUPURAM,2001,Kharif,0.07551661
Rice,IND_TAMILNADU_VILLUPURAM,2002,Kharif,0.05316718
Rice,IND_TAMILNADU_VILLUPURAM,2003,Kharif,0.05389965
Rice,IND_TAMILNADU_VILLUPURAM,2004,Kharif,0.08740606
Rice,IND_TAMILNADU_VILLUPURAM,2005,Kharif,0.08214518
Rice,IND_TAMILNADU_VILLUPURAM,2006,Kharif,0.07496284
Rice,IND_TAMILNADU_VILLUPURAM,2007,Kharif,0.08126841
Rice,IND_TAMILNADU_VILLUPURAM,2008,Kharif,0.07734356
Rice,IND_TAMILNADU_VILLUPURAM,2009,Kharif,0.08043876
Rice,IND_TAMILNADU_VILLUPURAM,2010,Kharif,0.0786729
Rice,IND_TAMILNADU_VILLUPURAM,2011,Kharif,0.0682109
Rice,IND_TAMILNADU_VILLUPURAM,2012,Kharif,0.07740766
Rice,IND_TAMILNADU_VILLUPURAM,2013,Kharif,0.09876574
Rice,IND_TAMILNADU_VILLUPURAM,2014,Kharif,0.0955314
Rice,IND_TAMILNADU_VILLUPURAM,2015,Kharif,0.09114184
Rice,IND_TAMILNADU_VILLUPURAM,2016,Kharif,0.06623044
Rice,IND_TAMILNADU_VILLUPURAM,2017,Autumn,0.04352299
Rice,IND_TAMILNADU_VILLUPURAM,2017,Summer,0.15536862
Rice,IND_TAMILNADU_VILLUPURAM,2017,Winter,0.08385775
Rice,IND_TAMILNADU_VILLUPURAM,2018,Autumn,0.04411544
Rice,IND_TAMILNADU_VILLUPURAM,2018,Summer,0.1596959
Rice,IND_TAMILNADU_VILLUPURAM,2018,Winter,0.05010697
Rice,IND_TAMILNADU_VILLUPURAM,2019,Autumn,0.03393942
Rice,IND_TAMILNADU_VILLUPURAM,2019,Summer,0.12772773
Rice,IND_TAMILNADU_VILLUPURAM,2019,Winter,0.08293626
Rice,IND_TAMILNADU_VIRUDHUNAGAR,1998,Kharif,0.01464675
Rice,IND_TAMILNADU_VIRUDHUNAGAR,1999,Kharif,0.01423473
Rice,IND_TAMILNADU_VIRUDHUNAGAR,2000,Kharif,0.01058512
Rice,IND_TAMILNADU_VIRUDHUNAGAR,2001,Kharif,0.01426686
Rice,IND_TAMILNADU_VIRUDHUNAGAR,2002,Kharif,0.02084156
Rice,IND_TAMILNADU_VIRUDHUNAGAR,2003,Kharif,0.01728349
Rice,IND_TAMILNADU_VIRUDHUNAGAR,2004,Kharif,0.01586536
Rice,IND_TAMILNADU_VIRUDHUNAGAR,2005,Kharif,0.01500935
Rice,IND_TAMILNADU_VIRUDHUNAGAR,2006,Kharif,0.01694887
Rice,IND_TAMILNADU_VIRUDHUNAGAR,2007,Kharif,0.01576932
Rice,IND_TAMILNADU_VIRUDHUNAGAR,2008,Kharif,0.01714005
Rice,IND_TAMILNADU_VIRUDHUNAGAR,2009,Kharif,0.01442224
Rice,IND_TAMILNADU_VIRUDHUNAGAR,2010,Kharif,0.01604008
Rice,IND_TAMILNADU_VIRUDHUNAGAR,2011,Kharif,0.01557855
Rice,IND_TAMILNADU_VIRUDHUNAGAR,2012,Kharif,0.0153843
Rice,IND_TAMILNADU_VIRUDHUNAGAR,2013,Kharif,0.00954379
Rice,IND_TAMILNADU_VIRUDHUNAGAR,2014,Kharif,0.01092485
Rice,IND_TAMILNADU_VIRUDHUNAGAR,2015,Kharif,0.01430198
Rice,IND_TAMILNADU_VIRUDHUNAGAR,2016,Kharif,0.00958248
Rice,IND_TAMILNADU_VIRUDHUNAGAR,2017,Autumn,4.25e-06
Rice,IND_TAMILNADU_VIRUDHUNAGAR,2017,Summer,0.00665648
Rice,IND_TAMILNADU_VIRUDHUNAGAR,2017,Winter,0.01267936
Rice,IND_TAMILNADU_VIRUDHUNAGAR,2018,Autumn,0.0004829
Rice,IND_TAMILNADU_VIRUDHUNAGAR,2018,Summer,0.00986095
Rice,IND_TAMILNADU_VIRUDHUNAGAR,2018,Winter,0.01474975
Rice,IND_TAMILNADU_VIRUDHUNAGAR,2019,Autumn,0.00073118
Rice,IND_TAMILNADU_VIRUDHUNAGAR,2019,Summer,0.01348899
Rice,IND_TAMILNADU_VIRUDHUNAGAR,2019,Winter,0.01451728
Rice,IND_TELANGANA_ADILABAD,2013,Kharif,0.05616059
Rice,IND_TELANGANA_ADILABAD,2013,Rabi,0.03042013
Rice,IND_TELANGANA_ADILABAD,2014,Kharif,0.03920866
Rice,IND_TELANGANA_ADILABAD,2014,Rabi,0.02826829
Rice,IND_TELANGANA_ADILABAD,2015,Kharif,0.05686425
Rice,IND_TELANGANA_ADILABAD,2015,Rabi,0.05018573
Rice,IND_TELANGANA_ADILABAD,2016,Kharif,0.00138303
Rice,IND_TELANGANA_ADILABAD,2016,Rabi,3.088e-05
Rice,IND_TELANGANA_ADILABAD,2017,Kharif,0.00053105
Rice,IND_TELANGANA_ADILABAD,2017,Rabi,1.639e-05
Rice,IND_TELANGANA_ADILABAD,2018,Kharif,0.00032373
Rice,IND_TELANGANA_ADILABAD,2018,Rabi,5.657e-05
Rice,IND_TELANGANA_ADILABAD,2019,Kharif,0.00031144
Rice,IND_TELANGANA_ADILABAD,2019,Rabi,0.00012429
Rice,IND_TELANGANA_BHADRADRI,2016,Kharif,0.05156794
Rice,IND_TELANGANA_BHADRADRI,2016,Rabi,0.00801833
Rice,IND_TELANGANA_BHADRADRI,2017,Kharif,0.04453637
Rice,IND_TELANGANA_BHADRADRI,2017,Rabi,0.00830357
Rice,IND_TELANGANA_BHADRADRI,2018,Kharif,0.03917801
Rice,IND_TELANGANA_BHADRADRI,2018,Rabi,0.0095137
Rice,IND_TELANGANA_BHADRADRI,2019,Kharif,0.03554055
Rice,IND_TELANGANA_BHADRADRI,2019,Rabi,0.01432815
Rice,IND_TELANGANA_HANUMAKONDA,2016,Kharif,0.01773428
Rice,IND_TELANGANA_HANUMAKONDA,2016,Rabi,0.02363443
Rice,IND_TELANGANA_HANUMAKONDA,2017,Kharif,0.01590373
Rice,IND_TELANGANA_HANUMAKONDA,2017,Rabi,0.01982327
Rice,IND_TELANGANA_HANUMAKONDA,2018,Kharif,0.01293573
Rice,IND_TELANGANA_HANUMAKONDA,2018,Rabi,0.01793381
Rice,IND_TELANGANA_HANUMAKONDA,2019,Kharif,0.01643441
Rice,IND_TELANGANA_HANUMAKONDA,2019,Rabi,0.0189532
Rice,IND_TELANGANA_JAGITIAL,2016,Kharif,0.04470563
Rice,IND_TELANGANA_JAGITIAL,2016,Rabi,0.06291584
Rice,IND_TELANGANA_JAGITIAL,2017,Kharif,0.04164522
Rice,IND_TELANGANA_JAGITIAL,2017,Rabi,0.05345815
Rice,IND_TELANGANA_JAGITIAL,2018,Kharif,0.04924642
Rice,IND_TELANGANA_JAGITIAL,2018,Rabi,0.06476294
Rice,IND_TELANGANA_JAGITIAL,2019,Kharif,0.0567029
Rice,IND_TELANGANA_JAGITIAL,2019,Rabi,0.06469526
Rice,IND_TELANGANA_JANGOAN,2016,Kharif,0.02249281
Rice,IND_TELANGANA_JANGOAN,2016,Rabi,0.03655788
Rice,IND_TELANGANA_JANGOAN,2017,Kharif,0.02506717
Rice,IND_TELANGANA_JANGOAN,2017,Rabi,0.02743752
Rice,IND_TELANGANA_JANGOAN,2018,Kharif,0.01892431
Rice,IND_TELANGANA_JANGOAN,2018,Rabi,0.02552026
Rice,IND_TELANGANA_JANGOAN,2019,Kharif,0.01878735
Rice,IND_TELANGANA_JANGOAN,2019,Rabi,0.02952503
Rice,IND_TELANGANA_JAYASHANKAR,2016,Kharif,0.07076733
Rice,IND_TELANGANA_JAYASHANKAR,2016,Rabi,0.02590546
Rice,IND_TELANGANA_JAYASHANKAR,2017,Kharif,0.05727865
Rice,IND_TELANGANA_JAYASHANKAR,2017,Rabi,0.0272081
Rice,IND_TELANGANA_JAYASHANKAR,2018,Kharif,0.02277123
Rice,IND_TELANGANA_JAYASHANKAR,2018,Rabi,0.01526044
Rice,IND_TELANGANA_JAYASHANKAR,2019,Kharif,0.02041258
Rice,IND_TELANGANA_JAYASHANKAR,2019,Rabi,0.01634763
Rice,IND_TELANGANA_JOGULAMBA,2016,Kharif,0.01742057
Rice,IND_TELANGANA_JOGULAMBA,2016,Rabi,0.00696959
Rice,IND_TELANGANA_JOGULAMBA,2017,Kharif,0.01688369
Rice,IND_TELANGANA_JOGULAMBA,2017,Rabi,0.00914693
Rice,IND_TELANGANA_JOGULAMBA,2018,Kharif,0.01776477
Rice,IND_TELANGANA_JOGULAMBA,2018,Rabi,0.00845378
Rice,IND_TELANGANA_JOGULAMBA,2019,Kharif,0.01692302
Rice,IND_TELANGANA_JOGULAMBA,2019,Rabi,0.01123615
Rice,IND_TELANGANA_KAMAREDDY,2016,Kharif,0.03975596
Rice,IND_TELANGANA_KAMAREDDY,2016,Rabi,0.04747861
Rice,IND_TELANGANA_KAMAREDDY,2017,Kharif,0.05214869
Rice,IND_TELANGANA_KAMAREDDY,2017,Rabi,0.04296753
Rice,IND_TELANGANA_KAMAREDDY,2018,Kharif,0.04596372
Rice,IND_TELANGANA_KAMAREDDY,2018,Rabi,0.0315835
Rice,IND_TELANGANA_KAMAREDDY,2019,Kharif,0.05194614
Rice,IND_TELANGANA_KAMAREDDY,2019,Rabi,0.04697797
Rice,IND_TELANGANA_KARIMNAGAR,2013,Kharif,0.17958321
Rice,IND_TELANGANA_KARIMNAGAR,2013,Rabi,0.25172956
Rice,IND_TELANGANA_KARIMNAGAR,2014,Kharif,0.19480673
Rice,IND_TELANGANA_KARIMNAGAR,2014,Rabi,0.20025933
Rice,IND_TELANGANA_KARIMNAGAR,2015,Kharif,0.15539332
Rice,IND_TELANGANA_KARIMNAGAR,2015,Rabi,0.18170603
Rice,IND_TELANGANA_KARIMNAGAR,2016,Kharif,0.03719004
Rice,IND_TELANGANA_KARIMNAGAR,2016,Rabi,0.06591193
Rice,IND_TELANGANA_KARIMNAGAR,2017,Kharif,0.04461373
Rice,IND_TELANGANA_KARIMNAGAR,2017,Rabi,0.0602782
Rice,IND_TELANGANA_KARIMNAGAR,2018,Kharif,0.04592084
Rice,IND_TELANGANA_KARIMNAGAR,2018,Rabi,0.06559795
Rice,IND_TELANGANA_KARIMNAGAR,2019,Kharif,0.04868096
Rice,IND_TELANGANA_KARIMNAGAR,2019,Rabi,0.05660409
Rice,IND_TELANGANA_KHAMMAM,2013,Kharif,0.12701507
Rice,IND_TELANGANA_KHAMMAM,2013,Rabi,0.05270117
Rice,IND_TELANGANA_KHAMMAM,2014,Kharif,0.12000235
Rice,IND_TELANGANA_KHAMMAM,2014,Rabi,0.07123424
Rice,IND_TELANGANA_KHAMMAM,2015,Kharif,0.14635648
Rice,IND_TELANGANA_KHAMMAM,2015,Rabi,0.04082024
Rice,IND_TELANGANA_KHAMMAM,2016,Kharif,0.04272666
Rice,IND_TELANGANA_KHAMMAM,2016,Rabi,0.03272386
Rice,IND_TELANGANA_KHAMMAM,2017,Kharif,0.05368357
Rice,IND_TELANGANA_KHAMMAM,2017,Rabi,0.05585603
Rice,IND_TELANGANA_KHAMMAM,2018,Kharif,0.06931766
Rice,IND_TELANGANA_KHAMMAM,2018,Rabi,0.04288573
Rice,IND_TELANGANA_KHAMMAM,2019,Kharif,0.05652205
Rice,IND_TELANGANA_KHAMMAM,2019,Rabi,0.05179166
Rice,IND_TELANGANA_KOMARAMBHEEMASIFABAD,2016,Kharif,0.0134705
Rice,IND_TELANGANA_KOMARAMBHEEMASIFABAD,2016,Rabi,0.00301952
Rice,IND_TELANGANA_KOMARAMBHEEMASIFABAD,2017,Kharif,0.00698289
Rice,IND_TELANGANA_KOMARAMBHEEMASIFABAD,2017,Rabi,0.00247217
Rice,IND_TELANGANA_KOMARAMBHEEMASIFABAD,2018,Kharif,0.00990024
Rice,IND_TELANGANA_KOMARAMBHEEMASIFABAD,2018,Rabi,0.00368616
Rice,IND_TELANGANA_KOMARAMBHEEMASIFABAD,2019,Kharif,0.01483676
Rice,IND_TELANGANA_KOMARAMBHEEMASIFABAD,2019,Rabi,0.00317085
Rice,IND_TELANGANA_MAHABUBABAD,2016,Kharif,0.03372009
Rice,IND_TELANGANA_MAHABUBABAD,2016,Rabi,0.01894332
Rice,IND_TELANGANA_MAHABUBABAD,2017,Kharif,0.03471103
Rice,IND_TELANGANA_MAHABUBABAD,2017,Rabi,0.01819991
Rice,IND_TELANGANA_MAHABUBABAD,2018,Kharif,0.03318103
Rice,IND_TELANGANA_MAHABUBABAD,2018,Rabi,0.01921057
Rice,IND_TELANGANA_MAHABUBABAD,2019,Kharif,0.02871224
Rice,IND_TELANGANA_MAHABUBABAD,2019,Rabi,0.02905628
Rice,IND_TELANGANA_MAHBUBNAGAR,2013,Kharif,0.08894879
Rice,IND_TELANGANA_MAHBUBNAGAR,2013,Rabi,0.07835499
Rice,IND_TELANGANA_MAHBUBNAGAR,2014,Kharif,0.12094008
Rice,IND_TELANGANA_MAHBUBNAGAR,2014,Rabi,0.09991255
Rice,IND_TELANGANA_MAHBUBNAGAR,2015,Kharif,0.08825144
Rice,IND_TELANGANA_MAHBUBNAGAR,2015,Rabi,0.10153122
Rice,IND_TELANGANA_MAHBUBNAGAR,2016,Kharif,0.03675827
Rice,IND_TELANGANA_MAHBUBNAGAR,2016,Rabi,0.02090877
Rice,IND_TELANGANA_MAHBUBNAGAR,2017,Kharif,0.02973198
Rice,IND_TELANGANA_MAHBUBNAGAR,2017,Rabi,0.03057716
Rice,IND_TELANGANA_MAHBUBNAGAR,2018,Kharif,0.00991538
Rice,IND_TELANGANA_MAHBUBNAGAR,2018,Rabi,0.00921068
Rice,IND_TELANGANA_MAHBUBNAGAR,2019,Kharif,0.00856573
Rice,IND_TELANGANA_MAHBUBNAGAR,2019,Rabi,0.0107939
Rice,IND_TELANGANA_MANCHERIAL,2016,Kharif,0.03109121
Rice,IND_TELANGANA_MANCHERIAL,2016,Rabi,0.01551495
Rice,IND_TELANGANA_MANCHERIAL,2017,Kharif,0.02855527
Rice,IND_TELANGANA_MANCHERIAL,2017,Rabi,0.01904873
Rice,IND_TELANGANA_MANCHERIAL,2018,Kharif,0.03325502
Rice,IND_TELANGANA_MANCHERIAL,2018,Rabi,0.02792967
Rice,IND_TELANGANA_MANCHERIAL,2019,Kharif,0.03993315
Rice,IND_TELANGANA_MANCHERIAL,2019,Rabi,0.02436245
Rice,IND_TELANGANA_MEDAK,2013,Kharif,0.0931457
Rice,IND_TELANGANA_MEDAK,2013,Rabi,0.07526962
Rice,IND_TELANGANA_MEDAK,2014,Kharif,0.08038948
Rice,IND_TELANGANA_MEDAK,2014,Rabi,0.07454864
Rice,IND_TELANGANA_MEDAK,2015,Kharif,0.08215698
Rice,IND_TELANGANA_MEDAK,2015,Rabi,0.07617111
Rice,IND_TELANGANA_MEDAK,2016,Kharif,0.03566084
Rice,IND_TELANGANA_MEDAK,2016,Rabi,0.04844856
Rice,IND_TELANGANA_MEDAK,2017,Kharif,0.04328325
Rice,IND_TELANGANA_MEDAK,2017,Rabi,0.03520252
Rice,IND_TELANGANA_MEDAK,2018,Kharif,0.02629273
Rice,IND_TELANGANA_MEDAK,2018,Rabi,0.01600117
Rice,IND_TELANGANA_MEDAK,2019,Kharif,0.02969192
Rice,IND_TELANGANA_MEDAK,2019,Rabi,0.01996704
Rice,IND_TELANGANA_MEDCHALMALKAJGIRI,2016,Kharif,0.00214426
Rice,IND_TELANGANA_MEDCHALMALKAJGIRI,2016,Rabi,0.00481462
Rice,IND_TELANGANA_MEDCHALMALKAJGIRI,2017,Kharif,0.00462661
Rice,IND_TELANGANA_MEDCHALMALKAJGIRI,2017,Rabi,0.00497275
Rice,IND_TELANGANA_MEDCHALMALKAJGIRI,2018,Kharif,0.00339033
Rice,IND_TELANGANA_MEDCHALMALKAJGIRI,2018,Rabi,0.00363902
Rice,IND_TELANGANA_MEDCHALMALKAJGIRI,2019,Kharif,0.00315054
Rice,IND_TELANGANA_MEDCHALMALKAJGIRI,2019,Rabi,0.00244596
Rice,IND_TELANGANA_MULUGU,2018,Kharif,0.03016992
Rice,IND_TELANGANA_MULUGU,2018,Rabi,0.01806849
Rice,IND_TELANGANA_MULUGU,2019,Kharif,0.0233369
Rice,IND_TELANGANA_MULUGU,2019,Rabi,0.01030622
Rice,IND_TELANGANA_NAGARKURNOOL,2016,Kharif,0.00868836
Rice,IND_TELANGANA_NAGARKURNOOL,2016,Rabi,0.012225
Rice,IND_TELANGANA_NAGARKURNOOL,2017,Kharif,0.00790077
Rice,IND_TELANGANA_NAGARKURNOOL,2017,Rabi,0.01926394
Rice,IND_TELANGANA_NAGARKURNOOL,2018,Kharif,0.0132788
Rice,IND_TELANGANA_NAGARKURNOOL,2018,Rabi,0.02256945
Rice,IND_TELANGANA_NAGARKURNOOL,2019,Kharif,0.01491217
Rice,IND_TELANGANA_NAGARKURNOOL,2019,Rabi,0.02275368
Rice,IND_TELANGANA_NALGONDA,2013,Kharif,0.16477698
Rice,IND_TELANGANA_NALGONDA,2013,Rabi,0.24339726
Rice,IND_TELANGANA_NALGONDA,2014,Kharif,0.19282479
Rice,IND_TELANGANA_NALGONDA,2014,Rabi,0.29471454
Rice,IND_TELANGANA_NALGONDA,2015,Kharif,0.17083181
Rice,IND_TELANGANA_NALGONDA,2015,Rabi,0.28515337
Rice,IND_TELANGANA_NALGONDA,2016,Kharif,0.06326074
Rice,IND_TELANGANA_NALGONDA,2016,Rabi,0.0865492
Rice,IND_TELANGANA_NALGONDA,2017,Kharif,0.060804
Rice,IND_TELANGANA_NALGONDA,2017,Rabi,0.10604672
Rice,IND_TELANGANA_NALGONDA,2018,Kharif,0.07867387
Rice,IND_TELANGANA_NALGONDA,2018,Rabi,0.1160809
Rice,IND_TELANGANA_NALGONDA,2019,Kharif,0.07911714
Rice,IND_TELANGANA_NALGONDA,2019,Rabi,0.09388844
Rice,IND_TELANGANA_NARAYANAPET,2018,Kharif,0.01650517
Rice,IND_TELANGANA_NARAYANAPET,2018,Rabi,0.0146692
Rice,IND_TELANGANA_NARAYANAPET,2019,Kharif,0.02078042
Rice,IND_TELANGANA_NARAYANAPET,2019,Rabi,0.01646749
Rice,IND_TELANGANA_NIRMAL,2016,Kharif,0.02302466
Rice,IND_TELANGANA_NIRMAL,2016,Rabi,0.01822357
Rice,IND_TELANGANA_NIRMAL,2017,Kharif,0.01940139
Rice,IND_TELANGANA_NIRMAL,2017,Rabi,0.01734454
Rice,IND_TELANGANA_NIRMAL,2018,Kharif,0.02205061
Rice,IND_TELANGANA_NIRMAL,2018,Rabi,0.02305564
Rice,IND_TELANGANA_NIRMAL,2019,Kharif,0.0237734
Rice,IND_TELANGANA_NIRMAL,2019,Rabi,0.02566713
Rice,IND_TELANGANA_NIZAMABAD,2013,Kharif,0.13058266
Rice,IND_TELANGANA_NIZAMABAD,2013,Rabi,0.13103322
Rice,IND_TELANGANA_NIZAMABAD,2014,Kharif,0.1221625
Rice,IND_TELANGANA_NIZAMABAD,2014,Rabi,0.11481217
Rice,IND_TELANGANA_NIZAMABAD,2015,Kharif,0.10745239
Rice,IND_TELANGANA_NIZAMABAD,2015,Rabi,0.05909068
Rice,IND_TELANGANA_NIZAMABAD,2016,Kharif,0.09773756
Rice,IND_TELANGANA_NIZAMABAD,2016,Rabi,0.10551168
Rice,IND_TELANGANA_NIZAMABAD,2017,Kharif,0.08763242
Rice,IND_TELANGANA_NIZAMABAD,2017,Rabi,0.08906705
Rice,IND_TELANGANA_NIZAMABAD,2018,Kharif,0.08515014
Rice,IND_TELANGANA_NIZAMABAD,2018,Rabi,0.09035324
Rice,IND_TELANGANA_NIZAMABAD,2019,Kharif,0.08781407
Rice,IND_TELANGANA_NIZAMABAD,2019,Rabi,0.08242769
Rice,IND_TELANGANA_PEDDAPALLI,2016,Kharif,0.04245118
Rice,IND_TELANGANA_PEDDAPALLI,2016,Rabi,0.0624825
Rice,IND_TELANGANA_PEDDAPALLI,2017,Kharif,0.04782199
Rice,IND_TELANGANA_PEDDAPALLI,2017,Rabi,0.0421635
Rice,IND_TELANGANA_PEDDAPALLI,2018,Kharif,0.04860569
Rice,IND_TELANGANA_PEDDAPALLI,2018,Rabi,0.05429167
Rice,IND_TELANGANA_PEDDAPALLI,2019,Kharif,0.04779447
Rice,IND_TELANGANA_PEDDAPALLI,2019,Rabi,0.04918861
Rice,IND_TELANGANA_RAJANNA,2016,Kharif,0.02034405
Rice,IND_TELANGANA_RAJANNA,2016,Rabi,0.03851375
Rice,IND_TELANGANA_RAJANNA,2017,Kharif,0.02170419
Rice,IND_TELANGANA_RAJANNA,2017,Rabi,0.02501778
Rice,IND_TELANGANA_RAJANNA,2018,Kharif,0.01932119
Rice,IND_TELANGANA_RAJANNA,2018,Rabi,0.02561993
Rice,IND_TELANGANA_RAJANNA,2019,Kharif,0.02497991
Rice,IND_TELANGANA_RAJANNA,2019,Rabi,0.0339564
Rice,IND_TELANGANA_RANGAREDDI,2013,Kharif,0.02319576
Rice,IND_TELANGANA_RANGAREDDI,2013,Rabi,0.02171952
Rice,IND_TELANGANA_RANGAREDDI,2014,Kharif,0.02587941
Rice,IND_TELANGANA_RANGAREDDI,2014,Rabi,0.02234843
Rice,IND_TELANGANA_RANGAREDDI,2015,Kharif,0.02286056
Rice,IND_TELANGANA_RANGAREDDI,2015,Rabi,0.02409278
Rice,IND_TELANGANA_RANGAREDDI,2016,Kharif,0.01181536
Rice,IND_TELANGANA_RANGAREDDI,2016,Rabi,0.0084144
Rice,IND_TELANGANA_RANGAREDDI,2017,Kharif,0.01266109
Rice,IND_TELANGANA_RANGAREDDI,2017,Rabi,0.01321733
Rice,IND_TELANGANA_RANGAREDDI,2018,Kharif,0.01133054
Rice,IND_TELANGANA_RANGAREDDI,2018,Rabi,0.00882415
Rice,IND_TELANGANA_RANGAREDDI,2019,Kharif,0.00882567
Rice,IND_TELANGANA_RANGAREDDI,2019,Rabi,0.0102343
Rice,IND_TELANGANA_SANGAREDDY,2016,Kharif,0.01296451
Rice,IND_TELANGANA_SANGAREDDY,2016,Rabi,0.01583862
Rice,IND_TELANGANA_SANGAREDDY,2017,Kharif,0.02009576
Rice,IND_TELANGANA_SANGAREDDY,2017,Rabi,0.02001007
Rice,IND_TELANGANA_SANGAREDDY,2018,Kharif,0.01518418
Rice,IND_TELANGANA_SANGAREDDY,2018,Rabi,0.00803762
Rice,IND_TELANGANA_SANGAREDDY,2019,Kharif,0.01349967
Rice,IND_TELANGANA_SANGAREDDY,2019,Rabi,0.00598967
Rice,IND_TELANGANA_SIDDIPET,2016,Kharif,0.02560519
Rice,IND_TELANGANA_SIDDIPET,2016,Rabi,0.05180133
Rice,IND_TELANGANA_SIDDIPET,2017,Kharif,0.03294692
Rice,IND_TELANGANA_SIDDIPET,2017,Rabi,0.04956909
Rice,IND_TELANGANA_SIDDIPET,2018,Kharif,0.0292248
Rice,IND_TELANGANA_SIDDIPET,2018,Rabi,0.03939351
Rice,IND_TELANGANA_SIDDIPET,2019,Kharif,0.03034728
Rice,IND_TELANGANA_SIDDIPET,2019,Rabi,0.04113151
Rice,IND_TELANGANA_SURYAPET,2016,Kharif,0.07621738
Rice,IND_TELANGANA_SURYAPET,2016,Rabi,0.07787288
Rice,IND_TELANGANA_SURYAPET,2017,Kharif,0.06463691
Rice,IND_TELANGANA_SURYAPET,2017,Rabi,0.09603349
Rice,IND_TELANGANA_SURYAPET,2018,Kharif,0.07822653
Rice,IND_TELANGANA_SURYAPET,2018,Rabi,0.1110722
Rice,IND_TELANGANA_SURYAPET,2019,Kharif,0.07833671
Rice,IND_TELANGANA_SURYAPET,2019,Rabi,0.09592559
Rice,IND_TELANGANA_VIKARABAD,2016,Kharif,0.01358519
Rice,IND_TELANGANA_VIKARABAD,2016,Rabi,0.00894037
Rice,IND_TELANGANA_VIKARABAD,2017,Kharif,0.00844805
Rice,IND_TELANGANA_VIKARABAD,2017,Rabi,0.01162457
Rice,IND_TELANGANA_VIKARABAD,2018,Kharif,0.00858262
Rice,IND_TELANGANA_VIKARABAD,2018,Rabi,0.00667198
Rice,IND_TELANGANA_VIKARABAD,2019,Kharif,0.00701652
Rice,IND_TELANGANA_VIKARABAD,2019,Rabi,0.00839273
Rice,IND_TELANGANA_WANAPARTHY,2016,Kharif,0.03550679
Rice,IND_TELANGANA_WANAPARTHY,2016,Rabi,0.01497408
Rice,IND_TELANGANA_WANAPARTHY,2017,Kharif,0.03249802
Rice,IND_TELANGANA_WANAPARTHY,2017,Rabi,0.02384342
Rice,IND_TELANGANA_WANAPARTHY,2018,Kharif,0.0333122
Rice,IND_TELANGANA_WANAPARTHY,2018,Rabi,0.02573036
Rice,IND_TELANGANA_WANAPARTHY,2019,Kharif,0.03397785
Rice,IND_TELANGANA_WANAPARTHY,2019,Rabi,0.02941588
Rice,IND_TELANGANA_WARANGAL,2013,Kharif,0.13659123
Rice,IND_TELANGANA_WARANGAL,2013,Rabi,0.11537454
Rice,IND_TELANGANA_WARANGAL,2014,Kharif,0.10378602
Rice,IND_TELANGANA_WARANGAL,2014,Rabi,0.0939018
Rice,IND_TELANGANA_WARANGAL,2015,Kharif,0.16983277
Rice,IND_TELANGANA_WARANGAL,2015,Rabi,0.18124884
Rice,IND_TELANGANA_WARANGAL,2016,Kharif,0.034135
Rice,IND_TELANGANA_WARANGAL,2016,Rabi,0.02820629
Rice,IND_TELANGANA_WARANGAL,2017,Kharif,0.03447703
Rice,IND_TELANGANA_WARANGAL,2017,Rabi,0.01955781
Rice,IND_TELANGANA_WARANGAL,2018,Kharif,0.03210978
Rice,IND_TELANGANA_WARANGAL,2018,Rabi,0.02161862
Rice,IND_TELANGANA_WARANGAL,2019,Kharif,0.02634459
Rice,IND_TELANGANA_WARANGAL,2019,Rabi,0.02315114
Rice,IND_TELANGANA_YADADRI,2016,Kharif,0.03607462
Rice,IND_TELANGANA_YADADRI,2016,Rabi,0.04864979
Rice,IND_TELANGANA_YADADRI,2017,Kharif,0.04878857
Rice,IND_TELANGANA_YADADRI,2017,Rabi,0.05227177
Rice,IND_TELANGANA_YADADRI,2018,Kharif,0.0399928
Rice,IND_TELANGANA_YADADRI,2018,Rabi,0.05269708
Rice,IND_TELANGANA_YADADRI,2019,Kharif,0.03199152
Rice,IND_TELANGANA_YADADRI,2019,Rabi,0.05072357
