CROP_ID,IDREGION,FYEAR,SEASON,CROP_AREA
Rice,IND_ANDHRAPRADESH_ADILABAD,1997,Kharif,30600.0
Rice,IND_ANDHRAPRADESH_ADILABAD,1997,Rabi,5200.0
Rice,IND_ANDHRAPRADESH_ADILABAD,1998,Kharif,66400.0
Rice,IND_ANDHRAPRADESH_ADILABAD,1998,Rabi,12200.0
Rice,IND_ANDHRAPRADESH_ADILABAD,1999,Kharif,66388.0
Rice,IND_ANDHRAPRADESH_ADILABAD,1999,Rabi,10980.0
Rice,IND_ANDHRAPRADESH_ADILABAD,2000,Kharif,70645.0
Rice,IND_ANDHRAPRADESH_ADILABAD,2000,Rabi,6828.0
Rice,IND_ANDHRAPRADESH_ADILABAD,2001,Kharif,67358.0
Rice,IND_ANDHRAPRADESH_ADILABAD,2001,Rabi,9786.0
Rice,IND_ANDHRAPRADESH_ADILABAD,2002,Kharif,71657.0
Rice,IND_ANDHRAPRADESH_ADILABAD,2002,Rabi,5137.0
Rice,IND_ANDHRAPRADESH_ADILABAD,2003,Kharif,74851.0
Rice,IND_ANDHRAPRADESH_ADILABAD,2003,Rabi,6069.0
Rice,IND_ANDHRAPRADESH_ADILABAD,2004,Kharif,35637.0
Rice,IND_ANDHRAPRADESH_ADILABAD,2004,Rabi,3984.0
Rice,IND_ANDHRAPRADESH_ADILABAD,2005,Kharif,69284.0
Rice,IND_ANDHRAPRADESH_ADILABAD,2005,Rabi,9466.0
Rice,IND_ANDHRAPRADESH_ADILABAD,2006,Kharif,64743.0
Rice,IND_ANDHRAPRADESH_ADILABAD,2006,Rabi,9019.0
Rice,IND_ANDHRAPRADESH_ADILABAD,2007,Kharif,40000.0
Rice,IND_ANDHRAPRADESH_ADILABAD,2007,Rabi,12000.0
Rice,IND_ANDHRAPRADESH_ADILABAD,2008,Kharif,54506.0
Rice,IND_ANDHRAPRADESH_ADILABAD,2008,Rabi,22788.0
Rice,IND_ANDHRAPRADESH_ADILABAD,2009,Kharif,37878.0
Rice,IND_ANDHRAPRADESH_ADILABAD,2009,Rabi,10240.0
Rice,IND_ANDHRAPRADESH_ADILABAD,2010,Kharif,62903.0
Rice,IND_ANDHRAPRADESH_ADILABAD,2010,Rabi,27644.0
Rice,IND_ANDHRAPRADESH_ADILABAD,2011,Kharif,60681.0
Rice,IND_ANDHRAPRADESH_ADILABAD,2011,Rabi,15489.0
Rice,IND_ANDHRAPRADESH_ADILABAD,2012,Kharif,56000.0
Rice,IND_ANDHRAPRADESH_ADILABAD,2012,Rabi,15000.0
Rice,IND_ANDHRAPRADESH_ANANTAPUR,1997,Kharif,35600.0
Rice,IND_ANDHRAPRADESH_ANANTAPUR,1997,Rabi,18000.0
Rice,IND_ANDHRAPRADESH_ANANTAPUR,1998,Kharif,38300.0
Rice,IND_ANDHRAPRADESH_ANANTAPUR,1998,Rabi,26600.0
Rice,IND_ANDHRAPRADESH_ANANTAPUR,1999,Kharif,37991.0
Rice,IND_ANDHRAPRADESH_ANANTAPUR,1999,Rabi,20258.0
Rice,IND_ANDHRAPRADESH_ANANTAPUR,2000,Kharif,39905.0
Rice,IND_ANDHRAPRADESH_ANANTAPUR,2000,Rabi,22099.0
Rice,IND_ANDHRAPRADESH_ANANTAPUR,2001,Kharif,32878.0
Rice,IND_ANDHRAPRADESH_ANANTAPUR,2001,Rabi,38119.0
Rice,IND_ANDHRAPRADESH_ANANTAPUR,2002,Kharif,29066.0
Rice,IND_ANDHRAPRADESH_ANANTAPUR,2002,Rabi,10960.0
Rice,IND_ANDHRAPRADESH_ANANTAPUR,2003,Kharif,17515.0
Rice,IND_ANDHRAPRADESH_ANANTAPUR,2003,Rabi,10826.0
Rice,IND_ANDHRAPRADESH_ANANTAPUR,2004,Kharif,24335.0
Rice,IND_ANDHRAPRADESH_ANANTAPUR,2004,Rabi,9240.0
Rice,IND_ANDHRAPRADESH_ANANTAPUR,2005,Kharif,25008.0
Rice,IND_ANDHRAPRADESH_ANANTAPUR,2005,Rabi,23142.0
Rice,IND_ANDHRAPRADESH_ANANTAPUR,2006,Kharif,22349.0
Rice,IND_ANDHRAPRADESH_ANANTAPUR,2006,Rabi,10846.0
Rice,IND_ANDHRAPRADESH_ANANTAPUR,2007,Kharif,30000.0
Rice,IND_ANDHRAPRADESH_ANANTAPUR,2007,Rabi,14000.0
Rice,IND_ANDHRAPRADESH_ANANTAPUR,2008,Kharif,30306.0
Rice,IND_ANDHRAPRADESH_ANANTAPUR,2008,Rabi,18416.0
Rice,IND_ANDHRAPRADESH_ANANTAPUR,2009,Kharif,32226.0
Rice,IND_ANDHRAPRADESH_ANANTAPUR,2009,Rabi,19428.0
Rice,IND_ANDHRAPRADESH_ANANTAPUR,2010,Kharif,34973.0
Rice,IND_ANDHRAPRADESH_ANANTAPUR,2010,Rabi,24828.0
Rice,IND_ANDHRAPRADESH_ANANTAPUR,2011,Kharif,37720.0
Rice,IND_ANDHRAPRADESH_ANANTAPUR,2011,Rabi,10948.0
Rice,IND_ANDHRAPRADESH_ANANTAPUR,2012,Kharif,22000.0
Rice,IND_ANDHRAPRADESH_ANANTAPUR,2012,Rabi,7000.0
Rice,IND_ANDHRAPRADESH_ANANTAPUR,2013,Kharif,28114.0
Rice,IND_ANDHRAPRADESH_ANANTAPUR,2013,Rabi,12283.0
Rice,IND_ANDHRAPRADESH_ANANTAPUR,2014,Kharif,22658.0
Rice,IND_ANDHRAPRADESH_ANANTAPUR,2014,Rabi,6553.0
Rice,IND_ANDHRAPRADESH_ANANTAPUR,2015,Kharif,20033.0
Rice,IND_ANDHRAPRADESH_ANANTAPUR,2015,Rabi,13590.0
Rice,IND_ANDHRAPRADESH_ANANTAPUR,2016,Kharif,17983.0
Rice,IND_ANDHRAPRADESH_ANANTAPUR,2016,Rabi,4904.0
Rice,IND_ANDHRAPRADESH_ANANTAPUR,2017,Kharif,12293.0
Rice,IND_ANDHRAPRADESH_ANANTAPUR,2017,Rabi,18621.0
Rice,IND_ANDHRAPRADESH_ANANTAPUR,2018,Kharif,21938.0
Rice,IND_ANDHRAPRADESH_ANANTAPUR,2018,Rabi,9066.0
Rice,IND_ANDHRAPRADESH_ANANTAPUR,2019,Kharif,18209.0
Rice,IND_ANDHRAPRADESH_ANANTAPUR,2019,Rabi,14331.0
Rice,IND_ANDHRAPRADESH_CHITTOOR,1997,Kharif,42300.0
Rice,IND_ANDHRAPRADESH_CHITTOOR,1997,Rabi,57400.0
Rice,IND_ANDHRAPRADESH_CHITTOOR,1998,Kharif,42000.0
Rice,IND_ANDHRAPRADESH_CHITTOOR,1998,Rabi,62400.0
Rice,IND_ANDHRAPRADESH_CHITTOOR,1999,Kharif,37542.0
Rice,IND_ANDHRAPRADESH_CHITTOOR,1999,Rabi,37489.0
Rice,IND_ANDHRAPRADESH_CHITTOOR,2000,Kharif,33776.0
Rice,IND_ANDHRAPRADESH_CHITTOOR,2000,Rabi,41442.0
Rice,IND_ANDHRAPRADESH_CHITTOOR,2001,Kharif,24377.0
Rice,IND_ANDHRAPRADESH_CHITTOOR,2001,Rabi,62049.0
Rice,IND_ANDHRAPRADESH_CHITTOOR,2002,Kharif,20137.0
Rice,IND_ANDHRAPRADESH_CHITTOOR,2002,Rabi,30034.0
Rice,IND_ANDHRAPRADESH_CHITTOOR,2003,Kharif,18495.0
Rice,IND_ANDHRAPRADESH_CHITTOOR,2003,Rabi,27286.0
Rice,IND_ANDHRAPRADESH_CHITTOOR,2004,Kharif,19055.0
Rice,IND_ANDHRAPRADESH_CHITTOOR,2004,Rabi,25822.0
Rice,IND_ANDHRAPRADESH_CHITTOOR,2005,Kharif,16240.0
Rice,IND_ANDHRAPRADESH_CHITTOOR,2005,Rabi,66351.0
Rice,IND_ANDHRAPRADESH_CHITTOOR,2006,Kharif,17049.0
Rice,IND_ANDHRAPRADESH_CHITTOOR,2006,Rabi,29164.0
Rice,IND_ANDHRAPRADESH_CHITTOOR,2007,Kharif,15000.0
Rice,IND_ANDHRAPRADESH_CHITTOOR,2007,Rabi,37000.0
Rice,IND_ANDHRAPRADESH_CHITTOOR,2008,Kharif,17596.0
Rice,IND_ANDHRAPRADESH_CHITTOOR,2008,Rabi,37927.0
Rice,IND_ANDHRAPRADESH_CHITTOOR,2009,Kharif,19758.0
Rice,IND_ANDHRAPRADESH_CHITTOOR,2009,Rabi,35155.0
Rice,IND_ANDHRAPRADESH_CHITTOOR,2010,Kharif,18019.0
Rice,IND_ANDHRAPRADESH_CHITTOOR,2010,Rabi,43558.0
Rice,IND_ANDHRAPRADESH_CHITTOOR,2011,Kharif,17342.0
Rice,IND_ANDHRAPRADESH_CHITTOOR,2011,Rabi,33764.0
Rice,IND_ANDHRAPRADESH_CHITTOOR,2012,Kharif,13000.0
Rice,IND_ANDHRAPRADESH_CHITTOOR,2012,Rabi,35000.0
Rice,IND_ANDHRAPRADESH_CHITTOOR,2013,Kharif,15206.0
Rice,IND_ANDHRAPRADESH_CHITTOOR,2013,Rabi,34654.0
Rice,IND_ANDHRAPRADESH_CHITTOOR,2014,Kharif,13304.0
Rice,IND_ANDHRAPRADESH_CHITTOOR,2014,Rabi,27661.0
Rice,IND_ANDHRAPRADESH_CHITTOOR,2015,Kharif,9476.0
Rice,IND_ANDHRAPRADESH_CHITTOOR,2015,Rabi,78677.0
Rice,IND_ANDHRAPRADESH_CHITTOOR,2016,Kharif,22905.0
Rice,IND_ANDHRAPRADESH_CHITTOOR,2016,Rabi,23795.0
Rice,IND_ANDHRAPRADESH_CHITTOOR,2017,Kharif,15061.0
Rice,IND_ANDHRAPRADESH_CHITTOOR,2017,Rabi,49751.0
Rice,IND_ANDHRAPRADESH_CHITTOOR,2018,Kharif,17422.0
Rice,IND_ANDHRAPRADESH_CHITTOOR,2018,Rabi,26519.0
Rice,IND_ANDHRAPRADESH_CHITTOOR,2019,Kharif,10664.0
Rice,IND_ANDHRAPRADESH_CHITTOOR,2019,Rabi,43855.0
Rice,IND_ANDHRAPRADESH_EASTGODAVARI,1997,Kharif,214100.0
Rice,IND_ANDHRAPRADESH_EASTGODAVARI,1997,Rabi,154400.0
Rice,IND_ANDHRAPRADESH_EASTGODAVARI,1998,Kharif,256300.0
Rice,IND_ANDHRAPRADESH_EASTGODAVARI,1998,Rabi,157600.0
Rice,IND_ANDHRAPRADESH_EASTGODAVARI,1999,Kharif,244655.0
Rice,IND_ANDHRAPRADESH_EASTGODAVARI,1999,Rabi,161551.0
Rice,IND_ANDHRAPRADESH_EASTGODAVARI,2000,Kharif,253966.0
Rice,IND_ANDHRAPRADESH_EASTGODAVARI,2000,Rabi,162861.0
Rice,IND_ANDHRAPRADESH_EASTGODAVARI,2001,Kharif,220811.0
Rice,IND_ANDHRAPRADESH_EASTGODAVARI,2001,Rabi,165779.0
Rice,IND_ANDHRAPRADESH_EASTGODAVARI,2002,Kharif,194809.0
Rice,IND_ANDHRAPRADESH_EASTGODAVARI,2002,Rabi,106427.0
Rice,IND_ANDHRAPRADESH_EASTGODAVARI,2003,Kharif,234673.0
Rice,IND_ANDHRAPRADESH_EASTGODAVARI,2003,Rabi,165321.0
Rice,IND_ANDHRAPRADESH_EASTGODAVARI,2004,Kharif,224521.0
Rice,IND_ANDHRAPRADESH_EASTGODAVARI,2004,Rabi,162903.0
Rice,IND_ANDHRAPRADESH_EASTGODAVARI,2005,Kharif,217411.0
Rice,IND_ANDHRAPRADESH_EASTGODAVARI,2005,Rabi,170012.0
Rice,IND_ANDHRAPRADESH_EASTGODAVARI,2006,Kharif,227930.0
Rice,IND_ANDHRAPRADESH_EASTGODAVARI,2006,Rabi,168963.0
Rice,IND_ANDHRAPRADESH_EASTGODAVARI,2007,Kharif,242000.0
Rice,IND_ANDHRAPRADESH_EASTGODAVARI,2007,Rabi,169000.0
Rice,IND_ANDHRAPRADESH_EASTGODAVARI,2008,Kharif,240231.0
Rice,IND_ANDHRAPRADESH_EASTGODAVARI,2008,Rabi,169861.0
Rice,IND_ANDHRAPRADESH_EASTGODAVARI,2009,Kharif,202153.0
Rice,IND_ANDHRAPRADESH_EASTGODAVARI,2009,Rabi,104423.0
Rice,IND_ANDHRAPRADESH_EASTGODAVARI,2010,Kharif,237640.0
Rice,IND_ANDHRAPRADESH_EASTGODAVARI,2010,Rabi,172888.0
Rice,IND_ANDHRAPRADESH_EASTGODAVARI,2011,Kharif,197445.0
Rice,IND_ANDHRAPRADESH_EASTGODAVARI,2011,Rabi,139649.0
Rice,IND_ANDHRAPRADESH_EASTGODAVARI,2012,Kharif,232000.0
Rice,IND_ANDHRAPRADESH_EASTGODAVARI,2012,Rabi,169000.0
Rice,IND_ANDHRAPRADESH_EASTGODAVARI,2013,Kharif,235159.0
Rice,IND_ANDHRAPRADESH_EASTGODAVARI,2013,Rabi,169523.0
Rice,IND_ANDHRAPRADESH_EASTGODAVARI,2014,Kharif,226072.0
Rice,IND_ANDHRAPRADESH_EASTGODAVARI,2014,Rabi,168045.0
Rice,IND_ANDHRAPRADESH_EASTGODAVARI,2015,Kharif,227836.0
Rice,IND_ANDHRAPRADESH_EASTGODAVARI,2015,Rabi,153904.0
Rice,IND_ANDHRAPRADESH_EASTGODAVARI,2016,Kharif,220489.0
Rice,IND_ANDHRAPRADESH_EASTGODAVARI,2016,Rabi,163470.0
Rice,IND_ANDHRAPRADESH_EASTGODAVARI,2017,Kharif,225683.0
Rice,IND_ANDHRAPRADESH_EASTGODAVARI,2017,Rabi,160856.0
Rice,IND_ANDHRAPRADESH_EASTGODAVARI,2018,Kharif,222214.0
Rice,IND_ANDHRAPRADESH_EASTGODAVARI,2018,Rabi,163384.0
Rice,IND_ANDHRAPRADESH_EASTGODAVARI,2019,Kharif,221042.0
Rice,IND_ANDHRAPRADESH_EASTGODAVARI,2019,Rabi,166544.0
Rice,IND_ANDHRAPRADESH_GUNTUR,1997,Kharif,295000.0
Rice,IND_ANDHRAPRADESH_GUNTUR,1997,Rabi,14500.0
Rice,IND_ANDHRAPRADESH_GUNTUR,1998,Kharif,298400.0
Rice,IND_ANDHRAPRADESH_GUNTUR,1998,Rabi,29100.0
Rice,IND_ANDHRAPRADESH_GUNTUR,1999,Kharif,302886.0
Rice,IND_ANDHRAPRADESH_GUNTUR,1999,Rabi,14822.0
Rice,IND_ANDHRAPRADESH_GUNTUR,2000,Kharif,292899.0
Rice,IND_ANDHRAPRADESH_GUNTUR,2000,Rabi,12692.0
Rice,IND_ANDHRAPRADESH_GUNTUR,2001,Kharif,272468.0
Rice,IND_ANDHRAPRADESH_GUNTUR,2001,Rabi,44917.0
Rice,IND_ANDHRAPRADESH_GUNTUR,2002,Kharif,202953.0
Rice,IND_ANDHRAPRADESH_GUNTUR,2002,Rabi,2716.0
Rice,IND_ANDHRAPRADESH_GUNTUR,2003,Kharif,170487.0
Rice,IND_ANDHRAPRADESH_GUNTUR,2003,Rabi,5772.0
Rice,IND_ANDHRAPRADESH_GUNTUR,2004,Kharif,240404.0
Rice,IND_ANDHRAPRADESH_GUNTUR,2004,Rabi,21247.0
Rice,IND_ANDHRAPRADESH_GUNTUR,2005,Kharif,288879.0
Rice,IND_ANDHRAPRADESH_GUNTUR,2005,Rabi,31434.0
Rice,IND_ANDHRAPRADESH_GUNTUR,2006,Kharif,288638.0
Rice,IND_ANDHRAPRADESH_GUNTUR,2006,Rabi,28933.0
Rice,IND_ANDHRAPRADESH_GUNTUR,2007,Kharif,283000.0
Rice,IND_ANDHRAPRADESH_GUNTUR,2007,Rabi,24000.0
Rice,IND_ANDHRAPRADESH_GUNTUR,2008,Kharif,281491.0
Rice,IND_ANDHRAPRADESH_GUNTUR,2008,Rabi,51358.0
Rice,IND_ANDHRAPRADESH_GUNTUR,2009,Kharif,190526.0
Rice,IND_ANDHRAPRADESH_GUNTUR,2009,Rabi,112342.0
Rice,IND_ANDHRAPRADESH_GUNTUR,2010,Kharif,271072.0
Rice,IND_ANDHRAPRADESH_GUNTUR,2010,Rabi,58393.0
Rice,IND_ANDHRAPRADESH_GUNTUR,2011,Kharif,281790.0
Rice,IND_ANDHRAPRADESH_GUNTUR,2011,Rabi,11012.0
Rice,IND_ANDHRAPRADESH_GUNTUR,2012,Kharif,175000.0
Rice,IND_ANDHRAPRADESH_GUNTUR,2012,Rabi,8000.0
Rice,IND_ANDHRAPRADESH_GUNTUR,2013,Kharif,280060.0
Rice,IND_ANDHRAPRADESH_GUNTUR,2013,Rabi,48107.0
Rice,IND_ANDHRAPRADESH_GUNTUR,2014,Kharif,255607.0
Rice,IND_ANDHRAPRADESH_GUNTUR,2014,Rabi,29695.0
Rice,IND_ANDHRAPRADESH_GUNTUR,2015,Kharif,160608.0
Rice,IND_ANDHRAPRADESH_GUNTUR,2015,Rabi,2610.0
Rice,IND_ANDHRAPRADESH_GUNTUR,2016,Kharif,163747.0
Rice,IND_ANDHRAPRADESH_GUNTUR,2016,Rabi,12193.0
Rice,IND_ANDHRAPRADESH_GUNTUR,2017,Kharif,183828.0
Rice,IND_ANDHRAPRADESH_GUNTUR,2017,Rabi,18663.0
Rice,IND_ANDHRAPRADESH_GUNTUR,2018,Kharif,216433.0
Rice,IND_ANDHRAPRADESH_GUNTUR,2018,Rabi,30405.0
Rice,IND_ANDHRAPRADESH_GUNTUR,2019,Kharif,220272.0
Rice,IND_ANDHRAPRADESH_GUNTUR,2019,Rabi,26430.0
Rice,IND_ANDHRAPRADESH_HYDERABAD,1997,Kharif,100.0
Rice,IND_ANDHRAPRADESH_HYDERABAD,1997,Rabi,100.0
Rice,IND_ANDHRAPRADESH_HYDERABAD,1998,Kharif,100.0
Rice,IND_ANDHRAPRADESH_HYDERABAD,1998,Rabi,100.0
Rice,IND_ANDHRAPRADESH_HYDERABAD,1999,Kharif,25.0
Rice,IND_ANDHRAPRADESH_HYDERABAD,1999,Rabi,12.0
Rice,IND_ANDHRAPRADESH_HYDERABAD,2000,Kharif,16.0
Rice,IND_ANDHRAPRADESH_KADAPA,1997,Kharif,47700.0
Rice,IND_ANDHRAPRADESH_KADAPA,1997,Rabi,13000.0
Rice,IND_ANDHRAPRADESH_KADAPA,1998,Kharif,59200.0
Rice,IND_ANDHRAPRADESH_KADAPA,1998,Rabi,17000.0
Rice,IND_ANDHRAPRADESH_KADAPA,1999,Kharif,54783.0
Rice,IND_ANDHRAPRADESH_KADAPA,1999,Rabi,6828.0
Rice,IND_ANDHRAPRADESH_KADAPA,2000,Kharif,60412.0
Rice,IND_ANDHRAPRADESH_KADAPA,2000,Rabi,7426.0
Rice,IND_ANDHRAPRADESH_KADAPA,2001,Kharif,38218.0
Rice,IND_ANDHRAPRADESH_KADAPA,2001,Rabi,37550.0
Rice,IND_ANDHRAPRADESH_KADAPA,2002,Kharif,27457.0
Rice,IND_ANDHRAPRADESH_KADAPA,2002,Rabi,9203.0
Rice,IND_ANDHRAPRADESH_KADAPA,2003,Kharif,23356.0
Rice,IND_ANDHRAPRADESH_KADAPA,2003,Rabi,10767.0
Rice,IND_ANDHRAPRADESH_KADAPA,2004,Kharif,46932.0
Rice,IND_ANDHRAPRADESH_KADAPA,2004,Rabi,5689.0
Rice,IND_ANDHRAPRADESH_KADAPA,2005,Kharif,45556.0
Rice,IND_ANDHRAPRADESH_KADAPA,2005,Rabi,21197.0
Rice,IND_ANDHRAPRADESH_KADAPA,2006,Kharif,41908.0
Rice,IND_ANDHRAPRADESH_KADAPA,2006,Rabi,4997.0
Rice,IND_ANDHRAPRADESH_KADAPA,2007,Kharif,45000.0
Rice,IND_ANDHRAPRADESH_KADAPA,2007,Rabi,17000.0
Rice,IND_ANDHRAPRADESH_KADAPA,2008,Kharif,50183.0
Rice,IND_ANDHRAPRADESH_KADAPA,2008,Rabi,14883.0
Rice,IND_ANDHRAPRADESH_KADAPA,2009,Kharif,52423.0
Rice,IND_ANDHRAPRADESH_KADAPA,2009,Rabi,12894.0
Rice,IND_ANDHRAPRADESH_KADAPA,2010,Kharif,53345.0
Rice,IND_ANDHRAPRADESH_KADAPA,2010,Rabi,17037.0
Rice,IND_ANDHRAPRADESH_KADAPA,2011,Kharif,47290.0
Rice,IND_ANDHRAPRADESH_KADAPA,2011,Rabi,6606.0
Rice,IND_ANDHRAPRADESH_KADAPA,2012,Kharif,24000.0
Rice,IND_ANDHRAPRADESH_KADAPA,2012,Rabi,7000.0
Rice,IND_ANDHRAPRADESH_KADAPA,2013,Kharif,51753.0
Rice,IND_ANDHRAPRADESH_KADAPA,2013,Rabi,10959.0
Rice,IND_ANDHRAPRADESH_KADAPA,2014,Kharif,42124.0
Rice,IND_ANDHRAPRADESH_KADAPA,2014,Rabi,3761.0
Rice,IND_ANDHRAPRADESH_KADAPA,2015,Kharif,18625.0
Rice,IND_ANDHRAPRADESH_KADAPA,2015,Rabi,21638.0
Rice,IND_ANDHRAPRADESH_KADAPA,2016,Kharif,44388.0
Rice,IND_ANDHRAPRADESH_KADAPA,2016,Rabi,5941.0
Rice,IND_ANDHRAPRADESH_KADAPA,2017,Kharif,30717.0
Rice,IND_ANDHRAPRADESH_KADAPA,2017,Rabi,24262.0
Rice,IND_ANDHRAPRADESH_KADAPA,2018,Kharif,39041.0
Rice,IND_ANDHRAPRADESH_KADAPA,2018,Rabi,6799.0
Rice,IND_ANDHRAPRADESH_KADAPA,2019,Kharif,32647.0
Rice,IND_ANDHRAPRADESH_KADAPA,2019,Rabi,9162.0
Rice,IND_ANDHRAPRADESH_KARIMNAGAR,1997,Kharif,103000.0
Rice,IND_ANDHRAPRADESH_KARIMNAGAR,1997,Rabi,67600.0
Rice,IND_ANDHRAPRADESH_KARIMNAGAR,1998,Kharif,135000.0
Rice,IND_ANDHRAPRADESH_KARIMNAGAR,1998,Rabi,123300.0
Rice,IND_ANDHRAPRADESH_KARIMNAGAR,1999,Kharif,140930.0
Rice,IND_ANDHRAPRADESH_KARIMNAGAR,1999,Rabi,91605.0
Rice,IND_ANDHRAPRADESH_KARIMNAGAR,2000,Kharif,162729.0
Rice,IND_ANDHRAPRADESH_KARIMNAGAR,2000,Rabi,108608.0
Rice,IND_ANDHRAPRADESH_KARIMNAGAR,2001,Kharif,141154.0
Rice,IND_ANDHRAPRADESH_KARIMNAGAR,2001,Rabi,103207.0
Rice,IND_ANDHRAPRADESH_KARIMNAGAR,2002,Kharif,133365.0
Rice,IND_ANDHRAPRADESH_KARIMNAGAR,2002,Rabi,48545.0
Rice,IND_ANDHRAPRADESH_KARIMNAGAR,2003,Kharif,122858.0
Rice,IND_ANDHRAPRADESH_KARIMNAGAR,2003,Rabi,64718.0
Rice,IND_ANDHRAPRADESH_KARIMNAGAR,2004,Kharif,65453.0
Rice,IND_ANDHRAPRADESH_KARIMNAGAR,2004,Rabi,18182.0
Rice,IND_ANDHRAPRADESH_KARIMNAGAR,2005,Kharif,146979.0
Rice,IND_ANDHRAPRADESH_KARIMNAGAR,2005,Rabi,119417.0
Rice,IND_ANDHRAPRADESH_KARIMNAGAR,2006,Kharif,166750.0
Rice,IND_ANDHRAPRADESH_KARIMNAGAR,2006,Rabi,166759.0
Rice,IND_ANDHRAPRADESH_KARIMNAGAR,2007,Kharif,130000.0
Rice,IND_ANDHRAPRADESH_KARIMNAGAR,2007,Rabi,152000.0
Rice,IND_ANDHRAPRADESH_KARIMNAGAR,2008,Kharif,160406.0
Rice,IND_ANDHRAPRADESH_KARIMNAGAR,2008,Rabi,175551.0
Rice,IND_ANDHRAPRADESH_KARIMNAGAR,2009,Kharif,84886.0
Rice,IND_ANDHRAPRADESH_KARIMNAGAR,2009,Rabi,77439.0
Rice,IND_ANDHRAPRADESH_KARIMNAGAR,2010,Kharif,159548.0
Rice,IND_ANDHRAPRADESH_KARIMNAGAR,2010,Rabi,221971.0
Rice,IND_ANDHRAPRADESH_KARIMNAGAR,2011,Kharif,185727.0
Rice,IND_ANDHRAPRADESH_KARIMNAGAR,2011,Rabi,157649.0
Rice,IND_ANDHRAPRADESH_KARIMNAGAR,2012,Kharif,178000.0
Rice,IND_ANDHRAPRADESH_KARIMNAGAR,2012,Rabi,111000.0
Rice,IND_ANDHRAPRADESH_KHAMMAM,1997,Kharif,121100.0
Rice,IND_ANDHRAPRADESH_KHAMMAM,1997,Rabi,8600.0
Rice,IND_ANDHRAPRADESH_KHAMMAM,1998,Kharif,160700.0
Rice,IND_ANDHRAPRADESH_KHAMMAM,1998,Rabi,24900.0
Rice,IND_ANDHRAPRADESH_KHAMMAM,1999,Kharif,166514.0
Rice,IND_ANDHRAPRADESH_KHAMMAM,1999,Rabi,11001.0
Rice,IND_ANDHRAPRADESH_KHAMMAM,2000,Kharif,172538.0
Rice,IND_ANDHRAPRADESH_KHAMMAM,2000,Rabi,10773.0
Rice,IND_ANDHRAPRADESH_KHAMMAM,2001,Kharif,98756.0
Rice,IND_ANDHRAPRADESH_KHAMMAM,2001,Rabi,39506.0
Rice,IND_ANDHRAPRADESH_KHAMMAM,2002,Kharif,98920.0
Rice,IND_ANDHRAPRADESH_KHAMMAM,2002,Rabi,4974.0
Rice,IND_ANDHRAPRADESH_KHAMMAM,2003,Kharif,130159.0
Rice,IND_ANDHRAPRADESH_KHAMMAM,2003,Rabi,11949.0
Rice,IND_ANDHRAPRADESH_KHAMMAM,2004,Kharif,136374.0
Rice,IND_ANDHRAPRADESH_KHAMMAM,2004,Rabi,26222.0
Rice,IND_ANDHRAPRADESH_KHAMMAM,2005,Kharif,159480.0
Rice,IND_ANDHRAPRADESH_KHAMMAM,2005,Rabi,40611.0
Rice,IND_ANDHRAPRADESH_KHAMMAM,2006,Kharif,155691.0
Rice,IND_ANDHRAPRADESH_KHAMMAM,2006,Rabi,22510.0
Rice,IND_ANDHRAPRADESH_KHAMMAM,2007,Kharif,146000.0
Rice,IND_ANDHRAPRADESH_KHAMMAM,2007,Rabi,30000.0
Rice,IND_ANDHRAPRADESH_KHAMMAM,2008,Kharif,158279.0
Rice,IND_ANDHRAPRADESH_KHAMMAM,2008,Rabi,36520.0
Rice,IND_ANDHRAPRADESH_KHAMMAM,2009,Kharif,48475.0
Rice,IND_ANDHRAPRADESH_KHAMMAM,2009,Rabi,54625.0
Rice,IND_ANDHRAPRADESH_KHAMMAM,2010,Kharif,167037.0
Rice,IND_ANDHRAPRADESH_KHAMMAM,2010,Rabi,51215.0
Rice,IND_ANDHRAPRADESH_KHAMMAM,2011,Kharif,150051.0
Rice,IND_ANDHRAPRADESH_KHAMMAM,2011,Rabi,15263.0
Rice,IND_ANDHRAPRADESH_KHAMMAM,2012,Kharif,136000.0
Rice,IND_ANDHRAPRADESH_KHAMMAM,2012,Rabi,18000.0
Rice,IND_ANDHRAPRADESH_KRISHNA,1997,Kharif,257900.0
Rice,IND_ANDHRAPRADESH_KRISHNA,1997,Rabi,116300.0
Rice,IND_ANDHRAPRADESH_KRISHNA,1998,Kharif,280800.0
Rice,IND_ANDHRAPRADESH_KRISHNA,1998,Rabi,134500.0
Rice,IND_ANDHRAPRADESH_KRISHNA,1999,Kharif,278415.0
Rice,IND_ANDHRAPRADESH_KRISHNA,1999,Rabi,127888.0
Rice,IND_ANDHRAPRADESH_KRISHNA,2000,Kharif,281343.0
Rice,IND_ANDHRAPRADESH_KRISHNA,2000,Rabi,112917.0
Rice,IND_ANDHRAPRADESH_KRISHNA,2001,Kharif,245114.0
Rice,IND_ANDHRAPRADESH_KRISHNA,2001,Rabi,98472.0
Rice,IND_ANDHRAPRADESH_KRISHNA,2002,Kharif,243910.0
Rice,IND_ANDHRAPRADESH_KRISHNA,2002,Rabi,2185.0
Rice,IND_ANDHRAPRADESH_KRISHNA,2003,Kharif,222367.0
Rice,IND_ANDHRAPRADESH_KRISHNA,2003,Rabi,7486.0
Rice,IND_ANDHRAPRADESH_KRISHNA,2004,Kharif,245306.0
Rice,IND_ANDHRAPRADESH_KRISHNA,2004,Rabi,10017.0
Rice,IND_ANDHRAPRADESH_KRISHNA,2005,Kharif,254919.0
Rice,IND_ANDHRAPRADESH_KRISHNA,2005,Rabi,104332.0
Rice,IND_ANDHRAPRADESH_KRISHNA,2006,Kharif,251433.0
Rice,IND_ANDHRAPRADESH_KRISHNA,2006,Rabi,94862.0
Rice,IND_ANDHRAPRADESH_KRISHNA,2007,Kharif,261000.0
Rice,IND_ANDHRAPRADESH_KRISHNA,2007,Rabi,94000.0
Rice,IND_ANDHRAPRADESH_KRISHNA,2008,Kharif,273878.0
Rice,IND_ANDHRAPRADESH_KRISHNA,2008,Rabi,120655.0
Rice,IND_ANDHRAPRADESH_KRISHNA,2009,Kharif,228196.0
Rice,IND_ANDHRAPRADESH_KRISHNA,2009,Rabi,108442.0
Rice,IND_ANDHRAPRADESH_KRISHNA,2010,Kharif,260350.0
Rice,IND_ANDHRAPRADESH_KRISHNA,2010,Rabi,94991.0
Rice,IND_ANDHRAPRADESH_KRISHNA,2011,Kharif,262826.0
Rice,IND_ANDHRAPRADESH_KRISHNA,2011,Rabi,9203.0
Rice,IND_ANDHRAPRADESH_KRISHNA,2012,Kharif,253000.0
Rice,IND_ANDHRAPRADESH_KRISHNA,2012,Rabi,11000.0
Rice,IND_ANDHRAPRADESH_KRISHNA,2013,Kharif,264371.0
Rice,IND_ANDHRAPRADESH_KRISHNA,2013,Rabi,98951.0
Rice,IND_ANDHRAPRADESH_KRISHNA,2014,Kharif,235212.0
Rice,IND_ANDHRAPRADESH_KRISHNA,2014,Rabi,52830.0
Rice,IND_ANDHRAPRADESH_KRISHNA,2015,Kharif,210818.0
Rice,IND_ANDHRAPRADESH_KRISHNA,2015,Rabi,9861.0
Rice,IND_ANDHRAPRADESH_KRISHNA,2016,Kharif,215895.0
Rice,IND_ANDHRAPRADESH_KRISHNA,2016,Rabi,15514.0
Rice,IND_ANDHRAPRADESH_KRISHNA,2017,Kharif,235984.0
Rice,IND_ANDHRAPRADESH_KRISHNA,2017,Rabi,22744.0
Rice,IND_ANDHRAPRADESH_KRISHNA,2018,Kharif,245815.0
Rice,IND_ANDHRAPRADESH_KRISHNA,2018,Rabi,28199.0
Rice,IND_ANDHRAPRADESH_KRISHNA,2019,Kharif,243863.0
Rice,IND_ANDHRAPRADESH_KRISHNA,2019,Rabi,71173.0
Rice,IND_ANDHRAPRADESH_KURNOOL,1997,Kharif,66300.0
Rice,IND_ANDHRAPRADESH_KURNOOL,1997,Rabi,9000.0
Rice,IND_ANDHRAPRADESH_KURNOOL,1998,Kharif,75100.0
Rice,IND_ANDHRAPRADESH_KURNOOL,1998,Rabi,20900.0
Rice,IND_ANDHRAPRADESH_KURNOOL,1999,Kharif,81640.0
Rice,IND_ANDHRAPRADESH_KURNOOL,1999,Rabi,12430.0
Rice,IND_ANDHRAPRADESH_KURNOOL,2000,Kharif,93188.0
Rice,IND_ANDHRAPRADESH_KURNOOL,2000,Rabi,13909.0
Rice,IND_ANDHRAPRADESH_KURNOOL,2001,Kharif,43617.0
Rice,IND_ANDHRAPRADESH_KURNOOL,2001,Rabi,38162.0
Rice,IND_ANDHRAPRADESH_KURNOOL,2002,Kharif,47948.0
Rice,IND_ANDHRAPRADESH_KURNOOL,2002,Rabi,10974.0
Rice,IND_ANDHRAPRADESH_KURNOOL,2003,Kharif,34618.0
Rice,IND_ANDHRAPRADESH_KURNOOL,2003,Rabi,4966.0
Rice,IND_ANDHRAPRADESH_KURNOOL,2004,Kharif,61465.0
Rice,IND_ANDHRAPRADESH_KURNOOL,2004,Rabi,12058.0
Rice,IND_ANDHRAPRADESH_KURNOOL,2005,Kharif,88555.0
Rice,IND_ANDHRAPRADESH_KURNOOL,2005,Rabi,20079.0
Rice,IND_ANDHRAPRADESH_KURNOOL,2006,Kharif,80692.0
Rice,IND_ANDHRAPRADESH_KURNOOL,2006,Rabi,12475.0
Rice,IND_ANDHRAPRADESH_KURNOOL,2007,Kharif,90000.0
Rice,IND_ANDHRAPRADESH_KURNOOL,2007,Rabi,19000.0
Rice,IND_ANDHRAPRADESH_KURNOOL,2008,Kharif,84066.0
Rice,IND_ANDHRAPRADESH_KURNOOL,2008,Rabi,27383.0
Rice,IND_ANDHRAPRADESH_KURNOOL,2009,Kharif,81908.0
Rice,IND_ANDHRAPRADESH_KURNOOL,2009,Rabi,44772.0
Rice,IND_ANDHRAPRADESH_KURNOOL,2010,Kharif,104110.0
Rice,IND_ANDHRAPRADESH_KURNOOL,2010,Rabi,32967.0
Rice,IND_ANDHRAPRADESH_KURNOOL,2011,Kharif,91984.0
Rice,IND_ANDHRAPRADESH_KURNOOL,2011,Rabi,14738.0
Rice,IND_ANDHRAPRADESH_KURNOOL,2012,Kharif,72000.0
Rice,IND_ANDHRAPRADESH_KURNOOL,2012,Rabi,17000.0
Rice,IND_ANDHRAPRADESH_KURNOOL,2013,Kharif,92596.0
Rice,IND_ANDHRAPRADESH_KURNOOL,2013,Rabi,32298.0
Rice,IND_ANDHRAPRADESH_KURNOOL,2014,Kharif,91569.0
Rice,IND_ANDHRAPRADESH_KURNOOL,2014,Rabi,23329.0
Rice,IND_ANDHRAPRADESH_KURNOOL,2015,Kharif,46316.0
Rice,IND_ANDHRAPRADESH_KURNOOL,2015,Rabi,9276.0
Rice,IND_ANDHRAPRADESH_KURNOOL,2016,Kharif,79264.0
Rice,IND_ANDHRAPRADESH_KURNOOL,2016,Rabi,29451.0
Rice,IND_ANDHRAPRADESH_KURNOOL,2017,Kharif,59592.0
Rice,IND_ANDHRAPRADESH_KURNOOL,2017,Rabi,42498.0
Rice,IND_ANDHRAPRADESH_KURNOOL,2018,Kharif,88858.0
Rice,IND_ANDHRAPRADESH_KURNOOL,2018,Rabi,21039.0
Rice,IND_ANDHRAPRADESH_KURNOOL,2019,Kharif,82759.0
Rice,IND_ANDHRAPRADESH_KURNOOL,2019,Rabi,38714.0
Rice,IND_ANDHRAPRADESH_MAHBUBNAGAR,1997,Kharif,53200.0
Rice,IND_ANDHRAPRADESH_MAHBUBNAGAR,1997,Rabi,39800.0
Rice,IND_ANDHRAPRADESH_MAHBUBNAGAR,1998,Kharif,72100.0
Rice,IND_ANDHRAPRADESH_MAHBUBNAGAR,1998,Rabi,74700.0
Rice,IND_ANDHRAPRADESH_MAHBUBNAGAR,1999,Kharif,92732.0
Rice,IND_ANDHRAPRADESH_MAHBUBNAGAR,1999,Rabi,40342.0
Rice,IND_ANDHRAPRADESH_MAHBUBNAGAR,2000,Kharif,116763.0
Rice,IND_ANDHRAPRADESH_MAHBUBNAGAR,2000,Rabi,49701.0
Rice,IND_ANDHRAPRADESH_MAHBUBNAGAR,2001,Kharif,76057.0
Rice,IND_ANDHRAPRADESH_MAHBUBNAGAR,2001,Rabi,61122.0
Rice,IND_ANDHRAPRADESH_MAHBUBNAGAR,2002,Kharif,76711.0
Rice,IND_ANDHRAPRADESH_MAHBUBNAGAR,2002,Rabi,33636.0
Rice,IND_ANDHRAPRADESH_MAHBUBNAGAR,2003,Kharif,66350.0
Rice,IND_ANDHRAPRADESH_MAHBUBNAGAR,2003,Rabi,33146.0
Rice,IND_ANDHRAPRADESH_MAHBUBNAGAR,2004,Kharif,58491.0
Rice,IND_ANDHRAPRADESH_MAHBUBNAGAR,2004,Rabi,25314.0
Rice,IND_ANDHRAPRADESH_MAHBUBNAGAR,2005,Kharif,73651.0
Rice,IND_ANDHRAPRADESH_MAHBUBNAGAR,2005,Rabi,54500.0
Rice,IND_ANDHRAPRADESH_MAHBUBNAGAR,2006,Kharif,74466.0
Rice,IND_ANDHRAPRADESH_MAHBUBNAGAR,2006,Rabi,35176.0
Rice,IND_ANDHRAPRADESH_MAHBUBNAGAR,2007,Kharif,102000.0
Rice,IND_ANDHRAPRADESH_MAHBUBNAGAR,2007,Rabi,46000.0
Rice,IND_ANDHRAPRADESH_MAHBUBNAGAR,2008,Kharif,96411.0
Rice,IND_ANDHRAPRADESH_MAHBUBNAGAR,2008,Rabi,48322.0
Rice,IND_ANDHRAPRADESH_MAHBUBNAGAR,2009,Kharif,95390.0
Rice,IND_ANDHRAPRADESH_MAHBUBNAGAR,2009,Rabi,68468.0
Rice,IND_ANDHRAPRADESH_MAHBUBNAGAR,2010,Kharif,130411.0
Rice,IND_ANDHRAPRADESH_MAHBUBNAGAR,2010,Rabi,66287.0
Rice,IND_ANDHRAPRADESH_MAHBUBNAGAR,2011,Kharif,120826.0
Rice,IND_ANDHRAPRADESH_MAHBUBNAGAR,2011,Rabi,51242.0
Rice,IND_ANDHRAPRADESH_MAHBUBNAGAR,2012,Kharif,97000.0
Rice,IND_ANDHRAPRADESH_MAHBUBNAGAR,2012,Rabi,45000.0
Rice,IND_ANDHRAPRADESH_MEDAK,1997,Kharif,47700.0
Rice,IND_ANDHRAPRADESH_MEDAK,1997,Rabi,25700.0
Rice,IND_ANDHRAPRADESH_MEDAK,1998,Kharif,70700.0
Rice,IND_ANDHRAPRADESH_MEDAK,1998,Rabi,52100.0
Rice,IND_ANDHRAPRADESH_MEDAK,1999,Kharif,78489.0
Rice,IND_ANDHRAPRADESH_MEDAK,1999,Rabi,34338.0
Rice,IND_ANDHRAPRADESH_MEDAK,2000,Kharif,85328.0
Rice,IND_ANDHRAPRADESH_MEDAK,2000,Rabi,37841.0
Rice,IND_ANDHRAPRADESH_MEDAK,2001,Kharif,76008.0
Rice,IND_ANDHRAPRADESH_MEDAK,2001,Rabi,32440.0
Rice,IND_ANDHRAPRADESH_MEDAK,2002,Kharif,59589.0
Rice,IND_ANDHRAPRADESH_MEDAK,2002,Rabi,17738.0
Rice,IND_ANDHRAPRADESH_MEDAK,2003,Kharif,63923.0
Rice,IND_ANDHRAPRADESH_MEDAK,2003,Rabi,22380.0
Rice,IND_ANDHRAPRADESH_MEDAK,2004,Kharif,49327.0
Rice,IND_ANDHRAPRADESH_MEDAK,2004,Rabi,13134.0
Rice,IND_ANDHRAPRADESH_MEDAK,2005,Kharif,59452.0
Rice,IND_ANDHRAPRADESH_MEDAK,2005,Rabi,25821.0
Rice,IND_ANDHRAPRADESH_MEDAK,2006,Kharif,63532.0
Rice,IND_ANDHRAPRADESH_MEDAK,2006,Rabi,38446.0
Rice,IND_ANDHRAPRADESH_MEDAK,2007,Kharif,58000.0
Rice,IND_ANDHRAPRADESH_MEDAK,2007,Rabi,35000.0
Rice,IND_ANDHRAPRADESH_MEDAK,2008,Kharif,78658.0
Rice,IND_ANDHRAPRADESH_MEDAK,2008,Rabi,45254.0
Rice,IND_ANDHRAPRADESH_MEDAK,2009,Kharif,49470.0
Rice,IND_ANDHRAPRADESH_MEDAK,2009,Rabi,33645.0
Rice,IND_ANDHRAPRADESH_MEDAK,2010,Kharif,81914.0
Rice,IND_ANDHRAPRADESH_MEDAK,2010,Rabi,62644.0
Rice,IND_ANDHRAPRADESH_MEDAK,2011,Kharif,90400.0
Rice,IND_ANDHRAPRADESH_MEDAK,2011,Rabi,46632.0
Rice,IND_ANDHRAPRADESH_MEDAK,2012,Kharif,76000.0
Rice,IND_ANDHRAPRADESH_MEDAK,2012,Rabi,34000.0
Rice,IND_ANDHRAPRADESH_NALGONDA,1997,Kharif,149100.0
Rice,IND_ANDHRAPRADESH_NALGONDA,1997,Rabi,62600.0
Rice,IND_ANDHRAPRADESH_NALGONDA,1998,Kharif,164300.0
Rice,IND_ANDHRAPRADESH_NALGONDA,1998,Rabi,153700.0
Rice,IND_ANDHRAPRADESH_NALGONDA,1999,Kharif,175702.0
Rice,IND_ANDHRAPRADESH_NALGONDA,1999,Rabi,63295.0
Rice,IND_ANDHRAPRADESH_NALGONDA,2000,Kharif,176488.0
Rice,IND_ANDHRAPRADESH_NALGONDA,2000,Rabi,85813.0
Rice,IND_ANDHRAPRADESH_NALGONDA,2001,Kharif,142660.0
Rice,IND_ANDHRAPRADESH_NALGONDA,2001,Rabi,76927.0
Rice,IND_ANDHRAPRADESH_NALGONDA,2002,Kharif,94008.0
Rice,IND_ANDHRAPRADESH_NALGONDA,2002,Rabi,37660.0
Rice,IND_ANDHRAPRADESH_NALGONDA,2003,Kharif,62982.0
Rice,IND_ANDHRAPRADESH_NALGONDA,2003,Rabi,60026.0
Rice,IND_ANDHRAPRADESH_NALGONDA,2004,Kharif,117401.0
Rice,IND_ANDHRAPRADESH_NALGONDA,2004,Rabi,75291.0
Rice,IND_ANDHRAPRADESH_NALGONDA,2005,Kharif,160332.0
Rice,IND_ANDHRAPRADESH_NALGONDA,2005,Rabi,150365.0
Rice,IND_ANDHRAPRADESH_NALGONDA,2006,Kharif,160003.0
Rice,IND_ANDHRAPRADESH_NALGONDA,2006,Rabi,124273.0
Rice,IND_ANDHRAPRADESH_NALGONDA,2007,Kharif,163000.0
Rice,IND_ANDHRAPRADESH_NALGONDA,2007,Rabi,148000.0
Rice,IND_ANDHRAPRADESH_NALGONDA,2008,Kharif,193718.0
Rice,IND_ANDHRAPRADESH_NALGONDA,2008,Rabi,168094.0
Rice,IND_ANDHRAPRADESH_NALGONDA,2009,Kharif,98690.0
Rice,IND_ANDHRAPRADESH_NALGONDA,2009,Rabi,174740.0
Rice,IND_ANDHRAPRADESH_NALGONDA,2010,Kharif,206149.0
Rice,IND_ANDHRAPRADESH_NALGONDA,2010,Rabi,199166.0
Rice,IND_ANDHRAPRADESH_NALGONDA,2011,Kharif,216547.0
Rice,IND_ANDHRAPRADESH_NALGONDA,2011,Rabi,111214.0
Rice,IND_ANDHRAPRADESH_NALGONDA,2012,Kharif,117000.0
Rice,IND_ANDHRAPRADESH_NALGONDA,2012,Rabi,91000.0
Rice,IND_ANDHRAPRADESH_NIZAMABAD,1997,Kharif,81600.0
Rice,IND_ANDHRAPRADESH_NIZAMABAD,1997,Rabi,20600.0
Rice,IND_ANDHRAPRADESH_NIZAMABAD,1998,Kharif,108400.0
Rice,IND_ANDHRAPRADESH_NIZAMABAD,1998,Rabi,50100.0
Rice,IND_ANDHRAPRADESH_NIZAMABAD,1999,Kharif,115922.0
Rice,IND_ANDHRAPRADESH_NIZAMABAD,1999,Rabi,54336.0
Rice,IND_ANDHRAPRADESH_NIZAMABAD,2000,Kharif,130502.0
Rice,IND_ANDHRAPRADESH_NIZAMABAD,2000,Rabi,50212.0
Rice,IND_ANDHRAPRADESH_NIZAMABAD,2001,Kharif,122016.0
Rice,IND_ANDHRAPRADESH_NIZAMABAD,2001,Rabi,36156.0
Rice,IND_ANDHRAPRADESH_NIZAMABAD,2002,Kharif,89863.0
Rice,IND_ANDHRAPRADESH_NIZAMABAD,2002,Rabi,17668.0
Rice,IND_ANDHRAPRADESH_NIZAMABAD,2003,Kharif,73668.0
Rice,IND_ANDHRAPRADESH_NIZAMABAD,2003,Rabi,17702.0
Rice,IND_ANDHRAPRADESH_NIZAMABAD,2004,Kharif,60268.0
Rice,IND_ANDHRAPRADESH_NIZAMABAD,2004,Rabi,13127.0
Rice,IND_ANDHRAPRADESH_NIZAMABAD,2005,Kharif,98831.0
Rice,IND_ANDHRAPRADESH_NIZAMABAD,2005,Rabi,50708.0
Rice,IND_ANDHRAPRADESH_NIZAMABAD,2006,Kharif,114358.0
Rice,IND_ANDHRAPRADESH_NIZAMABAD,2006,Rabi,53292.0
Rice,IND_ANDHRAPRADESH_NIZAMABAD,2007,Kharif,71000.0
Rice,IND_ANDHRAPRADESH_NIZAMABAD,2007,Rabi,57000.0
Rice,IND_ANDHRAPRADESH_NIZAMABAD,2008,Kharif,111687.0
Rice,IND_ANDHRAPRADESH_NIZAMABAD,2008,Rabi,78339.0
Rice,IND_ANDHRAPRADESH_NIZAMABAD,2009,Kharif,75732.0
Rice,IND_ANDHRAPRADESH_NIZAMABAD,2009,Rabi,45538.0
Rice,IND_ANDHRAPRADESH_NIZAMABAD,2010,Kharif,116729.0
Rice,IND_ANDHRAPRADESH_NIZAMABAD,2010,Rabi,104894.0
Rice,IND_ANDHRAPRADESH_NIZAMABAD,2011,Kharif,149497.0
Rice,IND_ANDHRAPRADESH_NIZAMABAD,2011,Rabi,110314.0
Rice,IND_ANDHRAPRADESH_NIZAMABAD,2012,Kharif,129000.0
Rice,IND_ANDHRAPRADESH_NIZAMABAD,2012,Rabi,64000.0
Rice,IND_ANDHRAPRADESH_PRAKASAM,1997,Kharif,62000.0
Rice,IND_ANDHRAPRADESH_PRAKASAM,1997,Rabi,74200.0
Rice,IND_ANDHRAPRADESH_PRAKASAM,1998,Kharif,72100.0
Rice,IND_ANDHRAPRADESH_PRAKASAM,1998,Rabi,73800.0
Rice,IND_ANDHRAPRADESH_PRAKASAM,1999,Kharif,70189.0
Rice,IND_ANDHRAPRADESH_PRAKASAM,1999,Rabi,54885.0
Rice,IND_ANDHRAPRADESH_PRAKASAM,2000,Kharif,50601.0
Rice,IND_ANDHRAPRADESH_PRAKASAM,2000,Rabi,96893.0
Rice,IND_ANDHRAPRADESH_PRAKASAM,2001,Kharif,40841.0
Rice,IND_ANDHRAPRADESH_PRAKASAM,2001,Rabi,106540.0
Rice,IND_ANDHRAPRADESH_PRAKASAM,2002,Kharif,19256.0
Rice,IND_ANDHRAPRADESH_PRAKASAM,2002,Rabi,46223.0
Rice,IND_ANDHRAPRADESH_PRAKASAM,2003,Kharif,14621.0
Rice,IND_ANDHRAPRADESH_PRAKASAM,2003,Rabi,31497.0
Rice,IND_ANDHRAPRADESH_PRAKASAM,2004,Kharif,27435.0
Rice,IND_ANDHRAPRADESH_PRAKASAM,2004,Rabi,66134.0
Rice,IND_ANDHRAPRADESH_PRAKASAM,2005,Kharif,54390.0
Rice,IND_ANDHRAPRADESH_PRAKASAM,2005,Rabi,95020.0
Rice,IND_ANDHRAPRADESH_PRAKASAM,2006,Kharif,41191.0
Rice,IND_ANDHRAPRADESH_PRAKASAM,2006,Rabi,79875.0
Rice,IND_ANDHRAPRADESH_PRAKASAM,2007,Kharif,47000.0
Rice,IND_ANDHRAPRADESH_PRAKASAM,2007,Rabi,80000.0
Rice,IND_ANDHRAPRADESH_PRAKASAM,2008,Kharif,47434.0
Rice,IND_ANDHRAPRADESH_PRAKASAM,2008,Rabi,83957.0
Rice,IND_ANDHRAPRADESH_PRAKASAM,2009,Kharif,32959.0
Rice,IND_ANDHRAPRADESH_PRAKASAM,2009,Rabi,96240.0
Rice,IND_ANDHRAPRADESH_PRAKASAM,2010,Kharif,48878.0
Rice,IND_ANDHRAPRADESH_PRAKASAM,2010,Rabi,107903.0
Rice,IND_ANDHRAPRADESH_PRAKASAM,2011,Kharif,39122.0
Rice,IND_ANDHRAPRADESH_PRAKASAM,2011,Rabi,79396.0
Rice,IND_ANDHRAPRADESH_PRAKASAM,2012,Kharif,18000.0
Rice,IND_ANDHRAPRADESH_PRAKASAM,2012,Rabi,34000.0
Rice,IND_ANDHRAPRADESH_PRAKASAM,2013,Kharif,58034.0
Rice,IND_ANDHRAPRADESH_PRAKASAM,2013,Rabi,80544.0
Rice,IND_ANDHRAPRADESH_PRAKASAM,2014,Kharif,31764.0
Rice,IND_ANDHRAPRADESH_PRAKASAM,2014,Rabi,73533.0
Rice,IND_ANDHRAPRADESH_PRAKASAM,2015,Kharif,14187.0
Rice,IND_ANDHRAPRADESH_PRAKASAM,2015,Rabi,30198.0
Rice,IND_ANDHRAPRADESH_PRAKASAM,2016,Kharif,19297.0
Rice,IND_ANDHRAPRADESH_PRAKASAM,2016,Rabi,20775.0
Rice,IND_ANDHRAPRADESH_PRAKASAM,2017,Kharif,27547.0
Rice,IND_ANDHRAPRADESH_PRAKASAM,2017,Rabi,19806.0
Rice,IND_ANDHRAPRADESH_PRAKASAM,2018,Kharif,27778.0
Rice,IND_ANDHRAPRADESH_PRAKASAM,2018,Rabi,37490.0
Rice,IND_ANDHRAPRADESH_PRAKASAM,2019,Kharif,29872.0
Rice,IND_ANDHRAPRADESH_PRAKASAM,2019,Rabi,50503.0
Rice,IND_ANDHRAPRADESH_RANGAREDDI,1997,Kharif,24000.0
Rice,IND_ANDHRAPRADESH_RANGAREDDI,1997,Rabi,15700.0
Rice,IND_ANDHRAPRADESH_RANGAREDDI,1998,Kharif,30200.0
Rice,IND_ANDHRAPRADESH_RANGAREDDI,1998,Rabi,29800.0
Rice,IND_ANDHRAPRADESH_RANGAREDDI,1999,Kharif,34109.0
Rice,IND_ANDHRAPRADESH_RANGAREDDI,1999,Rabi,19140.0
Rice,IND_ANDHRAPRADESH_RANGAREDDI,2000,Kharif,39103.0
Rice,IND_ANDHRAPRADESH_RANGAREDDI,2000,Rabi,18996.0
Rice,IND_ANDHRAPRADESH_RANGAREDDI,2001,Kharif,25102.0
Rice,IND_ANDHRAPRADESH_RANGAREDDI,2001,Rabi,21614.0
Rice,IND_ANDHRAPRADESH_RANGAREDDI,2002,Kharif,20618.0
Rice,IND_ANDHRAPRADESH_RANGAREDDI,2002,Rabi,9642.0
Rice,IND_ANDHRAPRADESH_RANGAREDDI,2003,Kharif,21939.0
Rice,IND_ANDHRAPRADESH_RANGAREDDI,2003,Rabi,14360.0
Rice,IND_ANDHRAPRADESH_RANGAREDDI,2004,Kharif,19504.0
Rice,IND_ANDHRAPRADESH_RANGAREDDI,2004,Rabi,10487.0
Rice,IND_ANDHRAPRADESH_RANGAREDDI,2005,Kharif,23600.0
Rice,IND_ANDHRAPRADESH_RANGAREDDI,2005,Rabi,16656.0
Rice,IND_ANDHRAPRADESH_RANGAREDDI,2006,Kharif,20010.0
Rice,IND_ANDHRAPRADESH_RANGAREDDI,2006,Rabi,11044.0
Rice,IND_ANDHRAPRADESH_RANGAREDDI,2007,Kharif,19000.0
Rice,IND_ANDHRAPRADESH_RANGAREDDI,2007,Rabi,12000.0
Rice,IND_ANDHRAPRADESH_RANGAREDDI,2008,Kharif,19183.0
Rice,IND_ANDHRAPRADESH_RANGAREDDI,2008,Rabi,12917.0
Rice,IND_ANDHRAPRADESH_RANGAREDDI,2009,Kharif,20022.0
Rice,IND_ANDHRAPRADESH_RANGAREDDI,2009,Rabi,15340.0
Rice,IND_ANDHRAPRADESH_RANGAREDDI,2010,Kharif,30985.0
Rice,IND_ANDHRAPRADESH_RANGAREDDI,2010,Rabi,21375.0
Rice,IND_ANDHRAPRADESH_RANGAREDDI,2011,Kharif,29334.0
Rice,IND_ANDHRAPRADESH_RANGAREDDI,2011,Rabi,14333.0
Rice,IND_ANDHRAPRADESH_RANGAREDDI,2012,Kharif,29000.0
Rice,IND_ANDHRAPRADESH_RANGAREDDI,2012,Rabi,12000.0
Rice,IND_ANDHRAPRADESH_SPSRNELLORE,1997,Kharif,48700.0
Rice,IND_ANDHRAPRADESH_SPSRNELLORE,1997,Rabi,182100.0
Rice,IND_ANDHRAPRADESH_SPSRNELLORE,1998,Kharif,44700.0
Rice,IND_ANDHRAPRADESH_SPSRNELLORE,1998,Rabi,183300.0
Rice,IND_ANDHRAPRADESH_SPSRNELLORE,1999,Kharif,45768.0
Rice,IND_ANDHRAPRADESH_SPSRNELLORE,1999,Rabi,152441.0
Rice,IND_ANDHRAPRADESH_SPSRNELLORE,2000,Kharif,55041.0
Rice,IND_ANDHRAPRADESH_SPSRNELLORE,2000,Rabi,132867.0
Rice,IND_ANDHRAPRADESH_SPSRNELLORE,2001,Kharif,34297.0
Rice,IND_ANDHRAPRADESH_SPSRNELLORE,2001,Rabi,176106.0
Rice,IND_ANDHRAPRADESH_SPSRNELLORE,2002,Kharif,45511.0
Rice,IND_ANDHRAPRADESH_SPSRNELLORE,2002,Rabi,173384.0
Rice,IND_ANDHRAPRADESH_SPSRNELLORE,2003,Kharif,17885.0
Rice,IND_ANDHRAPRADESH_SPSRNELLORE,2003,Rabi,137031.0
Rice,IND_ANDHRAPRADESH_SPSRNELLORE,2004,Kharif,19326.0
Rice,IND_ANDHRAPRADESH_SPSRNELLORE,2004,Rabi,167421.0
Rice,IND_ANDHRAPRADESH_SPSRNELLORE,2005,Kharif,18036.0
Rice,IND_ANDHRAPRADESH_SPSRNELLORE,2005,Rabi,189671.0
Rice,IND_ANDHRAPRADESH_SPSRNELLORE,2006,Kharif,60057.0
Rice,IND_ANDHRAPRADESH_SPSRNELLORE,2006,Rabi,181863.0
Rice,IND_ANDHRAPRADESH_SPSRNELLORE,2007,Kharif,46000.0
Rice,IND_ANDHRAPRADESH_SPSRNELLORE,2007,Rabi,188000.0
Rice,IND_ANDHRAPRADESH_SPSRNELLORE,2008,Kharif,65233.0
Rice,IND_ANDHRAPRADESH_SPSRNELLORE,2008,Rabi,191854.0
Rice,IND_ANDHRAPRADESH_SPSRNELLORE,2009,Kharif,67894.0
Rice,IND_ANDHRAPRADESH_SPSRNELLORE,2009,Rabi,198993.0
Rice,IND_ANDHRAPRADESH_SPSRNELLORE,2010,Kharif,69873.0
Rice,IND_ANDHRAPRADESH_SPSRNELLORE,2010,Rabi,200990.0
Rice,IND_ANDHRAPRADESH_SPSRNELLORE,2011,Kharif,53137.0
Rice,IND_ANDHRAPRADESH_SPSRNELLORE,2011,Rabi,201435.0
Rice,IND_ANDHRAPRADESH_SPSRNELLORE,2012,Kharif,54000.0
Rice,IND_ANDHRAPRADESH_SPSRNELLORE,2012,Rabi,197000.0
Rice,IND_ANDHRAPRADESH_SPSRNELLORE,2013,Kharif,32241.0
Rice,IND_ANDHRAPRADESH_SPSRNELLORE,2013,Rabi,192652.0
Rice,IND_ANDHRAPRADESH_SPSRNELLORE,2014,Kharif,62232.0
Rice,IND_ANDHRAPRADESH_SPSRNELLORE,2014,Rabi,178491.0
Rice,IND_ANDHRAPRADESH_SPSRNELLORE,2015,Kharif,30413.0
Rice,IND_ANDHRAPRADESH_SPSRNELLORE,2015,Rabi,257837.0
Rice,IND_ANDHRAPRADESH_SPSRNELLORE,2016,Kharif,73827.0
Rice,IND_ANDHRAPRADESH_SPSRNELLORE,2016,Rabi,130801.0
Rice,IND_ANDHRAPRADESH_SPSRNELLORE,2017,Kharif,21184.0
Rice,IND_ANDHRAPRADESH_SPSRNELLORE,2017,Rabi,203344.0
Rice,IND_ANDHRAPRADESH_SPSRNELLORE,2018,Kharif,26638.0
Rice,IND_ANDHRAPRADESH_SPSRNELLORE,2018,Rabi,140225.0
Rice,IND_ANDHRAPRADESH_SPSRNELLORE,2019,Kharif,16680.0
Rice,IND_ANDHRAPRADESH_SPSRNELLORE,2019,Rabi,215725.0
Rice,IND_ANDHRAPRADESH_SRIKAKULAM,1997,Kharif,185700.0
Rice,IND_ANDHRAPRADESH_SRIKAKULAM,1997,Rabi,600.0
Rice,IND_ANDHRAPRADESH_SRIKAKULAM,1998,Kharif,194400.0
Rice,IND_ANDHRAPRADESH_SRIKAKULAM,1998,Rabi,2000.0
Rice,IND_ANDHRAPRADESH_SRIKAKULAM,1999,Kharif,189027.0
Rice,IND_ANDHRAPRADESH_SRIKAKULAM,1999,Rabi,1703.0
Rice,IND_ANDHRAPRADESH_SRIKAKULAM,2000,Kharif,207461.0
Rice,IND_ANDHRAPRADESH_SRIKAKULAM,2000,Rabi,1100.0
Rice,IND_ANDHRAPRADESH_SRIKAKULAM,2001,Kharif,178771.0
Rice,IND_ANDHRAPRADESH_SRIKAKULAM,2001,Rabi,1584.0
Rice,IND_ANDHRAPRADESH_SRIKAKULAM,2002,Kharif,153148.0
Rice,IND_ANDHRAPRADESH_SRIKAKULAM,2002,Rabi,632.0
Rice,IND_ANDHRAPRADESH_SRIKAKULAM,2003,Kharif,188219.0
Rice,IND_ANDHRAPRADESH_SRIKAKULAM,2003,Rabi,2204.0
Rice,IND_ANDHRAPRADESH_SRIKAKULAM,2004,Kharif,190795.0
Rice,IND_ANDHRAPRADESH_SRIKAKULAM,2004,Rabi,2198.0
Rice,IND_ANDHRAPRADESH_SRIKAKULAM,2005,Kharif,153521.0
Rice,IND_ANDHRAPRADESH_SRIKAKULAM,2005,Rabi,4237.0
Rice,IND_ANDHRAPRADESH_SRIKAKULAM,2006,Kharif,193994.0
Rice,IND_ANDHRAPRADESH_SRIKAKULAM,2006,Rabi,3425.0
Rice,IND_ANDHRAPRADESH_SRIKAKULAM,2007,Kharif,201000.0
Rice,IND_ANDHRAPRADESH_SRIKAKULAM,2007,Rabi,2000.0
Rice,IND_ANDHRAPRADESH_SRIKAKULAM,2008,Kharif,203172.0
Rice,IND_ANDHRAPRADESH_SRIKAKULAM,2008,Rabi,2667.0
Rice,IND_ANDHRAPRADESH_SRIKAKULAM,2009,Kharif,177058.0
Rice,IND_ANDHRAPRADESH_SRIKAKULAM,2009,Rabi,2708.0
Rice,IND_ANDHRAPRADESH_SRIKAKULAM,2010,Kharif,205853.0
Rice,IND_ANDHRAPRADESH_SRIKAKULAM,2010,Rabi,7098.0
Rice,IND_ANDHRAPRADESH_SRIKAKULAM,2011,Kharif,208239.0
Rice,IND_ANDHRAPRADESH_SRIKAKULAM,2011,Rabi,2178.0
Rice,IND_ANDHRAPRADESH_SRIKAKULAM,2012,Kharif,206000.0
Rice,IND_ANDHRAPRADESH_SRIKAKULAM,2012,Rabi,3000.0
Rice,IND_ANDHRAPRADESH_SRIKAKULAM,2013,Kharif,199717.0
Rice,IND_ANDHRAPRADESH_SRIKAKULAM,2013,Rabi,3425.0
Rice,IND_ANDHRAPRADESH_SRIKAKULAM,2014,Kharif,205485.0
Rice,IND_ANDHRAPRADESH_SRIKAKULAM,2014,Rabi,4730.0
Rice,IND_ANDHRAPRADESH_SRIKAKULAM,2015,Kharif,204003.0
Rice,IND_ANDHRAPRADESH_SRIKAKULAM,2015,Rabi,2791.0
Rice,IND_ANDHRAPRADESH_SRIKAKULAM,2016,Kharif,203411.0
Rice,IND_ANDHRAPRADESH_SRIKAKULAM,2016,Rabi,2344.0
Rice,IND_ANDHRAPRADESH_SRIKAKULAM,2017,Kharif,210682.0
Rice,IND_ANDHRAPRADESH_SRIKAKULAM,2017,Rabi,4045.0
Rice,IND_ANDHRAPRADESH_SRIKAKULAM,2018,Kharif,209426.0
Rice,IND_ANDHRAPRADESH_SRIKAKULAM,2018,Rabi,5236.0
Rice,IND_ANDHRAPRADESH_SRIKAKULAM,2019,Kharif,209640.0
Rice,IND_ANDHRAPRADESH_SRIKAKULAM,2019,Rabi,9520.0
Rice,IND_ANDHRAPRADESH_VISAKHAPATANAM,1997,Kharif,95600.0
Rice,IND_ANDHRAPRADESH_VISAKHAPATANAM,1997,Rabi,2700.0
Rice,IND_ANDHRAPRADESH_VISAKHAPATANAM,1998,Kharif,114900.0
Rice,IND_ANDHRAPRADESH_VISAKHAPATANAM,1998,Rabi,3800.0
Rice,IND_ANDHRAPRADESH_VISAKHAPATANAM,1999,Kharif,103372.0
Rice,IND_ANDHRAPRADESH_VISAKHAPATANAM,1999,Rabi,3053.0
Rice,IND_ANDHRAPRADESH_VISAKHAPATANAM,2000,Kharif,115239.0
Rice,IND_ANDHRAPRADESH_VISAKHAPATANAM,2000,Rabi,2969.0
Rice,IND_ANDHRAPRADESH_VISAKHAPATANAM,2001,Kharif,86579.0
Rice,IND_ANDHRAPRADESH_VISAKHAPATANAM,2001,Rabi,3744.0
Rice,IND_ANDHRAPRADESH_VISAKHAPATANAM,2002,Kharif,61964.0
Rice,IND_ANDHRAPRADESH_VISAKHAPATANAM,2002,Rabi,2028.0
Rice,IND_ANDHRAPRADESH_VISAKHAPATANAM,2003,Kharif,84676.0
Rice,IND_ANDHRAPRADESH_VISAKHAPATANAM,2003,Rabi,3961.0
Rice,IND_ANDHRAPRADESH_VISAKHAPATANAM,2004,Kharif,95187.0
Rice,IND_ANDHRAPRADESH_VISAKHAPATANAM,2004,Rabi,2621.0
Rice,IND_ANDHRAPRADESH_VISAKHAPATANAM,2005,Kharif,84808.0
Rice,IND_ANDHRAPRADESH_VISAKHAPATANAM,2005,Rabi,3821.0
Rice,IND_ANDHRAPRADESH_VISAKHAPATANAM,2006,Kharif,93133.0
Rice,IND_ANDHRAPRADESH_VISAKHAPATANAM,2006,Rabi,2614.0
Rice,IND_ANDHRAPRADESH_VISAKHAPATANAM,2007,Kharif,96000.0
Rice,IND_ANDHRAPRADESH_VISAKHAPATANAM,2007,Rabi,3000.0
Rice,IND_ANDHRAPRADESH_VISAKHAPATANAM,2008,Kharif,99378.0
Rice,IND_ANDHRAPRADESH_VISAKHAPATANAM,2008,Rabi,2679.0
Rice,IND_ANDHRAPRADESH_VISAKHAPATANAM,2009,Kharif,65447.0
Rice,IND_ANDHRAPRADESH_VISAKHAPATANAM,2009,Rabi,2974.0
Rice,IND_ANDHRAPRADESH_VISAKHAPATANAM,2010,Kharif,110289.0
Rice,IND_ANDHRAPRADESH_VISAKHAPATANAM,2010,Rabi,7262.0
Rice,IND_ANDHRAPRADESH_VISAKHAPATANAM,2011,Kharif,109505.0
Rice,IND_ANDHRAPRADESH_VISAKHAPATANAM,2011,Rabi,2617.0
Rice,IND_ANDHRAPRADESH_VISAKHAPATANAM,2012,Kharif,99000.0
Rice,IND_ANDHRAPRADESH_VISAKHAPATANAM,2012,Rabi,5000.0
Rice,IND_ANDHRAPRADESH_VISAKHAPATANAM,2013,Kharif,98637.0
Rice,IND_ANDHRAPRADESH_VISAKHAPATANAM,2013,Rabi,6759.0
Rice,IND_ANDHRAPRADESH_VISAKHAPATANAM,2014,Kharif,98190.0
Rice,IND_ANDHRAPRADESH_VISAKHAPATANAM,2014,Rabi,7238.0
Rice,IND_ANDHRAPRADESH_VISAKHAPATANAM,2015,Kharif,103090.0
Rice,IND_ANDHRAPRADESH_VISAKHAPATANAM,2015,Rabi,4515.0
Rice,IND_ANDHRAPRADESH_VISAKHAPATANAM,2016,Kharif,105460.0
Rice,IND_ANDHRAPRADESH_VISAKHAPATANAM,2016,Rabi,4455.0
Rice,IND_ANDHRAPRADESH_VISAKHAPATANAM,2017,Kharif,104922.0
Rice,IND_ANDHRAPRADESH_VISAKHAPATANAM,2017,Rabi,4038.0
Rice,IND_ANDHRAPRADESH_VISAKHAPATANAM,2018,Kharif,99900.0
Rice,IND_ANDHRAPRADESH_VISAKHAPATANAM,2018,Rabi,2984.0
Rice,IND_ANDHRAPRADESH_VISAKHAPATANAM,2019,Kharif,96998.0
Rice,IND_ANDHRAPRADESH_VISAKHAPATANAM,2019,Rabi,6559.0
Rice,IND_ANDHRAPRADESH_VIZIANAGARAM,1997,Kharif,130500.0
Rice,IND_ANDHRAPRADESH_VIZIANAGARAM,1997,Rabi,1000.0
Rice,IND_ANDHRAPRADESH_VIZIANAGARAM,1998,Kharif,133000.0
Rice,IND_ANDHRAPRADESH_VIZIANAGARAM,1998,Rabi,3600.0
Rice,IND_ANDHRAPRADESH_VIZIANAGARAM,1999,Kharif,132185.0
Rice,IND_ANDHRAPRADESH_VIZIANAGARAM,1999,Rabi,1985.0
Rice,IND_ANDHRAPRADESH_VIZIANAGARAM,2000,Kharif,129907.0
Rice,IND_ANDHRAPRADESH_VIZIANAGARAM,2000,Rabi,2163.0
Rice,IND_ANDHRAPRADESH_VIZIANAGARAM,2001,Kharif,106296.0
Rice,IND_ANDHRAPRADESH_VIZIANAGARAM,2001,Rabi,3864.0
Rice,IND_ANDHRAPRADESH_VIZIANAGARAM,2002,Kharif,93995.0
Rice,IND_ANDHRAPRADESH_VIZIANAGARAM,2002,Rabi,594.0
Rice,IND_ANDHRAPRADESH_VIZIANAGARAM,2003,Kharif,108694.0
Rice,IND_ANDHRAPRADESH_VIZIANAGARAM,2003,Rabi,4382.0
Rice,IND_ANDHRAPRADESH_VIZIANAGARAM,2004,Kharif,125205.0
Rice,IND_ANDHRAPRADESH_VIZIANAGARAM,2004,Rabi,2370.0
Rice,IND_ANDHRAPRADESH_VIZIANAGARAM,2005,Kharif,94336.0
Rice,IND_ANDHRAPRADESH_VIZIANAGARAM,2005,Rabi,3750.0
Rice,IND_ANDHRAPRADESH_VIZIANAGARAM,2006,Kharif,117452.0
Rice,IND_ANDHRAPRADESH_VIZIANAGARAM,2006,Rabi,1000.0
Rice,IND_ANDHRAPRADESH_VIZIANAGARAM,2007,Kharif,124000.0
Rice,IND_ANDHRAPRADESH_VIZIANAGARAM,2007,Rabi,3000.0
Rice,IND_ANDHRAPRADESH_VIZIANAGARAM,2008,Kharif,128964.0
Rice,IND_ANDHRAPRADESH_VIZIANAGARAM,2008,Rabi,1695.0
Rice,IND_ANDHRAPRADESH_VIZIANAGARAM,2009,Kharif,104550.0
Rice,IND_ANDHRAPRADESH_VIZIANAGARAM,2009,Rabi,3683.0
Rice,IND_ANDHRAPRADESH_VIZIANAGARAM,2010,Kharif,126290.0
Rice,IND_ANDHRAPRADESH_VIZIANAGARAM,2010,Rabi,7254.0
Rice,IND_ANDHRAPRADESH_VIZIANAGARAM,2011,Kharif,123491.0
Rice,IND_ANDHRAPRADESH_VIZIANAGARAM,2011,Rabi,1078.0
Rice,IND_ANDHRAPRADESH_VIZIANAGARAM,2012,Kharif,119000.0
Rice,IND_ANDHRAPRADESH_VIZIANAGARAM,2012,Rabi,7000.0
Rice,IND_ANDHRAPRADESH_VIZIANAGARAM,2013,Kharif,109271.0
Rice,IND_ANDHRAPRADESH_VIZIANAGARAM,2013,Rabi,7507.0
Rice,IND_ANDHRAPRADESH_VIZIANAGARAM,2014,Kharif,119229.0
Rice,IND_ANDHRAPRADESH_VIZIANAGARAM,2014,Rabi,5357.0
Rice,IND_ANDHRAPRADESH_VIZIANAGARAM,2015,Kharif,124275.0
Rice,IND_ANDHRAPRADESH_VIZIANAGARAM,2015,Rabi,2416.0
Rice,IND_ANDHRAPRADESH_VIZIANAGARAM,2016,Kharif,122205.0
Rice,IND_ANDHRAPRADESH_VIZIANAGARAM,2016,Rabi,3094.0
Rice,IND_ANDHRAPRADESH_VIZIANAGARAM,2017,Kharif,122675.0
Rice,IND_ANDHRAPRADESH_VIZIANAGARAM,2017,Rabi,6167.0
Rice,IND_ANDHRAPRADESH_VIZIANAGARAM,2018,Kharif,121499.0
Rice,IND_ANDHRAPRADESH_VIZIANAGARAM,2018,Rabi,3119.0
Rice,IND_ANDHRAPRADESH_VIZIANAGARAM,2019,Kharif,119381.0
Rice,IND_ANDHRAPRADESH_VIZIANAGARAM,2019,Rabi,7266.0
Rice,IND_ANDHRAPRADESH_WARANGAL,1997,Kharif,43500.0
Rice,IND_ANDHRAPRADESH_WARANGAL,1997,Rabi,35000.0
Rice,IND_ANDHRAPRADESH_WARANGAL,1998,Kharif,133300.0
Rice,IND_ANDHRAPRADESH_WARANGAL,1998,Rabi,74400.0
Rice,IND_ANDHRAPRADESH_WARANGAL,1999,Kharif,132447.0
Rice,IND_ANDHRAPRADESH_WARANGAL,1999,Rabi,51695.0
Rice,IND_ANDHRAPRADESH_WARANGAL,2000,Kharif,162922.0
Rice,IND_ANDHRAPRADESH_WARANGAL,2000,Rabi,62179.0
Rice,IND_ANDHRAPRADESH_WARANGAL,2001,Kharif,129975.0
Rice,IND_ANDHRAPRADESH_WARANGAL,2001,Rabi,49550.0
Rice,IND_ANDHRAPRADESH_WARANGAL,2002,Kharif,109862.0
Rice,IND_ANDHRAPRADESH_WARANGAL,2002,Rabi,25332.0
Rice,IND_ANDHRAPRADESH_WARANGAL,2003,Kharif,124333.0
Rice,IND_ANDHRAPRADESH_WARANGAL,2003,Rabi,45902.0
Rice,IND_ANDHRAPRADESH_WARANGAL,2004,Kharif,108411.0
Rice,IND_ANDHRAPRADESH_WARANGAL,2004,Rabi,21913.0
Rice,IND_ANDHRAPRADESH_WARANGAL,2005,Kharif,139319.0
Rice,IND_ANDHRAPRADESH_WARANGAL,2005,Rabi,62556.0
Rice,IND_ANDHRAPRADESH_WARANGAL,2006,Kharif,140255.0
Rice,IND_ANDHRAPRADESH_WARANGAL,2006,Rabi,68680.0
Rice,IND_ANDHRAPRADESH_WARANGAL,2007,Kharif,115000.0
Rice,IND_ANDHRAPRADESH_WARANGAL,2007,Rabi,72000.0
Rice,IND_ANDHRAPRADESH_WARANGAL,2008,Kharif,152852.0
Rice,IND_ANDHRAPRADESH_WARANGAL,2008,Rabi,78006.0
Rice,IND_ANDHRAPRADESH_WARANGAL,2009,Kharif,84342.0
Rice,IND_ANDHRAPRADESH_WARANGAL,2009,Rabi,40087.0
Rice,IND_ANDHRAPRADESH_WARANGAL,2010,Kharif,169278.0
Rice,IND_ANDHRAPRADESH_WARANGAL,2010,Rabi,98782.0
Rice,IND_ANDHRAPRADESH_WARANGAL,2011,Kharif,160729.0
Rice,IND_ANDHRAPRADESH_WARANGAL,2011,Rabi,63620.0
Rice,IND_ANDHRAPRADESH_WARANGAL,2012,Kharif,139000.0
Rice,IND_ANDHRAPRADESH_WARANGAL,2012,Rabi,71000.0
Rice,IND_ANDHRAPRADESH_WESTGODAVARI,1997,Kharif,247200.0
Rice,IND_ANDHRAPRADESH_WESTGODAVARI,1997,Rabi,193600.0
Rice,IND_ANDHRAPRADESH_WESTGODAVARI,1998,Kharif,262000.0
Rice,IND_ANDHRAPRADESH_WESTGODAVARI,1998,Rabi,194300.0
Rice,IND_ANDHRAPRADESH_WESTGODAVARI,1999,Kharif,267083.0
Rice,IND_ANDHRAPRADESH_WESTGODAVARI,1999,Rabi,193377.0
Rice,IND_ANDHRAPRADESH_WESTGODAVARI,2000,Kharif,272901.0
Rice,IND_ANDHRAPRADESH_WESTGODAVARI,2000,Rabi,198764.0
Rice,IND_ANDHRAPRADESH_WESTGODAVARI,2001,Kharif,222720.0
Rice,IND_ANDHRAPRADESH_WESTGODAVARI,2001,Rabi,191480.0
Rice,IND_ANDHRAPRADESH_WESTGODAVARI,2002,Kharif,214554.0
Rice,IND_ANDHRAPRADESH_WESTGODAVARI,2002,Rabi,117074.0
Rice,IND_ANDHRAPRADESH_WESTGODAVARI,2003,Kharif,232235.0
Rice,IND_ANDHRAPRADESH_WESTGODAVARI,2003,Rabi,177983.0
Rice,IND_ANDHRAPRADESH_WESTGODAVARI,2004,Kharif,244235.0
Rice,IND_ANDHRAPRADESH_WESTGODAVARI,2004,Rabi,175761.0
Rice,IND_ANDHRAPRADESH_WESTGODAVARI,2005,Kharif,253521.0
Rice,IND_ANDHRAPRADESH_WESTGODAVARI,2005,Rabi,192497.0
Rice,IND_ANDHRAPRADESH_WESTGODAVARI,2006,Kharif,245236.0
Rice,IND_ANDHRAPRADESH_WESTGODAVARI,2006,Rabi,188804.0
Rice,IND_ANDHRAPRADESH_WESTGODAVARI,2007,Kharif,254000.0
Rice,IND_ANDHRAPRADESH_WESTGODAVARI,2007,Rabi,192000.0
Rice,IND_ANDHRAPRADESH_WESTGODAVARI,2008,Kharif,255444.0
Rice,IND_ANDHRAPRADESH_WESTGODAVARI,2008,Rabi,195014.0
Rice,IND_ANDHRAPRADESH_WESTGODAVARI,2009,Kharif,212887.0
Rice,IND_ANDHRAPRADESH_WESTGODAVARI,2009,Rabi,115690.0
Rice,IND_ANDHRAPRADESH_WESTGODAVARI,2010,Kharif,256147.0
Rice,IND_ANDHRAPRADESH_WESTGODAVARI,2010,Rabi,200369.0
Rice,IND_ANDHRAPRADESH_WESTGODAVARI,2011,Kharif,240266.0
Rice,IND_ANDHRAPRADESH_WESTGODAVARI,2011,Rabi,123519.0
Rice,IND_ANDHRAPRADESH_WESTGODAVARI,2012,Kharif,243000.0
Rice,IND_ANDHRAPRADESH_WESTGODAVARI,2012,Rabi,180000.0
Rice,IND_ANDHRAPRADESH_WESTGODAVARI,2013,Kharif,240396.0
Rice,IND_ANDHRAPRADESH_WESTGODAVARI,2013,Rabi,180223.0
Rice,IND_ANDHRAPRADESH_WESTGODAVARI,2014,Kharif,231475.0
Rice,IND_ANDHRAPRADESH_WESTGODAVARI,2014,Rabi,177811.0
Rice,IND_ANDHRAPRADESH_WESTGODAVARI,2015,Kharif,229204.0
Rice,IND_ANDHRAPRADESH_WESTGODAVARI,2015,Rabi,174598.0
Rice,IND_ANDHRAPRADESH_WESTGODAVARI,2016,Kharif,230785.0
Rice,IND_ANDHRAPRADESH_WESTGODAVARI,2016,Rabi,168626.0
Rice,IND_ANDHRAPRADESH_WESTGODAVARI,2017,Kharif,226760.0
Rice,IND_ANDHRAPRADESH_WESTGODAVARI,2017,Rabi,166463.0
Rice,IND_ANDHRAPRADESH_WESTGODAVARI,2018,Kharif,226925.0
Rice,IND_ANDHRAPRADESH_WESTGODAVARI,2018,Rabi,169952.0
Rice,IND_ANDHRAPRADESH_WESTGODAVARI,2019,Kharif,224398.0
Rice,IND_ANDHRAPRADESH_WESTGODAVARI,2019,Rabi,169775.0
Rice,IND_KARNATAKA_BAGALKOTE,1998,Kharif,197.0
Rice,IND_KARNATAKA_BAGALKOTE,1999,Kharif,128.0
Rice,IND_KARNATAKA_BAGALKOTE,2000,Kharif,171.0
Rice,IND_KARNATAKA_BAGALKOTE,2001,Kharif,171.0
Rice,IND_KARNATAKA_BAGALKOTE,2001,Summer,13.0
Rice,IND_KARNATAKA_BAGALKOTE,2002,Kharif,112.0
Rice,IND_KARNATAKA_BAGALKOTE,2002,Summer,15.0
Rice,IND_KARNATAKA_BAGALKOTE,2003,Kharif,93.0
Rice,IND_KARNATAKA_BAGALKOTE,2003,Summer,2.0
Rice,IND_KARNATAKA_BAGALKOTE,2004,Kharif,64.0
Rice,IND_KARNATAKA_BAGALKOTE,2005,Kharif,126.0
Rice,IND_KARNATAKA_BAGALKOTE,2005,Summer,63.0
Rice,IND_KARNATAKA_BAGALKOTE,2006,Kharif,117.0
Rice,IND_KARNATAKA_BAGALKOTE,2007,Kharif,68.0
Rice,IND_KARNATAKA_BAGALKOTE,2008,Kharif,87.0
Rice,IND_KARNATAKA_BAGALKOTE,2009,Kharif,133.0
Rice,IND_KARNATAKA_BAGALKOTE,2010,Kharif,121.0
Rice,IND_KARNATAKA_BAGALKOTE,2010,Summer,23.0
Rice,IND_KARNATAKA_BAGALKOTE,2011,Kharif,79.0
Rice,IND_KARNATAKA_BAGALKOTE,2011,Summer,6.0
Rice,IND_KARNATAKA_BAGALKOTE,2012,Kharif,49.0
Rice,IND_KARNATAKA_BAGALKOTE,2013,Kharif,54.0
Rice,IND_KARNATAKA_BAGALKOTE,2014,Kharif,25.0
Rice,IND_KARNATAKA_BAGALKOTE,2015,Kharif,32.0
Rice,IND_KARNATAKA_BAGALKOTE,2016,Kharif,17.0
Rice,IND_KARNATAKA_BAGALKOTE,2018,Kharif,54.0
Rice,IND_KARNATAKA_BAGALKOTE,2019,Kharif,33.0
Rice,IND_KARNATAKA_BAGALKOTE,2019,Summer,49.0
Rice,IND_KARNATAKA_BALLARI,1997,Kharif,34112.0
Rice,IND_KARNATAKA_BALLARI,1997,Summer,23573.0
Rice,IND_KARNATAKA_BALLARI,1998,Kharif,39395.0
Rice,IND_KARNATAKA_BALLARI,1998,Summer,29459.0
Rice,IND_KARNATAKA_BALLARI,1999,Kharif,47915.0
Rice,IND_KARNATAKA_BALLARI,1999,Summer,31432.0
Rice,IND_KARNATAKA_BALLARI,2000,Kharif,52654.0
Rice,IND_KARNATAKA_BALLARI,2000,Summer,31393.0
Rice,IND_KARNATAKA_BALLARI,2001,Kharif,54582.0
Rice,IND_KARNATAKA_BALLARI,2001,Summer,29231.0
Rice,IND_KARNATAKA_BALLARI,2002,Kharif,64289.0
Rice,IND_KARNATAKA_BALLARI,2002,Summer,7011.0
Rice,IND_KARNATAKA_BALLARI,2003,Kharif,49995.0
Rice,IND_KARNATAKA_BALLARI,2003,Summer,5971.0
Rice,IND_KARNATAKA_BALLARI,2004,Kharif,51935.0
Rice,IND_KARNATAKA_BALLARI,2004,Rabi,280.0
Rice,IND_KARNATAKA_BALLARI,2004,Summer,14592.0
Rice,IND_KARNATAKA_BALLARI,2005,Kharif,61783.0
Rice,IND_KARNATAKA_BALLARI,2005,Rabi,490.0
Rice,IND_KARNATAKA_BALLARI,2005,Summer,40538.0
Rice,IND_KARNATAKA_BALLARI,2006,Kharif,66354.0
Rice,IND_KARNATAKA_BALLARI,2006,Rabi,2993.0
Rice,IND_KARNATAKA_BALLARI,2006,Summer,36575.0
Rice,IND_KARNATAKA_BALLARI,2007,Kharif,76597.0
Rice,IND_KARNATAKA_BALLARI,2007,Rabi,367.0
Rice,IND_KARNATAKA_BALLARI,2007,Summer,40890.0
Rice,IND_KARNATAKA_BALLARI,2008,Kharif,77958.0
Rice,IND_KARNATAKA_BALLARI,2008,Rabi,150.0
Rice,IND_KARNATAKA_BALLARI,2008,Summer,44613.0
Rice,IND_KARNATAKA_BALLARI,2009,Kharif,80447.0
Rice,IND_KARNATAKA_BALLARI,2009,Rabi,46.0
Rice,IND_KARNATAKA_BALLARI,2009,Summer,39921.0
Rice,IND_KARNATAKA_BALLARI,2010,Kharif,88799.0
Rice,IND_KARNATAKA_BALLARI,2010,Rabi,135.0
Rice,IND_KARNATAKA_BALLARI,2010,Summer,41745.0
Rice,IND_KARNATAKA_BALLARI,2011,Kharif,77226.0
Rice,IND_KARNATAKA_BALLARI,2011,Summer,38943.0
Rice,IND_KARNATAKA_BALLARI,2012,Kharif,78029.0
Rice,IND_KARNATAKA_BALLARI,2012,Summer,31119.0
Rice,IND_KARNATAKA_BALLARI,2013,Kharif,76010.0
Rice,IND_KARNATAKA_BALLARI,2013,Summer,34538.0
Rice,IND_KARNATAKA_BALLARI,2014,Kharif,77598.0
Rice,IND_KARNATAKA_BALLARI,2014,Rabi,40.0
Rice,IND_KARNATAKA_BALLARI,2014,Summer,41005.0
Rice,IND_KARNATAKA_BALLARI,2015,Kharif,75608.0
Rice,IND_KARNATAKA_BALLARI,2015,Summer,18058.0
Rice,IND_KARNATAKA_BALLARI,2016,Kharif,83580.0
Rice,IND_KARNATAKA_BALLARI,2016,Rabi,11.0
Rice,IND_KARNATAKA_BALLARI,2016,Summer,3417.0
Rice,IND_KARNATAKA_BALLARI,2017,Kharif,55561.0
Rice,IND_KARNATAKA_BALLARI,2017,Rabi,6619.0
Rice,IND_KARNATAKA_BALLARI,2017,Summer,39753.0
Rice,IND_KARNATAKA_BALLARI,2018,Kharif,105813.0
Rice,IND_KARNATAKA_BALLARI,2018,Rabi,1551.0
Rice,IND_KARNATAKA_BALLARI,2018,Summer,30541.0
Rice,IND_KARNATAKA_BALLARI,2019,Kharif,97180.0
Rice,IND_KARNATAKA_BALLARI,2019,Summer,33995.0
Rice,IND_KARNATAKA_BANGALORERURAL,1997,Kharif,11240.0
Rice,IND_KARNATAKA_BANGALORERURAL,1997,Rabi,195.0
Rice,IND_KARNATAKA_BANGALORERURAL,1997,Summer,4350.0
Rice,IND_KARNATAKA_BANGALORERURAL,1998,Kharif,14305.0
Rice,IND_KARNATAKA_BANGALORERURAL,1998,Summer,6662.0
Rice,IND_KARNATAKA_BANGALORERURAL,1999,Kharif,11541.0
Rice,IND_KARNATAKA_BANGALORERURAL,1999,Rabi,812.0
Rice,IND_KARNATAKA_BANGALORERURAL,1999,Summer,7949.0
Rice,IND_KARNATAKA_BANGALORERURAL,2000,Kharif,14828.0
Rice,IND_KARNATAKA_BANGALORERURAL,2000,Rabi,715.0
Rice,IND_KARNATAKA_BANGALORERURAL,2000,Summer,6887.0
Rice,IND_KARNATAKA_BANGALORERURAL,2001,Kharif,11067.0
Rice,IND_KARNATAKA_BANGALORERURAL,2001,Rabi,169.0
Rice,IND_KARNATAKA_BANGALORERURAL,2001,Summer,3073.0
Rice,IND_KARNATAKA_BANGALORERURAL,2002,Kharif,5722.0
Rice,IND_KARNATAKA_BANGALORERURAL,2002,Rabi,32.0
Rice,IND_KARNATAKA_BANGALORERURAL,2002,Summer,431.0
Rice,IND_KARNATAKA_BANGALORERURAL,2003,Kharif,5850.0
Rice,IND_KARNATAKA_BANGALORERURAL,2003,Rabi,240.0
Rice,IND_KARNATAKA_BANGALORERURAL,2003,Summer,481.0
Rice,IND_KARNATAKA_BANGALORERURAL,2004,Kharif,8568.0
Rice,IND_KARNATAKA_BANGALORERURAL,2004,Rabi,5.0
Rice,IND_KARNATAKA_BANGALORERURAL,2004,Summer,800.0
Rice,IND_KARNATAKA_BANGALORERURAL,2005,Kharif,9729.0
Rice,IND_KARNATAKA_BANGALORERURAL,2005,Rabi,18.0
Rice,IND_KARNATAKA_BANGALORERURAL,2005,Summer,2094.0
Rice,IND_KARNATAKA_BANGALORERURAL,2006,Kharif,7340.0
Rice,IND_KARNATAKA_BANGALORERURAL,2006,Rabi,13.0
Rice,IND_KARNATAKA_BANGALORERURAL,2006,Summer,706.0
Rice,IND_KARNATAKA_BANGALORERURAL,2007,Kharif,1990.0
Rice,IND_KARNATAKA_BANGALORERURAL,2007,Rabi,16.0
Rice,IND_KARNATAKA_BANGALORERURAL,2007,Summer,100.0
Rice,IND_KARNATAKA_BANGALORERURAL,2008,Kharif,1782.0
Rice,IND_KARNATAKA_BANGALORERURAL,2008,Rabi,12.0
Rice,IND_KARNATAKA_BANGALORERURAL,2008,Summer,439.0
Rice,IND_KARNATAKA_BANGALORERURAL,2009,Kharif,1525.0
Rice,IND_KARNATAKA_BANGALORERURAL,2009,Rabi,3.0
Rice,IND_KARNATAKA_BANGALORERURAL,2009,Summer,139.0
Rice,IND_KARNATAKA_BANGALORERURAL,2010,Kharif,1531.0
Rice,IND_KARNATAKA_BANGALORERURAL,2010,Summer,155.0
Rice,IND_KARNATAKA_BANGALORERURAL,2011,Kharif,1460.0
Rice,IND_KARNATAKA_BANGALORERURAL,2011,Summer,153.0
Rice,IND_KARNATAKA_BANGALORERURAL,2012,Kharif,963.0
Rice,IND_KARNATAKA_BANGALORERURAL,2012,Rabi,1.0
Rice,IND_KARNATAKA_BANGALORERURAL,2012,Summer,13.0
Rice,IND_KARNATAKA_BANGALORERURAL,2013,Kharif,685.0
Rice,IND_KARNATAKA_BANGALORERURAL,2013,Summer,137.0
Rice,IND_KARNATAKA_BANGALORERURAL,2014,Kharif,598.0
Rice,IND_KARNATAKA_BANGALORERURAL,2014,Summer,49.0
Rice,IND_KARNATAKA_BANGALORERURAL,2015,Kharif,704.0
Rice,IND_KARNATAKA_BANGALORERURAL,2015,Summer,32.0
Rice,IND_KARNATAKA_BANGALORERURAL,2016,Kharif,540.0
Rice,IND_KARNATAKA_BANGALORERURAL,2016,Rabi,1.0
Rice,IND_KARNATAKA_BANGALORERURAL,2016,Summer,48.0
Rice,IND_KARNATAKA_BANGALORERURAL,2017,Kharif,532.0
Rice,IND_KARNATAKA_BANGALORERURAL,2017,Summer,144.0
Rice,IND_KARNATAKA_BANGALORERURAL,2018,Kharif,186.0
Rice,IND_KARNATAKA_BANGALORERURAL,2018,Summer,79.0
Rice,IND_KARNATAKA_BANGALORERURAL,2019,Kharif,141.0
Rice,IND_KARNATAKA_BANGALORERURAL,2019,Summer,65.0
Rice,IND_KARNATAKA_BELAGAVI,1997,Kharif,63734.0
Rice,IND_KARNATAKA_BELAGAVI,1997,Summer,40.0
Rice,IND_KARNATAKA_BELAGAVI,1998,Kharif,62701.0
Rice,IND_KARNATAKA_BELAGAVI,1998,Summer,30.0
Rice,IND_KARNATAKA_BELAGAVI,1999,Kharif,63427.0
Rice,IND_KARNATAKA_BELAGAVI,1999,Summer,23.0
Rice,IND_KARNATAKA_BELAGAVI,2000,Kharif,63810.0
Rice,IND_KARNATAKA_BELAGAVI,2001,Kharif,63662.0
Rice,IND_KARNATAKA_BELAGAVI,2001,Summer,77.0
Rice,IND_KARNATAKA_BELAGAVI,2002,Kharif,65854.0
Rice,IND_KARNATAKA_BELAGAVI,2002,Summer,151.0
Rice,IND_KARNATAKA_BELAGAVI,2003,Kharif,68016.0
Rice,IND_KARNATAKA_BELAGAVI,2003,Summer,111.0
Rice,IND_KARNATAKA_BELAGAVI,2004,Kharif,71198.0
Rice,IND_KARNATAKA_BELAGAVI,2004,Summer,143.0
Rice,IND_KARNATAKA_BELAGAVI,2005,Kharif,66671.0
Rice,IND_KARNATAKA_BELAGAVI,2005,Summer,157.0
Rice,IND_KARNATAKA_BELAGAVI,2006,Kharif,66922.0
Rice,IND_KARNATAKA_BELAGAVI,2006,Summer,140.0
Rice,IND_KARNATAKA_BELAGAVI,2007,Kharif,69259.0
Rice,IND_KARNATAKA_BELAGAVI,2007,Summer,165.0
Rice,IND_KARNATAKA_BELAGAVI,2008,Kharif,71079.0
Rice,IND_KARNATAKA_BELAGAVI,2008,Summer,160.0
Rice,IND_KARNATAKA_BELAGAVI,2009,Kharif,71730.0
Rice,IND_KARNATAKA_BELAGAVI,2009,Summer,158.0
Rice,IND_KARNATAKA_BELAGAVI,2010,Kharif,68354.0
Rice,IND_KARNATAKA_BELAGAVI,2010,Summer,115.0
Rice,IND_KARNATAKA_BELAGAVI,2011,Kharif,68215.0
Rice,IND_KARNATAKA_BELAGAVI,2011,Summer,92.0
Rice,IND_KARNATAKA_BELAGAVI,2012,Kharif,63613.0
Rice,IND_KARNATAKA_BELAGAVI,2012,Summer,82.0
Rice,IND_KARNATAKA_BELAGAVI,2013,Kharif,58597.0
Rice,IND_KARNATAKA_BELAGAVI,2013,Summer,77.0
Rice,IND_KARNATAKA_BELAGAVI,2014,Kharif,59938.0
Rice,IND_KARNATAKA_BELAGAVI,2015,Kharif,61123.0
Rice,IND_KARNATAKA_BELAGAVI,2015,Rabi,98.0
Rice,IND_KARNATAKA_BELAGAVI,2015,Summer,9.0
Rice,IND_KARNATAKA_BELAGAVI,2016,Kharif,65581.0
Rice,IND_KARNATAKA_BELAGAVI,2016,Summer,9.0
Rice,IND_KARNATAKA_BELAGAVI,2017,Kharif,64555.0
Rice,IND_KARNATAKA_BELAGAVI,2017,Summer,30.0
Rice,IND_KARNATAKA_BELAGAVI,2018,Kharif,53499.0
Rice,IND_KARNATAKA_BELAGAVI,2018,Summer,30.0
Rice,IND_KARNATAKA_BELAGAVI,2019,Kharif,60515.0
Rice,IND_KARNATAKA_BELAGAVI,2019,Summer,1363.0
Rice,IND_KARNATAKA_BENGALURUURBAN,1997,Kharif,3507.0
Rice,IND_KARNATAKA_BENGALURUURBAN,1997,Summer,1252.0
Rice,IND_KARNATAKA_BENGALURUURBAN,1998,Kharif,5124.0
Rice,IND_KARNATAKA_BENGALURUURBAN,1998,Summer,2121.0
Rice,IND_KARNATAKA_BENGALURUURBAN,1999,Kharif,4551.0
Rice,IND_KARNATAKA_BENGALURUURBAN,1999,Rabi,12.0
Rice,IND_KARNATAKA_BENGALURUURBAN,1999,Summer,2350.0
Rice,IND_KARNATAKA_BENGALURUURBAN,2000,Kharif,4483.0
Rice,IND_KARNATAKA_BENGALURUURBAN,2000,Summer,2491.0
Rice,IND_KARNATAKA_BENGALURUURBAN,2001,Kharif,3753.0
Rice,IND_KARNATAKA_BENGALURUURBAN,2001,Summer,1592.0
Rice,IND_KARNATAKA_BENGALURUURBAN,2002,Kharif,2393.0
Rice,IND_KARNATAKA_BENGALURUURBAN,2002,Summer,462.0
Rice,IND_KARNATAKA_BENGALURUURBAN,2003,Kharif,2213.0
Rice,IND_KARNATAKA_BENGALURUURBAN,2003,Rabi,5.0
Rice,IND_KARNATAKA_BENGALURUURBAN,2003,Summer,427.0
Rice,IND_KARNATAKA_BENGALURUURBAN,2004,Kharif,2778.0
Rice,IND_KARNATAKA_BENGALURUURBAN,2004,Summer,725.0
Rice,IND_KARNATAKA_BENGALURUURBAN,2005,Kharif,2496.0
Rice,IND_KARNATAKA_BENGALURUURBAN,2005,Summer,1026.0
Rice,IND_KARNATAKA_BENGALURUURBAN,2006,Kharif,1315.0
Rice,IND_KARNATAKA_BENGALURUURBAN,2006,Summer,557.0
Rice,IND_KARNATAKA_BENGALURUURBAN,2007,Kharif,1523.0
Rice,IND_KARNATAKA_BENGALURUURBAN,2007,Summer,517.0
Rice,IND_KARNATAKA_BENGALURUURBAN,2008,Kharif,1652.0
Rice,IND_KARNATAKA_BENGALURUURBAN,2008,Summer,467.0
Rice,IND_KARNATAKA_BENGALURUURBAN,2009,Kharif,1594.0
Rice,IND_KARNATAKA_BENGALURUURBAN,2009,Summer,447.0
Rice,IND_KARNATAKA_BENGALURUURBAN,2010,Kharif,1495.0
Rice,IND_KARNATAKA_BENGALURUURBAN,2010,Summer,400.0
Rice,IND_KARNATAKA_BENGALURUURBAN,2011,Kharif,1410.0
Rice,IND_KARNATAKA_BENGALURUURBAN,2011,Summer,360.0
Rice,IND_KARNATAKA_BENGALURUURBAN,2012,Kharif,974.0
Rice,IND_KARNATAKA_BENGALURUURBAN,2012,Rabi,42.0
Rice,IND_KARNATAKA_BENGALURUURBAN,2012,Summer,178.0
Rice,IND_KARNATAKA_BENGALURUURBAN,2013,Kharif,1113.0
Rice,IND_KARNATAKA_BENGALURUURBAN,2013,Rabi,4.0
Rice,IND_KARNATAKA_BENGALURUURBAN,2013,Summer,59.0
Rice,IND_KARNATAKA_BENGALURUURBAN,2014,Kharif,950.0
Rice,IND_KARNATAKA_BENGALURUURBAN,2014,Summer,21.0
Rice,IND_KARNATAKA_BENGALURUURBAN,2015,Kharif,716.0
Rice,IND_KARNATAKA_BENGALURUURBAN,2015,Summer,66.0
Rice,IND_KARNATAKA_BENGALURUURBAN,2016,Kharif,296.0
Rice,IND_KARNATAKA_BENGALURUURBAN,2016,Rabi,10.0
Rice,IND_KARNATAKA_BENGALURUURBAN,2016,Summer,30.0
Rice,IND_KARNATAKA_BENGALURUURBAN,2017,Kharif,226.0
Rice,IND_KARNATAKA_BENGALURUURBAN,2017,Rabi,9.0
Rice,IND_KARNATAKA_BENGALURUURBAN,2017,Summer,35.0
Rice,IND_KARNATAKA_BENGALURUURBAN,2018,Kharif,328.0
Rice,IND_KARNATAKA_BENGALURUURBAN,2018,Summer,33.0
Rice,IND_KARNATAKA_BENGALURUURBAN,2019,Kharif,573.0
Rice,IND_KARNATAKA_BENGALURUURBAN,2019,Summer,37.0
Rice,IND_KARNATAKA_BIDAR,1997,Kharif,9385.0
Rice,IND_KARNATAKA_BIDAR,1997,Rabi,2.0
Rice,IND_KARNATAKA_BIDAR,1998,Kharif,9587.0
Rice,IND_KARNATAKA_BIDAR,1999,Kharif,10023.0
Rice,IND_KARNATAKA_BIDAR,1999,Summer,5.0
Rice,IND_KARNATAKA_BIDAR,2000,Kharif,11483.0
Rice,IND_KARNATAKA_BIDAR,2000,Rabi,34.0
Rice,IND_KARNATAKA_BIDAR,2001,Kharif,11224.0
Rice,IND_KARNATAKA_BIDAR,2001,Rabi,30.0
Rice,IND_KARNATAKA_BIDAR,2002,Kharif,10083.0
Rice,IND_KARNATAKA_BIDAR,2002,Rabi,25.0
Rice,IND_KARNATAKA_BIDAR,2003,Kharif,8768.0
Rice,IND_KARNATAKA_BIDAR,2004,Kharif,7999.0
Rice,IND_KARNATAKA_BIDAR,2005,Kharif,7436.0
Rice,IND_KARNATAKA_BIDAR,2005,Rabi,112.0
Rice,IND_KARNATAKA_BIDAR,2006,Kharif,7077.0
Rice,IND_KARNATAKA_BIDAR,2006,Rabi,64.0
Rice,IND_KARNATAKA_BIDAR,2007,Kharif,6812.0
Rice,IND_KARNATAKA_BIDAR,2007,Rabi,26.0
Rice,IND_KARNATAKA_BIDAR,2008,Kharif,5503.0
Rice,IND_KARNATAKA_BIDAR,2009,Kharif,5039.0
Rice,IND_KARNATAKA_BIDAR,2010,Kharif,4927.0
Rice,IND_KARNATAKA_BIDAR,2011,Kharif,6489.0
Rice,IND_KARNATAKA_BIDAR,2012,Kharif,4939.0
Rice,IND_KARNATAKA_BIDAR,2013,Kharif,3572.0
Rice,IND_KARNATAKA_BIDAR,2014,Kharif,2063.0
Rice,IND_KARNATAKA_BIDAR,2015,Kharif,1549.0
Rice,IND_KARNATAKA_BIDAR,2016,Kharif,525.0
Rice,IND_KARNATAKA_BIDAR,2017,Kharif,1018.0
Rice,IND_KARNATAKA_BIDAR,2018,Kharif,617.0
Rice,IND_KARNATAKA_BIDAR,2019,Kharif,743.0
Rice,IND_KARNATAKA_BIDAR,2019,Summer,24.0
Rice,IND_KARNATAKA_CHAMARAJANAGARA,1998,Kharif,16108.0
Rice,IND_KARNATAKA_CHAMARAJANAGARA,1998,Rabi,70.0
Rice,IND_KARNATAKA_CHAMARAJANAGARA,1998,Summer,2287.0
Rice,IND_KARNATAKA_CHAMARAJANAGARA,1999,Kharif,13892.0
Rice,IND_KARNATAKA_CHAMARAJANAGARA,1999,Rabi,12.0
Rice,IND_KARNATAKA_CHAMARAJANAGARA,1999,Summer,1435.0
Rice,IND_KARNATAKA_CHAMARAJANAGARA,2000,Kharif,16213.0
Rice,IND_KARNATAKA_CHAMARAJANAGARA,2000,Rabi,85.0
Rice,IND_KARNATAKA_CHAMARAJANAGARA,2000,Summer,2485.0
Rice,IND_KARNATAKA_CHAMARAJANAGARA,2001,Kharif,16603.0
Rice,IND_KARNATAKA_CHAMARAJANAGARA,2001,Rabi,600.0
Rice,IND_KARNATAKA_CHAMARAJANAGARA,2001,Summer,1788.0
Rice,IND_KARNATAKA_CHAMARAJANAGARA,2002,Kharif,10474.0
Rice,IND_KARNATAKA_CHAMARAJANAGARA,2002,Rabi,900.0
Rice,IND_KARNATAKA_CHAMARAJANAGARA,2002,Summer,669.0
Rice,IND_KARNATAKA_CHAMARAJANAGARA,2003,Kharif,9729.0
Rice,IND_KARNATAKA_CHAMARAJANAGARA,2003,Rabi,826.0
Rice,IND_KARNATAKA_CHAMARAJANAGARA,2003,Summer,910.0
Rice,IND_KARNATAKA_CHAMARAJANAGARA,2004,Kharif,14425.0
Rice,IND_KARNATAKA_CHAMARAJANAGARA,2004,Rabi,400.0
Rice,IND_KARNATAKA_CHAMARAJANAGARA,2004,Summer,1205.0
Rice,IND_KARNATAKA_CHAMARAJANAGARA,2005,Kharif,15969.0
Rice,IND_KARNATAKA_CHAMARAJANAGARA,2005,Rabi,503.0
Rice,IND_KARNATAKA_CHAMARAJANAGARA,2005,Summer,1759.0
Rice,IND_KARNATAKA_CHAMARAJANAGARA,2006,Kharif,15124.0
Rice,IND_KARNATAKA_CHAMARAJANAGARA,2006,Rabi,140.0
Rice,IND_KARNATAKA_CHAMARAJANAGARA,2006,Summer,1016.0
Rice,IND_KARNATAKA_CHAMARAJANAGARA,2007,Kharif,16478.0
Rice,IND_KARNATAKA_CHAMARAJANAGARA,2007,Rabi,130.0
Rice,IND_KARNATAKA_CHAMARAJANAGARA,2007,Summer,3093.0
Rice,IND_KARNATAKA_CHAMARAJANAGARA,2008,Kharif,15768.0
Rice,IND_KARNATAKA_CHAMARAJANAGARA,2008,Rabi,126.0
Rice,IND_KARNATAKA_CHAMARAJANAGARA,2008,Summer,3400.0
Rice,IND_KARNATAKA_CHAMARAJANAGARA,2009,Kharif,16480.0
Rice,IND_KARNATAKA_CHAMARAJANAGARA,2009,Rabi,132.0
Rice,IND_KARNATAKA_CHAMARAJANAGARA,2009,Summer,502.0
Rice,IND_KARNATAKA_CHAMARAJANAGARA,2010,Kharif,16244.0
Rice,IND_KARNATAKA_CHAMARAJANAGARA,2010,Rabi,73.0
Rice,IND_KARNATAKA_CHAMARAJANAGARA,2010,Summer,2126.0
Rice,IND_KARNATAKA_CHAMARAJANAGARA,2011,Kharif,14443.0
Rice,IND_KARNATAKA_CHAMARAJANAGARA,2011,Rabi,489.0
Rice,IND_KARNATAKA_CHAMARAJANAGARA,2011,Summer,509.0
Rice,IND_KARNATAKA_CHAMARAJANAGARA,2012,Kharif,6871.0
Rice,IND_KARNATAKA_CHAMARAJANAGARA,2012,Rabi,5933.0
Rice,IND_KARNATAKA_CHAMARAJANAGARA,2012,Summer,260.0
Rice,IND_KARNATAKA_CHAMARAJANAGARA,2013,Kharif,15001.0
Rice,IND_KARNATAKA_CHAMARAJANAGARA,2013,Rabi,26.0
Rice,IND_KARNATAKA_CHAMARAJANAGARA,2013,Summer,350.0
Rice,IND_KARNATAKA_CHAMARAJANAGARA,2014,Kharif,13739.0
Rice,IND_KARNATAKA_CHAMARAJANAGARA,2014,Rabi,17.0
Rice,IND_KARNATAKA_CHAMARAJANAGARA,2014,Summer,60.0
Rice,IND_KARNATAKA_CHAMARAJANAGARA,2015,Kharif,13585.0
Rice,IND_KARNATAKA_CHAMARAJANAGARA,2015,Rabi,109.0
Rice,IND_KARNATAKA_CHAMARAJANAGARA,2015,Summer,186.0
Rice,IND_KARNATAKA_CHAMARAJANAGARA,2016,Kharif,6708.0
Rice,IND_KARNATAKA_CHAMARAJANAGARA,2016,Rabi,45.0
Rice,IND_KARNATAKA_CHAMARAJANAGARA,2016,Summer,68.0
Rice,IND_KARNATAKA_CHAMARAJANAGARA,2017,Kharif,2648.0
Rice,IND_KARNATAKA_CHAMARAJANAGARA,2017,Rabi,185.0
Rice,IND_KARNATAKA_CHAMARAJANAGARA,2017,Summer,178.0
Rice,IND_KARNATAKA_CHAMARAJANAGARA,2018,Kharif,9790.0
Rice,IND_KARNATAKA_CHAMARAJANAGARA,2018,Rabi,393.0
Rice,IND_KARNATAKA_CHAMARAJANAGARA,2018,Summer,253.0
Rice,IND_KARNATAKA_CHAMARAJANAGARA,2019,Kharif,6783.0
Rice,IND_KARNATAKA_CHAMARAJANAGARA,2019,Summer,1775.0
Rice,IND_KARNATAKA_CHIKKABALLAPURA,2007,Kharif,3974.0
Rice,IND_KARNATAKA_CHIKKABALLAPURA,2007,Rabi,110.0
Rice,IND_KARNATAKA_CHIKKABALLAPURA,2007,Summer,1796.0
Rice,IND_KARNATAKA_CHIKKABALLAPURA,2008,Kharif,5061.0
Rice,IND_KARNATAKA_CHIKKABALLAPURA,2008,Summer,3061.0
Rice,IND_KARNATAKA_CHIKKABALLAPURA,2009,Kharif,2649.0
Rice,IND_KARNATAKA_CHIKKABALLAPURA,2009,Rabi,93.0
Rice,IND_KARNATAKA_CHIKKABALLAPURA,2009,Summer,617.0
Rice,IND_KARNATAKA_CHIKKABALLAPURA,2010,Kharif,6599.0
Rice,IND_KARNATAKA_CHIKKABALLAPURA,2010,Rabi,1155.0
Rice,IND_KARNATAKA_CHIKKABALLAPURA,2010,Summer,1912.0
Rice,IND_KARNATAKA_CHIKKABALLAPURA,2011,Kharif,5152.0
Rice,IND_KARNATAKA_CHIKKABALLAPURA,2011,Summer,470.0
Rice,IND_KARNATAKA_CHIKKABALLAPURA,2012,Kharif,3082.0
Rice,IND_KARNATAKA_CHIKKABALLAPURA,2012,Summer,133.0
Rice,IND_KARNATAKA_CHIKKABALLAPURA,2013,Kharif,2095.0
Rice,IND_KARNATAKA_CHIKKABALLAPURA,2013,Summer,9.0
Rice,IND_KARNATAKA_CHIKKABALLAPURA,2014,Kharif,799.0
Rice,IND_KARNATAKA_CHIKKABALLAPURA,2014,Summer,15.0
Rice,IND_KARNATAKA_CHIKKABALLAPURA,2015,Kharif,1216.0
Rice,IND_KARNATAKA_CHIKKABALLAPURA,2015,Summer,117.0
Rice,IND_KARNATAKA_CHIKKABALLAPURA,2016,Kharif,1392.0
Rice,IND_KARNATAKA_CHIKKABALLAPURA,2016,Summer,14.0
Rice,IND_KARNATAKA_CHIKKABALLAPURA,2017,Kharif,243.0
Rice,IND_KARNATAKA_CHIKKABALLAPURA,2017,Summer,188.0
Rice,IND_KARNATAKA_CHIKKABALLAPURA,2018,Kharif,583.0
Rice,IND_KARNATAKA_CHIKKABALLAPURA,2018,Summer,1.0
Rice,IND_KARNATAKA_CHIKKABALLAPURA,2019,Kharif,239.0
Rice,IND_KARNATAKA_CHIKKABALLAPURA,2019,Summer,267.0
Rice,IND_KARNATAKA_CHIKKAMAGALURU,1997,Kharif,48109.0
Rice,IND_KARNATAKA_CHIKKAMAGALURU,1997,Summer,3431.0
Rice,IND_KARNATAKA_CHIKKAMAGALURU,1998,Kharif,46109.0
Rice,IND_KARNATAKA_CHIKKAMAGALURU,1998,Summer,3732.0
Rice,IND_KARNATAKA_CHIKKAMAGALURU,1999,Kharif,48320.0
Rice,IND_KARNATAKA_CHIKKAMAGALURU,1999,Summer,4880.0
Rice,IND_KARNATAKA_CHIKKAMAGALURU,2000,Kharif,46223.0
Rice,IND_KARNATAKA_CHIKKAMAGALURU,2000,Summer,3014.0
Rice,IND_KARNATAKA_CHIKKAMAGALURU,2001,Kharif,44486.0
Rice,IND_KARNATAKA_CHIKKAMAGALURU,2001,Summer,3067.0
Rice,IND_KARNATAKA_CHIKKAMAGALURU,2002,Kharif,42970.0
Rice,IND_KARNATAKA_CHIKKAMAGALURU,2002,Summer,1014.0
Rice,IND_KARNATAKA_CHIKKAMAGALURU,2003,Kharif,40634.0
Rice,IND_KARNATAKA_CHIKKAMAGALURU,2003,Summer,855.0
Rice,IND_KARNATAKA_CHIKKAMAGALURU,2004,Kharif,41900.0
Rice,IND_KARNATAKA_CHIKKAMAGALURU,2004,Summer,3759.0
Rice,IND_KARNATAKA_CHIKKAMAGALURU,2005,Kharif,40973.0
Rice,IND_KARNATAKA_CHIKKAMAGALURU,2005,Summer,3860.0
Rice,IND_KARNATAKA_CHIKKAMAGALURU,2006,Kharif,42119.0
Rice,IND_KARNATAKA_CHIKKAMAGALURU,2006,Summer,3562.0
Rice,IND_KARNATAKA_CHIKKAMAGALURU,2007,Kharif,38745.0
Rice,IND_KARNATAKA_CHIKKAMAGALURU,2007,Summer,3262.0
Rice,IND_KARNATAKA_CHIKKAMAGALURU,2008,Kharif,40566.0
Rice,IND_KARNATAKA_CHIKKAMAGALURU,2008,Summer,3223.0
Rice,IND_KARNATAKA_CHIKKAMAGALURU,2009,Kharif,40065.0
Rice,IND_KARNATAKA_CHIKKAMAGALURU,2009,Summer,3577.0
Rice,IND_KARNATAKA_CHIKKAMAGALURU,2010,Kharif,40562.0
Rice,IND_KARNATAKA_CHIKKAMAGALURU,2010,Summer,3494.0
Rice,IND_KARNATAKA_CHIKKAMAGALURU,2011,Kharif,41880.0
Rice,IND_KARNATAKA_CHIKKAMAGALURU,2011,Summer,3496.0
Rice,IND_KARNATAKA_CHIKKAMAGALURU,2012,Kharif,35282.0
Rice,IND_KARNATAKA_CHIKKAMAGALURU,2012,Summer,2708.0
Rice,IND_KARNATAKA_CHIKKAMAGALURU,2013,Kharif,38396.0
Rice,IND_KARNATAKA_CHIKKAMAGALURU,2013,Summer,2652.0
Rice,IND_KARNATAKA_CHIKKAMAGALURU,2014,Kharif,37327.0
Rice,IND_KARNATAKA_CHIKKAMAGALURU,2014,Summer,3010.0
Rice,IND_KARNATAKA_CHIKKAMAGALURU,2015,Kharif,32219.0
Rice,IND_KARNATAKA_CHIKKAMAGALURU,2015,Summer,817.0
Rice,IND_KARNATAKA_CHIKKAMAGALURU,2016,Kharif,29637.0
Rice,IND_KARNATAKA_CHIKKAMAGALURU,2016,Summer,294.0
Rice,IND_KARNATAKA_CHIKKAMAGALURU,2017,Kharif,24094.0
Rice,IND_KARNATAKA_CHIKKAMAGALURU,2017,Summer,2804.0
Rice,IND_KARNATAKA_CHIKKAMAGALURU,2018,Kharif,17525.0
Rice,IND_KARNATAKA_CHIKKAMAGALURU,2018,Summer,1892.0
Rice,IND_KARNATAKA_CHIKKAMAGALURU,2019,Kharif,14399.0
Rice,IND_KARNATAKA_CHIKKAMAGALURU,2019,Summer,1234.0
Rice,IND_KARNATAKA_CHITRADURGA,1997,Kharif,39725.0
Rice,IND_KARNATAKA_CHITRADURGA,1997,Rabi,355.0
Rice,IND_KARNATAKA_CHITRADURGA,1997,Summer,32958.0
Rice,IND_KARNATAKA_CHITRADURGA,1998,Kharif,3235.0
Rice,IND_KARNATAKA_CHITRADURGA,1998,Rabi,730.0
Rice,IND_KARNATAKA_CHITRADURGA,1998,Summer,5457.0
Rice,IND_KARNATAKA_CHITRADURGA,1999,Kharif,6229.0
Rice,IND_KARNATAKA_CHITRADURGA,1999,Rabi,747.0
Rice,IND_KARNATAKA_CHITRADURGA,1999,Summer,6275.0
Rice,IND_KARNATAKA_CHITRADURGA,2000,Kharif,7356.0
Rice,IND_KARNATAKA_CHITRADURGA,2000,Rabi,1198.0
Rice,IND_KARNATAKA_CHITRADURGA,2000,Summer,6642.0
Rice,IND_KARNATAKA_CHITRADURGA,2001,Kharif,6680.0
Rice,IND_KARNATAKA_CHITRADURGA,2001,Rabi,1354.0
Rice,IND_KARNATAKA_CHITRADURGA,2001,Summer,4425.0
Rice,IND_KARNATAKA_CHITRADURGA,2002,Kharif,4922.0
Rice,IND_KARNATAKA_CHITRADURGA,2002,Rabi,1314.0
Rice,IND_KARNATAKA_CHITRADURGA,2002,Summer,1522.0
Rice,IND_KARNATAKA_CHITRADURGA,2003,Kharif,3489.0
Rice,IND_KARNATAKA_CHITRADURGA,2003,Rabi,796.0
Rice,IND_KARNATAKA_CHITRADURGA,2003,Summer,911.0
Rice,IND_KARNATAKA_CHITRADURGA,2004,Kharif,3565.0
Rice,IND_KARNATAKA_CHITRADURGA,2004,Rabi,633.0
Rice,IND_KARNATAKA_CHITRADURGA,2004,Summer,497.0
Rice,IND_KARNATAKA_CHITRADURGA,2005,Kharif,3537.0
Rice,IND_KARNATAKA_CHITRADURGA,2005,Rabi,1513.0
Rice,IND_KARNATAKA_CHITRADURGA,2005,Summer,5754.0
Rice,IND_KARNATAKA_CHITRADURGA,2006,Kharif,4334.0
Rice,IND_KARNATAKA_CHITRADURGA,2006,Rabi,1111.0
Rice,IND_KARNATAKA_CHITRADURGA,2006,Summer,2387.0
Rice,IND_KARNATAKA_CHITRADURGA,2007,Kharif,2728.0
Rice,IND_KARNATAKA_CHITRADURGA,2007,Rabi,436.0
Rice,IND_KARNATAKA_CHITRADURGA,2007,Summer,3510.0
Rice,IND_KARNATAKA_CHITRADURGA,2008,Kharif,5265.0
Rice,IND_KARNATAKA_CHITRADURGA,2008,Rabi,552.0
Rice,IND_KARNATAKA_CHITRADURGA,2008,Summer,2850.0
Rice,IND_KARNATAKA_CHITRADURGA,2009,Kharif,5648.0
Rice,IND_KARNATAKA_CHITRADURGA,2009,Rabi,1438.0
Rice,IND_KARNATAKA_CHITRADURGA,2009,Summer,3989.0
Rice,IND_KARNATAKA_CHITRADURGA,2010,Kharif,7941.0
Rice,IND_KARNATAKA_CHITRADURGA,2010,Rabi,953.0
Rice,IND_KARNATAKA_CHITRADURGA,2010,Summer,5054.0
Rice,IND_KARNATAKA_CHITRADURGA,2011,Kharif,4723.0
Rice,IND_KARNATAKA_CHITRADURGA,2011,Rabi,510.0
Rice,IND_KARNATAKA_CHITRADURGA,2011,Summer,763.0
Rice,IND_KARNATAKA_CHITRADURGA,2012,Kharif,2864.0
Rice,IND_KARNATAKA_CHITRADURGA,2012,Rabi,273.0
Rice,IND_KARNATAKA_CHITRADURGA,2012,Summer,410.0
Rice,IND_KARNATAKA_CHITRADURGA,2013,Kharif,1196.0
Rice,IND_KARNATAKA_CHITRADURGA,2013,Rabi,361.0
Rice,IND_KARNATAKA_CHITRADURGA,2013,Summer,612.0
Rice,IND_KARNATAKA_CHITRADURGA,2014,Kharif,1048.0
Rice,IND_KARNATAKA_CHITRADURGA,2014,Rabi,402.0
Rice,IND_KARNATAKA_CHITRADURGA,2014,Summer,575.0
Rice,IND_KARNATAKA_CHITRADURGA,2015,Kharif,847.0
Rice,IND_KARNATAKA_CHITRADURGA,2015,Rabi,97.0
Rice,IND_KARNATAKA_CHITRADURGA,2015,Summer,353.0
Rice,IND_KARNATAKA_CHITRADURGA,2016,Kharif,798.0
Rice,IND_KARNATAKA_CHITRADURGA,2016,Rabi,5.0
Rice,IND_KARNATAKA_CHITRADURGA,2016,Summer,35.0
Rice,IND_KARNATAKA_CHITRADURGA,2017,Kharif,355.0
Rice,IND_KARNATAKA_CHITRADURGA,2017,Rabi,529.0
Rice,IND_KARNATAKA_CHITRADURGA,2017,Summer,700.0
Rice,IND_KARNATAKA_CHITRADURGA,2018,Kharif,774.0
Rice,IND_KARNATAKA_CHITRADURGA,2018,Rabi,36.0
Rice,IND_KARNATAKA_CHITRADURGA,2018,Summer,33.0
Rice,IND_KARNATAKA_CHITRADURGA,2019,Kharif,96.0
Rice,IND_KARNATAKA_CHITRADURGA,2019,Rabi,784.0
Rice,IND_KARNATAKA_CHITRADURGA,2019,Summer,118.0
Rice,IND_KARNATAKA_DAKSHINAKANNADA,1997,Kharif,92885.0
Rice,IND_KARNATAKA_DAKSHINAKANNADA,1997,Rabi,40539.0
Rice,IND_KARNATAKA_DAKSHINAKANNADA,1997,Summer,5312.0
Rice,IND_KARNATAKA_DAKSHINAKANNADA,1998,Kharif,39173.0
Rice,IND_KARNATAKA_DAKSHINAKANNADA,1998,Rabi,24984.0
Rice,IND_KARNATAKA_DAKSHINAKANNADA,1998,Summer,3597.0
Rice,IND_KARNATAKA_DAKSHINAKANNADA,1999,Kharif,38291.0
Rice,IND_KARNATAKA_DAKSHINAKANNADA,1999,Rabi,24957.0
Rice,IND_KARNATAKA_DAKSHINAKANNADA,1999,Summer,2955.0
Rice,IND_KARNATAKA_DAKSHINAKANNADA,2000,Kharif,35619.0
Rice,IND_KARNATAKA_DAKSHINAKANNADA,2000,Rabi,24510.0
Rice,IND_KARNATAKA_DAKSHINAKANNADA,2000,Summer,2850.0
Rice,IND_KARNATAKA_DAKSHINAKANNADA,2001,Kharif,34278.0
Rice,IND_KARNATAKA_DAKSHINAKANNADA,2001,Rabi,24922.0
Rice,IND_KARNATAKA_DAKSHINAKANNADA,2001,Summer,2688.0
Rice,IND_KARNATAKA_DAKSHINAKANNADA,2002,Kharif,33223.0
Rice,IND_KARNATAKA_DAKSHINAKANNADA,2002,Rabi,23970.0
Rice,IND_KARNATAKA_DAKSHINAKANNADA,2002,Summer,2358.0
Rice,IND_KARNATAKA_DAKSHINAKANNADA,2003,Kharif,33416.0
Rice,IND_KARNATAKA_DAKSHINAKANNADA,2003,Rabi,23424.0
Rice,IND_KARNATAKA_DAKSHINAKANNADA,2003,Summer,2262.0
Rice,IND_KARNATAKA_DAKSHINAKANNADA,2004,Kharif,33647.0
Rice,IND_KARNATAKA_DAKSHINAKANNADA,2004,Rabi,23073.0
Rice,IND_KARNATAKA_DAKSHINAKANNADA,2004,Summer,2118.0
Rice,IND_KARNATAKA_DAKSHINAKANNADA,2005,Kharif,31968.0
Rice,IND_KARNATAKA_DAKSHINAKANNADA,2005,Rabi,22659.0
Rice,IND_KARNATAKA_DAKSHINAKANNADA,2005,Summer,2002.0
Rice,IND_KARNATAKA_DAKSHINAKANNADA,2006,Kharif,33090.0
Rice,IND_KARNATAKA_DAKSHINAKANNADA,2006,Rabi,21927.0
Rice,IND_KARNATAKA_DAKSHINAKANNADA,2006,Summer,1741.0
Rice,IND_KARNATAKA_DAKSHINAKANNADA,2007,Kharif,33029.0
Rice,IND_KARNATAKA_DAKSHINAKANNADA,2007,Rabi,21355.0
Rice,IND_KARNATAKA_DAKSHINAKANNADA,2007,Summer,1561.0
Rice,IND_KARNATAKA_DAKSHINAKANNADA,2008,Kharif,32845.0
Rice,IND_KARNATAKA_DAKSHINAKANNADA,2008,Rabi,20919.0
Rice,IND_KARNATAKA_DAKSHINAKANNADA,2008,Summer,1608.0
Rice,IND_KARNATAKA_DAKSHINAKANNADA,2009,Kharif,32583.0
Rice,IND_KARNATAKA_DAKSHINAKANNADA,2009,Rabi,20948.0
Rice,IND_KARNATAKA_DAKSHINAKANNADA,2009,Summer,1368.0
Rice,IND_KARNATAKA_DAKSHINAKANNADA,2010,Kharif,32408.0
Rice,IND_KARNATAKA_DAKSHINAKANNADA,2010,Rabi,20982.0
Rice,IND_KARNATAKA_DAKSHINAKANNADA,2010,Summer,1243.0
Rice,IND_KARNATAKA_DAKSHINAKANNADA,2011,Kharif,32423.0
Rice,IND_KARNATAKA_DAKSHINAKANNADA,2011,Rabi,21231.0
Rice,IND_KARNATAKA_DAKSHINAKANNADA,2011,Summer,1512.0
Rice,IND_KARNATAKA_DAKSHINAKANNADA,2012,Kharif,31498.0
Rice,IND_KARNATAKA_DAKSHINAKANNADA,2012,Rabi,21201.0
Rice,IND_KARNATAKA_DAKSHINAKANNADA,2012,Summer,1505.0
Rice,IND_KARNATAKA_DAKSHINAKANNADA,2013,Kharif,31646.0
Rice,IND_KARNATAKA_DAKSHINAKANNADA,2013,Rabi,21705.0
Rice,IND_KARNATAKA_DAKSHINAKANNADA,2013,Summer,1980.0
Rice,IND_KARNATAKA_DAKSHINAKANNADA,2014,Kharif,29749.0
Rice,IND_KARNATAKA_DAKSHINAKANNADA,2014,Rabi,21240.0
Rice,IND_KARNATAKA_DAKSHINAKANNADA,2014,Summer,1360.0
Rice,IND_KARNATAKA_DAKSHINAKANNADA,2015,Kharif,28029.0
Rice,IND_KARNATAKA_DAKSHINAKANNADA,2015,Rabi,19085.0
Rice,IND_KARNATAKA_DAKSHINAKANNADA,2015,Summer,1575.0
Rice,IND_KARNATAKA_DAKSHINAKANNADA,2016,Kharif,28540.0
Rice,IND_KARNATAKA_DAKSHINAKANNADA,2016,Rabi,10540.0
Rice,IND_KARNATAKA_DAKSHINAKANNADA,2016,Summer,216.0
Rice,IND_KARNATAKA_DAKSHINAKANNADA,2017,Kharif,23343.0
Rice,IND_KARNATAKA_DAKSHINAKANNADA,2017,Rabi,9606.0
Rice,IND_KARNATAKA_DAKSHINAKANNADA,2017,Summer,213.0
Rice,IND_KARNATAKA_DAKSHINAKANNADA,2018,Kharif,6018.0
Rice,IND_KARNATAKA_DAKSHINAKANNADA,2018,Rabi,3356.0
Rice,IND_KARNATAKA_DAKSHINAKANNADA,2019,Kharif,10260.0
Rice,IND_KARNATAKA_DAKSHINAKANNADA,2019,Rabi,2368.0
Rice,IND_KARNATAKA_DAVANGERE,1998,Kharif,66853.0
Rice,IND_KARNATAKA_DAVANGERE,1998,Rabi,99.0
Rice,IND_KARNATAKA_DAVANGERE,1998,Summer,51226.0
Rice,IND_KARNATAKA_DAVANGERE,1999,Kharif,67236.0
Rice,IND_KARNATAKA_DAVANGERE,1999,Rabi,229.0
Rice,IND_KARNATAKA_DAVANGERE,1999,Summer,52272.0
Rice,IND_KARNATAKA_DAVANGERE,2000,Kharif,70115.0
Rice,IND_KARNATAKA_DAVANGERE,2000,Summer,46630.0
Rice,IND_KARNATAKA_DAVANGERE,2001,Kharif,67016.0
Rice,IND_KARNATAKA_DAVANGERE,2001,Summer,39818.0
Rice,IND_KARNATAKA_DAVANGERE,2002,Kharif,65565.0
Rice,IND_KARNATAKA_DAVANGERE,2002,Summer,11376.0
Rice,IND_KARNATAKA_DAVANGERE,2003,Kharif,53106.0
Rice,IND_KARNATAKA_DAVANGERE,2003,Summer,5618.0
Rice,IND_KARNATAKA_DAVANGERE,2004,Kharif,59121.0
Rice,IND_KARNATAKA_DAVANGERE,2004,Summer,47428.0
Rice,IND_KARNATAKA_DAVANGERE,2005,Kharif,71306.0
Rice,IND_KARNATAKA_DAVANGERE,2005,Summer,59114.0
Rice,IND_KARNATAKA_DAVANGERE,2006,Kharif,70785.0
Rice,IND_KARNATAKA_DAVANGERE,2006,Summer,54551.0
Rice,IND_KARNATAKA_DAVANGERE,2007,Kharif,22074.0
Rice,IND_KARNATAKA_DAVANGERE,2007,Summer,56058.0
Rice,IND_KARNATAKA_DAVANGERE,2008,Kharif,70956.0
Rice,IND_KARNATAKA_DAVANGERE,2008,Summer,59252.0
Rice,IND_KARNATAKA_DAVANGERE,2009,Kharif,75176.0
Rice,IND_KARNATAKA_DAVANGERE,2009,Summer,62273.0
Rice,IND_KARNATAKA_DAVANGERE,2010,Kharif,76270.0
Rice,IND_KARNATAKA_DAVANGERE,2010,Summer,66254.0
Rice,IND_KARNATAKA_DAVANGERE,2011,Kharif,78404.0
Rice,IND_KARNATAKA_DAVANGERE,2011,Summer,66915.0
Rice,IND_KARNATAKA_DAVANGERE,2012,Kharif,75562.0
Rice,IND_KARNATAKA_DAVANGERE,2012,Summer,41318.0
Rice,IND_KARNATAKA_DAVANGERE,2013,Kharif,74223.0
Rice,IND_KARNATAKA_DAVANGERE,2013,Summer,53400.0
Rice,IND_KARNATAKA_DAVANGERE,2014,Kharif,75259.0
Rice,IND_KARNATAKA_DAVANGERE,2014,Summer,61421.0
Rice,IND_KARNATAKA_DAVANGERE,2015,Kharif,72469.0
Rice,IND_KARNATAKA_DAVANGERE,2015,Summer,25792.0
Rice,IND_KARNATAKA_DAVANGERE,2016,Kharif,70623.0
Rice,IND_KARNATAKA_DAVANGERE,2016,Summer,7260.0
Rice,IND_KARNATAKA_DAVANGERE,2017,Kharif,15875.0
Rice,IND_KARNATAKA_DAVANGERE,2017,Summer,48528.0
Rice,IND_KARNATAKA_DAVANGERE,2018,Kharif,73711.0
Rice,IND_KARNATAKA_DAVANGERE,2018,Summer,51959.0
Rice,IND_KARNATAKA_DAVANGERE,2019,Kharif,69724.0
Rice,IND_KARNATAKA_DAVANGERE,2019,Summer,34716.0
Rice,IND_KARNATAKA_DHARWAD,1997,Kharif,89655.0
Rice,IND_KARNATAKA_DHARWAD,1997,Rabi,19.0
Rice,IND_KARNATAKA_DHARWAD,1997,Summer,2464.0
Rice,IND_KARNATAKA_DHARWAD,1998,Kharif,36998.0
Rice,IND_KARNATAKA_DHARWAD,1998,Rabi,2.0
Rice,IND_KARNATAKA_DHARWAD,1998,Summer,633.0
Rice,IND_KARNATAKA_DHARWAD,1999,Kharif,39458.0
Rice,IND_KARNATAKA_DHARWAD,1999,Summer,839.0
Rice,IND_KARNATAKA_DHARWAD,2000,Kharif,38619.0
Rice,IND_KARNATAKA_DHARWAD,2000,Summer,884.0
Rice,IND_KARNATAKA_DHARWAD,2001,Kharif,38948.0
Rice,IND_KARNATAKA_DHARWAD,2001,Summer,376.0
Rice,IND_KARNATAKA_DHARWAD,2002,Kharif,38239.0
Rice,IND_KARNATAKA_DHARWAD,2002,Summer,263.0
Rice,IND_KARNATAKA_DHARWAD,2003,Kharif,29090.0
Rice,IND_KARNATAKA_DHARWAD,2003,Summer,226.0
Rice,IND_KARNATAKA_DHARWAD,2004,Kharif,23623.0
Rice,IND_KARNATAKA_DHARWAD,2004,Summer,202.0
Rice,IND_KARNATAKA_DHARWAD,2005,Kharif,22611.0
Rice,IND_KARNATAKA_DHARWAD,2005,Summer,292.0
Rice,IND_KARNATAKA_DHARWAD,2006,Kharif,24429.0
Rice,IND_KARNATAKA_DHARWAD,2006,Summer,139.0
Rice,IND_KARNATAKA_DHARWAD,2007,Kharif,25693.0
Rice,IND_KARNATAKA_DHARWAD,2007,Summer,259.0
Rice,IND_KARNATAKA_DHARWAD,2008,Kharif,32699.0
Rice,IND_KARNATAKA_DHARWAD,2008,Summer,135.0
Rice,IND_KARNATAKA_DHARWAD,2009,Kharif,26681.0
Rice,IND_KARNATAKA_DHARWAD,2009,Summer,277.0
Rice,IND_KARNATAKA_DHARWAD,2010,Kharif,27881.0
Rice,IND_KARNATAKA_DHARWAD,2010,Summer,273.0
Rice,IND_KARNATAKA_DHARWAD,2011,Kharif,25634.0
Rice,IND_KARNATAKA_DHARWAD,2011,Summer,195.0
Rice,IND_KARNATAKA_DHARWAD,2012,Kharif,27411.0
Rice,IND_KARNATAKA_DHARWAD,2012,Summer,96.0
Rice,IND_KARNATAKA_DHARWAD,2013,Kharif,22354.0
Rice,IND_KARNATAKA_DHARWAD,2013,Summer,89.0
Rice,IND_KARNATAKA_DHARWAD,2014,Kharif,20554.0
Rice,IND_KARNATAKA_DHARWAD,2014,Summer,123.0
Rice,IND_KARNATAKA_DHARWAD,2015,Kharif,23897.0
Rice,IND_KARNATAKA_DHARWAD,2015,Summer,12.0
Rice,IND_KARNATAKA_DHARWAD,2016,Kharif,21903.0
Rice,IND_KARNATAKA_DHARWAD,2016,Summer,1.0
Rice,IND_KARNATAKA_DHARWAD,2017,Kharif,22416.0
Rice,IND_KARNATAKA_DHARWAD,2017,Summer,5.0
Rice,IND_KARNATAKA_DHARWAD,2018,Kharif,11103.0
Rice,IND_KARNATAKA_DHARWAD,2018,Summer,4.0
Rice,IND_KARNATAKA_DHARWAD,2019,Kharif,9965.0
Rice,IND_KARNATAKA_DHARWAD,2019,Summer,66.0
Rice,IND_KARNATAKA_GADAG,1998,Kharif,815.0
Rice,IND_KARNATAKA_GADAG,1998,Rabi,2.0
Rice,IND_KARNATAKA_GADAG,1998,Summer,227.0
Rice,IND_KARNATAKA_GADAG,1999,Kharif,816.0
Rice,IND_KARNATAKA_GADAG,1999,Summer,328.0
Rice,IND_KARNATAKA_GADAG,2000,Kharif,888.0
Rice,IND_KARNATAKA_GADAG,2000,Summer,264.0
Rice,IND_KARNATAKA_GADAG,2001,Kharif,705.0
Rice,IND_KARNATAKA_GADAG,2001,Rabi,3.0
Rice,IND_KARNATAKA_GADAG,2001,Summer,324.0
Rice,IND_KARNATAKA_GADAG,2002,Kharif,1233.0
Rice,IND_KARNATAKA_GADAG,2002,Summer,180.0
Rice,IND_KARNATAKA_GADAG,2003,Kharif,1244.0
Rice,IND_KARNATAKA_GADAG,2003,Summer,299.0
Rice,IND_KARNATAKA_GADAG,2004,Kharif,679.0
Rice,IND_KARNATAKA_GADAG,2004,Summer,664.0
Rice,IND_KARNATAKA_GADAG,2005,Kharif,1847.0
Rice,IND_KARNATAKA_GADAG,2005,Summer,1087.0
Rice,IND_KARNATAKA_GADAG,2006,Kharif,1495.0
Rice,IND_KARNATAKA_GADAG,2006,Summer,883.0
Rice,IND_KARNATAKA_GADAG,2007,Kharif,1473.0
Rice,IND_KARNATAKA_GADAG,2007,Summer,517.0
Rice,IND_KARNATAKA_GADAG,2008,Kharif,1100.0
Rice,IND_KARNATAKA_GADAG,2008,Summer,805.0
Rice,IND_KARNATAKA_GADAG,2009,Kharif,928.0
Rice,IND_KARNATAKA_GADAG,2009,Summer,1084.0
Rice,IND_KARNATAKA_GADAG,2010,Kharif,865.0
Rice,IND_KARNATAKA_GADAG,2010,Summer,1480.0
Rice,IND_KARNATAKA_GADAG,2011,Kharif,1063.0
Rice,IND_KARNATAKA_GADAG,2011,Summer,644.0
Rice,IND_KARNATAKA_GADAG,2012,Kharif,895.0
Rice,IND_KARNATAKA_GADAG,2012,Summer,682.0
Rice,IND_KARNATAKA_GADAG,2013,Kharif,1362.0
Rice,IND_KARNATAKA_GADAG,2013,Summer,1565.0
Rice,IND_KARNATAKA_GADAG,2014,Kharif,1044.0
Rice,IND_KARNATAKA_GADAG,2014,Summer,999.0
Rice,IND_KARNATAKA_GADAG,2015,Kharif,879.0
Rice,IND_KARNATAKA_GADAG,2015,Summer,828.0
Rice,IND_KARNATAKA_GADAG,2016,Kharif,1144.0
Rice,IND_KARNATAKA_GADAG,2016,Summer,765.0
Rice,IND_KARNATAKA_GADAG,2017,Kharif,1321.0
Rice,IND_KARNATAKA_GADAG,2017,Summer,1116.0
Rice,IND_KARNATAKA_GADAG,2018,Kharif,2482.0
Rice,IND_KARNATAKA_GADAG,2018,Summer,1221.0
Rice,IND_KARNATAKA_GADAG,2019,Kharif,3222.0
Rice,IND_KARNATAKA_GADAG,2019,Summer,1594.0
Rice,IND_KARNATAKA_HASSAN,1997,Kharif,53948.0
Rice,IND_KARNATAKA_HASSAN,1997,Rabi,4744.0
Rice,IND_KARNATAKA_HASSAN,1997,Summer,8904.0
Rice,IND_KARNATAKA_HASSAN,1998,Kharif,55878.0
Rice,IND_KARNATAKA_HASSAN,1998,Rabi,2937.0
Rice,IND_KARNATAKA_HASSAN,1998,Summer,7869.0
Rice,IND_KARNATAKA_HASSAN,1999,Kharif,54588.0
Rice,IND_KARNATAKA_HASSAN,1999,Rabi,3189.0
Rice,IND_KARNATAKA_HASSAN,1999,Summer,9635.0
Rice,IND_KARNATAKA_HASSAN,2000,Kharif,54598.0
Rice,IND_KARNATAKA_HASSAN,2000,Rabi,2006.0
Rice,IND_KARNATAKA_HASSAN,2000,Summer,11638.0
Rice,IND_KARNATAKA_HASSAN,2001,Kharif,52286.0
Rice,IND_KARNATAKA_HASSAN,2001,Rabi,1952.0
Rice,IND_KARNATAKA_HASSAN,2001,Summer,2928.0
Rice,IND_KARNATAKA_HASSAN,2002,Kharif,45807.0
Rice,IND_KARNATAKA_HASSAN,2002,Rabi,1830.0
Rice,IND_KARNATAKA_HASSAN,2002,Summer,1147.0
Rice,IND_KARNATAKA_HASSAN,2003,Kharif,37991.0
Rice,IND_KARNATAKA_HASSAN,2003,Rabi,793.0
Rice,IND_KARNATAKA_HASSAN,2003,Summer,749.0
Rice,IND_KARNATAKA_HASSAN,2004,Kharif,51406.0
Rice,IND_KARNATAKA_HASSAN,2004,Rabi,695.0
Rice,IND_KARNATAKA_HASSAN,2004,Summer,1083.0
Rice,IND_KARNATAKA_HASSAN,2005,Kharif,46309.0
Rice,IND_KARNATAKA_HASSAN,2005,Rabi,651.0
Rice,IND_KARNATAKA_HASSAN,2005,Summer,5572.0
Rice,IND_KARNATAKA_HASSAN,2006,Kharif,48517.0
Rice,IND_KARNATAKA_HASSAN,2006,Rabi,373.0
Rice,IND_KARNATAKA_HASSAN,2006,Summer,2850.0
Rice,IND_KARNATAKA_HASSAN,2007,Kharif,46186.0
Rice,IND_KARNATAKA_HASSAN,2007,Rabi,220.0
Rice,IND_KARNATAKA_HASSAN,2007,Summer,6019.0
Rice,IND_KARNATAKA_HASSAN,2008,Kharif,47315.0
Rice,IND_KARNATAKA_HASSAN,2008,Rabi,300.0
Rice,IND_KARNATAKA_HASSAN,2008,Summer,5531.0
Rice,IND_KARNATAKA_HASSAN,2009,Kharif,41520.0
Rice,IND_KARNATAKA_HASSAN,2009,Rabi,1110.0
Rice,IND_KARNATAKA_HASSAN,2009,Summer,5029.0
Rice,IND_KARNATAKA_HASSAN,2010,Kharif,35785.0
Rice,IND_KARNATAKA_HASSAN,2010,Rabi,10790.0
Rice,IND_KARNATAKA_HASSAN,2010,Summer,5170.0
Rice,IND_KARNATAKA_HASSAN,2011,Kharif,46451.0
Rice,IND_KARNATAKA_HASSAN,2011,Rabi,523.0
Rice,IND_KARNATAKA_HASSAN,2011,Summer,1895.0
Rice,IND_KARNATAKA_HASSAN,2012,Kharif,48265.0
Rice,IND_KARNATAKA_HASSAN,2012,Rabi,26.0
Rice,IND_KARNATAKA_HASSAN,2012,Summer,1003.0
Rice,IND_KARNATAKA_HASSAN,2013,Kharif,50260.0
Rice,IND_KARNATAKA_HASSAN,2013,Rabi,453.0
Rice,IND_KARNATAKA_HASSAN,2013,Summer,1086.0
Rice,IND_KARNATAKA_HASSAN,2014,Kharif,45653.0
Rice,IND_KARNATAKA_HASSAN,2014,Rabi,1752.0
Rice,IND_KARNATAKA_HASSAN,2014,Summer,667.0
Rice,IND_KARNATAKA_HASSAN,2015,Kharif,41719.0
Rice,IND_KARNATAKA_HASSAN,2015,Rabi,150.0
Rice,IND_KARNATAKA_HASSAN,2015,Summer,949.0
Rice,IND_KARNATAKA_HASSAN,2016,Kharif,25838.0
Rice,IND_KARNATAKA_HASSAN,2016,Rabi,3.0
Rice,IND_KARNATAKA_HASSAN,2016,Summer,259.0
Rice,IND_KARNATAKA_HASSAN,2017,Kharif,21016.0
Rice,IND_KARNATAKA_HASSAN,2017,Summer,609.0
Rice,IND_KARNATAKA_HASSAN,2018,Kharif,46250.0
Rice,IND_KARNATAKA_HASSAN,2018,Summer,551.0
Rice,IND_KARNATAKA_HASSAN,2019,Kharif,42301.0
Rice,IND_KARNATAKA_HASSAN,2019,Rabi,1653.0
Rice,IND_KARNATAKA_HASSAN,2019,Summer,2191.0
Rice,IND_KARNATAKA_HAVERI,1998,Kharif,52395.0
Rice,IND_KARNATAKA_HAVERI,1998,Summer,1980.0
Rice,IND_KARNATAKA_HAVERI,1999,Kharif,53741.0
Rice,IND_KARNATAKA_HAVERI,1999,Summer,1931.0
Rice,IND_KARNATAKA_HAVERI,2000,Kharif,54985.0
Rice,IND_KARNATAKA_HAVERI,2000,Summer,1758.0
Rice,IND_KARNATAKA_HAVERI,2001,Kharif,56369.0
Rice,IND_KARNATAKA_HAVERI,2001,Summer,1765.0
Rice,IND_KARNATAKA_HAVERI,2002,Kharif,55222.0
Rice,IND_KARNATAKA_HAVERI,2002,Rabi,53.0
Rice,IND_KARNATAKA_HAVERI,2002,Summer,2098.0
Rice,IND_KARNATAKA_HAVERI,2003,Kharif,35641.0
Rice,IND_KARNATAKA_HAVERI,2003,Summer,1467.0
Rice,IND_KARNATAKA_HAVERI,2004,Kharif,34035.0
Rice,IND_KARNATAKA_HAVERI,2004,Summer,3278.0
Rice,IND_KARNATAKA_HAVERI,2005,Kharif,26796.0
Rice,IND_KARNATAKA_HAVERI,2005,Summer,4621.0
Rice,IND_KARNATAKA_HAVERI,2006,Kharif,36385.0
Rice,IND_KARNATAKA_HAVERI,2006,Summer,3172.0
Rice,IND_KARNATAKA_HAVERI,2007,Kharif,37740.0
Rice,IND_KARNATAKA_HAVERI,2007,Summer,4127.0
Rice,IND_KARNATAKA_HAVERI,2008,Kharif,46954.0
Rice,IND_KARNATAKA_HAVERI,2008,Summer,4715.0
Rice,IND_KARNATAKA_HAVERI,2009,Kharif,43936.0
Rice,IND_KARNATAKA_HAVERI,2009,Summer,6059.0
Rice,IND_KARNATAKA_HAVERI,2010,Kharif,44996.0
Rice,IND_KARNATAKA_HAVERI,2010,Summer,5931.0
Rice,IND_KARNATAKA_HAVERI,2011,Kharif,44761.0
Rice,IND_KARNATAKA_HAVERI,2011,Summer,4917.0
Rice,IND_KARNATAKA_HAVERI,2012,Kharif,46099.0
Rice,IND_KARNATAKA_HAVERI,2012,Summer,4592.0
Rice,IND_KARNATAKA_HAVERI,2013,Kharif,41051.0
Rice,IND_KARNATAKA_HAVERI,2013,Summer,7312.0
Rice,IND_KARNATAKA_HAVERI,2014,Kharif,39894.0
Rice,IND_KARNATAKA_HAVERI,2014,Summer,6285.0
Rice,IND_KARNATAKA_HAVERI,2015,Kharif,38857.0
Rice,IND_KARNATAKA_HAVERI,2015,Summer,6111.0
Rice,IND_KARNATAKA_HAVERI,2016,Kharif,32015.0
Rice,IND_KARNATAKA_HAVERI,2016,Summer,3992.0
Rice,IND_KARNATAKA_HAVERI,2017,Kharif,23672.0
Rice,IND_KARNATAKA_HAVERI,2017,Summer,4058.0
Rice,IND_KARNATAKA_HAVERI,2018,Kharif,31892.0
Rice,IND_KARNATAKA_HAVERI,2018,Summer,5396.0
Rice,IND_KARNATAKA_HAVERI,2019,Kharif,29195.0
Rice,IND_KARNATAKA_HAVERI,2019,Summer,7135.0
Rice,IND_KARNATAKA_KALABURAGI,1997,Kharif,6591.0
Rice,IND_KARNATAKA_KALABURAGI,1997,Rabi,1846.0
Rice,IND_KARNATAKA_KALABURAGI,1997,Summer,636.0
Rice,IND_KARNATAKA_KALABURAGI,1998,Kharif,13228.0
Rice,IND_KARNATAKA_KALABURAGI,1998,Rabi,4595.0
Rice,IND_KARNATAKA_KALABURAGI,1998,Summer,4379.0
Rice,IND_KARNATAKA_KALABURAGI,1999,Kharif,10705.0
Rice,IND_KARNATAKA_KALABURAGI,1999,Rabi,1847.0
Rice,IND_KARNATAKA_KALABURAGI,1999,Summer,7462.0
Rice,IND_KARNATAKA_KALABURAGI,2000,Kharif,16485.0
Rice,IND_KARNATAKA_KALABURAGI,2000,Rabi,3976.0
Rice,IND_KARNATAKA_KALABURAGI,2000,Summer,11749.0
Rice,IND_KARNATAKA_KALABURAGI,2001,Kharif,18722.0
Rice,IND_KARNATAKA_KALABURAGI,2001,Rabi,7271.0
Rice,IND_KARNATAKA_KALABURAGI,2001,Summer,15635.0
Rice,IND_KARNATAKA_KALABURAGI,2002,Kharif,25098.0
Rice,IND_KARNATAKA_KALABURAGI,2002,Rabi,4913.0
Rice,IND_KARNATAKA_KALABURAGI,2002,Summer,17599.0
Rice,IND_KARNATAKA_KALABURAGI,2003,Kharif,32457.0
Rice,IND_KARNATAKA_KALABURAGI,2003,Rabi,4701.0
Rice,IND_KARNATAKA_KALABURAGI,2003,Summer,28529.0
Rice,IND_KARNATAKA_KALABURAGI,2004,Kharif,39664.0
Rice,IND_KARNATAKA_KALABURAGI,2004,Rabi,3599.0
Rice,IND_KARNATAKA_KALABURAGI,2004,Summer,34143.0
Rice,IND_KARNATAKA_KALABURAGI,2005,Kharif,49114.0
Rice,IND_KARNATAKA_KALABURAGI,2005,Rabi,5485.0
Rice,IND_KARNATAKA_KALABURAGI,2005,Summer,35536.0
Rice,IND_KARNATAKA_KALABURAGI,2006,Kharif,47975.0
Rice,IND_KARNATAKA_KALABURAGI,2006,Rabi,4237.0
Rice,IND_KARNATAKA_KALABURAGI,2006,Summer,35031.0
Rice,IND_KARNATAKA_KALABURAGI,2007,Kharif,52131.0
Rice,IND_KARNATAKA_KALABURAGI,2007,Rabi,3448.0
Rice,IND_KARNATAKA_KALABURAGI,2007,Summer,35232.0
Rice,IND_KARNATAKA_KALABURAGI,2008,Kharif,47292.0
Rice,IND_KARNATAKA_KALABURAGI,2008,Rabi,5122.0
Rice,IND_KARNATAKA_KALABURAGI,2008,Summer,40326.0
Rice,IND_KARNATAKA_KALABURAGI,2009,Kharif,39593.0
Rice,IND_KARNATAKA_KALABURAGI,2009,Rabi,2164.0
Rice,IND_KARNATAKA_KALABURAGI,2009,Summer,37715.0
Rice,IND_KARNATAKA_KALABURAGI,2010,Kharif,3033.0
Rice,IND_KARNATAKA_KALABURAGI,2010,Rabi,608.0
Rice,IND_KARNATAKA_KALABURAGI,2010,Summer,901.0
Rice,IND_KARNATAKA_KALABURAGI,2011,Kharif,3282.0
Rice,IND_KARNATAKA_KALABURAGI,2011,Rabi,575.0
Rice,IND_KARNATAKA_KALABURAGI,2011,Summer,106.0
Rice,IND_KARNATAKA_KALABURAGI,2012,Kharif,2799.0
Rice,IND_KARNATAKA_KALABURAGI,2012,Rabi,1623.0
Rice,IND_KARNATAKA_KALABURAGI,2012,Summer,140.0
Rice,IND_KARNATAKA_KALABURAGI,2013,Kharif,4281.0
Rice,IND_KARNATAKA_KALABURAGI,2013,Rabi,875.0
Rice,IND_KARNATAKA_KALABURAGI,2013,Summer,122.0
Rice,IND_KARNATAKA_KALABURAGI,2014,Kharif,1556.0
Rice,IND_KARNATAKA_KALABURAGI,2014,Rabi,356.0
Rice,IND_KARNATAKA_KALABURAGI,2014,Summer,3744.0
Rice,IND_KARNATAKA_KALABURAGI,2015,Kharif,3720.0
Rice,IND_KARNATAKA_KALABURAGI,2015,Rabi,389.0
Rice,IND_KARNATAKA_KALABURAGI,2015,Summer,90.0
Rice,IND_KARNATAKA_KALABURAGI,2016,Kharif,3537.0
Rice,IND_KARNATAKA_KALABURAGI,2016,Rabi,2087.0
Rice,IND_KARNATAKA_KALABURAGI,2016,Summer,1245.0
Rice,IND_KARNATAKA_KALABURAGI,2017,Kharif,2800.0
Rice,IND_KARNATAKA_KALABURAGI,2017,Rabi,1628.0
Rice,IND_KARNATAKA_KALABURAGI,2017,Summer,3405.0
Rice,IND_KARNATAKA_KALABURAGI,2018,Kharif,7945.0
Rice,IND_KARNATAKA_KALABURAGI,2018,Rabi,710.0
Rice,IND_KARNATAKA_KALABURAGI,2018,Summer,1428.0
Rice,IND_KARNATAKA_KALABURAGI,2019,Kharif,7040.0
Rice,IND_KARNATAKA_KALABURAGI,2019,Rabi,1051.0
Rice,IND_KARNATAKA_KALABURAGI,2019,Summer,1629.0
Rice,IND_KARNATAKA_KODAGU,1997,Kharif,39414.0
Rice,IND_KARNATAKA_KODAGU,1997,Rabi,83.0
Rice,IND_KARNATAKA_KODAGU,1997,Summer,835.0
Rice,IND_KARNATAKA_KODAGU,1998,Kharif,40092.0
Rice,IND_KARNATAKA_KODAGU,1998,Rabi,24.0
Rice,IND_KARNATAKA_KODAGU,1998,Summer,550.0
Rice,IND_KARNATAKA_KODAGU,1999,Kharif,36166.0
Rice,IND_KARNATAKA_KODAGU,1999,Rabi,25.0
Rice,IND_KARNATAKA_KODAGU,1999,Summer,250.0
Rice,IND_KARNATAKA_KODAGU,2000,Kharif,36441.0
Rice,IND_KARNATAKA_KODAGU,2000,Rabi,5.0
Rice,IND_KARNATAKA_KODAGU,2000,Summer,509.0
Rice,IND_KARNATAKA_KODAGU,2001,Kharif,35742.0
Rice,IND_KARNATAKA_KODAGU,2001,Rabi,11.0
Rice,IND_KARNATAKA_KODAGU,2001,Summer,511.0
Rice,IND_KARNATAKA_KODAGU,2002,Kharif,35248.0
Rice,IND_KARNATAKA_KODAGU,2002,Rabi,9.0
Rice,IND_KARNATAKA_KODAGU,2002,Summer,90.0
Rice,IND_KARNATAKA_KODAGU,2003,Kharif,35917.0
Rice,IND_KARNATAKA_KODAGU,2003,Rabi,12.0
Rice,IND_KARNATAKA_KODAGU,2003,Summer,177.0
Rice,IND_KARNATAKA_KODAGU,2004,Kharif,36049.0
Rice,IND_KARNATAKA_KODAGU,2004,Rabi,25.0
Rice,IND_KARNATAKA_KODAGU,2004,Summer,1154.0
Rice,IND_KARNATAKA_KODAGU,2005,Kharif,34276.0
Rice,IND_KARNATAKA_KODAGU,2005,Rabi,65.0
Rice,IND_KARNATAKA_KODAGU,2005,Summer,965.0
Rice,IND_KARNATAKA_KODAGU,2006,Kharif,34298.0
Rice,IND_KARNATAKA_KODAGU,2006,Rabi,15.0
Rice,IND_KARNATAKA_KODAGU,2006,Summer,307.0
Rice,IND_KARNATAKA_KODAGU,2007,Kharif,36752.0
Rice,IND_KARNATAKA_KODAGU,2007,Rabi,25.0
Rice,IND_KARNATAKA_KODAGU,2007,Summer,421.0
Rice,IND_KARNATAKA_KODAGU,2008,Kharif,34881.0
Rice,IND_KARNATAKA_KODAGU,2008,Rabi,20.0
Rice,IND_KARNATAKA_KODAGU,2008,Summer,461.0
Rice,IND_KARNATAKA_KODAGU,2009,Kharif,34632.0
Rice,IND_KARNATAKA_KODAGU,2009,Rabi,10.0
Rice,IND_KARNATAKA_KODAGU,2009,Summer,202.0
Rice,IND_KARNATAKA_KODAGU,2010,Kharif,35291.0
Rice,IND_KARNATAKA_KODAGU,2010,Rabi,5.0
Rice,IND_KARNATAKA_KODAGU,2010,Summer,140.0
Rice,IND_KARNATAKA_KODAGU,2011,Kharif,34065.0
Rice,IND_KARNATAKA_KODAGU,2011,Rabi,3.0
Rice,IND_KARNATAKA_KODAGU,2011,Summer,147.0
Rice,IND_KARNATAKA_KODAGU,2012,Kharif,31281.0
Rice,IND_KARNATAKA_KODAGU,2012,Summer,85.0
Rice,IND_KARNATAKA_KODAGU,2013,Kharif,31917.0
Rice,IND_KARNATAKA_KODAGU,2013,Summer,110.0
Rice,IND_KARNATAKA_KODAGU,2014,Kharif,30899.0
Rice,IND_KARNATAKA_KODAGU,2014,Rabi,5.0
Rice,IND_KARNATAKA_KODAGU,2014,Summer,56.0
Rice,IND_KARNATAKA_KODAGU,2015,Kharif,28285.0
Rice,IND_KARNATAKA_KODAGU,2015,Rabi,5.0
Rice,IND_KARNATAKA_KODAGU,2015,Summer,46.0
Rice,IND_KARNATAKA_KODAGU,2016,Kharif,27890.0
Rice,IND_KARNATAKA_KODAGU,2016,Rabi,4.0
Rice,IND_KARNATAKA_KODAGU,2016,Summer,33.0
Rice,IND_KARNATAKA_KODAGU,2017,Kharif,27154.0
Rice,IND_KARNATAKA_KODAGU,2017,Rabi,5.0
Rice,IND_KARNATAKA_KODAGU,2017,Summer,12.0
Rice,IND_KARNATAKA_KODAGU,2018,Kharif,19006.0
Rice,IND_KARNATAKA_KODAGU,2018,Rabi,5.0
Rice,IND_KARNATAKA_KODAGU,2018,Summer,12.0
Rice,IND_KARNATAKA_KODAGU,2019,Kharif,27848.0
Rice,IND_KARNATAKA_KODAGU,2019,Summer,15.0
Rice,IND_KARNATAKA_KOLAR,1997,Kharif,12130.0
Rice,IND_KARNATAKA_KOLAR,1997,Rabi,330.0
Rice,IND_KARNATAKA_KOLAR,1997,Summer,7914.0
Rice,IND_KARNATAKA_KOLAR,1998,Kharif,13466.0
Rice,IND_KARNATAKA_KOLAR,1998,Rabi,260.0
Rice,IND_KARNATAKA_KOLAR,1998,Summer,15541.0
Rice,IND_KARNATAKA_KOLAR,1999,Kharif,7917.0
Rice,IND_KARNATAKA_KOLAR,1999,Summer,2079.0
Rice,IND_KARNATAKA_KOLAR,2000,Kharif,11995.0
Rice,IND_KARNATAKA_KOLAR,2000,Summer,10760.0
Rice,IND_KARNATAKA_KOLAR,2001,Kharif,6189.0
Rice,IND_KARNATAKA_KOLAR,2001,Summer,18419.0
Rice,IND_KARNATAKA_KOLAR,2002,Kharif,5630.0
Rice,IND_KARNATAKA_KOLAR,2002,Summer,220.0
Rice,IND_KARNATAKA_KOLAR,2003,Kharif,8368.0
Rice,IND_KARNATAKA_KOLAR,2003,Summer,691.0
Rice,IND_KARNATAKA_KOLAR,2004,Kharif,6972.0
Rice,IND_KARNATAKA_KOLAR,2004,Summer,351.0
Rice,IND_KARNATAKA_KOLAR,2005,Kharif,6487.0
Rice,IND_KARNATAKA_KOLAR,2005,Rabi,25.0
Rice,IND_KARNATAKA_KOLAR,2005,Summer,10231.0
Rice,IND_KARNATAKA_KOLAR,2006,Kharif,9734.0
Rice,IND_KARNATAKA_KOLAR,2006,Summer,521.0
Rice,IND_KARNATAKA_KOLAR,2007,Kharif,4759.0
Rice,IND_KARNATAKA_KOLAR,2007,Summer,801.0
Rice,IND_KARNATAKA_KOLAR,2008,Kharif,3939.0
Rice,IND_KARNATAKA_KOLAR,2008,Summer,218.0
Rice,IND_KARNATAKA_KOLAR,2009,Kharif,3832.0
Rice,IND_KARNATAKA_KOLAR,2009,Summer,3264.0
Rice,IND_KARNATAKA_KOLAR,2010,Kharif,7539.0
Rice,IND_KARNATAKA_KOLAR,2010,Summer,2040.0
Rice,IND_KARNATAKA_KOLAR,2011,Kharif,5138.0
Rice,IND_KARNATAKA_KOLAR,2011,Summer,65.0
Rice,IND_KARNATAKA_KOLAR,2012,Kharif,3909.0
Rice,IND_KARNATAKA_KOLAR,2012,Summer,66.0
Rice,IND_KARNATAKA_KOLAR,2013,Kharif,1917.0
Rice,IND_KARNATAKA_KOLAR,2013,Summer,60.0
Rice,IND_KARNATAKA_KOLAR,2014,Kharif,344.0
Rice,IND_KARNATAKA_KOLAR,2015,Kharif,395.0
Rice,IND_KARNATAKA_KOLAR,2016,Kharif,1232.0
Rice,IND_KARNATAKA_KOLAR,2017,Kharif,753.0
Rice,IND_KARNATAKA_KOLAR,2017,Summer,503.0
Rice,IND_KARNATAKA_KOLAR,2018,Kharif,3223.0
Rice,IND_KARNATAKA_KOLAR,2019,Kharif,1148.0
Rice,IND_KARNATAKA_KOLAR,2019,Summer,92.0
Rice,IND_KARNATAKA_KOPPAL,1998,Kharif,35128.0
Rice,IND_KARNATAKA_KOPPAL,1998,Summer,33719.0
Rice,IND_KARNATAKA_KOPPAL,1999,Kharif,36461.0
Rice,IND_KARNATAKA_KOPPAL,1999,Summer,37115.0
Rice,IND_KARNATAKA_KOPPAL,2000,Kharif,37081.0
Rice,IND_KARNATAKA_KOPPAL,2000,Summer,36327.0
Rice,IND_KARNATAKA_KOPPAL,2001,Kharif,37599.0
Rice,IND_KARNATAKA_KOPPAL,2001,Summer,37126.0
Rice,IND_KARNATAKA_KOPPAL,2002,Kharif,38244.0
Rice,IND_KARNATAKA_KOPPAL,2002,Rabi,8.0
Rice,IND_KARNATAKA_KOPPAL,2002,Summer,4185.0
Rice,IND_KARNATAKA_KOPPAL,2003,Kharif,37303.0
Rice,IND_KARNATAKA_KOPPAL,2003,Summer,5930.0
Rice,IND_KARNATAKA_KOPPAL,2004,Kharif,40357.0
Rice,IND_KARNATAKA_KOPPAL,2004,Summer,22100.0
Rice,IND_KARNATAKA_KOPPAL,2005,Kharif,41650.0
Rice,IND_KARNATAKA_KOPPAL,2005,Summer,37213.0
Rice,IND_KARNATAKA_KOPPAL,2006,Kharif,39882.0
Rice,IND_KARNATAKA_KOPPAL,2006,Summer,36314.0
Rice,IND_KARNATAKA_KOPPAL,2007,Kharif,38476.0
Rice,IND_KARNATAKA_KOPPAL,2007,Summer,36714.0
Rice,IND_KARNATAKA_KOPPAL,2008,Kharif,40332.0
Rice,IND_KARNATAKA_KOPPAL,2008,Summer,34891.0
Rice,IND_KARNATAKA_KOPPAL,2009,Kharif,37107.0
Rice,IND_KARNATAKA_KOPPAL,2009,Summer,36848.0
Rice,IND_KARNATAKA_KOPPAL,2010,Kharif,41275.0
Rice,IND_KARNATAKA_KOPPAL,2010,Summer,36859.0
Rice,IND_KARNATAKA_KOPPAL,2011,Kharif,42421.0
Rice,IND_KARNATAKA_KOPPAL,2011,Summer,33652.0
Rice,IND_KARNATAKA_KOPPAL,2012,Kharif,41047.0
Rice,IND_KARNATAKA_KOPPAL,2012,Summer,35833.0
Rice,IND_KARNATAKA_KOPPAL,2013,Kharif,39740.0
Rice,IND_KARNATAKA_KOPPAL,2013,Summer,36137.0
Rice,IND_KARNATAKA_KOPPAL,2014,Kharif,39439.0
Rice,IND_KARNATAKA_KOPPAL,2014,Summer,35716.0
Rice,IND_KARNATAKA_KOPPAL,2015,Kharif,40917.0
Rice,IND_KARNATAKA_KOPPAL,2015,Summer,9836.0
Rice,IND_KARNATAKA_KOPPAL,2016,Kharif,36777.0
Rice,IND_KARNATAKA_KOPPAL,2016,Summer,5834.0
Rice,IND_KARNATAKA_KOPPAL,2017,Kharif,36285.0
Rice,IND_KARNATAKA_KOPPAL,2017,Summer,17654.0
Rice,IND_KARNATAKA_KOPPAL,2018,Kharif,60971.0
Rice,IND_KARNATAKA_KOPPAL,2018,Summer,14214.0
Rice,IND_KARNATAKA_KOPPAL,2019,Kharif,56290.0
Rice,IND_KARNATAKA_KOPPAL,2019,Summer,44086.0
Rice,IND_KARNATAKA_MANDYA,1997,Kharif,57997.0
Rice,IND_KARNATAKA_MANDYA,1997,Rabi,1619.0
Rice,IND_KARNATAKA_MANDYA,1997,Summer,25359.0
Rice,IND_KARNATAKA_MANDYA,1998,Kharif,60785.0
Rice,IND_KARNATAKA_MANDYA,1998,Summer,19107.0
Rice,IND_KARNATAKA_MANDYA,1999,Kharif,59144.0
Rice,IND_KARNATAKA_MANDYA,1999,Rabi,289.0
Rice,IND_KARNATAKA_MANDYA,1999,Summer,19487.0
Rice,IND_KARNATAKA_MANDYA,2000,Kharif,60834.0
Rice,IND_KARNATAKA_MANDYA,2000,Rabi,30.0
Rice,IND_KARNATAKA_MANDYA,2000,Summer,17920.0
Rice,IND_KARNATAKA_MANDYA,2001,Kharif,57793.0
Rice,IND_KARNATAKA_MANDYA,2001,Rabi,19.0
Rice,IND_KARNATAKA_MANDYA,2001,Summer,14182.0
Rice,IND_KARNATAKA_MANDYA,2002,Kharif,38327.0
Rice,IND_KARNATAKA_MANDYA,2002,Rabi,2000.0
Rice,IND_KARNATAKA_MANDYA,2002,Summer,2797.0
Rice,IND_KARNATAKA_MANDYA,2003,Kharif,52050.0
Rice,IND_KARNATAKA_MANDYA,2003,Rabi,894.0
Rice,IND_KARNATAKA_MANDYA,2003,Summer,1619.0
Rice,IND_KARNATAKA_MANDYA,2004,Kharif,72125.0
Rice,IND_KARNATAKA_MANDYA,2004,Rabi,170.0
Rice,IND_KARNATAKA_MANDYA,2004,Summer,19698.0
Rice,IND_KARNATAKA_MANDYA,2005,Kharif,60924.0
Rice,IND_KARNATAKA_MANDYA,2005,Rabi,12.0
Rice,IND_KARNATAKA_MANDYA,2005,Summer,22874.0
Rice,IND_KARNATAKA_MANDYA,2006,Kharif,56683.0
Rice,IND_KARNATAKA_MANDYA,2006,Rabi,13.0
Rice,IND_KARNATAKA_MANDYA,2006,Summer,12848.0
Rice,IND_KARNATAKA_MANDYA,2007,Kharif,64691.0
Rice,IND_KARNATAKA_MANDYA,2007,Rabi,53.0
Rice,IND_KARNATAKA_MANDYA,2007,Summer,21977.0
Rice,IND_KARNATAKA_MANDYA,2008,Kharif,68187.0
Rice,IND_KARNATAKA_MANDYA,2008,Rabi,14.0
Rice,IND_KARNATAKA_MANDYA,2008,Summer,21156.0
Rice,IND_KARNATAKA_MANDYA,2009,Kharif,61250.0
Rice,IND_KARNATAKA_MANDYA,2009,Summer,18711.0
Rice,IND_KARNATAKA_MANDYA,2010,Kharif,60845.0
Rice,IND_KARNATAKA_MANDYA,2010,Summer,19795.0
Rice,IND_KARNATAKA_MANDYA,2011,Kharif,57137.0
Rice,IND_KARNATAKA_MANDYA,2011,Summer,17024.0
Rice,IND_KARNATAKA_MANDYA,2012,Kharif,47709.0
Rice,IND_KARNATAKA_MANDYA,2012,Rabi,318.0
Rice,IND_KARNATAKA_MANDYA,2012,Summer,1923.0
Rice,IND_KARNATAKA_MANDYA,2013,Kharif,52305.0
Rice,IND_KARNATAKA_MANDYA,2013,Rabi,1407.0
Rice,IND_KARNATAKA_MANDYA,2013,Summer,11903.0
Rice,IND_KARNATAKA_MANDYA,2014,Kharif,51037.0
Rice,IND_KARNATAKA_MANDYA,2014,Rabi,828.0
Rice,IND_KARNATAKA_MANDYA,2014,Summer,14657.0
Rice,IND_KARNATAKA_MANDYA,2015,Kharif,52495.0
Rice,IND_KARNATAKA_MANDYA,2015,Rabi,132.0
Rice,IND_KARNATAKA_MANDYA,2015,Summer,5860.0
Rice,IND_KARNATAKA_MANDYA,2016,Kharif,43488.0
Rice,IND_KARNATAKA_MANDYA,2016,Summer,175.0
Rice,IND_KARNATAKA_MANDYA,2017,Kharif,12366.0
Rice,IND_KARNATAKA_MANDYA,2017,Rabi,6150.0
Rice,IND_KARNATAKA_MANDYA,2017,Summer,15337.0
Rice,IND_KARNATAKA_MANDYA,2018,Kharif,58464.0
Rice,IND_KARNATAKA_MANDYA,2018,Rabi,70.0
Rice,IND_KARNATAKA_MANDYA,2018,Summer,9496.0
Rice,IND_KARNATAKA_MANDYA,2019,Kharif,52192.0
Rice,IND_KARNATAKA_MANDYA,2019,Rabi,766.0
Rice,IND_KARNATAKA_MANDYA,2019,Summer,13694.0
Rice,IND_KARNATAKA_MYSURU,1997,Kharif,105069.0
Rice,IND_KARNATAKA_MYSURU,1997,Rabi,817.0
Rice,IND_KARNATAKA_MYSURU,1997,Summer,20560.0
Rice,IND_KARNATAKA_MYSURU,1998,Kharif,95399.0
Rice,IND_KARNATAKA_MYSURU,1998,Rabi,612.0
Rice,IND_KARNATAKA_MYSURU,1998,Summer,13655.0
Rice,IND_KARNATAKA_MYSURU,1999,Kharif,91444.0
Rice,IND_KARNATAKA_MYSURU,1999,Rabi,1687.0
Rice,IND_KARNATAKA_MYSURU,1999,Summer,17520.0
Rice,IND_KARNATAKA_MYSURU,2000,Kharif,91522.0
Rice,IND_KARNATAKA_MYSURU,2000,Rabi,1179.0
Rice,IND_KARNATAKA_MYSURU,2000,Summer,16308.0
Rice,IND_KARNATAKA_MYSURU,2001,Kharif,102365.0
Rice,IND_KARNATAKA_MYSURU,2001,Rabi,176.0
Rice,IND_KARNATAKA_MYSURU,2001,Summer,12254.0
Rice,IND_KARNATAKA_MYSURU,2002,Kharif,80233.0
Rice,IND_KARNATAKA_MYSURU,2002,Rabi,627.0
Rice,IND_KARNATAKA_MYSURU,2002,Summer,2487.0
Rice,IND_KARNATAKA_MYSURU,2003,Kharif,76564.0
Rice,IND_KARNATAKA_MYSURU,2003,Rabi,2484.0
Rice,IND_KARNATAKA_MYSURU,2003,Summer,2454.0
Rice,IND_KARNATAKA_MYSURU,2004,Kharif,99284.0
Rice,IND_KARNATAKA_MYSURU,2004,Rabi,48.0
Rice,IND_KARNATAKA_MYSURU,2004,Summer,19148.0
Rice,IND_KARNATAKA_MYSURU,2005,Kharif,99671.0
Rice,IND_KARNATAKA_MYSURU,2005,Rabi,35.0
Rice,IND_KARNATAKA_MYSURU,2005,Summer,21147.0
Rice,IND_KARNATAKA_MYSURU,2006,Kharif,100912.0
Rice,IND_KARNATAKA_MYSURU,2006,Rabi,202.0
Rice,IND_KARNATAKA_MYSURU,2006,Summer,13280.0
Rice,IND_KARNATAKA_MYSURU,2007,Kharif,105745.0
Rice,IND_KARNATAKA_MYSURU,2007,Rabi,200.0
Rice,IND_KARNATAKA_MYSURU,2007,Summer,16841.0
Rice,IND_KARNATAKA_MYSURU,2008,Kharif,110591.0
Rice,IND_KARNATAKA_MYSURU,2008,Summer,13212.0
Rice,IND_KARNATAKA_MYSURU,2009,Kharif,110196.0
Rice,IND_KARNATAKA_MYSURU,2009,Summer,13454.0
Rice,IND_KARNATAKA_MYSURU,2010,Kharif,106382.0
Rice,IND_KARNATAKA_MYSURU,2010,Summer,18712.0
Rice,IND_KARNATAKA_MYSURU,2011,Kharif,107820.0
Rice,IND_KARNATAKA_MYSURU,2011,Rabi,4.0
Rice,IND_KARNATAKA_MYSURU,2011,Summer,13180.0
Rice,IND_KARNATAKA_MYSURU,2012,Kharif,87894.0
Rice,IND_KARNATAKA_MYSURU,2012,Rabi,240.0
Rice,IND_KARNATAKA_MYSURU,2012,Summer,901.0
Rice,IND_KARNATAKA_MYSURU,2013,Kharif,91737.0
Rice,IND_KARNATAKA_MYSURU,2013,Rabi,50.0
Rice,IND_KARNATAKA_MYSURU,2013,Summer,10661.0
Rice,IND_KARNATAKA_MYSURU,2014,Kharif,94359.0
Rice,IND_KARNATAKA_MYSURU,2014,Summer,8864.0
Rice,IND_KARNATAKA_MYSURU,2015,Kharif,88740.0
Rice,IND_KARNATAKA_MYSURU,2015,Summer,4781.0
Rice,IND_KARNATAKA_MYSURU,2016,Kharif,64775.0
Rice,IND_KARNATAKA_MYSURU,2016,Summer,869.0
Rice,IND_KARNATAKA_MYSURU,2017,Kharif,57177.0
Rice,IND_KARNATAKA_MYSURU,2017,Summer,7951.0
Rice,IND_KARNATAKA_MYSURU,2018,Kharif,91304.0
Rice,IND_KARNATAKA_MYSURU,2018,Summer,8440.0
Rice,IND_KARNATAKA_MYSURU,2019,Kharif,76138.0
Rice,IND_KARNATAKA_MYSURU,2019,Summer,7544.0
Rice,IND_KARNATAKA_RAICHUR,1997,Kharif,92636.0
Rice,IND_KARNATAKA_RAICHUR,1997,Summer,79540.0
Rice,IND_KARNATAKA_RAICHUR,1998,Kharif,66264.0
Rice,IND_KARNATAKA_RAICHUR,1998,Summer,51083.0
Rice,IND_KARNATAKA_RAICHUR,1999,Kharif,90604.0
Rice,IND_KARNATAKA_RAICHUR,1999,Summer,57121.0
Rice,IND_KARNATAKA_RAICHUR,2000,Kharif,90009.0
Rice,IND_KARNATAKA_RAICHUR,2000,Summer,51537.0
Rice,IND_KARNATAKA_RAICHUR,2001,Kharif,77825.0
Rice,IND_KARNATAKA_RAICHUR,2001,Summer,43935.0
Rice,IND_KARNATAKA_RAICHUR,2002,Kharif,81970.0
Rice,IND_KARNATAKA_RAICHUR,2002,Summer,5954.0
Rice,IND_KARNATAKA_RAICHUR,2003,Kharif,65710.0
Rice,IND_KARNATAKA_RAICHUR,2003,Rabi,7058.0
Rice,IND_KARNATAKA_RAICHUR,2003,Summer,6234.0
Rice,IND_KARNATAKA_RAICHUR,2004,Kharif,89833.0
Rice,IND_KARNATAKA_RAICHUR,2004,Rabi,555.0
Rice,IND_KARNATAKA_RAICHUR,2004,Summer,17602.0
Rice,IND_KARNATAKA_RAICHUR,2005,Kharif,100632.0
Rice,IND_KARNATAKA_RAICHUR,2005,Summer,77553.0
Rice,IND_KARNATAKA_RAICHUR,2006,Kharif,81530.0
Rice,IND_KARNATAKA_RAICHUR,2006,Summer,56238.0
Rice,IND_KARNATAKA_RAICHUR,2007,Kharif,96323.0
Rice,IND_KARNATAKA_RAICHUR,2007,Summer,63904.0
Rice,IND_KARNATAKA_RAICHUR,2008,Kharif,94423.0
Rice,IND_KARNATAKA_RAICHUR,2008,Summer,70502.0
Rice,IND_KARNATAKA_RAICHUR,2009,Kharif,96230.0
Rice,IND_KARNATAKA_RAICHUR,2009,Summer,80210.0
Rice,IND_KARNATAKA_RAICHUR,2010,Kharif,100297.0
Rice,IND_KARNATAKA_RAICHUR,2010,Summer,74459.0
Rice,IND_KARNATAKA_RAICHUR,2011,Kharif,105525.0
Rice,IND_KARNATAKA_RAICHUR,2011,Summer,37175.0
Rice,IND_KARNATAKA_RAICHUR,2012,Kharif,113989.0
Rice,IND_KARNATAKA_RAICHUR,2012,Summer,37718.0
Rice,IND_KARNATAKA_RAICHUR,2013,Kharif,107557.0
Rice,IND_KARNATAKA_RAICHUR,2013,Summer,70799.0
Rice,IND_KARNATAKA_RAICHUR,2014,Kharif,97935.0
Rice,IND_KARNATAKA_RAICHUR,2014,Summer,64645.0
Rice,IND_KARNATAKA_RAICHUR,2015,Kharif,104129.0
Rice,IND_KARNATAKA_RAICHUR,2015,Summer,11117.0
Rice,IND_KARNATAKA_RAICHUR,2016,Kharif,109850.0
Rice,IND_KARNATAKA_RAICHUR,2016,Summer,16825.0
Rice,IND_KARNATAKA_RAICHUR,2017,Kharif,90242.0
Rice,IND_KARNATAKA_RAICHUR,2017,Summer,23215.0
Rice,IND_KARNATAKA_RAICHUR,2018,Kharif,162181.0
Rice,IND_KARNATAKA_RAICHUR,2018,Summer,12753.0
Rice,IND_KARNATAKA_RAICHUR,2019,Kharif,143692.0
Rice,IND_KARNATAKA_RAICHUR,2019,Summer,78787.0
Rice,IND_KARNATAKA_RAMANAGARA,2007,Kharif,5784.0
Rice,IND_KARNATAKA_RAMANAGARA,2007,Summer,290.0
Rice,IND_KARNATAKA_RAMANAGARA,2008,Kharif,6252.0
Rice,IND_KARNATAKA_RAMANAGARA,2008,Summer,360.0
Rice,IND_KARNATAKA_RAMANAGARA,2009,Kharif,7446.0
Rice,IND_KARNATAKA_RAMANAGARA,2009,Summer,868.0
Rice,IND_KARNATAKA_RAMANAGARA,2010,Kharif,7884.0
Rice,IND_KARNATAKA_RAMANAGARA,2010,Summer,589.0
Rice,IND_KARNATAKA_RAMANAGARA,2011,Kharif,7230.0
Rice,IND_KARNATAKA_RAMANAGARA,2011,Summer,467.0
Rice,IND_KARNATAKA_RAMANAGARA,2012,Kharif,6340.0
Rice,IND_KARNATAKA_RAMANAGARA,2012,Summer,412.0
Rice,IND_KARNATAKA_RAMANAGARA,2013,Kharif,5321.0
Rice,IND_KARNATAKA_RAMANAGARA,2013,Summer,431.0
Rice,IND_KARNATAKA_RAMANAGARA,2014,Kharif,4617.0
Rice,IND_KARNATAKA_RAMANAGARA,2014,Rabi,2.0
Rice,IND_KARNATAKA_RAMANAGARA,2014,Summer,605.0
Rice,IND_KARNATAKA_RAMANAGARA,2015,Kharif,4092.0
Rice,IND_KARNATAKA_RAMANAGARA,2015,Rabi,45.0
Rice,IND_KARNATAKA_RAMANAGARA,2015,Summer,317.0
Rice,IND_KARNATAKA_RAMANAGARA,2016,Kharif,3967.0
Rice,IND_KARNATAKA_RAMANAGARA,2016,Rabi,1.0
Rice,IND_KARNATAKA_RAMANAGARA,2016,Summer,65.0
Rice,IND_KARNATAKA_RAMANAGARA,2017,Kharif,4028.0
Rice,IND_KARNATAKA_RAMANAGARA,2017,Rabi,5.0
Rice,IND_KARNATAKA_RAMANAGARA,2017,Summer,261.0
Rice,IND_KARNATAKA_RAMANAGARA,2018,Kharif,3024.0
Rice,IND_KARNATAKA_RAMANAGARA,2018,Summer,150.0
Rice,IND_KARNATAKA_RAMANAGARA,2019,Kharif,2463.0
Rice,IND_KARNATAKA_RAMANAGARA,2019,Summer,262.0
Rice,IND_KARNATAKA_SHIVAMOGGA,1997,Kharif,162939.0
Rice,IND_KARNATAKA_SHIVAMOGGA,1997,Summer,38347.0
Rice,IND_KARNATAKA_SHIVAMOGGA,1998,Kharif,136875.0
Rice,IND_KARNATAKA_SHIVAMOGGA,1998,Summer,21758.0
Rice,IND_KARNATAKA_SHIVAMOGGA,1999,Kharif,138371.0
Rice,IND_KARNATAKA_SHIVAMOGGA,1999,Summer,22658.0
Rice,IND_KARNATAKA_SHIVAMOGGA,2000,Kharif,135079.0
Rice,IND_KARNATAKA_SHIVAMOGGA,2000,Summer,21285.0
Rice,IND_KARNATAKA_SHIVAMOGGA,2001,Kharif,131783.0
Rice,IND_KARNATAKA_SHIVAMOGGA,2001,Summer,17038.0
Rice,IND_KARNATAKA_SHIVAMOGGA,2002,Kharif,131561.0
Rice,IND_KARNATAKA_SHIVAMOGGA,2002,Summer,7472.0
Rice,IND_KARNATAKA_SHIVAMOGGA,2003,Kharif,113986.0
Rice,IND_KARNATAKA_SHIVAMOGGA,2003,Rabi,5.0
Rice,IND_KARNATAKA_SHIVAMOGGA,2003,Summer,6262.0
Rice,IND_KARNATAKA_SHIVAMOGGA,2004,Kharif,114078.0
Rice,IND_KARNATAKA_SHIVAMOGGA,2004,Summer,14045.0
Rice,IND_KARNATAKA_SHIVAMOGGA,2005,Kharif,116186.0
Rice,IND_KARNATAKA_SHIVAMOGGA,2005,Summer,17408.0
Rice,IND_KARNATAKA_SHIVAMOGGA,2006,Kharif,117493.0
Rice,IND_KARNATAKA_SHIVAMOGGA,2006,Summer,15189.0
Rice,IND_KARNATAKA_SHIVAMOGGA,2007,Kharif,114973.0
Rice,IND_KARNATAKA_SHIVAMOGGA,2007,Summer,15004.0
Rice,IND_KARNATAKA_SHIVAMOGGA,2008,Kharif,114629.0
Rice,IND_KARNATAKA_SHIVAMOGGA,2008,Summer,16441.0
Rice,IND_KARNATAKA_SHIVAMOGGA,2009,Kharif,115124.0
Rice,IND_KARNATAKA_SHIVAMOGGA,2009,Summer,18135.0
Rice,IND_KARNATAKA_SHIVAMOGGA,2010,Kharif,112819.0
Rice,IND_KARNATAKA_SHIVAMOGGA,2010,Summer,19575.0
Rice,IND_KARNATAKA_SHIVAMOGGA,2011,Kharif,111399.0
Rice,IND_KARNATAKA_SHIVAMOGGA,2011,Summer,17580.0
Rice,IND_KARNATAKA_SHIVAMOGGA,2012,Kharif,107987.0
Rice,IND_KARNATAKA_SHIVAMOGGA,2012,Summer,15324.0
Rice,IND_KARNATAKA_SHIVAMOGGA,2013,Kharif,108268.0
Rice,IND_KARNATAKA_SHIVAMOGGA,2013,Summer,16354.0
Rice,IND_KARNATAKA_SHIVAMOGGA,2014,Kharif,105581.0
Rice,IND_KARNATAKA_SHIVAMOGGA,2014,Summer,16288.0
Rice,IND_KARNATAKA_SHIVAMOGGA,2015,Kharif,101920.0
Rice,IND_KARNATAKA_SHIVAMOGGA,2015,Rabi,2.0
Rice,IND_KARNATAKA_SHIVAMOGGA,2015,Summer,8103.0
Rice,IND_KARNATAKA_SHIVAMOGGA,2016,Kharif,100726.0
Rice,IND_KARNATAKA_SHIVAMOGGA,2016,Rabi,17.0
Rice,IND_KARNATAKA_SHIVAMOGGA,2016,Summer,3701.0
Rice,IND_KARNATAKA_SHIVAMOGGA,2017,Kharif,84105.0
Rice,IND_KARNATAKA_SHIVAMOGGA,2017,Rabi,40.0
Rice,IND_KARNATAKA_SHIVAMOGGA,2017,Summer,9371.0
Rice,IND_KARNATAKA_SHIVAMOGGA,2018,Kharif,85248.0
Rice,IND_KARNATAKA_SHIVAMOGGA,2018,Rabi,36.0
Rice,IND_KARNATAKA_SHIVAMOGGA,2018,Summer,9803.0
Rice,IND_KARNATAKA_SHIVAMOGGA,2019,Kharif,82004.0
Rice,IND_KARNATAKA_SHIVAMOGGA,2019,Summer,7442.0
Rice,IND_KARNATAKA_TUMAKURU,1997,Kharif,22589.0
Rice,IND_KARNATAKA_TUMAKURU,1997,Rabi,909.0
Rice,IND_KARNATAKA_TUMAKURU,1997,Summer,10102.0
Rice,IND_KARNATAKA_TUMAKURU,1998,Kharif,29765.0
Rice,IND_KARNATAKA_TUMAKURU,1998,Rabi,1301.0
Rice,IND_KARNATAKA_TUMAKURU,1998,Summer,16382.0
Rice,IND_KARNATAKA_TUMAKURU,1999,Kharif,27627.0
Rice,IND_KARNATAKA_TUMAKURU,1999,Rabi,1533.0
Rice,IND_KARNATAKA_TUMAKURU,1999,Summer,10873.0
Rice,IND_KARNATAKA_TUMAKURU,2000,Kharif,30892.0
Rice,IND_KARNATAKA_TUMAKURU,2000,Rabi,2525.0
Rice,IND_KARNATAKA_TUMAKURU,2000,Summer,23498.0
Rice,IND_KARNATAKA_TUMAKURU,2001,Kharif,24781.0
Rice,IND_KARNATAKA_TUMAKURU,2001,Rabi,1708.0
Rice,IND_KARNATAKA_TUMAKURU,2001,Summer,23875.0
Rice,IND_KARNATAKA_TUMAKURU,2002,Kharif,14283.0
Rice,IND_KARNATAKA_TUMAKURU,2002,Rabi,744.0
Rice,IND_KARNATAKA_TUMAKURU,2002,Summer,2509.0
Rice,IND_KARNATAKA_TUMAKURU,2003,Kharif,11589.0
Rice,IND_KARNATAKA_TUMAKURU,2003,Rabi,273.0
Rice,IND_KARNATAKA_TUMAKURU,2003,Summer,1283.0
Rice,IND_KARNATAKA_TUMAKURU,2004,Kharif,21635.0
Rice,IND_KARNATAKA_TUMAKURU,2004,Rabi,1588.0
Rice,IND_KARNATAKA_TUMAKURU,2004,Summer,2916.0
Rice,IND_KARNATAKA_TUMAKURU,2005,Kharif,27455.0
Rice,IND_KARNATAKA_TUMAKURU,2005,Rabi,422.0
Rice,IND_KARNATAKA_TUMAKURU,2005,Summer,11205.0
Rice,IND_KARNATAKA_TUMAKURU,2006,Kharif,23853.0
Rice,IND_KARNATAKA_TUMAKURU,2006,Rabi,140.0
Rice,IND_KARNATAKA_TUMAKURU,2006,Summer,5023.0
Rice,IND_KARNATAKA_TUMAKURU,2007,Kharif,18728.0
Rice,IND_KARNATAKA_TUMAKURU,2007,Rabi,1525.0
Rice,IND_KARNATAKA_TUMAKURU,2007,Summer,9619.0
Rice,IND_KARNATAKA_TUMAKURU,2008,Kharif,24342.0
Rice,IND_KARNATAKA_TUMAKURU,2008,Rabi,1531.0
Rice,IND_KARNATAKA_TUMAKURU,2008,Summer,13943.0
Rice,IND_KARNATAKA_TUMAKURU,2009,Kharif,26158.0
Rice,IND_KARNATAKA_TUMAKURU,2009,Rabi,718.0
Rice,IND_KARNATAKA_TUMAKURU,2009,Summer,9459.0
Rice,IND_KARNATAKA_TUMAKURU,2010,Kharif,23766.0
Rice,IND_KARNATAKA_TUMAKURU,2010,Rabi,461.0
Rice,IND_KARNATAKA_TUMAKURU,2010,Summer,10349.0
Rice,IND_KARNATAKA_TUMAKURU,2011,Kharif,22359.0
Rice,IND_KARNATAKA_TUMAKURU,2011,Rabi,239.0
Rice,IND_KARNATAKA_TUMAKURU,2011,Summer,5839.0
Rice,IND_KARNATAKA_TUMAKURU,2012,Kharif,14298.0
Rice,IND_KARNATAKA_TUMAKURU,2012,Rabi,147.0
Rice,IND_KARNATAKA_TUMAKURU,2012,Summer,442.0
Rice,IND_KARNATAKA_TUMAKURU,2013,Kharif,11659.0
Rice,IND_KARNATAKA_TUMAKURU,2013,Rabi,109.0
Rice,IND_KARNATAKA_TUMAKURU,2013,Summer,1268.0
Rice,IND_KARNATAKA_TUMAKURU,2014,Kharif,7636.0
Rice,IND_KARNATAKA_TUMAKURU,2014,Rabi,67.0
Rice,IND_KARNATAKA_TUMAKURU,2014,Summer,1802.0
Rice,IND_KARNATAKA_TUMAKURU,2015,Kharif,7437.0
Rice,IND_KARNATAKA_TUMAKURU,2015,Rabi,98.0
Rice,IND_KARNATAKA_TUMAKURU,2015,Summer,2844.0
Rice,IND_KARNATAKA_TUMAKURU,2016,Kharif,10508.0
Rice,IND_KARNATAKA_TUMAKURU,2016,Rabi,197.0
Rice,IND_KARNATAKA_TUMAKURU,2016,Summer,59.0
Rice,IND_KARNATAKA_TUMAKURU,2017,Kharif,4289.0
Rice,IND_KARNATAKA_TUMAKURU,2017,Rabi,32.0
Rice,IND_KARNATAKA_TUMAKURU,2017,Summer,537.0
Rice,IND_KARNATAKA_TUMAKURU,2018,Kharif,6432.0
Rice,IND_KARNATAKA_TUMAKURU,2018,Rabi,3.0
Rice,IND_KARNATAKA_TUMAKURU,2018,Summer,523.0
Rice,IND_KARNATAKA_TUMAKURU,2019,Kharif,1493.0
Rice,IND_KARNATAKA_TUMAKURU,2019,Summer,929.0
Rice,IND_KARNATAKA_UDUPI,1998,Kharif,54300.0
Rice,IND_KARNATAKA_UDUPI,1998,Rabi,13680.0
Rice,IND_KARNATAKA_UDUPI,1998,Summer,1618.0
Rice,IND_KARNATAKA_UDUPI,1999,Kharif,53534.0
Rice,IND_KARNATAKA_UDUPI,1999,Rabi,14847.0
Rice,IND_KARNATAKA_UDUPI,1999,Summer,1511.0
Rice,IND_KARNATAKA_UDUPI,2000,Kharif,52574.0
Rice,IND_KARNATAKA_UDUPI,2000,Rabi,13283.0
Rice,IND_KARNATAKA_UDUPI,2000,Summer,1279.0
Rice,IND_KARNATAKA_UDUPI,2001,Kharif,52119.0
Rice,IND_KARNATAKA_UDUPI,2001,Rabi,12885.0
Rice,IND_KARNATAKA_UDUPI,2001,Summer,725.0
Rice,IND_KARNATAKA_UDUPI,2002,Kharif,51179.0
Rice,IND_KARNATAKA_UDUPI,2002,Rabi,11841.0
Rice,IND_KARNATAKA_UDUPI,2002,Summer,468.0
Rice,IND_KARNATAKA_UDUPI,2003,Kharif,50975.0
Rice,IND_KARNATAKA_UDUPI,2003,Rabi,10922.0
Rice,IND_KARNATAKA_UDUPI,2003,Summer,206.0
Rice,IND_KARNATAKA_UDUPI,2004,Kharif,51390.0
Rice,IND_KARNATAKA_UDUPI,2004,Rabi,10723.0
Rice,IND_KARNATAKA_UDUPI,2004,Summer,177.0
Rice,IND_KARNATAKA_UDUPI,2005,Kharif,51709.0
Rice,IND_KARNATAKA_UDUPI,2005,Rabi,10910.0
Rice,IND_KARNATAKA_UDUPI,2005,Summer,146.0
Rice,IND_KARNATAKA_UDUPI,2006,Kharif,51355.0
Rice,IND_KARNATAKA_UDUPI,2006,Rabi,10912.0
Rice,IND_KARNATAKA_UDUPI,2006,Summer,160.0
Rice,IND_KARNATAKA_UDUPI,2007,Kharif,51353.0
Rice,IND_KARNATAKA_UDUPI,2007,Rabi,10505.0
Rice,IND_KARNATAKA_UDUPI,2007,Summer,142.0
Rice,IND_KARNATAKA_UDUPI,2008,Kharif,51040.0
Rice,IND_KARNATAKA_UDUPI,2008,Rabi,10318.0
Rice,IND_KARNATAKA_UDUPI,2008,Summer,154.0
Rice,IND_KARNATAKA_UDUPI,2009,Kharif,48083.0
Rice,IND_KARNATAKA_UDUPI,2009,Rabi,9283.0
Rice,IND_KARNATAKA_UDUPI,2009,Summer,143.0
Rice,IND_KARNATAKA_UDUPI,2010,Kharif,47200.0
Rice,IND_KARNATAKA_UDUPI,2010,Rabi,8982.0
Rice,IND_KARNATAKA_UDUPI,2010,Summer,158.0
Rice,IND_KARNATAKA_UDUPI,2011,Kharif,46990.0
Rice,IND_KARNATAKA_UDUPI,2011,Rabi,8239.0
Rice,IND_KARNATAKA_UDUPI,2011,Summer,103.0
Rice,IND_KARNATAKA_UDUPI,2012,Kharif,44563.0
Rice,IND_KARNATAKA_UDUPI,2012,Rabi,6949.0
Rice,IND_KARNATAKA_UDUPI,2012,Summer,96.0
Rice,IND_KARNATAKA_UDUPI,2013,Kharif,44663.0
Rice,IND_KARNATAKA_UDUPI,2013,Rabi,6824.0
Rice,IND_KARNATAKA_UDUPI,2013,Summer,110.0
Rice,IND_KARNATAKA_UDUPI,2014,Kharif,43013.0
Rice,IND_KARNATAKA_UDUPI,2014,Rabi,6441.0
Rice,IND_KARNATAKA_UDUPI,2014,Summer,95.0
Rice,IND_KARNATAKA_UDUPI,2015,Kharif,43209.0
Rice,IND_KARNATAKA_UDUPI,2015,Rabi,6322.0
Rice,IND_KARNATAKA_UDUPI,2015,Summer,75.0
Rice,IND_KARNATAKA_UDUPI,2016,Kharif,43506.0
Rice,IND_KARNATAKA_UDUPI,2016,Rabi,4265.0
Rice,IND_KARNATAKA_UDUPI,2016,Summer,60.0
Rice,IND_KARNATAKA_UDUPI,2017,Kharif,42553.0
Rice,IND_KARNATAKA_UDUPI,2017,Rabi,4471.0
Rice,IND_KARNATAKA_UDUPI,2017,Summer,71.0
Rice,IND_KARNATAKA_UDUPI,2018,Kharif,30928.0
Rice,IND_KARNATAKA_UDUPI,2018,Rabi,3635.0
Rice,IND_KARNATAKA_UDUPI,2018,Summer,45.0
Rice,IND_KARNATAKA_UDUPI,2019,Kharif,34553.0
Rice,IND_KARNATAKA_UDUPI,2019,Rabi,3716.0
Rice,IND_KARNATAKA_UDUPI,2019,Summer,54.0
Rice,IND_KARNATAKA_UTTARAKANNADA,1997,Kharif,85415.0
Rice,IND_KARNATAKA_UTTARAKANNADA,1997,Rabi,2431.0
Rice,IND_KARNATAKA_UTTARAKANNADA,1997,Summer,2467.0
Rice,IND_KARNATAKA_UTTARAKANNADA,1998,Kharif,84624.0
Rice,IND_KARNATAKA_UTTARAKANNADA,1998,Rabi,2486.0
Rice,IND_KARNATAKA_UTTARAKANNADA,1998,Summer,2758.0
Rice,IND_KARNATAKA_UTTARAKANNADA,1999,Kharif,83704.0
Rice,IND_KARNATAKA_UTTARAKANNADA,1999,Rabi,2592.0
Rice,IND_KARNATAKA_UTTARAKANNADA,1999,Summer,2435.0
Rice,IND_KARNATAKA_UTTARAKANNADA,2000,Kharif,85251.0
Rice,IND_KARNATAKA_UTTARAKANNADA,2000,Rabi,2459.0
Rice,IND_KARNATAKA_UTTARAKANNADA,2000,Summer,2784.0
Rice,IND_KARNATAKA_UTTARAKANNADA,2001,Kharif,81215.0
Rice,IND_KARNATAKA_UTTARAKANNADA,2001,Rabi,2380.0
Rice,IND_KARNATAKA_UTTARAKANNADA,2001,Summer,1412.0
Rice,IND_KARNATAKA_UTTARAKANNADA,2002,Kharif,82568.0
Rice,IND_KARNATAKA_UTTARAKANNADA,2002,Rabi,2190.0
Rice,IND_KARNATAKA_UTTARAKANNADA,2002,Summer,1385.0
Rice,IND_KARNATAKA_UTTARAKANNADA,2003,Kharif,80050.0
Rice,IND_KARNATAKA_UTTARAKANNADA,2003,Rabi,2196.0
Rice,IND_KARNATAKA_UTTARAKANNADA,2003,Summer,1324.0
Rice,IND_KARNATAKA_UTTARAKANNADA,2004,Kharif,78702.0
Rice,IND_KARNATAKA_UTTARAKANNADA,2004,Rabi,2066.0
Rice,IND_KARNATAKA_UTTARAKANNADA,2004,Summer,1429.0
Rice,IND_KARNATAKA_UTTARAKANNADA,2005,Kharif,78255.0
Rice,IND_KARNATAKA_UTTARAKANNADA,2005,Rabi,2030.0
Rice,IND_KARNATAKA_UTTARAKANNADA,2005,Summer,2027.0
Rice,IND_KARNATAKA_UTTARAKANNADA,2006,Kharif,77829.0
Rice,IND_KARNATAKA_UTTARAKANNADA,2006,Rabi,1913.0
Rice,IND_KARNATAKA_UTTARAKANNADA,2006,Summer,1442.0
Rice,IND_KARNATAKA_UTTARAKANNADA,2007,Kharif,77362.0
Rice,IND_KARNATAKA_UTTARAKANNADA,2007,Rabi,1909.0
Rice,IND_KARNATAKA_UTTARAKANNADA,2007,Summer,1706.0
Rice,IND_KARNATAKA_UTTARAKANNADA,2008,Kharif,77373.0
Rice,IND_KARNATAKA_UTTARAKANNADA,2008,Rabi,1918.0
Rice,IND_KARNATAKA_UTTARAKANNADA,2008,Summer,1199.0
Rice,IND_KARNATAKA_UTTARAKANNADA,2009,Kharif,76409.0
Rice,IND_KARNATAKA_UTTARAKANNADA,2009,Rabi,1802.0
Rice,IND_KARNATAKA_UTTARAKANNADA,2009,Summer,2061.0
Rice,IND_KARNATAKA_UTTARAKANNADA,2010,Kharif,75425.0
Rice,IND_KARNATAKA_UTTARAKANNADA,2010,Rabi,2036.0
Rice,IND_KARNATAKA_UTTARAKANNADA,2010,Summer,1558.0
Rice,IND_KARNATAKA_UTTARAKANNADA,2011,Kharif,72590.0
Rice,IND_KARNATAKA_UTTARAKANNADA,2011,Rabi,1869.0
Rice,IND_KARNATAKA_UTTARAKANNADA,2011,Summer,1289.0
Rice,IND_KARNATAKA_UTTARAKANNADA,2012,Kharif,71506.0
Rice,IND_KARNATAKA_UTTARAKANNADA,2012,Rabi,1567.0
Rice,IND_KARNATAKA_UTTARAKANNADA,2012,Summer,1211.0
Rice,IND_KARNATAKA_UTTARAKANNADA,2013,Kharif,67136.0
Rice,IND_KARNATAKA_UTTARAKANNADA,2013,Rabi,1527.0
Rice,IND_KARNATAKA_UTTARAKANNADA,2013,Summer,1302.0
Rice,IND_KARNATAKA_UTTARAKANNADA,2014,Kharif,65865.0
Rice,IND_KARNATAKA_UTTARAKANNADA,2014,Rabi,1498.0
Rice,IND_KARNATAKA_UTTARAKANNADA,2014,Summer,1147.0
Rice,IND_KARNATAKA_UTTARAKANNADA,2015,Kharif,65275.0
Rice,IND_KARNATAKA_UTTARAKANNADA,2015,Rabi,1314.0
Rice,IND_KARNATAKA_UTTARAKANNADA,2015,Summer,753.0
Rice,IND_KARNATAKA_UTTARAKANNADA,2016,Kharif,64838.0
Rice,IND_KARNATAKA_UTTARAKANNADA,2016,Rabi,1198.0
Rice,IND_KARNATAKA_UTTARAKANNADA,2016,Summer,631.0
Rice,IND_KARNATAKA_UTTARAKANNADA,2017,Kharif,60935.0
Rice,IND_KARNATAKA_UTTARAKANNADA,2017,Rabi,1355.0
Rice,IND_KARNATAKA_UTTARAKANNADA,2017,Summer,578.0
Rice,IND_KARNATAKA_UTTARAKANNADA,2018,Kharif,52158.0
Rice,IND_KARNATAKA_UTTARAKANNADA,2018,Rabi,1283.0
Rice,IND_KARNATAKA_UTTARAKANNADA,2018,Summer,474.0
Rice,IND_KARNATAKA_UTTARAKANNADA,2019,Kharif,46275.0
Rice,IND_KARNATAKA_UTTARAKANNADA,2019,Rabi,928.0
Rice,IND_KARNATAKA_UTTARAKANNADA,2019,Summer,544.0
Rice,IND_KARNATAKA_VIJAYAPURA,1997,Kharif,450.0
Rice,IND_KARNATAKA_VIJAYAPURA,1998,Kharif,394.0
Rice,IND_KARNATAKA_VIJAYAPURA,1999,Kharif,365.0
Rice,IND_KARNATAKA_VIJAYAPURA,2000,Kharif,341.0
Rice,IND_KARNATAKA_VIJAYAPURA,2001,Kharif,4.0
Rice,IND_KARNATAKA_VIJAYAPURA,2002,Kharif,15.0
Rice,IND_KARNATAKA_VIJAYAPURA,2003,Kharif,28.0
Rice,IND_KARNATAKA_VIJAYAPURA,2004,Kharif,29.0
Rice,IND_KARNATAKA_VIJAYAPURA,2004,Rabi,1.0
Rice,IND_KARNATAKA_VIJAYAPURA,2005,Kharif,77.0
Rice,IND_KARNATAKA_VIJAYAPURA,2005,Rabi,14.0
Rice,IND_KARNATAKA_VIJAYAPURA,2006,Kharif,34.0
Rice,IND_KARNATAKA_VIJAYAPURA,2006,Rabi,10.0
Rice,IND_KARNATAKA_VIJAYAPURA,2007,Kharif,20.0
Rice,IND_KARNATAKA_VIJAYAPURA,2008,Kharif,12.0
Rice,IND_KARNATAKA_VIJAYAPURA,2009,Kharif,27.0
Rice,IND_KARNATAKA_VIJAYAPURA,2010,Kharif,71.0
Rice,IND_KARNATAKA_VIJAYAPURA,2011,Kharif,88.0
Rice,IND_KARNATAKA_VIJAYAPURA,2012,Kharif,97.0
Rice,IND_KARNATAKA_VIJAYAPURA,2013,Kharif,52.0
Rice,IND_KARNATAKA_VIJAYAPURA,2014,Kharif,50.0
Rice,IND_KARNATAKA_VIJAYAPURA,2015,Kharif,51.0
Rice,IND_KARNATAKA_VIJAYAPURA,2016,Kharif,14.0
Rice,IND_KARNATAKA_VIJAYAPURA,2017,Kharif,30.0
Rice,IND_KARNATAKA_VIJAYAPURA,2018,Kharif,91.0
Rice,IND_KARNATAKA_VIJAYAPURA,2019,Kharif,108.0
Rice,IND_KARNATAKA_VIJAYAPURA,2019,Summer,50.0
Rice,IND_KARNATAKA_YADAGIRI,2010,Kharif,52699.0
Rice,IND_KARNATAKA_YADAGIRI,2010,Rabi,3520.0
Rice,IND_KARNATAKA_YADAGIRI,2010,Summer,39552.0
Rice,IND_KARNATAKA_YADAGIRI,2011,Kharif,51863.0
Rice,IND_KARNATAKA_YADAGIRI,2011,Rabi,9510.0
Rice,IND_KARNATAKA_YADAGIRI,2011,Summer,7726.0
Rice,IND_KARNATAKA_YADAGIRI,2012,Kharif,48612.0
Rice,IND_KARNATAKA_YADAGIRI,2012,Rabi,7006.0
Rice,IND_KARNATAKA_YADAGIRI,2012,Summer,6912.0
Rice,IND_KARNATAKA_YADAGIRI,2013,Kharif,50943.0
Rice,IND_KARNATAKA_YADAGIRI,2013,Rabi,7555.0
Rice,IND_KARNATAKA_YADAGIRI,2013,Summer,10905.0
Rice,IND_KARNATAKA_YADAGIRI,2014,Kharif,51456.0
Rice,IND_KARNATAKA_YADAGIRI,2014,Rabi,15448.0
Rice,IND_KARNATAKA_YADAGIRI,2014,Summer,15205.0
Rice,IND_KARNATAKA_YADAGIRI,2015,Kharif,42891.0
Rice,IND_KARNATAKA_YADAGIRI,2015,Rabi,1483.0
Rice,IND_KARNATAKA_YADAGIRI,2015,Summer,4984.0
Rice,IND_KARNATAKA_YADAGIRI,2016,Kharif,61780.0
Rice,IND_KARNATAKA_YADAGIRI,2016,Rabi,302.0
Rice,IND_KARNATAKA_YADAGIRI,2016,Summer,27927.0
Rice,IND_KARNATAKA_YADAGIRI,2017,Kharif,57955.0
Rice,IND_KARNATAKA_YADAGIRI,2017,Summer,47488.0
Rice,IND_KARNATAKA_YADAGIRI,2018,Kharif,95558.0
Rice,IND_KARNATAKA_YADAGIRI,2018,Rabi,364.0
Rice,IND_KARNATAKA_YADAGIRI,2018,Summer,1662.0
Rice,IND_KARNATAKA_YADAGIRI,2019,Kharif,87474.0
Rice,IND_KARNATAKA_YADAGIRI,2019,Summer,32944.0
Rice,IND_TAMILNADU_ARIYALUR,2009,Kharif,25978.0
Rice,IND_TAMILNADU_ARIYALUR,2010,Kharif,25211.0
Rice,IND_TAMILNADU_ARIYALUR,2011,Kharif,24097.0
Rice,IND_TAMILNADU_ARIYALUR,2012,Kharif,17523.0
Rice,IND_TAMILNADU_ARIYALUR,2013,Kharif,24437.0
Rice,IND_TAMILNADU_ARIYALUR,2014,Kharif,23108.0
Rice,IND_TAMILNADU_ARIYALUR,2015,Kharif,24408.0
Rice,IND_TAMILNADU_ARIYALUR,2016,Kharif,15398.0
Rice,IND_TAMILNADU_ARIYALUR,2017,Autumn,2556.0
Rice,IND_TAMILNADU_ARIYALUR,2017,Summer,480.0
Rice,IND_TAMILNADU_ARIYALUR,2017,Winter,19628.0
Rice,IND_TAMILNADU_ARIYALUR,2018,Autumn,2957.0
Rice,IND_TAMILNADU_ARIYALUR,2018,Summer,732.0
Rice,IND_TAMILNADU_ARIYALUR,2018,Winter,19103.0
Rice,IND_TAMILNADU_ARIYALUR,2019,Autumn,2448.0
Rice,IND_TAMILNADU_ARIYALUR,2019,Summer,397.0
Rice,IND_TAMILNADU_ARIYALUR,2019,Winter,20379.0
Rice,IND_TAMILNADU_COIMBATORE,1998,Kharif,15034.0
Rice,IND_TAMILNADU_COIMBATORE,1999,Kharif,16875.0
Rice,IND_TAMILNADU_COIMBATORE,2000,Kharif,12170.0
Rice,IND_TAMILNADU_COIMBATORE,2001,Kharif,10548.0
Rice,IND_TAMILNADU_COIMBATORE,2002,Kharif,6577.0
Rice,IND_TAMILNADU_COIMBATORE,2003,Kharif,3654.0
Rice,IND_TAMILNADU_COIMBATORE,2004,Kharif,7239.0
Rice,IND_TAMILNADU_COIMBATORE,2005,Kharif,7406.0
Rice,IND_TAMILNADU_COIMBATORE,2006,Kharif,6221.0
Rice,IND_TAMILNADU_COIMBATORE,2007,Kharif,6479.0
Rice,IND_TAMILNADU_COIMBATORE,2008,Kharif,2573.0
Rice,IND_TAMILNADU_COIMBATORE,2009,Kharif,2817.0
Rice,IND_TAMILNADU_COIMBATORE,2010,Kharif,2666.0
Rice,IND_TAMILNADU_COIMBATORE,2011,Kharif,2629.0
Rice,IND_TAMILNADU_COIMBATORE,2012,Kharif,2156.0
Rice,IND_TAMILNADU_COIMBATORE,2013,Kharif,2158.0
Rice,IND_TAMILNADU_COIMBATORE,2014,Kharif,2166.0
Rice,IND_TAMILNADU_COIMBATORE,2015,Kharif,2034.0
Rice,IND_TAMILNADU_COIMBATORE,2016,Kharif,872.0
Rice,IND_TAMILNADU_COIMBATORE,2017,Autumn,11.0
Rice,IND_TAMILNADU_COIMBATORE,2017,Winter,669.0
Rice,IND_TAMILNADU_COIMBATORE,2018,Autumn,475.0
Rice,IND_TAMILNADU_COIMBATORE,2018,Summer,177.0
Rice,IND_TAMILNADU_COIMBATORE,2018,Winter,947.0
Rice,IND_TAMILNADU_COIMBATORE,2019,Autumn,11.0
Rice,IND_TAMILNADU_COIMBATORE,2019,Summer,117.0
Rice,IND_TAMILNADU_COIMBATORE,2019,Winter,733.0
Rice,IND_TAMILNADU_CUDDALORE,1998,Kharif,121285.0
Rice,IND_TAMILNADU_CUDDALORE,1999,Kharif,127843.0
Rice,IND_TAMILNADU_CUDDALORE,2000,Kharif,123804.0
Rice,IND_TAMILNADU_CUDDALORE,2001,Kharif,108375.0
Rice,IND_TAMILNADU_CUDDALORE,2002,Kharif,102336.0
Rice,IND_TAMILNADU_CUDDALORE,2003,Kharif,104162.0
Rice,IND_TAMILNADU_CUDDALORE,2004,Kharif,114599.0
Rice,IND_TAMILNADU_CUDDALORE,2005,Kharif,114291.0
Rice,IND_TAMILNADU_CUDDALORE,2006,Kharif,105440.0
Rice,IND_TAMILNADU_CUDDALORE,2007,Kharif,102798.0
Rice,IND_TAMILNADU_CUDDALORE,2008,Kharif,107817.0
Rice,IND_TAMILNADU_CUDDALORE,2009,Kharif,111517.0
Rice,IND_TAMILNADU_CUDDALORE,2010,Kharif,115815.0
Rice,IND_TAMILNADU_CUDDALORE,2011,Kharif,120983.0
Rice,IND_TAMILNADU_CUDDALORE,2012,Kharif,111958.0
Rice,IND_TAMILNADU_CUDDALORE,2013,Kharif,127485.0
Rice,IND_TAMILNADU_CUDDALORE,2014,Kharif,134677.0
Rice,IND_TAMILNADU_CUDDALORE,2015,Kharif,139987.0
Rice,IND_TAMILNADU_CUDDALORE,2016,Kharif,131906.0
Rice,IND_TAMILNADU_CUDDALORE,2017,Autumn,31883.0
Rice,IND_TAMILNADU_CUDDALORE,2017,Summer,7412.0
Rice,IND_TAMILNADU_CUDDALORE,2017,Winter,91927.0
Rice,IND_TAMILNADU_CUDDALORE,2018,Autumn,35851.0
Rice,IND_TAMILNADU_CUDDALORE,2018,Summer,6580.0
Rice,IND_TAMILNADU_CUDDALORE,2018,Winter,90929.0
Rice,IND_TAMILNADU_CUDDALORE,2019,Autumn,34829.0
Rice,IND_TAMILNADU_CUDDALORE,2019,Summer,8077.0
Rice,IND_TAMILNADU_CUDDALORE,2019,Winter,89245.0
Rice,IND_TAMILNADU_DHARMAPURI,1998,Kharif,57072.0
Rice,IND_TAMILNADU_DHARMAPURI,1999,Kharif,60472.0
Rice,IND_TAMILNADU_DHARMAPURI,2000,Kharif,61608.0
Rice,IND_TAMILNADU_DHARMAPURI,2001,Kharif,54334.0
Rice,IND_TAMILNADU_DHARMAPURI,2002,Kharif,30152.0
Rice,IND_TAMILNADU_DHARMAPURI,2003,Kharif,15997.0
Rice,IND_TAMILNADU_DHARMAPURI,2004,Kharif,13915.0
Rice,IND_TAMILNADU_DHARMAPURI,2005,Kharif,29023.0
Rice,IND_TAMILNADU_DHARMAPURI,2006,Kharif,21062.0
Rice,IND_TAMILNADU_DHARMAPURI,2007,Kharif,18801.0
Rice,IND_TAMILNADU_DHARMAPURI,2008,Kharif,20368.0
Rice,IND_TAMILNADU_DHARMAPURI,2009,Kharif,20310.0
Rice,IND_TAMILNADU_DHARMAPURI,2010,Kharif,22862.0
Rice,IND_TAMILNADU_DHARMAPURI,2011,Kharif,27067.0
Rice,IND_TAMILNADU_DHARMAPURI,2012,Kharif,12003.0
Rice,IND_TAMILNADU_DHARMAPURI,2013,Kharif,26689.0
Rice,IND_TAMILNADU_DHARMAPURI,2014,Kharif,18303.0
Rice,IND_TAMILNADU_DHARMAPURI,2015,Kharif,33349.0
Rice,IND_TAMILNADU_DHARMAPURI,2016,Kharif,11432.0
Rice,IND_TAMILNADU_DHARMAPURI,2017,Autumn,1708.0
Rice,IND_TAMILNADU_DHARMAPURI,2017,Summer,4961.0
Rice,IND_TAMILNADU_DHARMAPURI,2017,Winter,15564.0
Rice,IND_TAMILNADU_DHARMAPURI,2018,Autumn,990.0
Rice,IND_TAMILNADU_DHARMAPURI,2018,Summer,478.0
Rice,IND_TAMILNADU_DHARMAPURI,2018,Winter,2421.0
Rice,IND_TAMILNADU_DHARMAPURI,2019,Autumn,8.0
Rice,IND_TAMILNADU_DHARMAPURI,2019,Summer,2575.0
Rice,IND_TAMILNADU_DHARMAPURI,2019,Winter,13229.0
Rice,IND_TAMILNADU_DINDIGUL,1998,Kharif,27278.0
Rice,IND_TAMILNADU_DINDIGUL,1999,Kharif,28437.0
Rice,IND_TAMILNADU_DINDIGUL,2000,Kharif,25246.0
Rice,IND_TAMILNADU_DINDIGUL,2001,Kharif,16106.0
Rice,IND_TAMILNADU_DINDIGUL,2002,Kharif,15372.0
Rice,IND_TAMILNADU_DINDIGUL,2003,Kharif,11437.0
Rice,IND_TAMILNADU_DINDIGUL,2004,Kharif,21031.0
Rice,IND_TAMILNADU_DINDIGUL,2005,Kharif,23735.0
Rice,IND_TAMILNADU_DINDIGUL,2006,Kharif,18607.0
Rice,IND_TAMILNADU_DINDIGUL,2007,Kharif,17276.0
Rice,IND_TAMILNADU_DINDIGUL,2008,Kharif,19638.0
Rice,IND_TAMILNADU_DINDIGUL,2009,Kharif,16647.0
Rice,IND_TAMILNADU_DINDIGUL,2010,Kharif,18349.0
Rice,IND_TAMILNADU_DINDIGUL,2011,Kharif,19158.0
Rice,IND_TAMILNADU_DINDIGUL,2012,Kharif,9476.0
Rice,IND_TAMILNADU_DINDIGUL,2013,Kharif,4234.0
Rice,IND_TAMILNADU_DINDIGUL,2014,Kharif,12071.0
Rice,IND_TAMILNADU_DINDIGUL,2015,Kharif,14989.0
Rice,IND_TAMILNADU_DINDIGUL,2016,Kharif,1522.0
Rice,IND_TAMILNADU_DINDIGUL,2017,Autumn,107.0
Rice,IND_TAMILNADU_DINDIGUL,2017,Summer,3492.0
Rice,IND_TAMILNADU_DINDIGUL,2017,Winter,5203.0
Rice,IND_TAMILNADU_DINDIGUL,2018,Autumn,458.0
Rice,IND_TAMILNADU_DINDIGUL,2018,Summer,5570.0
Rice,IND_TAMILNADU_DINDIGUL,2018,Winter,3193.0
Rice,IND_TAMILNADU_DINDIGUL,2019,Autumn,217.0
Rice,IND_TAMILNADU_DINDIGUL,2019,Summer,4499.0
Rice,IND_TAMILNADU_DINDIGUL,2019,Winter,3424.0
Rice,IND_TAMILNADU_ERODE,1998,Kharif,67387.0
Rice,IND_TAMILNADU_ERODE,1999,Kharif,64481.0
Rice,IND_TAMILNADU_ERODE,2000,Kharif,68130.0
Rice,IND_TAMILNADU_ERODE,2001,Kharif,50474.0
Rice,IND_TAMILNADU_ERODE,2002,Kharif,16691.0
Rice,IND_TAMILNADU_ERODE,2003,Kharif,1944.0
Rice,IND_TAMILNADU_ERODE,2004,Kharif,55347.0
Rice,IND_TAMILNADU_ERODE,2005,Kharif,43539.0
Rice,IND_TAMILNADU_ERODE,2006,Kharif,38548.0
Rice,IND_TAMILNADU_ERODE,2007,Kharif,38360.0
Rice,IND_TAMILNADU_ERODE,2008,Kharif,38053.0
Rice,IND_TAMILNADU_ERODE,2009,Kharif,38114.0
Rice,IND_TAMILNADU_ERODE,2010,Kharif,36659.0
Rice,IND_TAMILNADU_ERODE,2011,Kharif,33719.0
Rice,IND_TAMILNADU_ERODE,2012,Kharif,6603.0
Rice,IND_TAMILNADU_ERODE,2013,Kharif,30889.0
Rice,IND_TAMILNADU_ERODE,2014,Kharif,37192.0
Rice,IND_TAMILNADU_ERODE,2015,Kharif,34339.0
Rice,IND_TAMILNADU_ERODE,2016,Kharif,695.0
Rice,IND_TAMILNADU_ERODE,2017,Autumn,60.0
Rice,IND_TAMILNADU_ERODE,2017,Summer,1731.0
Rice,IND_TAMILNADU_ERODE,2017,Winter,8977.0
Rice,IND_TAMILNADU_ERODE,2018,Autumn,237.0
Rice,IND_TAMILNADU_ERODE,2018,Summer,8132.0
Rice,IND_TAMILNADU_ERODE,2018,Winter,27192.0
Rice,IND_TAMILNADU_ERODE,2019,Autumn,306.0
Rice,IND_TAMILNADU_ERODE,2019,Summer,7505.0
Rice,IND_TAMILNADU_ERODE,2019,Winter,26756.0
Rice,IND_TAMILNADU_KANCHIPURAM,1998,Kharif,207871.0
Rice,IND_TAMILNADU_KANCHIPURAM,1999,Kharif,193691.0
Rice,IND_TAMILNADU_KANCHIPURAM,2000,Kharif,172517.0
Rice,IND_TAMILNADU_KANCHIPURAM,2001,Kharif,135160.0
Rice,IND_TAMILNADU_KANCHIPURAM,2002,Kharif,97420.0
Rice,IND_TAMILNADU_KANCHIPURAM,2003,Kharif,97117.0
Rice,IND_TAMILNADU_KANCHIPURAM,2004,Kharif,101674.0
Rice,IND_TAMILNADU_KANCHIPURAM,2005,Kharif,114720.0
Rice,IND_TAMILNADU_KANCHIPURAM,2006,Kharif,103107.0
Rice,IND_TAMILNADU_KANCHIPURAM,2007,Kharif,91356.0
Rice,IND_TAMILNADU_KANCHIPURAM,2008,Kharif,90874.0
Rice,IND_TAMILNADU_KANCHIPURAM,2009,Kharif,91020.0
Rice,IND_TAMILNADU_KANCHIPURAM,2010,Kharif,95739.0
Rice,IND_TAMILNADU_KANCHIPURAM,2011,Kharif,90419.0
Rice,IND_TAMILNADU_KANCHIPURAM,2012,Kharif,77784.0
Rice,IND_TAMILNADU_KANCHIPURAM,2013,Kharif,85564.0
Rice,IND_TAMILNADU_KANCHIPURAM,2014,Kharif,61881.0
Rice,IND_TAMILNADU_KANCHIPURAM,2015,Kharif,97738.0
Rice,IND_TAMILNADU_KANCHIPURAM,2016,Kharif,72617.0
Rice,IND_TAMILNADU_KANCHIPURAM,2017,Autumn,27105.0
Rice,IND_TAMILNADU_KANCHIPURAM,2017,Summer,22227.0
Rice,IND_TAMILNADU_KANCHIPURAM,2017,Winter,41282.0
Rice,IND_TAMILNADU_KANCHIPURAM,2018,Autumn,16860.0
Rice,IND_TAMILNADU_KANCHIPURAM,2018,Summer,15696.0
Rice,IND_TAMILNADU_KANCHIPURAM,2018,Winter,37819.0
Rice,IND_TAMILNADU_KANCHIPURAM,2019,Autumn,9561.0
Rice,IND_TAMILNADU_KANCHIPURAM,2019,Summer,46638.0
Rice,IND_TAMILNADU_KANCHIPURAM,2019,Winter,31130.0
Rice,IND_TAMILNADU_KANNIYAKUMARI,1998,Kharif,32907.0
Rice,IND_TAMILNADU_KANNIYAKUMARI,1999,Kharif,31472.0
Rice,IND_TAMILNADU_KANNIYAKUMARI,2000,Kharif,28596.0
Rice,IND_TAMILNADU_KANNIYAKUMARI,2001,Kharif,28229.0
Rice,IND_TAMILNADU_KANNIYAKUMARI,2002,Kharif,26052.0
Rice,IND_TAMILNADU_KANNIYAKUMARI,2003,Kharif,17320.0
Rice,IND_TAMILNADU_KANNIYAKUMARI,2004,Kharif,22016.0
Rice,IND_TAMILNADU_KANNIYAKUMARI,2005,Kharif,21709.0
Rice,IND_TAMILNADU_KANNIYAKUMARI,2006,Kharif,21406.0
Rice,IND_TAMILNADU_KANNIYAKUMARI,2007,Kharif,20349.0
Rice,IND_TAMILNADU_KANNIYAKUMARI,2008,Kharif,18187.0
Rice,IND_TAMILNADU_KANNIYAKUMARI,2009,Kharif,17307.0
Rice,IND_TAMILNADU_KANNIYAKUMARI,2010,Kharif,16989.0
Rice,IND_TAMILNADU_KANNIYAKUMARI,2011,Kharif,16617.0
Rice,IND_TAMILNADU_KANNIYAKUMARI,2012,Kharif,12412.0
Rice,IND_TAMILNADU_KANNIYAKUMARI,2013,Kharif,13619.0
Rice,IND_TAMILNADU_KANNIYAKUMARI,2014,Kharif,13176.0
Rice,IND_TAMILNADU_KANNIYAKUMARI,2015,Kharif,12957.0
Rice,IND_TAMILNADU_KANNIYAKUMARI,2016,Kharif,12156.0
Rice,IND_TAMILNADU_KANNIYAKUMARI,2017,Autumn,3204.0
Rice,IND_TAMILNADU_KANNIYAKUMARI,2017,Summer,114.0
Rice,IND_TAMILNADU_KANNIYAKUMARI,2017,Winter,6310.0
Rice,IND_TAMILNADU_KANNIYAKUMARI,2018,Autumn,5925.0
Rice,IND_TAMILNADU_KANNIYAKUMARI,2018,Summer,77.0
Rice,IND_TAMILNADU_KANNIYAKUMARI,2018,Winter,5953.0
Rice,IND_TAMILNADU_KANNIYAKUMARI,2019,Autumn,5044.0
Rice,IND_TAMILNADU_KANNIYAKUMARI,2019,Summer,49.0
Rice,IND_TAMILNADU_KANNIYAKUMARI,2019,Winter,5877.0
Rice,IND_TAMILNADU_KARUR,1998,Kharif,16961.0
Rice,IND_TAMILNADU_KARUR,1999,Kharif,17279.0
Rice,IND_TAMILNADU_KARUR,2000,Kharif,15277.0
Rice,IND_TAMILNADU_KARUR,2001,Kharif,15539.0
Rice,IND_TAMILNADU_KARUR,2002,Kharif,12837.0
Rice,IND_TAMILNADU_KARUR,2003,Kharif,9321.0
Rice,IND_TAMILNADU_KARUR,2004,Kharif,18233.0
Rice,IND_TAMILNADU_KARUR,2005,Kharif,18398.0
Rice,IND_TAMILNADU_KARUR,2006,Kharif,13745.0
Rice,IND_TAMILNADU_KARUR,2007,Kharif,12433.0
Rice,IND_TAMILNADU_KARUR,2008,Kharif,15628.0
Rice,IND_TAMILNADU_KARUR,2009,Kharif,15013.0
Rice,IND_TAMILNADU_KARUR,2010,Kharif,14808.0
Rice,IND_TAMILNADU_KARUR,2011,Kharif,17090.0
Rice,IND_TAMILNADU_KARUR,2012,Kharif,10907.0
Rice,IND_TAMILNADU_KARUR,2013,Kharif,12565.0
Rice,IND_TAMILNADU_KARUR,2014,Kharif,13445.0
Rice,IND_TAMILNADU_KARUR,2015,Kharif,13276.0
Rice,IND_TAMILNADU_KARUR,2016,Kharif,3672.0
Rice,IND_TAMILNADU_KARUR,2017,Summer,182.0
Rice,IND_TAMILNADU_KARUR,2017,Winter,11011.0
Rice,IND_TAMILNADU_KARUR,2018,Summer,322.0
Rice,IND_TAMILNADU_KARUR,2018,Winter,11070.0
Rice,IND_TAMILNADU_KARUR,2019,Summer,268.0
Rice,IND_TAMILNADU_KARUR,2019,Winter,10862.0
Rice,IND_TAMILNADU_KRISHNAGIRI,2004,Kharif,17620.0
Rice,IND_TAMILNADU_KRISHNAGIRI,2005,Kharif,21980.0
Rice,IND_TAMILNADU_KRISHNAGIRI,2006,Kharif,17890.0
Rice,IND_TAMILNADU_KRISHNAGIRI,2007,Kharif,14982.0
Rice,IND_TAMILNADU_KRISHNAGIRI,2008,Kharif,14621.0
Rice,IND_TAMILNADU_KRISHNAGIRI,2009,Kharif,16490.0
Rice,IND_TAMILNADU_KRISHNAGIRI,2010,Kharif,16337.0
Rice,IND_TAMILNADU_KRISHNAGIRI,2011,Kharif,20111.0
Rice,IND_TAMILNADU_KRISHNAGIRI,2012,Kharif,17753.0
Rice,IND_TAMILNADU_KRISHNAGIRI,2013,Kharif,29704.0
Rice,IND_TAMILNADU_KRISHNAGIRI,2014,Kharif,19264.0
Rice,IND_TAMILNADU_KRISHNAGIRI,2015,Kharif,22805.0
Rice,IND_TAMILNADU_KRISHNAGIRI,2016,Kharif,15987.0
Rice,IND_TAMILNADU_KRISHNAGIRI,2017,Autumn,2078.0
Rice,IND_TAMILNADU_KRISHNAGIRI,2017,Summer,8885.0
Rice,IND_TAMILNADU_KRISHNAGIRI,2017,Winter,13922.0
Rice,IND_TAMILNADU_KRISHNAGIRI,2018,Autumn,3746.0
Rice,IND_TAMILNADU_KRISHNAGIRI,2018,Summer,7410.0
Rice,IND_TAMILNADU_KRISHNAGIRI,2018,Winter,11805.0
Rice,IND_TAMILNADU_KRISHNAGIRI,2019,Autumn,2922.0
Rice,IND_TAMILNADU_KRISHNAGIRI,2019,Summer,6627.0
Rice,IND_TAMILNADU_KRISHNAGIRI,2019,Winter,14019.0
Rice,IND_TAMILNADU_MADURAI,1998,Kharif,88338.0
Rice,IND_TAMILNADU_MADURAI,1999,Kharif,79103.0
Rice,IND_TAMILNADU_MADURAI,2000,Kharif,71421.0
Rice,IND_TAMILNADU_MADURAI,2001,Kharif,68131.0
Rice,IND_TAMILNADU_MADURAI,2002,Kharif,43959.0
Rice,IND_TAMILNADU_MADURAI,2003,Kharif,23934.0
Rice,IND_TAMILNADU_MADURAI,2004,Kharif,60368.0
Rice,IND_TAMILNADU_MADURAI,2005,Kharif,70996.0
Rice,IND_TAMILNADU_MADURAI,2006,Kharif,67230.0
Rice,IND_TAMILNADU_MADURAI,2007,Kharif,61864.0
Rice,IND_TAMILNADU_MADURAI,2008,Kharif,66699.0
Rice,IND_TAMILNADU_MADURAI,2009,Kharif,50986.0
Rice,IND_TAMILNADU_MADURAI,2010,Kharif,61064.0
Rice,IND_TAMILNADU_MADURAI,2011,Kharif,65635.0
Rice,IND_TAMILNADU_MADURAI,2012,Kharif,18024.0
Rice,IND_TAMILNADU_MADURAI,2013,Kharif,35268.0
Rice,IND_TAMILNADU_MADURAI,2014,Kharif,47717.0
Rice,IND_TAMILNADU_MADURAI,2015,Kharif,55983.0
Rice,IND_TAMILNADU_MADURAI,2016,Kharif,10407.0
Rice,IND_TAMILNADU_MADURAI,2017,Autumn,723.0
Rice,IND_TAMILNADU_MADURAI,2017,Summer,2796.0
Rice,IND_TAMILNADU_MADURAI,2017,Winter,17409.0
Rice,IND_TAMILNADU_MADURAI,2018,Autumn,2743.0
Rice,IND_TAMILNADU_MADURAI,2018,Summer,9159.0
Rice,IND_TAMILNADU_MADURAI,2018,Winter,36559.0
Rice,IND_TAMILNADU_MADURAI,2019,Autumn,658.0
Rice,IND_TAMILNADU_MADURAI,2019,Summer,7714.0
Rice,IND_TAMILNADU_MADURAI,2019,Winter,32096.0
Rice,IND_TAMILNADU_NAGAPATTINAM,1998,Kharif,159249.0
Rice,IND_TAMILNADU_NAGAPATTINAM,1999,Kharif,162381.0
Rice,IND_TAMILNADU_NAGAPATTINAM,2000,Kharif,168155.0
Rice,IND_TAMILNADU_NAGAPATTINAM,2001,Kharif,168265.0
Rice,IND_TAMILNADU_NAGAPATTINAM,2002,Kharif,137724.0
Rice,IND_TAMILNADU_NAGAPATTINAM,2003,Kharif,136039.0
Rice,IND_TAMILNADU_NAGAPATTINAM,2004,Kharif,153139.0
Rice,IND_TAMILNADU_NAGAPATTINAM,2005,Kharif,158100.0
Rice,IND_TAMILNADU_NAGAPATTINAM,2006,Kharif,165714.0
Rice,IND_TAMILNADU_NAGAPATTINAM,2007,Kharif,154040.0
Rice,IND_TAMILNADU_NAGAPATTINAM,2008,Kharif,170840.0
Rice,IND_TAMILNADU_NAGAPATTINAM,2009,Kharif,157855.0
Rice,IND_TAMILNADU_NAGAPATTINAM,2010,Kharif,156049.0
Rice,IND_TAMILNADU_NAGAPATTINAM,2011,Kharif,170042.0
Rice,IND_TAMILNADU_NAGAPATTINAM,2012,Kharif,142210.0
Rice,IND_TAMILNADU_NAGAPATTINAM,2013,Kharif,154750.0
Rice,IND_TAMILNADU_NAGAPATTINAM,2014,Kharif,159499.0
Rice,IND_TAMILNADU_NAGAPATTINAM,2015,Kharif,163794.0
Rice,IND_TAMILNADU_NAGAPATTINAM,2016,Kharif,166312.0
Rice,IND_TAMILNADU_NAGAPATTINAM,2017,Autumn,34881.0
Rice,IND_TAMILNADU_NAGAPATTINAM,2017,Summer,304.0
Rice,IND_TAMILNADU_NAGAPATTINAM,2017,Winter,128703.0
Rice,IND_TAMILNADU_NAGAPATTINAM,2018,Autumn,36966.0
Rice,IND_TAMILNADU_NAGAPATTINAM,2018,Summer,545.0
Rice,IND_TAMILNADU_NAGAPATTINAM,2018,Winter,130729.0
Rice,IND_TAMILNADU_NAGAPATTINAM,2019,Autumn,36665.0
Rice,IND_TAMILNADU_NAGAPATTINAM,2019,Summer,388.0
Rice,IND_TAMILNADU_NAGAPATTINAM,2019,Winter,132169.0
Rice,IND_TAMILNADU_NAMAKKAL,1998,Kharif,24167.0
Rice,IND_TAMILNADU_NAMAKKAL,1999,Kharif,22710.0
Rice,IND_TAMILNADU_NAMAKKAL,2000,Kharif,21456.0
Rice,IND_TAMILNADU_NAMAKKAL,2001,Kharif,21361.0
Rice,IND_TAMILNADU_NAMAKKAL,2002,Kharif,9442.0
Rice,IND_TAMILNADU_NAMAKKAL,2003,Kharif,7479.0
Rice,IND_TAMILNADU_NAMAKKAL,2004,Kharif,9042.0
Rice,IND_TAMILNADU_NAMAKKAL,2005,Kharif,18833.0
Rice,IND_TAMILNADU_NAMAKKAL,2006,Kharif,15222.0
Rice,IND_TAMILNADU_NAMAKKAL,2007,Kharif,12205.0
Rice,IND_TAMILNADU_NAMAKKAL,2008,Kharif,13909.0
Rice,IND_TAMILNADU_NAMAKKAL,2009,Kharif,10687.0
Rice,IND_TAMILNADU_NAMAKKAL,2010,Kharif,14058.0
Rice,IND_TAMILNADU_NAMAKKAL,2011,Kharif,8129.0
Rice,IND_TAMILNADU_NAMAKKAL,2012,Kharif,5545.0
Rice,IND_TAMILNADU_NAMAKKAL,2013,Kharif,9180.0
Rice,IND_TAMILNADU_NAMAKKAL,2014,Kharif,10416.0
Rice,IND_TAMILNADU_NAMAKKAL,2015,Kharif,11983.0
Rice,IND_TAMILNADU_NAMAKKAL,2016,Kharif,2188.0
Rice,IND_TAMILNADU_NAMAKKAL,2017,Autumn,622.0
Rice,IND_TAMILNADU_NAMAKKAL,2017,Summer,528.0
Rice,IND_TAMILNADU_NAMAKKAL,2017,Winter,6161.0
Rice,IND_TAMILNADU_NAMAKKAL,2018,Autumn,4515.0
Rice,IND_TAMILNADU_NAMAKKAL,2018,Summer,221.0
Rice,IND_TAMILNADU_NAMAKKAL,2018,Winter,2899.0
Rice,IND_TAMILNADU_NAMAKKAL,2019,Autumn,608.0
Rice,IND_TAMILNADU_NAMAKKAL,2019,Summer,842.0
Rice,IND_TAMILNADU_NAMAKKAL,2019,Winter,9103.0
Rice,IND_TAMILNADU_PERAMBALUR,1998,Kharif,47814.0
Rice,IND_TAMILNADU_PERAMBALUR,1999,Kharif,45376.0
Rice,IND_TAMILNADU_PERAMBALUR,2000,Kharif,43993.0
Rice,IND_TAMILNADU_PERAMBALUR,2001,Kharif,48734.0
Rice,IND_TAMILNADU_PERAMBALUR,2002,Kharif,35879.0
Rice,IND_TAMILNADU_PERAMBALUR,2003,Kharif,36382.0
Rice,IND_TAMILNADU_PERAMBALUR,2004,Kharif,46434.0
Rice,IND_TAMILNADU_PERAMBALUR,2005,Kharif,45952.0
Rice,IND_TAMILNADU_PERAMBALUR,2006,Kharif,41930.0
Rice,IND_TAMILNADU_PERAMBALUR,2007,Kharif,38121.0
Rice,IND_TAMILNADU_PERAMBALUR,2008,Kharif,12399.0
Rice,IND_TAMILNADU_PERAMBALUR,2009,Kharif,12089.0
Rice,IND_TAMILNADU_PERAMBALUR,2010,Kharif,14245.0
Rice,IND_TAMILNADU_PERAMBALUR,2011,Kharif,13099.0
Rice,IND_TAMILNADU_PERAMBALUR,2012,Kharif,7299.0
Rice,IND_TAMILNADU_PERAMBALUR,2013,Kharif,7175.0
Rice,IND_TAMILNADU_PERAMBALUR,2014,Kharif,8994.0
Rice,IND_TAMILNADU_PERAMBALUR,2015,Kharif,14089.0
Rice,IND_TAMILNADU_PERAMBALUR,2016,Kharif,3319.0
Rice,IND_TAMILNADU_PERAMBALUR,2017,Autumn,327.0
Rice,IND_TAMILNADU_PERAMBALUR,2017,Summer,1499.0
Rice,IND_TAMILNADU_PERAMBALUR,2017,Winter,7407.0
Rice,IND_TAMILNADU_PERAMBALUR,2018,Autumn,89.0
Rice,IND_TAMILNADU_PERAMBALUR,2018,Summer,970.0
Rice,IND_TAMILNADU_PERAMBALUR,2018,Winter,1554.0
Rice,IND_TAMILNADU_PERAMBALUR,2019,Autumn,60.0
Rice,IND_TAMILNADU_PERAMBALUR,2019,Summer,2392.0
Rice,IND_TAMILNADU_PERAMBALUR,2019,Winter,3710.0
Rice,IND_TAMILNADU_PUDUKKOTTAI,1998,Kharif,107199.0
Rice,IND_TAMILNADU_PUDUKKOTTAI,1999,Kharif,102047.0
Rice,IND_TAMILNADU_PUDUKKOTTAI,2000,Kharif,97289.0
Rice,IND_TAMILNADU_PUDUKKOTTAI,2001,Kharif,83500.0
Rice,IND_TAMILNADU_PUDUKKOTTAI,2002,Kharif,76443.0
Rice,IND_TAMILNADU_PUDUKKOTTAI,2003,Kharif,79768.0
Rice,IND_TAMILNADU_PUDUKKOTTAI,2004,Kharif,94032.0
Rice,IND_TAMILNADU_PUDUKKOTTAI,2005,Kharif,95986.0
Rice,IND_TAMILNADU_PUDUKKOTTAI,2006,Kharif,93365.0
Rice,IND_TAMILNADU_PUDUKKOTTAI,2007,Kharif,88665.0
Rice,IND_TAMILNADU_PUDUKKOTTAI,2008,Kharif,96386.0
Rice,IND_TAMILNADU_PUDUKKOTTAI,2009,Kharif,95302.0
Rice,IND_TAMILNADU_PUDUKKOTTAI,2010,Kharif,92901.0
Rice,IND_TAMILNADU_PUDUKKOTTAI,2011,Kharif,92590.0
Rice,IND_TAMILNADU_PUDUKKOTTAI,2012,Kharif,83585.0
Rice,IND_TAMILNADU_PUDUKKOTTAI,2013,Kharif,72652.0
Rice,IND_TAMILNADU_PUDUKKOTTAI,2014,Kharif,67238.0
Rice,IND_TAMILNADU_PUDUKKOTTAI,2015,Kharif,73625.0
Rice,IND_TAMILNADU_PUDUKKOTTAI,2016,Kharif,69142.0
Rice,IND_TAMILNADU_PUDUKKOTTAI,2017,Autumn,2652.0
Rice,IND_TAMILNADU_PUDUKKOTTAI,2017,Summer,1619.0
Rice,IND_TAMILNADU_PUDUKKOTTAI,2017,Winter,81410.0
Rice,IND_TAMILNADU_PUDUKKOTTAI,2018,Autumn,3073.0
Rice,IND_TAMILNADU_PUDUKKOTTAI,2018,Summer,4841.0
Rice,IND_TAMILNADU_PUDUKKOTTAI,2018,Winter,67011.0
Rice,IND_TAMILNADU_PUDUKKOTTAI,2019,Autumn,4072.0
Rice,IND_TAMILNADU_PUDUKKOTTAI,2019,Summer,3835.0
Rice,IND_TAMILNADU_PUDUKKOTTAI,2019,Winter,79902.0
Rice,IND_TAMILNADU_RAMANATHAPURAM,1998,Kharif,136902.0
Rice,IND_TAMILNADU_RAMANATHAPURAM,1999,Kharif,128536.0
Rice,IND_TAMILNADU_RAMANATHAPURAM,2000,Kharif,123351.0
Rice,IND_TAMILNADU_RAMANATHAPURAM,2001,Kharif,124517.0
Rice,IND_TAMILNADU_RAMANATHAPURAM,2002,Kharif,126152.0
Rice,IND_TAMILNADU_RAMANATHAPURAM,2003,Kharif,121031.0
Rice,IND_TAMILNADU_RAMANATHAPURAM,2004,Kharif,126607.0
Rice,IND_TAMILNADU_RAMANATHAPURAM,2005,Kharif,127395.0
Rice,IND_TAMILNADU_RAMANATHAPURAM,2006,Kharif,130422.0
Rice,IND_TAMILNADU_RAMANATHAPURAM,2007,Kharif,123771.0
Rice,IND_TAMILNADU_RAMANATHAPURAM,2008,Kharif,128795.0
Rice,IND_TAMILNADU_RAMANATHAPURAM,2009,Kharif,133885.0
Rice,IND_TAMILNADU_RAMANATHAPURAM,2010,Kharif,131397.0
Rice,IND_TAMILNADU_RAMANATHAPURAM,2011,Kharif,128960.0
Rice,IND_TAMILNADU_RAMANATHAPURAM,2012,Kharif,116505.0
Rice,IND_TAMILNADU_RAMANATHAPURAM,2013,Kharif,114981.0
Rice,IND_TAMILNADU_RAMANATHAPURAM,2014,Kharif,116867.0
Rice,IND_TAMILNADU_RAMANATHAPURAM,2015,Kharif,116582.0
Rice,IND_TAMILNADU_RAMANATHAPURAM,2016,Kharif,121849.0
Rice,IND_TAMILNADU_RAMANATHAPURAM,2017,Winter,126643.0
Rice,IND_TAMILNADU_RAMANATHAPURAM,2018,Winter,125617.0
Rice,IND_TAMILNADU_RAMANATHAPURAM,2019,Winter,127288.0
Rice,IND_TAMILNADU_SALEM,1998,Kharif,48400.0
Rice,IND_TAMILNADU_SALEM,1999,Kharif,45863.0
Rice,IND_TAMILNADU_SALEM,2000,Kharif,45960.0
Rice,IND_TAMILNADU_SALEM,2001,Kharif,46233.0
Rice,IND_TAMILNADU_SALEM,2002,Kharif,11058.0
Rice,IND_TAMILNADU_SALEM,2003,Kharif,13585.0
Rice,IND_TAMILNADU_SALEM,2004,Kharif,27304.0
Rice,IND_TAMILNADU_SALEM,2005,Kharif,37328.0
Rice,IND_TAMILNADU_SALEM,2006,Kharif,27483.0
Rice,IND_TAMILNADU_SALEM,2007,Kharif,21711.0
Rice,IND_TAMILNADU_SALEM,2008,Kharif,29929.0
Rice,IND_TAMILNADU_SALEM,2009,Kharif,24382.0
Rice,IND_TAMILNADU_SALEM,2010,Kharif,33296.0
Rice,IND_TAMILNADU_SALEM,2011,Kharif,27745.0
Rice,IND_TAMILNADU_SALEM,2012,Kharif,12929.0
Rice,IND_TAMILNADU_SALEM,2013,Kharif,20148.0
Rice,IND_TAMILNADU_SALEM,2014,Kharif,19343.0
Rice,IND_TAMILNADU_SALEM,2015,Kharif,24714.0
Rice,IND_TAMILNADU_SALEM,2016,Kharif,5024.0
Rice,IND_TAMILNADU_SALEM,2017,Autumn,363.0
Rice,IND_TAMILNADU_SALEM,2017,Summer,4220.0
Rice,IND_TAMILNADU_SALEM,2017,Winter,14100.0
Rice,IND_TAMILNADU_SALEM,2018,Autumn,412.0
Rice,IND_TAMILNADU_SALEM,2018,Summer,502.0
Rice,IND_TAMILNADU_SALEM,2018,Winter,8839.0
Rice,IND_TAMILNADU_SALEM,2019,Autumn,295.0
Rice,IND_TAMILNADU_SALEM,2019,Summer,4154.0
Rice,IND_TAMILNADU_SALEM,2019,Winter,15141.0
Rice,IND_TAMILNADU_SIVAGANGA,1998,Kharif,88087.0
Rice,IND_TAMILNADU_SIVAGANGA,1999,Kharif,83771.0
Rice,IND_TAMILNADU_SIVAGANGA,2000,Kharif,80708.0
Rice,IND_TAMILNADU_SIVAGANGA,2001,Kharif,77246.0
Rice,IND_TAMILNADU_SIVAGANGA,2002,Kharif,79744.0
Rice,IND_TAMILNADU_SIVAGANGA,2003,Kharif,71955.0
Rice,IND_TAMILNADU_SIVAGANGA,2004,Kharif,85141.0
Rice,IND_TAMILNADU_SIVAGANGA,2005,Kharif,89924.0
Rice,IND_TAMILNADU_SIVAGANGA,2006,Kharif,81385.0
Rice,IND_TAMILNADU_SIVAGANGA,2007,Kharif,76733.0
Rice,IND_TAMILNADU_SIVAGANGA,2008,Kharif,80833.0
Rice,IND_TAMILNADU_SIVAGANGA,2009,Kharif,77332.0
Rice,IND_TAMILNADU_SIVAGANGA,2010,Kharif,83927.0
Rice,IND_TAMILNADU_SIVAGANGA,2011,Kharif,83781.0
Rice,IND_TAMILNADU_SIVAGANGA,2012,Kharif,70632.0
Rice,IND_TAMILNADU_SIVAGANGA,2013,Kharif,65447.0
Rice,IND_TAMILNADU_SIVAGANGA,2014,Kharif,65087.0
Rice,IND_TAMILNADU_SIVAGANGA,2015,Kharif,67207.0
Rice,IND_TAMILNADU_SIVAGANGA,2016,Kharif,65207.0
Rice,IND_TAMILNADU_SIVAGANGA,2017,Autumn,42.0
Rice,IND_TAMILNADU_SIVAGANGA,2017,Summer,130.0
Rice,IND_TAMILNADU_SIVAGANGA,2017,Winter,71978.0
Rice,IND_TAMILNADU_SIVAGANGA,2018,Autumn,20.0
Rice,IND_TAMILNADU_SIVAGANGA,2018,Summer,477.0
Rice,IND_TAMILNADU_SIVAGANGA,2018,Winter,62995.0
Rice,IND_TAMILNADU_SIVAGANGA,2019,Autumn,131.0
Rice,IND_TAMILNADU_SIVAGANGA,2019,Summer,817.0
Rice,IND_TAMILNADU_SIVAGANGA,2019,Winter,69423.0
Rice,IND_TAMILNADU_THANJAVUR,1998,Kharif,194652.0
Rice,IND_TAMILNADU_THANJAVUR,1999,Kharif,189074.0
Rice,IND_TAMILNADU_THANJAVUR,2000,Kharif,196816.0
Rice,IND_TAMILNADU_THANJAVUR,2001,Kharif,192161.0
Rice,IND_TAMILNADU_THANJAVUR,2002,Kharif,139186.0
Rice,IND_TAMILNADU_THANJAVUR,2003,Kharif,123293.0
Rice,IND_TAMILNADU_THANJAVUR,2004,Kharif,160608.0
Rice,IND_TAMILNADU_THANJAVUR,2005,Kharif,154901.0
Rice,IND_TAMILNADU_THANJAVUR,2006,Kharif,164243.0
Rice,IND_TAMILNADU_THANJAVUR,2007,Kharif,150228.0
Rice,IND_TAMILNADU_THANJAVUR,2008,Kharif,177094.0
Rice,IND_TAMILNADU_THANJAVUR,2009,Kharif,162938.0
Rice,IND_TAMILNADU_THANJAVUR,2010,Kharif,166209.0
Rice,IND_TAMILNADU_THANJAVUR,2011,Kharif,180859.0
Rice,IND_TAMILNADU_THANJAVUR,2012,Kharif,146959.0
Rice,IND_TAMILNADU_THANJAVUR,2013,Kharif,167289.0
Rice,IND_TAMILNADU_THANJAVUR,2014,Kharif,177756.0
Rice,IND_TAMILNADU_THANJAVUR,2015,Kharif,177426.0
Rice,IND_TAMILNADU_THANJAVUR,2016,Kharif,147193.0
Rice,IND_TAMILNADU_THANJAVUR,2017,Autumn,33386.0
Rice,IND_TAMILNADU_THANJAVUR,2017,Summer,13538.0
Rice,IND_TAMILNADU_THANJAVUR,2017,Winter,123773.0
Rice,IND_TAMILNADU_THANJAVUR,2018,Autumn,41900.0
Rice,IND_TAMILNADU_THANJAVUR,2018,Summer,15466.0
Rice,IND_TAMILNADU_THANJAVUR,2018,Winter,128219.0
Rice,IND_TAMILNADU_THANJAVUR,2019,Autumn,37085.0
Rice,IND_TAMILNADU_THANJAVUR,2019,Summer,20044.0
Rice,IND_TAMILNADU_THANJAVUR,2019,Winter,135102.0
Rice,IND_TAMILNADU_THENILGIRIS,1998,Kharif,2611.0
Rice,IND_TAMILNADU_THENILGIRIS,1999,Kharif,1830.0
Rice,IND_TAMILNADU_THENILGIRIS,2000,Kharif,2100.0
Rice,IND_TAMILNADU_THENILGIRIS,2001,Kharif,2154.0
Rice,IND_TAMILNADU_THENILGIRIS,2002,Kharif,1848.0
Rice,IND_TAMILNADU_THENILGIRIS,2003,Kharif,1635.0
Rice,IND_TAMILNADU_THENILGIRIS,2004,Kharif,1443.0
Rice,IND_TAMILNADU_THENILGIRIS,2005,Kharif,1430.0
Rice,IND_TAMILNADU_THENILGIRIS,2006,Kharif,1249.0
Rice,IND_TAMILNADU_THENILGIRIS,2007,Kharif,1110.0
Rice,IND_TAMILNADU_THENILGIRIS,2008,Kharif,775.0
Rice,IND_TAMILNADU_THENILGIRIS,2009,Kharif,509.0
Rice,IND_TAMILNADU_THENILGIRIS,2010,Kharif,392.0
Rice,IND_TAMILNADU_THENILGIRIS,2011,Kharif,399.0
Rice,IND_TAMILNADU_THENILGIRIS,2012,Kharif,289.0
Rice,IND_TAMILNADU_THENILGIRIS,2013,Kharif,328.0
Rice,IND_TAMILNADU_THENILGIRIS,2014,Kharif,32.0
Rice,IND_TAMILNADU_THENILGIRIS,2015,Kharif,318.0
Rice,IND_TAMILNADU_THENILGIRIS,2016,Kharif,243.0
Rice,IND_TAMILNADU_THENILGIRIS,2017,Autumn,239.0
Rice,IND_TAMILNADU_THENILGIRIS,2018,Autumn,207.0
Rice,IND_TAMILNADU_THENILGIRIS,2019,Autumn,170.0
Rice,IND_TAMILNADU_THENI,1998,Kharif,21747.0
Rice,IND_TAMILNADU_THENI,1999,Kharif,20706.0
Rice,IND_TAMILNADU_THENI,2000,Kharif,20885.0
Rice,IND_TAMILNADU_THENI,2001,Kharif,17422.0
Rice,IND_TAMILNADU_THENI,2002,Kharif,13783.0
Rice,IND_TAMILNADU_THENI,2003,Kharif,14228.0
Rice,IND_TAMILNADU_THENI,2004,Kharif,16635.0
Rice,IND_TAMILNADU_THENI,2005,Kharif,15694.0
Rice,IND_TAMILNADU_THENI,2006,Kharif,14915.0
Rice,IND_TAMILNADU_THENI,2007,Kharif,14400.0
Rice,IND_TAMILNADU_THENI,2008,Kharif,15579.0
Rice,IND_TAMILNADU_THENI,2009,Kharif,15371.0
Rice,IND_TAMILNADU_THENI,2010,Kharif,15355.0
Rice,IND_TAMILNADU_THENI,2011,Kharif,14735.0
Rice,IND_TAMILNADU_THENI,2012,Kharif,10321.0
Rice,IND_TAMILNADU_THENI,2013,Kharif,12499.0
Rice,IND_TAMILNADU_THENI,2014,Kharif,13842.0
Rice,IND_TAMILNADU_THENI,2015,Kharif,14631.0
Rice,IND_TAMILNADU_THENI,2016,Kharif,6210.0
Rice,IND_TAMILNADU_THENI,2017,Autumn,1475.0
Rice,IND_TAMILNADU_THENI,2017,Summer,311.0
Rice,IND_TAMILNADU_THENI,2017,Winter,5269.0
Rice,IND_TAMILNADU_THENI,2018,Autumn,4039.0
Rice,IND_TAMILNADU_THENI,2018,Summer,3794.0
Rice,IND_TAMILNADU_THENI,2018,Winter,5668.0
Rice,IND_TAMILNADU_THENI,2019,Autumn,641.0
Rice,IND_TAMILNADU_THENI,2019,Summer,1671.0
Rice,IND_TAMILNADU_THENI,2019,Winter,6618.0
Rice,IND_TAMILNADU_THIRUVALLUR,1998,Kharif,140703.0
Rice,IND_TAMILNADU_THIRUVALLUR,1999,Kharif,125321.0
Rice,IND_TAMILNADU_THIRUVALLUR,2000,Kharif,93052.0
Rice,IND_TAMILNADU_THIRUVALLUR,2001,Kharif,94422.0
Rice,IND_TAMILNADU_THIRUVALLUR,2002,Kharif,87758.0
Rice,IND_TAMILNADU_THIRUVALLUR,2003,Kharif,74942.0
Rice,IND_TAMILNADU_THIRUVALLUR,2004,Kharif,66734.0
Rice,IND_TAMILNADU_THIRUVALLUR,2005,Kharif,96994.0
Rice,IND_TAMILNADU_THIRUVALLUR,2006,Kharif,89667.0
Rice,IND_TAMILNADU_THIRUVALLUR,2007,Kharif,78712.0
Rice,IND_TAMILNADU_THIRUVALLUR,2008,Kharif,82240.0
Rice,IND_TAMILNADU_THIRUVALLUR,2009,Kharif,80942.0
Rice,IND_TAMILNADU_THIRUVALLUR,2010,Kharif,83219.0
Rice,IND_TAMILNADU_THIRUVALLUR,2011,Kharif,79219.0
Rice,IND_TAMILNADU_THIRUVALLUR,2012,Kharif,78337.0
Rice,IND_TAMILNADU_THIRUVALLUR,2013,Kharif,95827.0
Rice,IND_TAMILNADU_THIRUVALLUR,2014,Kharif,96348.0
Rice,IND_TAMILNADU_THIRUVALLUR,2015,Kharif,101396.0
Rice,IND_TAMILNADU_THIRUVALLUR,2016,Kharif,96967.0
Rice,IND_TAMILNADU_THIRUVALLUR,2017,Autumn,24842.0
Rice,IND_TAMILNADU_THIRUVALLUR,2017,Summer,24769.0
Rice,IND_TAMILNADU_THIRUVALLUR,2017,Winter,52998.0
Rice,IND_TAMILNADU_THIRUVALLUR,2018,Autumn,24583.0
Rice,IND_TAMILNADU_THIRUVALLUR,2018,Summer,16354.0
Rice,IND_TAMILNADU_THIRUVALLUR,2018,Winter,47936.0
Rice,IND_TAMILNADU_THIRUVALLUR,2019,Autumn,18297.0
Rice,IND_TAMILNADU_THIRUVALLUR,2019,Summer,26745.0
Rice,IND_TAMILNADU_THIRUVALLUR,2019,Winter,51567.0
Rice,IND_TAMILNADU_THIRUVARUR,1998,Kharif,179042.0
Rice,IND_TAMILNADU_THIRUVARUR,1999,Kharif,163289.0
Rice,IND_TAMILNADU_THIRUVARUR,2000,Kharif,181379.0
Rice,IND_TAMILNADU_THIRUVARUR,2001,Kharif,174722.0
Rice,IND_TAMILNADU_THIRUVARUR,2002,Kharif,131055.0
Rice,IND_TAMILNADU_THIRUVARUR,2003,Kharif,121437.0
Rice,IND_TAMILNADU_THIRUVARUR,2004,Kharif,148608.0
Rice,IND_TAMILNADU_THIRUVARUR,2005,Kharif,156098.0
Rice,IND_TAMILNADU_THIRUVARUR,2006,Kharif,176900.0
Rice,IND_TAMILNADU_THIRUVARUR,2007,Kharif,151629.0
Rice,IND_TAMILNADU_THIRUVARUR,2008,Kharif,178040.0
Rice,IND_TAMILNADU_THIRUVARUR,2009,Kharif,166252.0
Rice,IND_TAMILNADU_THIRUVARUR,2010,Kharif,160237.0
Rice,IND_TAMILNADU_THIRUVARUR,2011,Kharif,186307.0
Rice,IND_TAMILNADU_THIRUVARUR,2012,Kharif,158904.0
Rice,IND_TAMILNADU_THIRUVARUR,2013,Kharif,174366.0
Rice,IND_TAMILNADU_THIRUVARUR,2014,Kharif,192615.0
Rice,IND_TAMILNADU_THIRUVARUR,2015,Kharif,194743.0
Rice,IND_TAMILNADU_THIRUVARUR,2016,Kharif,186958.0
Rice,IND_TAMILNADU_THIRUVARUR,2017,Autumn,23521.0
Rice,IND_TAMILNADU_THIRUVARUR,2017,Summer,10043.0
Rice,IND_TAMILNADU_THIRUVARUR,2017,Winter,147435.0
Rice,IND_TAMILNADU_THIRUVARUR,2018,Autumn,28404.0
Rice,IND_TAMILNADU_THIRUVARUR,2018,Summer,9966.0
Rice,IND_TAMILNADU_THIRUVARUR,2018,Winter,150339.0
Rice,IND_TAMILNADU_THIRUVARUR,2019,Autumn,22685.0
Rice,IND_TAMILNADU_THIRUVARUR,2019,Summer,9738.0
Rice,IND_TAMILNADU_THIRUVARUR,2019,Winter,148477.0
Rice,IND_TAMILNADU_TIRUCHIRAPPALLI,1998,Kharif,70659.0
Rice,IND_TAMILNADU_TIRUCHIRAPPALLI,1999,Kharif,75636.0
Rice,IND_TAMILNADU_TIRUCHIRAPPALLI,2000,Kharif,69697.0
Rice,IND_TAMILNADU_TIRUCHIRAPPALLI,2001,Kharif,72317.0
Rice,IND_TAMILNADU_TIRUCHIRAPPALLI,2002,Kharif,51746.0
Rice,IND_TAMILNADU_TIRUCHIRAPPALLI,2003,Kharif,42928.0
Rice,IND_TAMILNADU_TIRUCHIRAPPALLI,2004,Kharif,62178.0
Rice,IND_TAMILNADU_TIRUCHIRAPPALLI,2005,Kharif,79576.0
Rice,IND_TAMILNADU_TIRUCHIRAPPALLI,2006,Kharif,71722.0
Rice,IND_TAMILNADU_TIRUCHIRAPPALLI,2007,Kharif,61289.0
Rice,IND_TAMILNADU_TIRUCHIRAPPALLI,2008,Kharif,72530.0
Rice,IND_TAMILNADU_TIRUCHIRAPPALLI,2009,Kharif,64296.0
Rice,IND_TAMILNADU_TIRUCHIRAPPALLI,2010,Kharif,67165.0
Rice,IND_TAMILNADU_TIRUCHIRAPPALLI,2011,Kharif,63939.0
Rice,IND_TAMILNADU_TIRUCHIRAPPALLI,2012,Kharif,45237.0
Rice,IND_TAMILNADU_TIRUCHIRAPPALLI,2013,Kharif,48050.0
Rice,IND_TAMILNADU_TIRUCHIRAPPALLI,2014,Kharif,51272.0
Rice,IND_TAMILNADU_TIRUCHIRAPPALLI,2015,Kharif,58571.0
Rice,IND_TAMILNADU_TIRUCHIRAPPALLI,2016,Kharif,27068.0
Rice,IND_TAMILNADU_TIRUCHIRAPPALLI,2017,Autumn,3453.0
Rice,IND_TAMILNADU_TIRUCHIRAPPALLI,2017,Summer,2693.0
Rice,IND_TAMILNADU_TIRUCHIRAPPALLI,2017,Winter,40477.0
Rice,IND_TAMILNADU_TIRUCHIRAPPALLI,2018,Autumn,4105.0
Rice,IND_TAMILNADU_TIRUCHIRAPPALLI,2018,Summer,1664.0
Rice,IND_TAMILNADU_TIRUCHIRAPPALLI,2018,Winter,38492.0
Rice,IND_TAMILNADU_TIRUCHIRAPPALLI,2019,Autumn,3522.0
Rice,IND_TAMILNADU_TIRUCHIRAPPALLI,2019,Summer,2970.0
Rice,IND_TAMILNADU_TIRUCHIRAPPALLI,2019,Winter,43131.0
Rice,IND_TAMILNADU_TIRUNELVELI,1998,Kharif,95655.0
Rice,IND_TAMILNADU_TIRUNELVELI,1999,Kharif,89380.0
Rice,IND_TAMILNADU_TIRUNELVELI,2000,Kharif,76076.0
Rice,IND_TAMILNADU_TIRUNELVELI,2001,Kharif,71983.0
Rice,IND_TAMILNADU_TIRUNELVELI,2002,Kharif,66205.0
Rice,IND_TAMILNADU_TIRUNELVELI,2003,Kharif,52474.0
Rice,IND_TAMILNADU_TIRUNELVELI,2004,Kharif,86832.0
Rice,IND_TAMILNADU_TIRUNELVELI,2005,Kharif,86397.0
Rice,IND_TAMILNADU_TIRUNELVELI,2006,Kharif,91884.0
Rice,IND_TAMILNADU_TIRUNELVELI,2007,Kharif,83711.0
Rice,IND_TAMILNADU_TIRUNELVELI,2008,Kharif,91320.0
Rice,IND_TAMILNADU_TIRUNELVELI,2009,Kharif,85994.0
Rice,IND_TAMILNADU_TIRUNELVELI,2010,Kharif,79764.0
Rice,IND_TAMILNADU_TIRUNELVELI,2011,Kharif,86725.0
Rice,IND_TAMILNADU_TIRUNELVELI,2012,Kharif,45401.0
Rice,IND_TAMILNADU_TIRUNELVELI,2013,Kharif,62281.0
Rice,IND_TAMILNADU_TIRUNELVELI,2014,Kharif,84824.0
Rice,IND_TAMILNADU_TIRUNELVELI,2015,Kharif,98506.0
Rice,IND_TAMILNADU_TIRUNELVELI,2016,Kharif,29881.0
Rice,IND_TAMILNADU_TIRUNELVELI,2017,Autumn,1735.0
Rice,IND_TAMILNADU_TIRUNELVELI,2017,Summer,25219.0
Rice,IND_TAMILNADU_TIRUNELVELI,2017,Winter,36358.0
Rice,IND_TAMILNADU_TIRUNELVELI,2018,Autumn,14351.0
Rice,IND_TAMILNADU_TIRUNELVELI,2018,Summer,31075.0
Rice,IND_TAMILNADU_TIRUNELVELI,2018,Winter,37557.0
Rice,IND_TAMILNADU_TIRUNELVELI,2019,Autumn,2296.0
Rice,IND_TAMILNADU_TIRUNELVELI,2019,Summer,33776.0
Rice,IND_TAMILNADU_TIRUNELVELI,2019,Winter,43137.0
Rice,IND_TAMILNADU_TIRUPPUR,2009,Kharif,11958.0
Rice,IND_TAMILNADU_TIRUPPUR,2010,Kharif,11797.0
Rice,IND_TAMILNADU_TIRUPPUR,2011,Kharif,10612.0
Rice,IND_TAMILNADU_TIRUPPUR,2012,Kharif,245.0
Rice,IND_TAMILNADU_TIRUPPUR,2013,Kharif,7511.0
Rice,IND_TAMILNADU_TIRUPPUR,2014,Kharif,10776.0
Rice,IND_TAMILNADU_TIRUPPUR,2015,Kharif,10645.0
Rice,IND_TAMILNADU_TIRUPPUR,2016,Kharif,1703.0
Rice,IND_TAMILNADU_TIRUPPUR,2017,Summer,712.0
Rice,IND_TAMILNADU_TIRUPPUR,2017,Winter,6905.0
Rice,IND_TAMILNADU_TIRUPPUR,2018,Summer,690.0
Rice,IND_TAMILNADU_TIRUPPUR,2018,Winter,9717.0
Rice,IND_TAMILNADU_TIRUPPUR,2019,Summer,664.0
Rice,IND_TAMILNADU_TIRUPPUR,2019,Winter,9185.0
Rice,IND_TAMILNADU_TIRUVANNAMALAI,1998,Kharif,143990.0
Rice,IND_TAMILNADU_TIRUVANNAMALAI,1999,Kharif,87578.0
Rice,IND_TAMILNADU_TIRUVANNAMALAI,2000,Kharif,81733.0
Rice,IND_TAMILNADU_TIRUVANNAMALAI,2001,Kharif,122688.0
Rice,IND_TAMILNADU_TIRUVANNAMALAI,2002,Kharif,43872.0
Rice,IND_TAMILNADU_TIRUVANNAMALAI,2003,Kharif,70722.0
Rice,IND_TAMILNADU_TIRUVANNAMALAI,2004,Kharif,116820.0
Rice,IND_TAMILNADU_TIRUVANNAMALAI,2005,Kharif,142744.0
Rice,IND_TAMILNADU_TIRUVANNAMALAI,2006,Kharif,111459.0
Rice,IND_TAMILNADU_TIRUVANNAMALAI,2007,Kharif,112148.0
Rice,IND_TAMILNADU_TIRUVANNAMALAI,2008,Kharif,101886.0
Rice,IND_TAMILNADU_TIRUVANNAMALAI,2009,Kharif,105177.0
Rice,IND_TAMILNADU_TIRUVANNAMALAI,2010,Kharif,125490.0
Rice,IND_TAMILNADU_TIRUVANNAMALAI,2011,Kharif,103924.0
Rice,IND_TAMILNADU_TIRUVANNAMALAI,2012,Kharif,91774.0
Rice,IND_TAMILNADU_TIRUVANNAMALAI,2013,Kharif,82625.0
Rice,IND_TAMILNADU_TIRUVANNAMALAI,2014,Kharif,93130.0
Rice,IND_TAMILNADU_TIRUVANNAMALAI,2015,Kharif,138880.0
Rice,IND_TAMILNADU_TIRUVANNAMALAI,2016,Kharif,78149.0
Rice,IND_TAMILNADU_TIRUVANNAMALAI,2017,Autumn,15163.0
Rice,IND_TAMILNADU_TIRUVANNAMALAI,2017,Summer,60769.0
Rice,IND_TAMILNADU_TIRUVANNAMALAI,2017,Winter,85777.0
Rice,IND_TAMILNADU_TIRUVANNAMALAI,2018,Autumn,20777.0
Rice,IND_TAMILNADU_TIRUVANNAMALAI,2018,Summer,32203.0
Rice,IND_TAMILNADU_TIRUVANNAMALAI,2018,Winter,44067.0
Rice,IND_TAMILNADU_TIRUVANNAMALAI,2019,Autumn,11356.0
Rice,IND_TAMILNADU_TIRUVANNAMALAI,2019,Summer,62170.0
Rice,IND_TAMILNADU_TIRUVANNAMALAI,2019,Winter,88153.0
Rice,IND_TAMILNADU_TUTICORIN,1998,Kharif,22709.0
Rice,IND_TAMILNADU_TUTICORIN,1999,Kharif,16916.0
Rice,IND_TAMILNADU_TUTICORIN,2000,Kharif,15456.0
Rice,IND_TAMILNADU_TUTICORIN,2001,Kharif,10201.0
Rice,IND_TAMILNADU_TUTICORIN,2002,Kharif,14722.0
Rice,IND_TAMILNADU_TUTICORIN,2003,Kharif,13540.0
Rice,IND_TAMILNADU_TUTICORIN,2004,Kharif,16415.0
Rice,IND_TAMILNADU_TUTICORIN,2005,Kharif,19932.0
Rice,IND_TAMILNADU_TUTICORIN,2006,Kharif,21376.0
Rice,IND_TAMILNADU_TUTICORIN,2007,Kharif,18056.0
Rice,IND_TAMILNADU_TUTICORIN,2008,Kharif,22401.0
Rice,IND_TAMILNADU_TUTICORIN,2009,Kharif,19549.0
Rice,IND_TAMILNADU_TUTICORIN,2010,Kharif,20007.0
Rice,IND_TAMILNADU_TUTICORIN,2011,Kharif,17678.0
Rice,IND_TAMILNADU_TUTICORIN,2012,Kharif,6234.0
Rice,IND_TAMILNADU_TUTICORIN,2013,Kharif,11730.0
Rice,IND_TAMILNADU_TUTICORIN,2014,Kharif,16281.0
Rice,IND_TAMILNADU_TUTICORIN,2015,Kharif,18556.0
Rice,IND_TAMILNADU_TUTICORIN,2016,Kharif,4808.0
Rice,IND_TAMILNADU_TUTICORIN,2017,Autumn,327.0
Rice,IND_TAMILNADU_TUTICORIN,2017,Summer,9611.0
Rice,IND_TAMILNADU_TUTICORIN,2017,Winter,3748.0
Rice,IND_TAMILNADU_TUTICORIN,2018,Autumn,1287.0
Rice,IND_TAMILNADU_TUTICORIN,2018,Summer,8109.0
Rice,IND_TAMILNADU_TUTICORIN,2018,Winter,4813.0
Rice,IND_TAMILNADU_TUTICORIN,2019,Autumn,497.0
Rice,IND_TAMILNADU_TUTICORIN,2019,Summer,10901.0
Rice,IND_TAMILNADU_TUTICORIN,2019,Winter,4121.0
Rice,IND_TAMILNADU_VELLORE,1998,Kharif,77109.0
Rice,IND_TAMILNADU_VELLORE,1999,Kharif,49868.0
Rice,IND_TAMILNADU_VELLORE,2000,Kharif,52332.0
Rice,IND_TAMILNADU_VELLORE,2001,Kharif,60113.0
Rice,IND_TAMILNADU_VELLORE,2002,Kharif,26287.0
Rice,IND_TAMILNADU_VELLORE,2003,Kharif,30909.0
Rice,IND_TAMILNADU_VELLORE,2004,Kharif,29399.0
Rice,IND_TAMILNADU_VELLORE,2005,Kharif,58163.0
Rice,IND_TAMILNADU_VELLORE,2006,Kharif,41687.0
Rice,IND_TAMILNADU_VELLORE,2007,Kharif,44326.0
Rice,IND_TAMILNADU_VELLORE,2008,Kharif,47417.0
Rice,IND_TAMILNADU_VELLORE,2009,Kharif,39765.0
Rice,IND_TAMILNADU_VELLORE,2010,Kharif,43222.0
Rice,IND_TAMILNADU_VELLORE,2011,Kharif,37988.0
Rice,IND_TAMILNADU_VELLORE,2012,Kharif,35707.0
Rice,IND_TAMILNADU_VELLORE,2013,Kharif,39366.0
Rice,IND_TAMILNADU_VELLORE,2014,Kharif,36583.0
Rice,IND_TAMILNADU_VELLORE,2015,Kharif,51771.0
Rice,IND_TAMILNADU_VELLORE,2016,Kharif,44570.0
Rice,IND_TAMILNADU_VELLORE,2017,Autumn,12552.0
Rice,IND_TAMILNADU_VELLORE,2017,Summer,23264.0
Rice,IND_TAMILNADU_VELLORE,2017,Winter,19122.0
Rice,IND_TAMILNADU_VELLORE,2018,Autumn,12124.0
Rice,IND_TAMILNADU_VELLORE,2018,Summer,15517.0
Rice,IND_TAMILNADU_VELLORE,2018,Winter,12996.0
Rice,IND_TAMILNADU_VELLORE,2019,Autumn,4971.0
Rice,IND_TAMILNADU_VELLORE,2019,Summer,26397.0
Rice,IND_TAMILNADU_VELLORE,2019,Winter,14201.0
Rice,IND_TAMILNADU_VILLUPURAM,1998,Kharif,156618.0
Rice,IND_TAMILNADU_VILLUPURAM,1999,Kharif,142737.0
Rice,IND_TAMILNADU_VILLUPURAM,2000,Kharif,141767.0
Rice,IND_TAMILNADU_VILLUPURAM,2001,Kharif,155555.0
Rice,IND_TAMILNADU_VILLUPURAM,2002,Kharif,80630.0
Rice,IND_TAMILNADU_VILLUPURAM,2003,Kharif,75279.0
Rice,IND_TAMILNADU_VILLUPURAM,2004,Kharif,163696.0
Rice,IND_TAMILNADU_VILLUPURAM,2005,Kharif,168435.0
Rice,IND_TAMILNADU_VILLUPURAM,2006,Kharif,144783.0
Rice,IND_TAMILNADU_VILLUPURAM,2007,Kharif,145403.0
Rice,IND_TAMILNADU_VILLUPURAM,2008,Kharif,146641.0
Rice,IND_TAMILNADU_VILLUPURAM,2009,Kharif,148454.0
Rice,IND_TAMILNADU_VILLUPURAM,2010,Kharif,149929.0
Rice,IND_TAMILNADU_VILLUPURAM,2011,Kharif,129858.0
Rice,IND_TAMILNADU_VILLUPURAM,2012,Kharif,115591.0
Rice,IND_TAMILNADU_VILLUPURAM,2013,Kharif,170443.0
Rice,IND_TAMILNADU_VILLUPURAM,2014,Kharif,171478.0
Rice,IND_TAMILNADU_VILLUPURAM,2015,Kharif,182303.0
Rice,IND_TAMILNADU_VILLUPURAM,2016,Kharif,95560.0
Rice,IND_TAMILNADU_VILLUPURAM,2017,Autumn,10239.0
Rice,IND_TAMILNADU_VILLUPURAM,2017,Summer,42924.0
Rice,IND_TAMILNADU_VILLUPURAM,2017,Winter,110469.0
Rice,IND_TAMILNADU_VILLUPURAM,2018,Autumn,12333.0
Rice,IND_TAMILNADU_VILLUPURAM,2018,Summer,37831.0
Rice,IND_TAMILNADU_VILLUPURAM,2018,Winter,60357.0
Rice,IND_TAMILNADU_VILLUPURAM,2019,Autumn,7009.0
Rice,IND_TAMILNADU_VILLUPURAM,2019,Summer,43425.0
Rice,IND_TAMILNADU_VILLUPURAM,2019,Winter,112859.0
Rice,IND_TAMILNADU_VIRUDHUNAGAR,1998,Kharif,34953.0
Rice,IND_TAMILNADU_VIRUDHUNAGAR,1999,Kharif,31374.0
Rice,IND_TAMILNADU_VIRUDHUNAGAR,2000,Kharif,22370.0
Rice,IND_TAMILNADU_VIRUDHUNAGAR,2001,Kharif,29388.0
Rice,IND_TAMILNADU_VIRUDHUNAGAR,2002,Kharif,31607.0
Rice,IND_TAMILNADU_VIRUDHUNAGAR,2003,Kharif,24139.0
Rice,IND_TAMILNADU_VIRUDHUNAGAR,2004,Kharif,29713.0
Rice,IND_TAMILNADU_VIRUDHUNAGAR,2005,Kharif,30776.0
Rice,IND_TAMILNADU_VIRUDHUNAGAR,2006,Kharif,32735.0
Rice,IND_TAMILNADU_VIRUDHUNAGAR,2007,Kharif,28214.0
Rice,IND_TAMILNADU_VIRUDHUNAGAR,2008,Kharif,32497.0
Rice,IND_TAMILNADU_VIRUDHUNAGAR,2009,Kharif,26617.0
Rice,IND_TAMILNADU_VIRUDHUNAGAR,2010,Kharif,30568.0
Rice,IND_TAMILNADU_VIRUDHUNAGAR,2011,Kharif,29658.0
Rice,IND_TAMILNADU_VIRUDHUNAGAR,2012,Kharif,22973.0
Rice,IND_TAMILNADU_VIRUDHUNAGAR,2013,Kharif,16470.0
Rice,IND_TAMILNADU_VIRUDHUNAGAR,2014,Kharif,19610.0
Rice,IND_TAMILNADU_VIRUDHUNAGAR,2015,Kharif,28607.0
Rice,IND_TAMILNADU_VIRUDHUNAGAR,2016,Kharif,13826.0
Rice,IND_TAMILNADU_VIRUDHUNAGAR,2017,Autumn,1.0
Rice,IND_TAMILNADU_VIRUDHUNAGAR,2017,Summer,1839.0
Rice,IND_TAMILNADU_VIRUDHUNAGAR,2017,Winter,16703.0
Rice,IND_TAMILNADU_VIRUDHUNAGAR,2018,Autumn,135.0
Rice,IND_TAMILNADU_VIRUDHUNAGAR,2018,Summer,2336.0
Rice,IND_TAMILNADU_VIRUDHUNAGAR,2018,Winter,17767.0
Rice,IND_TAMILNADU_VIRUDHUNAGAR,2019,Autumn,151.0
Rice,IND_TAMILNADU_VIRUDHUNAGAR,2019,Summer,4586.0
Rice,IND_TAMILNADU_VIRUDHUNAGAR,2019,Winter,19755.0
Rice,IND_TELANGANA_ADILABAD,2013,Kharif,65502.0
Rice,IND_TELANGANA_ADILABAD,2013,Rabi,25191.0
Rice,IND_TELANGANA_ADILABAD,2014,Kharif,36084.0
Rice,IND_TELANGANA_ADILABAD,2014,Rabi,13996.0
Rice,IND_TELANGANA_ADILABAD,2015,Kharif,42575.0
Rice,IND_TELANGANA_ADILABAD,2015,Rabi,14929.0
Rice,IND_TELANGANA_ADILABAD,2016,Kharif,1230.0
Rice,IND_TELANGANA_ADILABAD,2016,Rabi,29.0
Rice,IND_TELANGANA_ADILABAD,2017,Kharif,556.0
Rice,IND_TELANGANA_ADILABAD,2017,Rabi,15.0
Rice,IND_TELANGANA_ADILABAD,2018,Kharif,385.0
Rice,IND_TELANGANA_ADILABAD,2018,Rabi,42.0
Rice,IND_TELANGANA_ADILABAD,2019,Kharif,508.0
Rice,IND_TELANGANA_ADILABAD,2019,Rabi,197.0
Rice,IND_TELANGANA_BHADRADRI,2016,Kharif,45862.0
Rice,IND_TELANGANA_BHADRADRI,2016,Rabi,7531.0
Rice,IND_TELANGANA_BHADRADRI,2017,Kharif,46629.0
Rice,IND_TELANGANA_BHADRADRI,2017,Rabi,7601.0
Rice,IND_TELANGANA_BHADRADRI,2018,Kharif,46593.0
Rice,IND_TELANGANA_BHADRADRI,2018,Rabi,7064.0
Rice,IND_TELANGANA_BHADRADRI,2019,Kharif,57972.0
Rice,IND_TELANGANA_BHADRADRI,2019,Rabi,22711.0
Rice,IND_TELANGANA_HANUMAKONDA,2016,Kharif,15772.0
Rice,IND_TELANGANA_HANUMAKONDA,2016,Rabi,22198.0
Rice,IND_TELANGANA_HANUMAKONDA,2017,Kharif,16651.0
Rice,IND_TELANGANA_HANUMAKONDA,2017,Rabi,18146.0
Rice,IND_TELANGANA_HANUMAKONDA,2018,Kharif,15384.0
Rice,IND_TELANGANA_HANUMAKONDA,2018,Rabi,13316.0
Rice,IND_TELANGANA_HANUMAKONDA,2019,Kharif,26807.0
Rice,IND_TELANGANA_HANUMAKONDA,2019,Rabi,30042.0
Rice,IND_TELANGANA_JAGITIAL,2016,Kharif,39759.0
Rice,IND_TELANGANA_JAGITIAL,2016,Rabi,59092.0
Rice,IND_TELANGANA_JAGITIAL,2017,Kharif,43602.0
Rice,IND_TELANGANA_JAGITIAL,2017,Rabi,48935.0
Rice,IND_TELANGANA_JAGITIAL,2018,Kharif,58567.0
Rice,IND_TELANGANA_JAGITIAL,2018,Rabi,48087.0
Rice,IND_TELANGANA_JAGITIAL,2019,Kharif,92491.0
Rice,IND_TELANGANA_JAGITIAL,2019,Rabi,102546.0
Rice,IND_TELANGANA_JANGOAN,2016,Kharif,20004.0
Rice,IND_TELANGANA_JANGOAN,2016,Rabi,34336.0
Rice,IND_TELANGANA_JANGOAN,2017,Kharif,26245.0
Rice,IND_TELANGANA_JANGOAN,2017,Rabi,25116.0
Rice,IND_TELANGANA_JANGOAN,2018,Kharif,22506.0
Rice,IND_TELANGANA_JANGOAN,2018,Rabi,18949.0
Rice,IND_TELANGANA_JANGOAN,2019,Kharif,30645.0
Rice,IND_TELANGANA_JANGOAN,2019,Rabi,46799.0
Rice,IND_TELANGANA_JAYASHANKAR,2016,Kharif,62937.0
Rice,IND_TELANGANA_JAYASHANKAR,2016,Rabi,24331.0
Rice,IND_TELANGANA_JAYASHANKAR,2017,Kharif,59970.0
Rice,IND_TELANGANA_JAYASHANKAR,2017,Rabi,24906.0
Rice,IND_TELANGANA_JAYASHANKAR,2018,Kharif,27081.0
Rice,IND_TELANGANA_JAYASHANKAR,2018,Rabi,11331.0
Rice,IND_TELANGANA_JAYASHANKAR,2019,Kharif,33296.0
Rice,IND_TELANGANA_JAYASHANKAR,2019,Rabi,25912.0
Rice,IND_TELANGANA_JOGULAMBA,2016,Kharif,15493.0
Rice,IND_TELANGANA_JOGULAMBA,2016,Rabi,6546.0
Rice,IND_TELANGANA_JOGULAMBA,2017,Kharif,17677.0
Rice,IND_TELANGANA_JOGULAMBA,2017,Rabi,8373.0
Rice,IND_TELANGANA_JOGULAMBA,2018,Kharif,21127.0
Rice,IND_TELANGANA_JOGULAMBA,2018,Rabi,6277.0
Rice,IND_TELANGANA_JOGULAMBA,2019,Kharif,27604.0
Rice,IND_TELANGANA_JOGULAMBA,2019,Rabi,17810.0
Rice,IND_TELANGANA_KAMAREDDY,2016,Kharif,35357.0
Rice,IND_TELANGANA_KAMAREDDY,2016,Rabi,44593.0
Rice,IND_TELANGANA_KAMAREDDY,2017,Kharif,54599.0
Rice,IND_TELANGANA_KAMAREDDY,2017,Rabi,39332.0
Rice,IND_TELANGANA_KAMAREDDY,2018,Kharif,54663.0
Rice,IND_TELANGANA_KAMAREDDY,2018,Rabi,23451.0
Rice,IND_TELANGANA_KAMAREDDY,2019,Kharif,84732.0
Rice,IND_TELANGANA_KAMAREDDY,2019,Rabi,74463.0
Rice,IND_TELANGANA_KARIMNAGAR,2013,Kharif,209454.0
Rice,IND_TELANGANA_KARIMNAGAR,2013,Rabi,208458.0
Rice,IND_TELANGANA_KARIMNAGAR,2014,Kharif,179282.0
Rice,IND_TELANGANA_KARIMNAGAR,2014,Rabi,99151.0
Rice,IND_TELANGANA_KARIMNAGAR,2015,Kharif,116345.0
Rice,IND_TELANGANA_KARIMNAGAR,2015,Rabi,54053.0
Rice,IND_TELANGANA_KARIMNAGAR,2016,Kharif,33075.0
Rice,IND_TELANGANA_KARIMNAGAR,2016,Rabi,61906.0
Rice,IND_TELANGANA_KARIMNAGAR,2017,Kharif,46710.0
Rice,IND_TELANGANA_KARIMNAGAR,2017,Rabi,55178.0
Rice,IND_TELANGANA_KARIMNAGAR,2018,Kharif,54612.0
Rice,IND_TELANGANA_KARIMNAGAR,2018,Rabi,48707.0
Rice,IND_TELANGANA_KARIMNAGAR,2019,Kharif,79406.0
Rice,IND_TELANGANA_KARIMNAGAR,2019,Rabi,89721.0
Rice,IND_TELANGANA_KHAMMAM,2013,Kharif,148142.0
Rice,IND_TELANGANA_KHAMMAM,2013,Rabi,43642.0
Rice,IND_TELANGANA_KHAMMAM,2014,Kharif,110439.0
Rice,IND_TELANGANA_KHAMMAM,2014,Rabi,35269.0
Rice,IND_TELANGANA_KHAMMAM,2015,Kharif,109579.0
Rice,IND_TELANGANA_KHAMMAM,2015,Rabi,12143.0
Rice,IND_TELANGANA_KHAMMAM,2016,Kharif,37999.0
Rice,IND_TELANGANA_KHAMMAM,2016,Rabi,30735.0
Rice,IND_TELANGANA_KHAMMAM,2017,Kharif,56206.0
Rice,IND_TELANGANA_KHAMMAM,2017,Rabi,51130.0
Rice,IND_TELANGANA_KHAMMAM,2018,Kharif,82437.0
Rice,IND_TELANGANA_KHAMMAM,2018,Rabi,31843.0
Rice,IND_TELANGANA_KHAMMAM,2019,Kharif,92196.0
Rice,IND_TELANGANA_KHAMMAM,2019,Rabi,82093.0
Rice,IND_TELANGANA_KOMARAMBHEEMASIFABAD,2016,Kharif,11980.0
Rice,IND_TELANGANA_KOMARAMBHEEMASIFABAD,2016,Rabi,2836.0
Rice,IND_TELANGANA_KOMARAMBHEEMASIFABAD,2017,Kharif,7311.0
Rice,IND_TELANGANA_KOMARAMBHEEMASIFABAD,2017,Rabi,2263.0
Rice,IND_TELANGANA_KOMARAMBHEEMASIFABAD,2018,Kharif,11774.0
Rice,IND_TELANGANA_KOMARAMBHEEMASIFABAD,2018,Rabi,2737.0
Rice,IND_TELANGANA_KOMARAMBHEEMASIFABAD,2019,Kharif,24201.0
Rice,IND_TELANGANA_KOMARAMBHEEMASIFABAD,2019,Rabi,5026.0
Rice,IND_TELANGANA_MAHABUBABAD,2016,Kharif,29989.0
Rice,IND_TELANGANA_MAHABUBABAD,2016,Rabi,17792.0
Rice,IND_TELANGANA_MAHABUBABAD,2017,Kharif,36342.0
Rice,IND_TELANGANA_MAHABUBABAD,2017,Rabi,16660.0
Rice,IND_TELANGANA_MAHABUBABAD,2018,Kharif,39461.0
Rice,IND_TELANGANA_MAHABUBABAD,2018,Rabi,14264.0
Rice,IND_TELANGANA_MAHABUBABAD,2019,Kharif,46834.0
Rice,IND_TELANGANA_MAHABUBABAD,2019,Rabi,46056.0
Rice,IND_TELANGANA_MAHBUBNAGAR,2013,Kharif,103744.0
Rice,IND_TELANGANA_MAHBUBNAGAR,2013,Rabi,64886.0
Rice,IND_TELANGANA_MAHBUBNAGAR,2014,Kharif,111302.0
Rice,IND_TELANGANA_MAHBUBNAGAR,2014,Rabi,49468.0
Rice,IND_TELANGANA_MAHBUBNAGAR,2015,Kharif,66075.0
Rice,IND_TELANGANA_MAHBUBNAGAR,2015,Rabi,30203.0
Rice,IND_TELANGANA_MAHBUBNAGAR,2016,Kharif,32691.0
Rice,IND_TELANGANA_MAHBUBNAGAR,2016,Rabi,19638.0
Rice,IND_TELANGANA_MAHBUBNAGAR,2017,Kharif,31129.0
Rice,IND_TELANGANA_MAHBUBNAGAR,2017,Rabi,27990.0
Rice,IND_TELANGANA_MAHBUBNAGAR,2018,Kharif,11792.0
Rice,IND_TELANGANA_MAHBUBNAGAR,2018,Rabi,6839.0
Rice,IND_TELANGANA_MAHBUBNAGAR,2019,Kharif,13972.0
Rice,IND_TELANGANA_MAHBUBNAGAR,2019,Rabi,17109.0
Rice,IND_TELANGANA_MANCHERIAL,2016,Kharif,27651.0
Rice,IND_TELANGANA_MANCHERIAL,2016,Rabi,14572.0
Rice,IND_TELANGANA_MANCHERIAL,2017,Kharif,29897.0
Rice,IND_TELANGANA_MANCHERIAL,2017,Rabi,17437.0
Rice,IND_TELANGANA_MANCHERIAL,2018,Kharif,39549.0
Rice,IND_TELANGANA_MANCHERIAL,2018,Rabi,20738.0
Rice,IND_TELANGANA_MANCHERIAL,2019,Kharif,65137.0
Rice,IND_TELANGANA_MANCHERIAL,2019,Rabi,38616.0
Rice,IND_TELANGANA_MEDAK,2013,Kharif,108639.0
Rice,IND_TELANGANA_MEDAK,2013,Rabi,62331.0
Rice,IND_TELANGANA_MEDAK,2014,Kharif,73983.0
Rice,IND_TELANGANA_MEDAK,2014,Rabi,36910.0
Rice,IND_TELANGANA_MEDAK,2015,Kharif,61512.0
Rice,IND_TELANGANA_MEDAK,2015,Rabi,22659.0
Rice,IND_TELANGANA_MEDAK,2016,Kharif,31715.0
Rice,IND_TELANGANA_MEDAK,2016,Rabi,45504.0
Rice,IND_TELANGANA_MEDAK,2017,Kharif,45317.0
Rice,IND_TELANGANA_MEDAK,2017,Rabi,32224.0
Rice,IND_TELANGANA_MEDAK,2018,Kharif,31269.0
Rice,IND_TELANGANA_MEDAK,2018,Rabi,11881.0
Rice,IND_TELANGANA_MEDAK,2019,Kharif,48432.0
Rice,IND_TELANGANA_MEDAK,2019,Rabi,31649.0
Rice,IND_TELANGANA_MEDCHALMALKAJGIRI,2016,Kharif,1907.0
Rice,IND_TELANGANA_MEDCHALMALKAJGIRI,2016,Rabi,4522.0
Rice,IND_TELANGANA_MEDCHALMALKAJGIRI,2017,Kharif,4844.0
Rice,IND_TELANGANA_MEDCHALMALKAJGIRI,2017,Rabi,4552.0
Rice,IND_TELANGANA_MEDCHALMALKAJGIRI,2018,Kharif,4032.0
Rice,IND_TELANGANA_MEDCHALMALKAJGIRI,2018,Rabi,2702.0
Rice,IND_TELANGANA_MEDCHALMALKAJGIRI,2019,Kharif,5139.0
Rice,IND_TELANGANA_MEDCHALMALKAJGIRI,2019,Rabi,3877.0
Rice,IND_TELANGANA_MULUGU,2018,Kharif,35880.0
Rice,IND_TELANGANA_MULUGU,2018,Rabi,13416.0
Rice,IND_TELANGANA_MULUGU,2019,Kharif,38066.0
Rice,IND_TELANGANA_MULUGU,2019,Rabi,16336.0
Rice,IND_TELANGANA_NAGARKURNOOL,2016,Kharif,7727.0
Rice,IND_TELANGANA_NAGARKURNOOL,2016,Rabi,11482.0
Rice,IND_TELANGANA_NAGARKURNOOL,2017,Kharif,8272.0
Rice,IND_TELANGANA_NAGARKURNOOL,2017,Rabi,17634.0
Rice,IND_TELANGANA_NAGARKURNOOL,2018,Kharif,15792.0
Rice,IND_TELANGANA_NAGARKURNOOL,2018,Rabi,16758.0
Rice,IND_TELANGANA_NAGARKURNOOL,2019,Kharif,24324.0
Rice,IND_TELANGANA_NAGARKURNOOL,2019,Rabi,36066.0
Rice,IND_TELANGANA_NALGONDA,2013,Kharif,192185.0
Rice,IND_TELANGANA_NALGONDA,2013,Rabi,201558.0
Rice,IND_TELANGANA_NALGONDA,2014,Kharif,177458.0
Rice,IND_TELANGANA_NALGONDA,2014,Rabi,145917.0
Rice,IND_TELANGANA_NALGONDA,2015,Kharif,127904.0
Rice,IND_TELANGANA_NALGONDA,2015,Rabi,84826.0
Rice,IND_TELANGANA_NALGONDA,2016,Kharif,56261.0
Rice,IND_TELANGANA_NALGONDA,2016,Rabi,81289.0
Rice,IND_TELANGANA_NALGONDA,2017,Kharif,63661.0
Rice,IND_TELANGANA_NALGONDA,2017,Rabi,97074.0
Rice,IND_TELANGANA_NALGONDA,2018,Kharif,93564.0
Rice,IND_TELANGANA_NALGONDA,2018,Rabi,86191.0
Rice,IND_TELANGANA_NALGONDA,2019,Kharif,129052.0
Rice,IND_TELANGANA_NALGONDA,2019,Rabi,148819.0
Rice,IND_TELANGANA_NARAYANAPET,2018,Kharif,19629.0
Rice,IND_TELANGANA_NARAYANAPET,2018,Rabi,10892.0
Rice,IND_TELANGANA_NARAYANAPET,2019,Kharif,33896.0
Rice,IND_TELANGANA_NARAYANAPET,2019,Rabi,26102.0
Rice,IND_TELANGANA_NIRMAL,2016,Kharif,20477.0
Rice,IND_TELANGANA_NIRMAL,2016,Rabi,17116.0
Rice,IND_TELANGANA_NIRMAL,2017,Kharif,20313.0
Rice,IND_TELANGANA_NIRMAL,2017,Rabi,15877.0
Rice,IND_TELANGANA_NIRMAL,2018,Kharif,26224.0
Rice,IND_TELANGANA_NIRMAL,2018,Rabi,17119.0
Rice,IND_TELANGANA_NIRMAL,2019,Kharif,38778.0
Rice,IND_TELANGANA_NIRMAL,2019,Rabi,40684.0
Rice,IND_TELANGANA_NIZAMABAD,2013,Kharif,152303.0
Rice,IND_TELANGANA_NIZAMABAD,2013,Rabi,108509.0
Rice,IND_TELANGANA_NIZAMABAD,2014,Kharif,112427.0
Rice,IND_TELANGANA_NIZAMABAD,2014,Rabi,56845.0
Rice,IND_TELANGANA_NIZAMABAD,2015,Kharif,80451.0
Rice,IND_TELANGANA_NIZAMABAD,2015,Rabi,17578.0
Rice,IND_TELANGANA_NIZAMABAD,2016,Kharif,86923.0
Rice,IND_TELANGANA_NIZAMABAD,2016,Rabi,99099.0
Rice,IND_TELANGANA_NIZAMABAD,2017,Kharif,91750.0
Rice,IND_TELANGANA_NIZAMABAD,2017,Rabi,81531.0
Rice,IND_TELANGANA_NIZAMABAD,2018,Kharif,101266.0
Rice,IND_TELANGANA_NIZAMABAD,2018,Rabi,67088.0
Rice,IND_TELANGANA_NIZAMABAD,2019,Kharif,143238.0
Rice,IND_TELANGANA_NIZAMABAD,2019,Rabi,130653.0
Rice,IND_TELANGANA_PEDDAPALLI,2016,Kharif,37754.0
Rice,IND_TELANGANA_PEDDAPALLI,2016,Rabi,58685.0
Rice,IND_TELANGANA_PEDDAPALLI,2017,Kharif,50069.0
Rice,IND_TELANGANA_PEDDAPALLI,2017,Rabi,38596.0
Rice,IND_TELANGANA_PEDDAPALLI,2018,Kharif,57805.0
Rice,IND_TELANGANA_PEDDAPALLI,2018,Rabi,40312.0
Rice,IND_TELANGANA_PEDDAPALLI,2019,Kharif,77960.0
Rice,IND_TELANGANA_PEDDAPALLI,2019,Rabi,77967.0
Rice,IND_TELANGANA_RAJANNA,2016,Kharif,18093.0
Rice,IND_TELANGANA_RAJANNA,2016,Rabi,36173.0
Rice,IND_TELANGANA_RAJANNA,2017,Kharif,22724.0
Rice,IND_TELANGANA_RAJANNA,2017,Rabi,22901.0
Rice,IND_TELANGANA_RAJANNA,2018,Kharif,22978.0
Rice,IND_TELANGANA_RAJANNA,2018,Rabi,19023.0
Rice,IND_TELANGANA_RAJANNA,2019,Kharif,40746.0
Rice,IND_TELANGANA_RAJANNA,2019,Rabi,53823.0
Rice,IND_TELANGANA_RANGAREDDI,2013,Kharif,27054.0
Rice,IND_TELANGANA_RANGAREDDI,2013,Rabi,17986.0
Rice,IND_TELANGANA_RANGAREDDI,2014,Kharif,23817.0
Rice,IND_TELANGANA_RANGAREDDI,2014,Rabi,11065.0
Rice,IND_TELANGANA_RANGAREDDI,2015,Kharif,17116.0
Rice,IND_TELANGANA_RANGAREDDI,2015,Rabi,7167.0
Rice,IND_TELANGANA_RANGAREDDI,2016,Kharif,10508.0
Rice,IND_TELANGANA_RANGAREDDI,2016,Rabi,7903.0
Rice,IND_TELANGANA_RANGAREDDI,2017,Kharif,13256.0
Rice,IND_TELANGANA_RANGAREDDI,2017,Rabi,12099.0
Rice,IND_TELANGANA_RANGAREDDI,2018,Kharif,13475.0
Rice,IND_TELANGANA_RANGAREDDI,2018,Rabi,6552.0
Rice,IND_TELANGANA_RANGAREDDI,2019,Kharif,14396.0
Rice,IND_TELANGANA_RANGAREDDI,2019,Rabi,16222.0
Rice,IND_TELANGANA_SANGAREDDY,2016,Kharif,11530.0
Rice,IND_TELANGANA_SANGAREDDY,2016,Rabi,14876.0
Rice,IND_TELANGANA_SANGAREDDY,2017,Kharif,21040.0
Rice,IND_TELANGANA_SANGAREDDY,2017,Rabi,18317.0
Rice,IND_TELANGANA_SANGAREDDY,2018,Kharif,18058.0
Rice,IND_TELANGANA_SANGAREDDY,2018,Rabi,5968.0
Rice,IND_TELANGANA_SANGAREDDY,2019,Kharif,22020.0
Rice,IND_TELANGANA_SANGAREDDY,2019,Rabi,9494.0
Rice,IND_TELANGANA_SIDDIPET,2016,Kharif,22772.0
Rice,IND_TELANGANA_SIDDIPET,2016,Rabi,48653.0
Rice,IND_TELANGANA_SIDDIPET,2017,Kharif,34495.0
Rice,IND_TELANGANA_SIDDIPET,2017,Rabi,45375.0
Rice,IND_TELANGANA_SIDDIPET,2018,Kharif,34756.0
Rice,IND_TELANGANA_SIDDIPET,2018,Rabi,29250.0
Rice,IND_TELANGANA_SIDDIPET,2019,Kharif,49501.0
Rice,IND_TELANGANA_SIDDIPET,2019,Rabi,65196.0
Rice,IND_TELANGANA_SURYAPET,2016,Kharif,67784.0
Rice,IND_TELANGANA_SURYAPET,2016,Rabi,73140.0
Rice,IND_TELANGANA_SURYAPET,2017,Kharif,67674.0
Rice,IND_TELANGANA_SURYAPET,2017,Rabi,87908.0
Rice,IND_TELANGANA_SURYAPET,2018,Kharif,93032.0
Rice,IND_TELANGANA_SURYAPET,2018,Rabi,82472.0
Rice,IND_TELANGANA_SURYAPET,2019,Kharif,127779.0
Rice,IND_TELANGANA_SURYAPET,2019,Rabi,152048.0
Rice,IND_TELANGANA_VIKARABAD,2016,Kharif,12082.0
Rice,IND_TELANGANA_VIKARABAD,2016,Rabi,8397.0
Rice,IND_TELANGANA_VIKARABAD,2017,Kharif,8845.0
Rice,IND_TELANGANA_VIKARABAD,2017,Rabi,10641.0
Rice,IND_TELANGANA_VIKARABAD,2018,Kharif,10207.0
Rice,IND_TELANGANA_VIKARABAD,2018,Rabi,4954.0
Rice,IND_TELANGANA_VIKARABAD,2019,Kharif,11445.0
Rice,IND_TELANGANA_VIKARABAD,2019,Rabi,13303.0
Rice,IND_TELANGANA_WANAPARTHY,2016,Kharif,31578.0
Rice,IND_TELANGANA_WANAPARTHY,2016,Rabi,14064.0
Rice,IND_TELANGANA_WANAPARTHY,2017,Kharif,34025.0
Rice,IND_TELANGANA_WANAPARTHY,2017,Rabi,21826.0
Rice,IND_TELANGANA_WANAPARTHY,2018,Kharif,39617.0
Rice,IND_TELANGANA_WANAPARTHY,2018,Rabi,19105.0
Rice,IND_TELANGANA_WANAPARTHY,2019,Kharif,55423.0
Rice,IND_TELANGANA_WANAPARTHY,2019,Rabi,46626.0
Rice,IND_TELANGANA_WARANGAL,2013,Kharif,159311.0
Rice,IND_TELANGANA_WARANGAL,2013,Rabi,95542.0
Rice,IND_TELANGANA_WARANGAL,2014,Kharif,95515.0
Rice,IND_TELANGANA_WARANGAL,2014,Rabi,46492.0
Rice,IND_TELANGANA_WARANGAL,2015,Kharif,127156.0
Rice,IND_TELANGANA_WARANGAL,2015,Rabi,53917.0
Rice,IND_TELANGANA_WARANGAL,2016,Kharif,30358.0
Rice,IND_TELANGANA_WARANGAL,2016,Rabi,26492.0
Rice,IND_TELANGANA_WARANGAL,2017,Kharif,36097.0
Rice,IND_TELANGANA_WARANGAL,2017,Rabi,17903.0
Rice,IND_TELANGANA_WARANGAL,2018,Kharif,38187.0
Rice,IND_TELANGANA_WARANGAL,2018,Rabi,16052.0
Rice,IND_TELANGANA_WARANGAL,2019,Kharif,42972.0
Rice,IND_TELANGANA_WARANGAL,2019,Rabi,36696.0
Rice,IND_TELANGANA_YADADRI,2016,Kharif,32083.0
Rice,IND_TELANGANA_YADADRI,2016,Rabi,45693.0
Rice,IND_TELANGANA_YADADRI,2017,Kharif,51081.0
Rice,IND_TELANGANA_YADADRI,2017,Rabi,47849.0
Rice,IND_TELANGANA_YADADRI,2018,Kharif,47562.0
Rice,IND_TELANGANA_YADADRI,2018,Rabi,39128.0
Rice,IND_TELANGANA_YADADRI,2019,Kharif,52183.0
Rice,IND_TELANGANA_YADADRI,2019,Rabi,80400.0
