CROP,IDREGION,FYEAR,SEASON,YIELD,PRODUCTION_TONNES
Rice,IND_ANDHRAPRADESH_ADILABAD,1997,Kharif,0.95098,29100.0
Rice,IND_ANDHRAPRADESH_ADILABAD,1997,Rabi,2.384615,12400.0
Rice,IND_ANDHRAPRADESH_ADILABAD,1998,Kharif,2.293675,152300.0
Rice,IND_ANDHRAPRADESH_ADILABAD,1998,Rabi,2.745902,33500.0
Rice,IND_ANDHRAPRADESH_ADILABAD,1999,Kharif,2.446993,162451.0
Rice,IND_ANDHRAPRADESH_ADILABAD,1999,Rabi,2.424044,26616.0
Rice,IND_ANDHRAPRADESH_ADILABAD,2000,Kharif,2.069998,146235.0
Rice,IND_ANDHRAPRADESH_ADILABAD,2000,Rabi,3.07894,21023.0
Rice,IND_ANDHRAPRADESH_ADILABAD,2001,Kharif,2.231999,150343.0
Rice,IND_ANDHRAPRADESH_ADILABAD,2001,Rabi,2.390967,23398.0
Rice,IND_ANDHRAPRADESH_ADILABAD,2002,Kharif,1.544999,110710.0
Rice,IND_ANDHRAPRADESH_ADILABAD,2002,Rabi,2.177925,11188.0
Rice,IND_ANDHRAPRADESH_ADILABAD,2003,Kharif,2.467996,184732.0
Rice,IND_ANDHRAPRADESH_ADILABAD,2003,Rabi,2.638985,16016.0
Rice,IND_ANDHRAPRADESH_ADILABAD,2004,Kharif,1.519011,54133.0
Rice,IND_ANDHRAPRADESH_ADILABAD,2004,Rabi,2.196034,8749.0
Rice,IND_ANDHRAPRADESH_ADILABAD,2005,Kharif,2.571994,178198.0
Rice,IND_ANDHRAPRADESH_ADILABAD,2005,Rabi,2.386013,22586.0
Rice,IND_ANDHRAPRADESH_ADILABAD,2006,Kharif,2.398993,155318.0
Rice,IND_ANDHRAPRADESH_ADILABAD,2006,Rabi,2.500055,22548.0
Rice,IND_ANDHRAPRADESH_ADILABAD,2007,Kharif,2.4,96000.0
Rice,IND_ANDHRAPRADESH_ADILABAD,2007,Rabi,2.333333,28000.0
Rice,IND_ANDHRAPRADESH_ADILABAD,2008,Kharif,2.440997,133049.0
Rice,IND_ANDHRAPRADESH_ADILABAD,2008,Rabi,2.866991,65333.0
Rice,IND_ANDHRAPRADESH_ADILABAD,2009,Kharif,1.987011,75264.0
Rice,IND_ANDHRAPRADESH_ADILABAD,2009,Rabi,2.269043,23235.0
Rice,IND_ANDHRAPRADESH_ADILABAD,2010,Kharif,2.786242,175263.0
Rice,IND_ANDHRAPRADESH_ADILABAD,2010,Rabi,2.889994,79891.0
Rice,IND_ANDHRAPRADESH_ADILABAD,2011,Kharif,2.493532,151310.0
Rice,IND_ANDHRAPRADESH_ADILABAD,2011,Rabi,3.100006,48016.0
Rice,IND_ANDHRAPRADESH_ADILABAD,2012,Kharif,2.589286,145000.0
Rice,IND_ANDHRAPRADESH_ADILABAD,2012,Rabi,2.8,42000.0
Rice,IND_ANDHRAPRADESH_ANANTAPUR,1997,Kharif,2.117978,75400.0
Rice,IND_ANDHRAPRADESH_ANANTAPUR,1997,Rabi,2.072222,37300.0
Rice,IND_ANDHRAPRADESH_ANANTAPUR,1998,Kharif,2.527415,96800.0
Rice,IND_ANDHRAPRADESH_ANANTAPUR,1998,Rabi,2.402256,63900.0
Rice,IND_ANDHRAPRADESH_ANANTAPUR,1999,Kharif,2.765971,105082.0
Rice,IND_ANDHRAPRADESH_ANANTAPUR,1999,Rabi,2.254369,45669.0
Rice,IND_ANDHRAPRADESH_ANANTAPUR,2000,Kharif,2.949004,117680.0
Rice,IND_ANDHRAPRADESH_ANANTAPUR,2000,Rabi,2.589981,57236.0
Rice,IND_ANDHRAPRADESH_ANANTAPUR,2001,Kharif,2.907993,95609.0
Rice,IND_ANDHRAPRADESH_ANANTAPUR,2001,Rabi,2.857,108906.0
Rice,IND_ANDHRAPRADESH_ANANTAPUR,2002,Kharif,2.282013,66329.0
Rice,IND_ANDHRAPRADESH_ANANTAPUR,2002,Rabi,1.866971,20462.0
Rice,IND_ANDHRAPRADESH_ANANTAPUR,2003,Kharif,2.563003,44891.0
Rice,IND_ANDHRAPRADESH_ANANTAPUR,2003,Rabi,2.352023,25463.0
Rice,IND_ANDHRAPRADESH_ANANTAPUR,2004,Kharif,3.495007,85051.0
Rice,IND_ANDHRAPRADESH_ANANTAPUR,2004,Rabi,2.340043,21622.0
Rice,IND_ANDHRAPRADESH_ANANTAPUR,2005,Kharif,2.797985,69972.0
Rice,IND_ANDHRAPRADESH_ANANTAPUR,2005,Rabi,2.401996,55587.0
Rice,IND_ANDHRAPRADESH_ANANTAPUR,2006,Kharif,3.017003,67427.0
Rice,IND_ANDHRAPRADESH_ANANTAPUR,2006,Rabi,2.947999,31974.0
Rice,IND_ANDHRAPRADESH_ANANTAPUR,2007,Kharif,3.166667,95000.0
Rice,IND_ANDHRAPRADESH_ANANTAPUR,2007,Rabi,2.642857,37000.0
Rice,IND_ANDHRAPRADESH_ANANTAPUR,2008,Kharif,3.121989,94615.0
Rice,IND_ANDHRAPRADESH_ANANTAPUR,2008,Rabi,2.704985,49815.0
Rice,IND_ANDHRAPRADESH_ANANTAPUR,2009,Kharif,3.150003,101512.0
Rice,IND_ANDHRAPRADESH_ANANTAPUR,2009,Rabi,2.41399,46899.0
Rice,IND_ANDHRAPRADESH_ANANTAPUR,2010,Kharif,2.916736,102007.0
Rice,IND_ANDHRAPRADESH_ANANTAPUR,2010,Rabi,2.79499,69394.0
Rice,IND_ANDHRAPRADESH_ANANTAPUR,2011,Kharif,2.506124,94531.0
Rice,IND_ANDHRAPRADESH_ANANTAPUR,2011,Rabi,2.333029,25542.0
Rice,IND_ANDHRAPRADESH_ANANTAPUR,2012,Kharif,2.636364,58000.0
Rice,IND_ANDHRAPRADESH_ANANTAPUR,2012,Rabi,2.571429,18000.0
Rice,IND_ANDHRAPRADESH_ANANTAPUR,2013,Kharif,2.112008,59377.0
Rice,IND_ANDHRAPRADESH_ANANTAPUR,2013,Rabi,2.325002,28558.0
Rice,IND_ANDHRAPRADESH_ANANTAPUR,2014,Kharif,3.007988,68155.0
Rice,IND_ANDHRAPRADESH_ANANTAPUR,2014,Rabi,2.193957,14377.0
Rice,IND_ANDHRAPRADESH_ANANTAPUR,2015,Kharif,3.045575,61012.0
Rice,IND_ANDHRAPRADESH_ANANTAPUR,2015,Rabi,2.696026,36639.0
Rice,IND_ANDHRAPRADESH_ANANTAPUR,2016,Kharif,2.454429,44138.0
Rice,IND_ANDHRAPRADESH_ANANTAPUR,2016,Rabi,2.710644,13293.0
Rice,IND_ANDHRAPRADESH_ANANTAPUR,2017,Kharif,2.508013,30831.0
Rice,IND_ANDHRAPRADESH_ANANTAPUR,2017,Rabi,2.98201,55528.0
Rice,IND_ANDHRAPRADESH_ANANTAPUR,2018,Kharif,2.674492,58673.0
Rice,IND_ANDHRAPRADESH_ANANTAPUR,2018,Rabi,2.496029,22629.0
Rice,IND_ANDHRAPRADESH_ANANTAPUR,2019,Kharif,3.609534,65726.0
Rice,IND_ANDHRAPRADESH_ANANTAPUR,2019,Rabi,3.134603,44922.0
Rice,IND_ANDHRAPRADESH_CHITTOOR,1997,Kharif,1.995272,84400.0
Rice,IND_ANDHRAPRADESH_CHITTOOR,1997,Rabi,2.393728,137400.0
Rice,IND_ANDHRAPRADESH_CHITTOOR,1998,Kharif,2.509524,105400.0
Rice,IND_ANDHRAPRADESH_CHITTOOR,1998,Rabi,2.551282,159200.0
Rice,IND_ANDHRAPRADESH_CHITTOOR,1999,Kharif,2.010468,75477.0
Rice,IND_ANDHRAPRADESH_CHITTOOR,1999,Rabi,2.048601,76800.0
Rice,IND_ANDHRAPRADESH_CHITTOOR,2000,Kharif,2.641994,89236.0
Rice,IND_ANDHRAPRADESH_CHITTOOR,2000,Rabi,2.344988,97181.0
Rice,IND_ANDHRAPRADESH_CHITTOOR,2001,Kharif,2.268983,55311.0
Rice,IND_ANDHRAPRADESH_CHITTOOR,2001,Rabi,2.749005,170573.0
Rice,IND_ANDHRAPRADESH_CHITTOOR,2002,Kharif,2.483985,50020.0
Rice,IND_ANDHRAPRADESH_CHITTOOR,2002,Rabi,2.558001,76827.0
Rice,IND_ANDHRAPRADESH_CHITTOOR,2003,Kharif,2.084996,38562.0
Rice,IND_ANDHRAPRADESH_CHITTOOR,2003,Rabi,1.712013,46714.0
Rice,IND_ANDHRAPRADESH_CHITTOOR,2004,Kharif,2.273996,43331.0
Rice,IND_ANDHRAPRADESH_CHITTOOR,2004,Rabi,2.678995,69177.0
Rice,IND_ANDHRAPRADESH_CHITTOOR,2005,Kharif,2.288978,37173.0
Rice,IND_ANDHRAPRADESH_CHITTOOR,2005,Rabi,2.917997,193612.0
Rice,IND_ANDHRAPRADESH_CHITTOOR,2006,Kharif,2.493988,42520.0
Rice,IND_ANDHRAPRADESH_CHITTOOR,2006,Rabi,2.918015,85101.0
Rice,IND_ANDHRAPRADESH_CHITTOOR,2007,Kharif,2.8,42000.0
Rice,IND_ANDHRAPRADESH_CHITTOOR,2007,Rabi,3.135135,116000.0
Rice,IND_ANDHRAPRADESH_CHITTOOR,2008,Kharif,2.627984,46242.0
Rice,IND_ANDHRAPRADESH_CHITTOOR,2008,Rabi,3.128009,118636.0
Rice,IND_ANDHRAPRADESH_CHITTOOR,2009,Kharif,2.844013,56192.0
Rice,IND_ANDHRAPRADESH_CHITTOOR,2009,Rabi,3.24099,113937.0
Rice,IND_ANDHRAPRADESH_CHITTOOR,2010,Kharif,2.976802,53639.0
Rice,IND_ANDHRAPRADESH_CHITTOOR,2010,Rabi,3.019009,131502.0
Rice,IND_ANDHRAPRADESH_CHITTOOR,2011,Kharif,3.212951,55719.0
Rice,IND_ANDHRAPRADESH_CHITTOOR,2011,Rabi,3.353009,113211.0
Rice,IND_ANDHRAPRADESH_CHITTOOR,2012,Kharif,3.461538,45000.0
Rice,IND_ANDHRAPRADESH_CHITTOOR,2012,Rabi,3.6,126000.0
Rice,IND_ANDHRAPRADESH_CHITTOOR,2013,Kharif,3.207024,48766.0
Rice,IND_ANDHRAPRADESH_CHITTOOR,2013,Rabi,3.469989,120249.0
Rice,IND_ANDHRAPRADESH_CHITTOOR,2014,Kharif,3.342002,44462.0
Rice,IND_ANDHRAPRADESH_CHITTOOR,2014,Rabi,3.180001,87962.0
Rice,IND_ANDHRAPRADESH_CHITTOOR,2015,Kharif,3.438898,32587.0
Rice,IND_ANDHRAPRADESH_CHITTOOR,2015,Rabi,3.837996,301962.0
Rice,IND_ANDHRAPRADESH_CHITTOOR,2016,Kharif,3.428378,78527.0
Rice,IND_ANDHRAPRADESH_CHITTOOR,2016,Rabi,3.852658,91674.0
Rice,IND_ANDHRAPRADESH_CHITTOOR,2017,Kharif,3.570015,53768.0
Rice,IND_ANDHRAPRADESH_CHITTOOR,2017,Rabi,3.866998,192387.0
Rice,IND_ANDHRAPRADESH_CHITTOOR,2018,Kharif,3.680519,64122.0
Rice,IND_ANDHRAPRADESH_CHITTOOR,2018,Rabi,3.606659,95645.0
Rice,IND_ANDHRAPRADESH_CHITTOOR,2019,Kharif,4.030476,42981.0
Rice,IND_ANDHRAPRADESH_CHITTOOR,2019,Rabi,3.589328,157410.0
Rice,IND_ANDHRAPRADESH_EASTGODAVARI,1997,Kharif,2.005138,429300.0
Rice,IND_ANDHRAPRADESH_EASTGODAVARI,1997,Rabi,3.18329,491500.0
Rice,IND_ANDHRAPRADESH_EASTGODAVARI,1998,Kharif,1.508389,386600.0
Rice,IND_ANDHRAPRADESH_EASTGODAVARI,1998,Rabi,4.166244,656600.0
Rice,IND_ANDHRAPRADESH_EASTGODAVARI,1999,Kharif,2.569357,628606.0
Rice,IND_ANDHRAPRADESH_EASTGODAVARI,1999,Rabi,3.99355,645162.0
Rice,IND_ANDHRAPRADESH_EASTGODAVARI,2000,Kharif,2.691002,683423.0
Rice,IND_ANDHRAPRADESH_EASTGODAVARI,2000,Rabi,4.195001,683202.0
Rice,IND_ANDHRAPRADESH_EASTGODAVARI,2001,Kharif,2.626001,579850.0
Rice,IND_ANDHRAPRADESH_EASTGODAVARI,2001,Rabi,4.525,750150.0
Rice,IND_ANDHRAPRADESH_EASTGODAVARI,2002,Kharif,2.829002,551115.0
Rice,IND_ANDHRAPRADESH_EASTGODAVARI,2002,Rabi,4.622004,491906.0
Rice,IND_ANDHRAPRADESH_EASTGODAVARI,2003,Kharif,3.249002,762453.0
Rice,IND_ANDHRAPRADESH_EASTGODAVARI,2003,Rabi,5.256997,869092.0
Rice,IND_ANDHRAPRADESH_EASTGODAVARI,2004,Kharif,3.312002,743614.0
Rice,IND_ANDHRAPRADESH_EASTGODAVARI,2004,Rabi,4.704002,766296.0
Rice,IND_ANDHRAPRADESH_EASTGODAVARI,2005,Kharif,1.603999,348727.0
Rice,IND_ANDHRAPRADESH_EASTGODAVARI,2005,Rabi,4.711003,800927.0
Rice,IND_ANDHRAPRADESH_EASTGODAVARI,2006,Kharif,2.403001,547716.0
Rice,IND_ANDHRAPRADESH_EASTGODAVARI,2006,Rabi,5.006001,845829.0
Rice,IND_ANDHRAPRADESH_EASTGODAVARI,2007,Kharif,2.954545,715000.0
Rice,IND_ANDHRAPRADESH_EASTGODAVARI,2007,Rabi,4.751479,803000.0
Rice,IND_ANDHRAPRADESH_EASTGODAVARI,2008,Kharif,2.983,716609.0
Rice,IND_ANDHRAPRADESH_EASTGODAVARI,2008,Rabi,4.689999,796648.0
Rice,IND_ANDHRAPRADESH_EASTGODAVARI,2009,Kharif,3.050002,616567.0
Rice,IND_ANDHRAPRADESH_EASTGODAVARI,2009,Rabi,4.371997,456537.0
Rice,IND_ANDHRAPRADESH_EASTGODAVARI,2010,Kharif,1.926039,457704.0
Rice,IND_ANDHRAPRADESH_EASTGODAVARI,2010,Rabi,4.915998,849917.0
Rice,IND_ANDHRAPRADESH_EASTGODAVARI,2011,Kharif,2.986862,589741.0
Rice,IND_ANDHRAPRADESH_EASTGODAVARI,2011,Rabi,4.203997,587084.0
Rice,IND_ANDHRAPRADESH_EASTGODAVARI,2012,Kharif,1.534483,356000.0
Rice,IND_ANDHRAPRADESH_EASTGODAVARI,2012,Rabi,4.414201,746000.0
Rice,IND_ANDHRAPRADESH_EASTGODAVARI,2013,Kharif,1.846002,434104.0
Rice,IND_ANDHRAPRADESH_EASTGODAVARI,2013,Rabi,4.587,777602.0
Rice,IND_ANDHRAPRADESH_EASTGODAVARI,2014,Kharif,3.015999,681833.0
Rice,IND_ANDHRAPRADESH_EASTGODAVARI,2014,Rabi,5.245,881396.0
Rice,IND_ANDHRAPRADESH_EASTGODAVARI,2015,Kharif,3.056896,696471.0
Rice,IND_ANDHRAPRADESH_EASTGODAVARI,2015,Rabi,4.867333,749102.0
Rice,IND_ANDHRAPRADESH_EASTGODAVARI,2016,Kharif,3.345491,737644.0
Rice,IND_ANDHRAPRADESH_EASTGODAVARI,2016,Rabi,5.440668,889386.0
Rice,IND_ANDHRAPRADESH_EASTGODAVARI,2017,Kharif,3.420001,771836.0
Rice,IND_ANDHRAPRADESH_EASTGODAVARI,2017,Rabi,5.600997,900954.0
Rice,IND_ANDHRAPRADESH_EASTGODAVARI,2018,Kharif,3.735215,830017.0
Rice,IND_ANDHRAPRADESH_EASTGODAVARI,2018,Rabi,5.470003,893711.0
Rice,IND_ANDHRAPRADESH_EASTGODAVARI,2019,Kharif,3.366822,744209.0
Rice,IND_ANDHRAPRADESH_EASTGODAVARI,2019,Rabi,5.333551,888271.0
Rice,IND_ANDHRAPRADESH_GUNTUR,1997,Kharif,2.865424,845300.0
Rice,IND_ANDHRAPRADESH_GUNTUR,1997,Rabi,3.572414,51800.0
Rice,IND_ANDHRAPRADESH_GUNTUR,1998,Kharif,3.087802,921400.0
Rice,IND_ANDHRAPRADESH_GUNTUR,1998,Rabi,3.43299,99900.0
Rice,IND_ANDHRAPRADESH_GUNTUR,1999,Kharif,3.20059,969414.0
Rice,IND_ANDHRAPRADESH_GUNTUR,1999,Rabi,3.587033,53167.0
Rice,IND_ANDHRAPRADESH_GUNTUR,2000,Kharif,3.371002,987363.0
Rice,IND_ANDHRAPRADESH_GUNTUR,2000,Rabi,3.907974,49600.0
Rice,IND_ANDHRAPRADESH_GUNTUR,2001,Kharif,3.431999,935110.0
Rice,IND_ANDHRAPRADESH_GUNTUR,2001,Rabi,4.03099,181060.0
Rice,IND_ANDHRAPRADESH_GUNTUR,2002,Kharif,3.186999,646811.0
Rice,IND_ANDHRAPRADESH_GUNTUR,2002,Rabi,2.719072,7385.0
Rice,IND_ANDHRAPRADESH_GUNTUR,2003,Kharif,2.833002,482990.0
Rice,IND_ANDHRAPRADESH_GUNTUR,2003,Rabi,2.917013,16837.0
Rice,IND_ANDHRAPRADESH_GUNTUR,2004,Kharif,3.468998,833961.0
Rice,IND_ANDHRAPRADESH_GUNTUR,2004,Rabi,3.337977,70922.0
Rice,IND_ANDHRAPRADESH_GUNTUR,2005,Kharif,3.09,892636.0
Rice,IND_ANDHRAPRADESH_GUNTUR,2005,Rabi,3.548992,111559.0
Rice,IND_ANDHRAPRADESH_GUNTUR,2006,Kharif,2.716001,783941.0
Rice,IND_ANDHRAPRADESH_GUNTUR,2006,Rabi,3.488992,100947.0
Rice,IND_ANDHRAPRADESH_GUNTUR,2007,Kharif,3.448763,976000.0
Rice,IND_ANDHRAPRADESH_GUNTUR,2007,Rabi,3.541667,85000.0
Rice,IND_ANDHRAPRADESH_GUNTUR,2008,Kharif,3.407999,959321.0
Rice,IND_ANDHRAPRADESH_GUNTUR,2008,Rabi,3.653997,187662.0
Rice,IND_ANDHRAPRADESH_GUNTUR,2009,Kharif,3.585999,683226.0
Rice,IND_ANDHRAPRADESH_GUNTUR,2009,Rabi,3.412998,383423.0
Rice,IND_ANDHRAPRADESH_GUNTUR,2010,Kharif,2.397002,649760.0
Rice,IND_ANDHRAPRADESH_GUNTUR,2010,Rabi,3.455996,201806.0
Rice,IND_ANDHRAPRADESH_GUNTUR,2011,Kharif,3.83591,1080921.0
Rice,IND_ANDHRAPRADESH_GUNTUR,2011,Rabi,3.54704,39060.0
Rice,IND_ANDHRAPRADESH_GUNTUR,2012,Kharif,3.474286,608000.0
Rice,IND_ANDHRAPRADESH_GUNTUR,2012,Rabi,3.75,30000.0
Rice,IND_ANDHRAPRADESH_GUNTUR,2013,Kharif,3.259002,912716.0
Rice,IND_ANDHRAPRADESH_GUNTUR,2013,Rabi,3.810007,183288.0
Rice,IND_ANDHRAPRADESH_GUNTUR,2014,Kharif,3.912999,1000190.0
Rice,IND_ANDHRAPRADESH_GUNTUR,2014,Rabi,3.76299,111742.0
Rice,IND_ANDHRAPRADESH_GUNTUR,2015,Kharif,2.900354,465820.0
Rice,IND_ANDHRAPRADESH_GUNTUR,2015,Rabi,3.467816,9051.0
Rice,IND_ANDHRAPRADESH_GUNTUR,2016,Kharif,4.185335,685336.0
Rice,IND_ANDHRAPRADESH_GUNTUR,2016,Rabi,4.116706,50195.0
Rice,IND_ANDHRAPRADESH_GUNTUR,2017,Kharif,4.170001,766563.0
Rice,IND_ANDHRAPRADESH_GUNTUR,2017,Rabi,4.622997,86279.0
Rice,IND_ANDHRAPRADESH_GUNTUR,2018,Kharif,3.963333,857796.0
Rice,IND_ANDHRAPRADESH_GUNTUR,2018,Rabi,3.992666,121397.0
Rice,IND_ANDHRAPRADESH_GUNTUR,2019,Kharif,3.985336,877858.0
Rice,IND_ANDHRAPRADESH_GUNTUR,2019,Rabi,3.979985,105191.0
Rice,IND_ANDHRAPRADESH_HYDERABAD,1997,Kharif,1.0,100.0
Rice,IND_ANDHRAPRADESH_HYDERABAD,1997,Rabi,1.0,100.0
Rice,IND_ANDHRAPRADESH_HYDERABAD,1998,Kharif,2.0,200.0
Rice,IND_ANDHRAPRADESH_HYDERABAD,1998,Rabi,2.0,200.0
Rice,IND_ANDHRAPRADESH_HYDERABAD,1999,Kharif,2.4,60.0
Rice,IND_ANDHRAPRADESH_HYDERABAD,1999,Rabi,2.416667,29.0
Rice,IND_ANDHRAPRADESH_HYDERABAD,2000,Kharif,2.875,46.0
Rice,IND_ANDHRAPRADESH_KADAPA,1997,Kharif,1.624738,77500.0
Rice,IND_ANDHRAPRADESH_KADAPA,1997,Rabi,2.130769,27700.0
Rice,IND_ANDHRAPRADESH_KADAPA,1998,Kharif,2.868243,169800.0
Rice,IND_ANDHRAPRADESH_KADAPA,1998,Rabi,2.447059,41600.0
Rice,IND_ANDHRAPRADESH_KADAPA,1999,Kharif,2.454849,134484.0
Rice,IND_ANDHRAPRADESH_KADAPA,1999,Rabi,1.892355,12921.0
Rice,IND_ANDHRAPRADESH_KADAPA,2000,Kharif,2.815997,170120.0
Rice,IND_ANDHRAPRADESH_KADAPA,2000,Rabi,0.826017,6134.0
Rice,IND_ANDHRAPRADESH_KADAPA,2001,Kharif,2.53501,96883.0
Rice,IND_ANDHRAPRADESH_KADAPA,2001,Rabi,2.616005,98231.0
Rice,IND_ANDHRAPRADESH_KADAPA,2002,Kharif,2.054995,56424.0
Rice,IND_ANDHRAPRADESH_KADAPA,2002,Rabi,1.787026,16446.0
Rice,IND_ANDHRAPRADESH_KADAPA,2003,Kharif,2.570003,60025.0
Rice,IND_ANDHRAPRADESH_KADAPA,2003,Rabi,2.232005,24032.0
Rice,IND_ANDHRAPRADESH_KADAPA,2004,Kharif,3.187995,149619.0
Rice,IND_ANDHRAPRADESH_KADAPA,2004,Rabi,2.008086,11424.0
Rice,IND_ANDHRAPRADESH_KADAPA,2005,Kharif,1.884011,85828.0
Rice,IND_ANDHRAPRADESH_KADAPA,2005,Rabi,2.632023,55791.0
Rice,IND_ANDHRAPRADESH_KADAPA,2006,Kharif,2.732008,114493.0
Rice,IND_ANDHRAPRADESH_KADAPA,2006,Rabi,2.193916,10963.0
Rice,IND_ANDHRAPRADESH_KADAPA,2007,Kharif,3.088889,139000.0
Rice,IND_ANDHRAPRADESH_KADAPA,2007,Rabi,2.647059,45000.0
Rice,IND_ANDHRAPRADESH_KADAPA,2008,Kharif,1.737003,87168.0
Rice,IND_ANDHRAPRADESH_KADAPA,2008,Rabi,2.77303,41271.0
Rice,IND_ANDHRAPRADESH_KADAPA,2009,Kharif,2.933007,153757.0
Rice,IND_ANDHRAPRADESH_KADAPA,2009,Rabi,2.649992,34169.0
Rice,IND_ANDHRAPRADESH_KADAPA,2010,Kharif,1.511988,80657.0
Rice,IND_ANDHRAPRADESH_KADAPA,2010,Rabi,2.869989,48896.0
Rice,IND_ANDHRAPRADESH_KADAPA,2011,Kharif,2.985007,141161.0
Rice,IND_ANDHRAPRADESH_KADAPA,2011,Rabi,2.648955,17499.0
Rice,IND_ANDHRAPRADESH_KADAPA,2012,Kharif,2.583333,62000.0
Rice,IND_ANDHRAPRADESH_KADAPA,2012,Rabi,2.714286,19000.0
Rice,IND_ANDHRAPRADESH_KADAPA,2013,Kharif,2.876007,148842.0
Rice,IND_ANDHRAPRADESH_KADAPA,2013,Rabi,2.687015,29447.0
Rice,IND_ANDHRAPRADESH_KADAPA,2014,Kharif,3.694996,155648.0
Rice,IND_ANDHRAPRADESH_KADAPA,2014,Rabi,2.70912,10189.0
Rice,IND_ANDHRAPRADESH_KADAPA,2015,Kharif,2.702658,50337.0
Rice,IND_ANDHRAPRADESH_KADAPA,2015,Rabi,3.363989,72790.0
Rice,IND_ANDHRAPRADESH_KADAPA,2016,Kharif,3.306006,146747.0
Rice,IND_ANDHRAPRADESH_KADAPA,2016,Rabi,3.180104,18893.0
Rice,IND_ANDHRAPRADESH_KADAPA,2017,Kharif,2.295016,70496.0
Rice,IND_ANDHRAPRADESH_KADAPA,2017,Rabi,2.855,69268.0
Rice,IND_ANDHRAPRADESH_KADAPA,2018,Kharif,3.24733,126779.0
Rice,IND_ANDHRAPRADESH_KADAPA,2018,Rabi,3.078688,20932.0
Rice,IND_ANDHRAPRADESH_KADAPA,2019,Kharif,3.055993,99769.0
Rice,IND_ANDHRAPRADESH_KADAPA,2019,Rabi,3.252019,29795.0
Rice,IND_ANDHRAPRADESH_KARIMNAGAR,1997,Kharif,2.795146,287900.0
Rice,IND_ANDHRAPRADESH_KARIMNAGAR,1997,Rabi,2.748521,185800.0
Rice,IND_ANDHRAPRADESH_KARIMNAGAR,1998,Kharif,3.06,413100.0
Rice,IND_ANDHRAPRADESH_KARIMNAGAR,1998,Rabi,3.433901,423400.0
Rice,IND_ANDHRAPRADESH_KARIMNAGAR,1999,Kharif,3.090002,435474.0
Rice,IND_ANDHRAPRADESH_KARIMNAGAR,1999,Rabi,3.150996,288647.0
Rice,IND_ANDHRAPRADESH_KARIMNAGAR,2000,Kharif,3.127003,508854.0
Rice,IND_ANDHRAPRADESH_KARIMNAGAR,2000,Rabi,3.467001,376544.0
Rice,IND_ANDHRAPRADESH_KARIMNAGAR,2001,Kharif,3.039999,429108.0
Rice,IND_ANDHRAPRADESH_KARIMNAGAR,2001,Rabi,3.218997,332223.0
Rice,IND_ANDHRAPRADESH_KARIMNAGAR,2002,Kharif,2.586998,345015.0
Rice,IND_ANDHRAPRADESH_KARIMNAGAR,2002,Rabi,3.150994,152965.0
Rice,IND_ANDHRAPRADESH_KARIMNAGAR,2003,Kharif,3.221003,395726.0
Rice,IND_ANDHRAPRADESH_KARIMNAGAR,2003,Rabi,3.188,206321.0
Rice,IND_ANDHRAPRADESH_KARIMNAGAR,2004,Kharif,2.260996,147989.0
Rice,IND_ANDHRAPRADESH_KARIMNAGAR,2004,Rabi,2.770982,50382.0
Rice,IND_ANDHRAPRADESH_KARIMNAGAR,2005,Kharif,3.412998,501639.0
Rice,IND_ANDHRAPRADESH_KARIMNAGAR,2005,Rabi,3.438999,410675.0
Rice,IND_ANDHRAPRADESH_KARIMNAGAR,2006,Kharif,3.125001,521094.0
Rice,IND_ANDHRAPRADESH_KARIMNAGAR,2006,Rabi,3.288998,548470.0
Rice,IND_ANDHRAPRADESH_KARIMNAGAR,2007,Kharif,3.392308,441000.0
Rice,IND_ANDHRAPRADESH_KARIMNAGAR,2007,Rabi,3.585526,545000.0
Rice,IND_ANDHRAPRADESH_KARIMNAGAR,2008,Kharif,3.386002,543135.0
Rice,IND_ANDHRAPRADESH_KARIMNAGAR,2008,Rabi,3.604998,632861.0
Rice,IND_ANDHRAPRADESH_KARIMNAGAR,2009,Kharif,3.230003,274182.0
Rice,IND_ANDHRAPRADESH_KARIMNAGAR,2009,Rabi,3.088999,239209.0
Rice,IND_ANDHRAPRADESH_KARIMNAGAR,2010,Kharif,3.280925,523465.0
Rice,IND_ANDHRAPRADESH_KARIMNAGAR,2010,Rabi,3.732001,828396.0
Rice,IND_ANDHRAPRADESH_KARIMNAGAR,2011,Kharif,3.240552,601858.0
Rice,IND_ANDHRAPRADESH_KARIMNAGAR,2011,Rabi,3.286998,518192.0
Rice,IND_ANDHRAPRADESH_KARIMNAGAR,2012,Kharif,3.516854,626000.0
Rice,IND_ANDHRAPRADESH_KARIMNAGAR,2012,Rabi,3.612613,401000.0
Rice,IND_ANDHRAPRADESH_KHAMMAM,1997,Kharif,2.080099,251900.0
Rice,IND_ANDHRAPRADESH_KHAMMAM,1997,Rabi,1.965116,16900.0
Rice,IND_ANDHRAPRADESH_KHAMMAM,1998,Kharif,2.734287,439400.0
Rice,IND_ANDHRAPRADESH_KHAMMAM,1998,Rabi,2.767068,68900.0
Rice,IND_ANDHRAPRADESH_KHAMMAM,1999,Kharif,2.243001,373491.0
Rice,IND_ANDHRAPRADESH_KHAMMAM,1999,Rabi,2.410963,26523.0
Rice,IND_ANDHRAPRADESH_KHAMMAM,2000,Kharif,2.728999,470856.0
Rice,IND_ANDHRAPRADESH_KHAMMAM,2000,Rabi,3.103964,33439.0
Rice,IND_ANDHRAPRADESH_KHAMMAM,2001,Kharif,2.582,254988.0
Rice,IND_ANDHRAPRADESH_KHAMMAM,2001,Rabi,3.484002,137639.0
Rice,IND_ANDHRAPRADESH_KHAMMAM,2002,Kharif,1.708997,169054.0
Rice,IND_ANDHRAPRADESH_KHAMMAM,2002,Rabi,2.419984,12037.0
Rice,IND_ANDHRAPRADESH_KHAMMAM,2003,Kharif,2.900998,377591.0
Rice,IND_ANDHRAPRADESH_KHAMMAM,2003,Rabi,2.919993,34891.0
Rice,IND_ANDHRAPRADESH_KHAMMAM,2004,Kharif,2.844003,387848.0
Rice,IND_ANDHRAPRADESH_KHAMMAM,2004,Rabi,3.288994,86244.0
Rice,IND_ANDHRAPRADESH_KHAMMAM,2005,Kharif,2.573,410342.0
Rice,IND_ANDHRAPRADESH_KHAMMAM,2005,Rabi,2.970008,120615.0
Rice,IND_ANDHRAPRADESH_KHAMMAM,2006,Kharif,2.460001,383000.0
Rice,IND_ANDHRAPRADESH_KHAMMAM,2006,Rabi,2.892981,65121.0
Rice,IND_ANDHRAPRADESH_KHAMMAM,2007,Kharif,3.082192,450000.0
Rice,IND_ANDHRAPRADESH_KHAMMAM,2007,Rabi,3.266667,98000.0
Rice,IND_ANDHRAPRADESH_KHAMMAM,2008,Kharif,3.018,477686.0
Rice,IND_ANDHRAPRADESH_KHAMMAM,2008,Rabi,3.228998,117923.0
Rice,IND_ANDHRAPRADESH_KHAMMAM,2009,Kharif,2.256998,109408.0
Rice,IND_ANDHRAPRADESH_KHAMMAM,2009,Rabi,3.608,197087.0
Rice,IND_ANDHRAPRADESH_KHAMMAM,2010,Kharif,3.130588,522924.0
Rice,IND_ANDHRAPRADESH_KHAMMAM,2010,Rabi,3.536991,181147.0
Rice,IND_ANDHRAPRADESH_KHAMMAM,2011,Kharif,2.439924,366113.0
Rice,IND_ANDHRAPRADESH_KHAMMAM,2011,Rabi,2.985979,45575.0
Rice,IND_ANDHRAPRADESH_KHAMMAM,2012,Kharif,3.095588,421000.0
Rice,IND_ANDHRAPRADESH_KHAMMAM,2012,Rabi,2.888889,52000.0
Rice,IND_ANDHRAPRADESH_KRISHNA,1997,Kharif,2.711904,699400.0
Rice,IND_ANDHRAPRADESH_KRISHNA,1997,Rabi,3.383491,393500.0
Rice,IND_ANDHRAPRADESH_KRISHNA,1998,Kharif,2.706197,759900.0
Rice,IND_ANDHRAPRADESH_KRISHNA,1998,Rabi,3.652045,491200.0
Rice,IND_ANDHRAPRADESH_KRISHNA,1999,Kharif,2.997288,834490.0
Rice,IND_ANDHRAPRADESH_KRISHNA,1999,Rabi,3.5781,457596.0
Rice,IND_ANDHRAPRADESH_KRISHNA,2000,Kharif,3.087999,868787.0
Rice,IND_ANDHRAPRADESH_KRISHNA,2000,Rabi,3.616001,408308.0
Rice,IND_ANDHRAPRADESH_KRISHNA,2001,Kharif,2.914999,714507.0
Rice,IND_ANDHRAPRADESH_KRISHNA,2001,Rabi,3.642,358635.0
Rice,IND_ANDHRAPRADESH_KRISHNA,2002,Kharif,3.121,761243.0
Rice,IND_ANDHRAPRADESH_KRISHNA,2002,Rabi,2.603204,5688.0
Rice,IND_ANDHRAPRADESH_KRISHNA,2003,Kharif,2.368,526565.0
Rice,IND_ANDHRAPRADESH_KRISHNA,2003,Rabi,2.586027,19359.0
Rice,IND_ANDHRAPRADESH_KRISHNA,2004,Kharif,3.281,804849.0
Rice,IND_ANDHRAPRADESH_KRISHNA,2004,Rabi,3.15304,31584.0
Rice,IND_ANDHRAPRADESH_KRISHNA,2005,Kharif,2.734998,697203.0
Rice,IND_ANDHRAPRADESH_KRISHNA,2005,Rabi,3.924002,409399.0
Rice,IND_ANDHRAPRADESH_KRISHNA,2006,Kharif,2.073002,521221.0
Rice,IND_ANDHRAPRADESH_KRISHNA,2006,Rabi,3.749004,355638.0
Rice,IND_ANDHRAPRADESH_KRISHNA,2007,Kharif,3.616858,944000.0
Rice,IND_ANDHRAPRADESH_KRISHNA,2007,Rabi,3.776596,355000.0
Rice,IND_ANDHRAPRADESH_KRISHNA,2008,Kharif,3.503001,959395.0
Rice,IND_ANDHRAPRADESH_KRISHNA,2008,Rabi,3.877999,467900.0
Rice,IND_ANDHRAPRADESH_KRISHNA,2009,Kharif,3.437002,784310.0
Rice,IND_ANDHRAPRADESH_KRISHNA,2009,Rabi,3.918998,424984.0
Rice,IND_ANDHRAPRADESH_KRISHNA,2010,Kharif,2.776946,722978.0
Rice,IND_ANDHRAPRADESH_KRISHNA,2010,Rabi,3.870998,367710.0
Rice,IND_ANDHRAPRADESH_KRISHNA,2011,Kharif,3.729102,980105.0
Rice,IND_ANDHRAPRADESH_KRISHNA,2011,Rabi,3.415951,31437.0
Rice,IND_ANDHRAPRADESH_KRISHNA,2012,Kharif,3.588933,908000.0
Rice,IND_ANDHRAPRADESH_KRISHNA,2012,Rabi,3.909091,43000.0
Rice,IND_ANDHRAPRADESH_KRISHNA,2013,Kharif,2.924999,773285.0
Rice,IND_ANDHRAPRADESH_KRISHNA,2013,Rabi,4.065002,402236.0
Rice,IND_ANDHRAPRADESH_KRISHNA,2014,Kharif,3.354,788901.0
Rice,IND_ANDHRAPRADESH_KRISHNA,2014,Rabi,3.973008,209894.0
Rice,IND_ANDHRAPRADESH_KRISHNA,2015,Kharif,3.353997,707083.0
Rice,IND_ANDHRAPRADESH_KRISHNA,2015,Rabi,5.63381,55555.0
Rice,IND_ANDHRAPRADESH_KRISHNA,2016,Kharif,3.860668,833499.0
Rice,IND_ANDHRAPRADESH_KRISHNA,2016,Rabi,4.139294,64217.0
Rice,IND_ANDHRAPRADESH_KRISHNA,2017,Kharif,3.944,930721.0
Rice,IND_ANDHRAPRADESH_KRISHNA,2017,Rabi,4.45102,101234.0
Rice,IND_ANDHRAPRADESH_KRISHNA,2018,Kharif,4.159335,1022427.0
Rice,IND_ANDHRAPRADESH_KRISHNA,2018,Rabi,4.419341,124621.0
Rice,IND_ANDHRAPRADESH_KRISHNA,2019,Kharif,3.877333,945538.0
Rice,IND_ANDHRAPRADESH_KRISHNA,2019,Rabi,4.436668,315771.0
Rice,IND_ANDHRAPRADESH_KURNOOL,1997,Kharif,2.668175,176900.0
Rice,IND_ANDHRAPRADESH_KURNOOL,1997,Rabi,2.655556,23900.0
Rice,IND_ANDHRAPRADESH_KURNOOL,1998,Kharif,2.952064,221700.0
Rice,IND_ANDHRAPRADESH_KURNOOL,1998,Rabi,2.129187,44500.0
Rice,IND_ANDHRAPRADESH_KURNOOL,1999,Kharif,2.761281,225431.0
Rice,IND_ANDHRAPRADESH_KURNOOL,1999,Rabi,2.871681,35695.0
Rice,IND_ANDHRAPRADESH_KURNOOL,2000,Kharif,3.298998,307427.0
Rice,IND_ANDHRAPRADESH_KURNOOL,2000,Rabi,2.738011,38083.0
Rice,IND_ANDHRAPRADESH_KURNOOL,2001,Kharif,2.792008,121779.0
Rice,IND_ANDHRAPRADESH_KURNOOL,2001,Rabi,2.581993,98534.0
Rice,IND_ANDHRAPRADESH_KURNOOL,2002,Kharif,2.096,100499.0
Rice,IND_ANDHRAPRADESH_KURNOOL,2002,Rabi,2.26499,24856.0
Rice,IND_ANDHRAPRADESH_KURNOOL,2003,Kharif,2.907014,100635.0
Rice,IND_ANDHRAPRADESH_KURNOOL,2003,Rabi,2.290979,11377.0
Rice,IND_ANDHRAPRADESH_KURNOOL,2004,Kharif,3.428,210702.0
Rice,IND_ANDHRAPRADESH_KURNOOL,2004,Rabi,3.114032,37549.0
Rice,IND_ANDHRAPRADESH_KURNOOL,2005,Kharif,3.304003,292586.0
Rice,IND_ANDHRAPRADESH_KURNOOL,2005,Rabi,3.28602,65980.0
Rice,IND_ANDHRAPRADESH_KURNOOL,2006,Kharif,3.349006,270238.0
Rice,IND_ANDHRAPRADESH_KURNOOL,2006,Rabi,2.947014,36764.0
Rice,IND_ANDHRAPRADESH_KURNOOL,2007,Kharif,3.688889,332000.0
Rice,IND_ANDHRAPRADESH_KURNOOL,2007,Rabi,2.684211,51000.0
Rice,IND_ANDHRAPRADESH_KURNOOL,2008,Kharif,3.329003,279856.0
Rice,IND_ANDHRAPRADESH_KURNOOL,2008,Rabi,3.54501,97073.0
Rice,IND_ANDHRAPRADESH_KURNOOL,2009,Kharif,3.131001,256454.0
Rice,IND_ANDHRAPRADESH_KURNOOL,2009,Rabi,3.527003,157911.0
Rice,IND_ANDHRAPRADESH_KURNOOL,2010,Kharif,2.799683,291475.0
Rice,IND_ANDHRAPRADESH_KURNOOL,2010,Rabi,3.203992,105626.0
Rice,IND_ANDHRAPRADESH_KURNOOL,2011,Kharif,3.629783,333882.0
Rice,IND_ANDHRAPRADESH_KURNOOL,2011,Rabi,3.124033,46042.0
Rice,IND_ANDHRAPRADESH_KURNOOL,2012,Kharif,3.847222,277000.0
Rice,IND_ANDHRAPRADESH_KURNOOL,2012,Rabi,3.529412,60000.0
Rice,IND_ANDHRAPRADESH_KURNOOL,2013,Kharif,3.676001,340383.0
Rice,IND_ANDHRAPRADESH_KURNOOL,2013,Rabi,3.654003,118017.0
Rice,IND_ANDHRAPRADESH_KURNOOL,2014,Kharif,3.947996,361514.0
Rice,IND_ANDHRAPRADESH_KURNOOL,2014,Rabi,3.547002,82748.0
Rice,IND_ANDHRAPRADESH_KURNOOL,2015,Kharif,3.152107,145993.0
Rice,IND_ANDHRAPRADESH_KURNOOL,2015,Rabi,2.758624,25589.0
Rice,IND_ANDHRAPRADESH_KURNOOL,2016,Kharif,4.063232,322068.0
Rice,IND_ANDHRAPRADESH_KURNOOL,2016,Rabi,3.830668,112817.0
Rice,IND_ANDHRAPRADESH_KURNOOL,2017,Kharif,3.473,206963.0
Rice,IND_ANDHRAPRADESH_KURNOOL,2017,Rabi,3.658996,155500.0
Rice,IND_ANDHRAPRADESH_KURNOOL,2018,Kharif,3.896093,346199.0
Rice,IND_ANDHRAPRADESH_KURNOOL,2018,Rabi,3.554684,74787.0
Rice,IND_ANDHRAPRADESH_KURNOOL,2019,Kharif,3.982709,329605.0
Rice,IND_ANDHRAPRADESH_KURNOOL,2019,Rabi,3.915999,151604.0
Rice,IND_ANDHRAPRADESH_MAHBUBNAGAR,1997,Kharif,1.892857,100700.0
Rice,IND_ANDHRAPRADESH_MAHBUBNAGAR,1997,Rabi,1.964824,78200.0
Rice,IND_ANDHRAPRADESH_MAHBUBNAGAR,1998,Kharif,1.958391,141200.0
Rice,IND_ANDHRAPRADESH_MAHBUBNAGAR,1998,Rabi,2.014726,150500.0
Rice,IND_ANDHRAPRADESH_MAHBUBNAGAR,1999,Kharif,1.668,154677.0
Rice,IND_ANDHRAPRADESH_MAHBUBNAGAR,1999,Rabi,1.76201,71083.0
Rice,IND_ANDHRAPRADESH_MAHBUBNAGAR,2000,Kharif,2.491997,290973.0
Rice,IND_ANDHRAPRADESH_MAHBUBNAGAR,2000,Rabi,2.825999,140455.0
Rice,IND_ANDHRAPRADESH_MAHBUBNAGAR,2001,Kharif,2.421999,184210.0
Rice,IND_ANDHRAPRADESH_MAHBUBNAGAR,2001,Rabi,2.349007,143576.0
Rice,IND_ANDHRAPRADESH_MAHBUBNAGAR,2002,Kharif,2.025003,155340.0
Rice,IND_ANDHRAPRADESH_MAHBUBNAGAR,2002,Rabi,2.001992,67339.0
Rice,IND_ANDHRAPRADESH_MAHBUBNAGAR,2003,Kharif,2.430008,161231.0
Rice,IND_ANDHRAPRADESH_MAHBUBNAGAR,2003,Rabi,2.093013,69375.0
Rice,IND_ANDHRAPRADESH_MAHBUBNAGAR,2004,Kharif,2.268999,132716.0
Rice,IND_ANDHRAPRADESH_MAHBUBNAGAR,2004,Rabi,2.254997,57083.0
Rice,IND_ANDHRAPRADESH_MAHBUBNAGAR,2005,Kharif,2.462994,181402.0
Rice,IND_ANDHRAPRADESH_MAHBUBNAGAR,2005,Rabi,2.553009,139139.0
Rice,IND_ANDHRAPRADESH_MAHBUBNAGAR,2006,Kharif,2.439999,181697.0
Rice,IND_ANDHRAPRADESH_MAHBUBNAGAR,2006,Rabi,2.453008,86287.0
Rice,IND_ANDHRAPRADESH_MAHBUBNAGAR,2007,Kharif,2.911765,297000.0
Rice,IND_ANDHRAPRADESH_MAHBUBNAGAR,2007,Rabi,2.782609,128000.0
Rice,IND_ANDHRAPRADESH_MAHBUBNAGAR,2008,Kharif,2.961996,285569.0
Rice,IND_ANDHRAPRADESH_MAHBUBNAGAR,2008,Rabi,2.807003,135640.0
Rice,IND_ANDHRAPRADESH_MAHBUBNAGAR,2009,Kharif,2.271999,216726.0
Rice,IND_ANDHRAPRADESH_MAHBUBNAGAR,2009,Rabi,2.692995,184384.0
Rice,IND_ANDHRAPRADESH_MAHBUBNAGAR,2010,Kharif,2.762267,360230.0
Rice,IND_ANDHRAPRADESH_MAHBUBNAGAR,2010,Rabi,2.798995,185537.0
Rice,IND_ANDHRAPRADESH_MAHBUBNAGAR,2011,Kharif,2.206553,266609.0
Rice,IND_ANDHRAPRADESH_MAHBUBNAGAR,2011,Rabi,2.536006,129950.0
Rice,IND_ANDHRAPRADESH_MAHBUBNAGAR,2012,Kharif,2.649485,257000.0
Rice,IND_ANDHRAPRADESH_MAHBUBNAGAR,2012,Rabi,2.755556,124000.0
Rice,IND_ANDHRAPRADESH_MEDAK,1997,Kharif,1.750524,83500.0
Rice,IND_ANDHRAPRADESH_MEDAK,1997,Rabi,2.007782,51600.0
Rice,IND_ANDHRAPRADESH_MEDAK,1998,Kharif,2.434229,172100.0
Rice,IND_ANDHRAPRADESH_MEDAK,1998,Rabi,2.522073,131400.0
Rice,IND_ANDHRAPRADESH_MEDAK,1999,Kharif,2.026997,159097.0
Rice,IND_ANDHRAPRADESH_MEDAK,1999,Rabi,1.843002,63285.0
Rice,IND_ANDHRAPRADESH_MEDAK,2000,Kharif,2.508004,214003.0
Rice,IND_ANDHRAPRADESH_MEDAK,2000,Rabi,3.229989,122226.0
Rice,IND_ANDHRAPRADESH_MEDAK,2001,Kharif,2.508999,190704.0
Rice,IND_ANDHRAPRADESH_MEDAK,2001,Rabi,2.640012,85642.0
Rice,IND_ANDHRAPRADESH_MEDAK,2002,Kharif,2.112001,125852.0
Rice,IND_ANDHRAPRADESH_MEDAK,2002,Rabi,1.757977,31183.0
Rice,IND_ANDHRAPRADESH_MEDAK,2003,Kharif,2.568997,164218.0
Rice,IND_ANDHRAPRADESH_MEDAK,2003,Rabi,2.313986,51787.0
Rice,IND_ANDHRAPRADESH_MEDAK,2004,Kharif,1.936992,95546.0
Rice,IND_ANDHRAPRADESH_MEDAK,2004,Rabi,2.202985,28934.0
Rice,IND_ANDHRAPRADESH_MEDAK,2005,Kharif,2.885,171519.0
Rice,IND_ANDHRAPRADESH_MEDAK,2005,Rabi,2.935982,75810.0
Rice,IND_ANDHRAPRADESH_MEDAK,2006,Kharif,2.614997,166136.0
Rice,IND_ANDHRAPRADESH_MEDAK,2006,Rabi,2.838007,109110.0
Rice,IND_ANDHRAPRADESH_MEDAK,2007,Kharif,2.827586,164000.0
Rice,IND_ANDHRAPRADESH_MEDAK,2007,Rabi,3.371429,118000.0
Rice,IND_ANDHRAPRADESH_MEDAK,2008,Kharif,2.624997,206477.0
Rice,IND_ANDHRAPRADESH_MEDAK,2008,Rabi,3.335992,150967.0
Rice,IND_ANDHRAPRADESH_MEDAK,2009,Kharif,2.693996,133272.0
Rice,IND_ANDHRAPRADESH_MEDAK,2009,Rabi,2.955001,99421.0
Rice,IND_ANDHRAPRADESH_MEDAK,2010,Kharif,3.49016,285893.0
Rice,IND_ANDHRAPRADESH_MEDAK,2010,Rabi,3.655993,229026.0
Rice,IND_ANDHRAPRADESH_MEDAK,2011,Kharif,3.159015,285575.0
Rice,IND_ANDHRAPRADESH_MEDAK,2011,Rabi,2.602998,121383.0
Rice,IND_ANDHRAPRADESH_MEDAK,2012,Kharif,3.552632,270000.0
Rice,IND_ANDHRAPRADESH_MEDAK,2012,Rabi,3.029412,103000.0
Rice,IND_ANDHRAPRADESH_NALGONDA,1997,Kharif,2.478203,369500.0
Rice,IND_ANDHRAPRADESH_NALGONDA,1997,Rabi,2.400958,150300.0
Rice,IND_ANDHRAPRADESH_NALGONDA,1998,Kharif,2.992088,491600.0
Rice,IND_ANDHRAPRADESH_NALGONDA,1998,Rabi,2.807417,431500.0
Rice,IND_ANDHRAPRADESH_NALGONDA,1999,Kharif,2.391999,420279.0
Rice,IND_ANDHRAPRADESH_NALGONDA,1999,Rabi,2.461,155769.0
Rice,IND_ANDHRAPRADESH_NALGONDA,2000,Kharif,3.174,560173.0
Rice,IND_ANDHRAPRADESH_NALGONDA,2000,Rabi,2.752998,236243.0
Rice,IND_ANDHRAPRADESH_NALGONDA,2001,Kharif,2.774001,395739.0
Rice,IND_ANDHRAPRADESH_NALGONDA,2001,Rabi,2.586998,199010.0
Rice,IND_ANDHRAPRADESH_NALGONDA,2002,Kharif,2.244001,210954.0
Rice,IND_ANDHRAPRADESH_NALGONDA,2002,Rabi,2.301009,86656.0
Rice,IND_ANDHRAPRADESH_NALGONDA,2003,Kharif,2.994999,188631.0
Rice,IND_ANDHRAPRADESH_NALGONDA,2003,Rabi,2.823993,169513.0
Rice,IND_ANDHRAPRADESH_NALGONDA,2004,Kharif,2.818,330836.0
Rice,IND_ANDHRAPRADESH_NALGONDA,2004,Rabi,2.979001,224292.0
Rice,IND_ANDHRAPRADESH_NALGONDA,2005,Kharif,2.845003,456145.0
Rice,IND_ANDHRAPRADESH_NALGONDA,2005,Rabi,3.208998,482521.0
Rice,IND_ANDHRAPRADESH_NALGONDA,2006,Kharif,2.591001,414568.0
Rice,IND_ANDHRAPRADESH_NALGONDA,2006,Rabi,3.149003,391336.0
Rice,IND_ANDHRAPRADESH_NALGONDA,2007,Kharif,3.165644,516000.0
Rice,IND_ANDHRAPRADESH_NALGONDA,2007,Rabi,3.202703,474000.0
Rice,IND_ANDHRAPRADESH_NALGONDA,2008,Kharif,3.111002,602657.0
Rice,IND_ANDHRAPRADESH_NALGONDA,2008,Rabi,3.257999,547650.0
Rice,IND_ANDHRAPRADESH_NALGONDA,2009,Kharif,3.234998,319262.0
Rice,IND_ANDHRAPRADESH_NALGONDA,2009,Rabi,3.432002,599708.0
Rice,IND_ANDHRAPRADESH_NALGONDA,2010,Kharif,3.116998,642566.0
Rice,IND_ANDHRAPRADESH_NALGONDA,2010,Rabi,3.420001,681148.0
Rice,IND_ANDHRAPRADESH_NALGONDA,2011,Kharif,2.928002,634050.0
Rice,IND_ANDHRAPRADESH_NALGONDA,2011,Rabi,2.965004,329750.0
Rice,IND_ANDHRAPRADESH_NALGONDA,2012,Kharif,3.25641,381000.0
Rice,IND_ANDHRAPRADESH_NALGONDA,2012,Rabi,3.32967,303000.0
Rice,IND_ANDHRAPRADESH_NIZAMABAD,1997,Kharif,1.655637,135100.0
Rice,IND_ANDHRAPRADESH_NIZAMABAD,1997,Rabi,2.383495,49100.0
Rice,IND_ANDHRAPRADESH_NIZAMABAD,1998,Kharif,2.841328,308000.0
Rice,IND_ANDHRAPRADESH_NIZAMABAD,1998,Rabi,2.550898,127800.0
Rice,IND_ANDHRAPRADESH_NIZAMABAD,1999,Kharif,2.552975,295946.0
Rice,IND_ANDHRAPRADESH_NIZAMABAD,1999,Rabi,2.509055,136332.0
Rice,IND_ANDHRAPRADESH_NIZAMABAD,2000,Kharif,2.557003,333694.0
Rice,IND_ANDHRAPRADESH_NIZAMABAD,2000,Rabi,3.273002,164344.0
Rice,IND_ANDHRAPRADESH_NIZAMABAD,2001,Kharif,2.484002,303088.0
Rice,IND_ANDHRAPRADESH_NIZAMABAD,2001,Rabi,2.691006,97296.0
Rice,IND_ANDHRAPRADESH_NIZAMABAD,2002,Kharif,1.558995,140096.0
Rice,IND_ANDHRAPRADESH_NIZAMABAD,2002,Rabi,2.296015,40566.0
Rice,IND_ANDHRAPRADESH_NIZAMABAD,2003,Kharif,3.110998,229181.0
Rice,IND_ANDHRAPRADESH_NIZAMABAD,2003,Rabi,3.004011,53177.0
Rice,IND_ANDHRAPRADESH_NIZAMABAD,2004,Kharif,2.246997,135422.0
Rice,IND_ANDHRAPRADESH_NIZAMABAD,2004,Rabi,2.575988,33815.0
Rice,IND_ANDHRAPRADESH_NIZAMABAD,2005,Kharif,3.482005,344130.0
Rice,IND_ANDHRAPRADESH_NIZAMABAD,2005,Rabi,3.192001,161860.0
Rice,IND_ANDHRAPRADESH_NIZAMABAD,2006,Kharif,3.162997,361714.0
Rice,IND_ANDHRAPRADESH_NIZAMABAD,2006,Rabi,3.324007,177143.0
Rice,IND_ANDHRAPRADESH_NIZAMABAD,2007,Kharif,3.577465,254000.0
Rice,IND_ANDHRAPRADESH_NIZAMABAD,2007,Rabi,3.491228,199000.0
Rice,IND_ANDHRAPRADESH_NIZAMABAD,2008,Kharif,3.650998,407769.0
Rice,IND_ANDHRAPRADESH_NIZAMABAD,2008,Rabi,3.469996,271836.0
Rice,IND_ANDHRAPRADESH_NIZAMABAD,2009,Kharif,3.248006,245978.0
Rice,IND_ANDHRAPRADESH_NIZAMABAD,2009,Rabi,3.141991,143080.0
Rice,IND_ANDHRAPRADESH_NIZAMABAD,2010,Kharif,3.662295,427496.0
Rice,IND_ANDHRAPRADESH_NIZAMABAD,2010,Rabi,3.973001,416744.0
Rice,IND_ANDHRAPRADESH_NIZAMABAD,2011,Kharif,3.906433,584000.0
Rice,IND_ANDHRAPRADESH_NIZAMABAD,2011,Rabi,3.519,388195.0
Rice,IND_ANDHRAPRADESH_NIZAMABAD,2012,Kharif,4.0,516000.0
Rice,IND_ANDHRAPRADESH_NIZAMABAD,2012,Rabi,3.4375,220000.0
Rice,IND_ANDHRAPRADESH_PRAKASAM,1997,Kharif,2.004839,124300.0
Rice,IND_ANDHRAPRADESH_PRAKASAM,1997,Rabi,2.993261,222100.0
Rice,IND_ANDHRAPRADESH_PRAKASAM,1998,Kharif,2.866852,206700.0
Rice,IND_ANDHRAPRADESH_PRAKASAM,1998,Rabi,3.372629,248900.0
Rice,IND_ANDHRAPRADESH_PRAKASAM,1999,Kharif,2.715283,190583.0
Rice,IND_ANDHRAPRADESH_PRAKASAM,1999,Rabi,2.360226,129541.0
Rice,IND_ANDHRAPRADESH_PRAKASAM,2000,Kharif,3.09399,156559.0
Rice,IND_ANDHRAPRADESH_PRAKASAM,2000,Rabi,3.269999,316840.0
Rice,IND_ANDHRAPRADESH_PRAKASAM,2001,Kharif,3.286012,134204.0
Rice,IND_ANDHRAPRADESH_PRAKASAM,2001,Rabi,3.622001,385888.0
Rice,IND_ANDHRAPRADESH_PRAKASAM,2002,Kharif,2.437007,46927.0
Rice,IND_ANDHRAPRADESH_PRAKASAM,2002,Rabi,2.256993,104325.0
Rice,IND_ANDHRAPRADESH_PRAKASAM,2003,Kharif,2.872033,41992.0
Rice,IND_ANDHRAPRADESH_PRAKASAM,2003,Rabi,2.517002,79278.0
Rice,IND_ANDHRAPRADESH_PRAKASAM,2004,Kharif,3.478987,95446.0
Rice,IND_ANDHRAPRADESH_PRAKASAM,2004,Rabi,3.334004,220491.0
Rice,IND_ANDHRAPRADESH_PRAKASAM,2005,Kharif,2.653999,144351.0
Rice,IND_ANDHRAPRADESH_PRAKASAM,2005,Rabi,3.588003,340932.0
Rice,IND_ANDHRAPRADESH_PRAKASAM,2006,Kharif,3.030007,124809.0
Rice,IND_ANDHRAPRADESH_PRAKASAM,2006,Rabi,3.721002,297215.0
Rice,IND_ANDHRAPRADESH_PRAKASAM,2007,Kharif,3.680851,173000.0
Rice,IND_ANDHRAPRADESH_PRAKASAM,2007,Rabi,3.5875,287000.0
Rice,IND_ANDHRAPRADESH_PRAKASAM,2008,Kharif,3.536999,167774.0
Rice,IND_ANDHRAPRADESH_PRAKASAM,2008,Rabi,3.746001,314503.0
Rice,IND_ANDHRAPRADESH_PRAKASAM,2009,Kharif,3.572014,117730.0
Rice,IND_ANDHRAPRADESH_PRAKASAM,2009,Rabi,3.858998,371390.0
Rice,IND_ANDHRAPRADESH_PRAKASAM,2010,Kharif,2.931789,143300.0
Rice,IND_ANDHRAPRADESH_PRAKASAM,2010,Rabi,3.486001,376150.0
Rice,IND_ANDHRAPRADESH_PRAKASAM,2011,Kharif,3.449006,134932.0
Rice,IND_ANDHRAPRADESH_PRAKASAM,2011,Rabi,3.679001,292098.0
Rice,IND_ANDHRAPRADESH_PRAKASAM,2012,Kharif,3.555556,64000.0
Rice,IND_ANDHRAPRADESH_PRAKASAM,2012,Rabi,3.705882,126000.0
Rice,IND_ANDHRAPRADESH_PRAKASAM,2013,Kharif,3.677,213391.0
Rice,IND_ANDHRAPRADESH_PRAKASAM,2013,Rabi,3.959004,318874.0
Rice,IND_ANDHRAPRADESH_PRAKASAM,2014,Kharif,3.833994,121783.0
Rice,IND_ANDHRAPRADESH_PRAKASAM,2014,Rabi,3.864007,284132.0
Rice,IND_ANDHRAPRADESH_PRAKASAM,2015,Kharif,4.330584,61438.0
Rice,IND_ANDHRAPRADESH_PRAKASAM,2015,Rabi,3.882674,117249.0
Rice,IND_ANDHRAPRADESH_PRAKASAM,2016,Kharif,3.32575,64177.0
Rice,IND_ANDHRAPRADESH_PRAKASAM,2016,Rabi,3.837353,79721.0
Rice,IND_ANDHRAPRADESH_PRAKASAM,2017,Kharif,3.903982,107543.0
Rice,IND_ANDHRAPRADESH_PRAKASAM,2017,Rabi,3.738009,74035.0
Rice,IND_ANDHRAPRADESH_PRAKASAM,2018,Kharif,3.673267,102036.0
Rice,IND_ANDHRAPRADESH_PRAKASAM,2018,Rabi,3.375994,126566.0
Rice,IND_ANDHRAPRADESH_PRAKASAM,2019,Kharif,3.739656,111711.0
Rice,IND_ANDHRAPRADESH_PRAKASAM,2019,Rabi,3.790666,191440.0
Rice,IND_ANDHRAPRADESH_RANGAREDDI,1997,Kharif,2.0375,48900.0
Rice,IND_ANDHRAPRADESH_RANGAREDDI,1997,Rabi,2.726115,42800.0
Rice,IND_ANDHRAPRADESH_RANGAREDDI,1998,Kharif,1.831126,55300.0
Rice,IND_ANDHRAPRADESH_RANGAREDDI,1998,Rabi,2.583893,77000.0
Rice,IND_ANDHRAPRADESH_RANGAREDDI,1999,Kharif,2.321,79167.0
Rice,IND_ANDHRAPRADESH_RANGAREDDI,1999,Rabi,1.935998,37055.0
Rice,IND_ANDHRAPRADESH_RANGAREDDI,2000,Kharif,2.572002,100573.0
Rice,IND_ANDHRAPRADESH_RANGAREDDI,2000,Rabi,2.508002,47642.0
Rice,IND_ANDHRAPRADESH_RANGAREDDI,2001,Kharif,2.649988,66520.0
Rice,IND_ANDHRAPRADESH_RANGAREDDI,2001,Rabi,2.664014,57580.0
Rice,IND_ANDHRAPRADESH_RANGAREDDI,2002,Kharif,1.786982,36844.0
Rice,IND_ANDHRAPRADESH_RANGAREDDI,2002,Rabi,2.367973,22832.0
Rice,IND_ANDHRAPRADESH_RANGAREDDI,2003,Kharif,2.321984,50942.0
Rice,IND_ANDHRAPRADESH_RANGAREDDI,2003,Rabi,2.409819,34605.0
Rice,IND_ANDHRAPRADESH_RANGAREDDI,2004,Kharif,2.593007,50574.0
Rice,IND_ANDHRAPRADESH_RANGAREDDI,2004,Rabi,2.673977,28042.0
Rice,IND_ANDHRAPRADESH_RANGAREDDI,2005,Kharif,2.785,65726.0
Rice,IND_ANDHRAPRADESH_RANGAREDDI,2005,Rabi,2.786984,46420.0
Rice,IND_ANDHRAPRADESH_RANGAREDDI,2006,Kharif,2.735982,54747.0
Rice,IND_ANDHRAPRADESH_RANGAREDDI,2006,Rabi,2.541018,28063.0
Rice,IND_ANDHRAPRADESH_RANGAREDDI,2007,Kharif,2.421053,46000.0
Rice,IND_ANDHRAPRADESH_RANGAREDDI,2007,Rabi,2.583333,31000.0
Rice,IND_ANDHRAPRADESH_RANGAREDDI,2008,Kharif,2.939999,56398.0
Rice,IND_ANDHRAPRADESH_RANGAREDDI,2008,Rabi,2.757993,35625.0
Rice,IND_ANDHRAPRADESH_RANGAREDDI,2009,Kharif,2.604985,52157.0
Rice,IND_ANDHRAPRADESH_RANGAREDDI,2009,Rabi,2.640026,40498.0
Rice,IND_ANDHRAPRADESH_RANGAREDDI,2010,Kharif,2.54436,78837.0
Rice,IND_ANDHRAPRADESH_RANGAREDDI,2010,Rabi,2.679018,57264.0
Rice,IND_ANDHRAPRADESH_RANGAREDDI,2011,Kharif,2.307357,67684.0
Rice,IND_ANDHRAPRADESH_RANGAREDDI,2011,Rabi,2.471011,35417.0
Rice,IND_ANDHRAPRADESH_RANGAREDDI,2012,Kharif,2.344828,68000.0
Rice,IND_ANDHRAPRADESH_RANGAREDDI,2012,Rabi,2.5,30000.0
Rice,IND_ANDHRAPRADESH_SPSRNELLORE,1997,Kharif,2.620123,127600.0
Rice,IND_ANDHRAPRADESH_SPSRNELLORE,1997,Rabi,2.990664,544600.0
Rice,IND_ANDHRAPRADESH_SPSRNELLORE,1998,Kharif,2.98434,133400.0
Rice,IND_ANDHRAPRADESH_SPSRNELLORE,1998,Rabi,2.958538,542300.0
Rice,IND_ANDHRAPRADESH_SPSRNELLORE,1999,Kharif,2.986694,136695.0
Rice,IND_ANDHRAPRADESH_SPSRNELLORE,1999,Rabi,2.671401,407231.0
Rice,IND_ANDHRAPRADESH_SPSRNELLORE,2000,Kharif,3.117004,171563.0
Rice,IND_ANDHRAPRADESH_SPSRNELLORE,2000,Rabi,2.765999,367510.0
Rice,IND_ANDHRAPRADESH_SPSRNELLORE,2001,Kharif,3.161005,108413.0
Rice,IND_ANDHRAPRADESH_SPSRNELLORE,2001,Rabi,3.392003,597352.0
Rice,IND_ANDHRAPRADESH_SPSRNELLORE,2002,Kharif,3.279998,149276.0
Rice,IND_ANDHRAPRADESH_SPSRNELLORE,2002,Rabi,3.013998,522579.0
Rice,IND_ANDHRAPRADESH_SPSRNELLORE,2003,Kharif,2.781996,49756.0
Rice,IND_ANDHRAPRADESH_SPSRNELLORE,2003,Rabi,2.659019,364368.0
Rice,IND_ANDHRAPRADESH_SPSRNELLORE,2004,Kharif,2.920004,56432.0
Rice,IND_ANDHRAPRADESH_SPSRNELLORE,2004,Rabi,3.446001,576933.0
Rice,IND_ANDHRAPRADESH_SPSRNELLORE,2005,Kharif,3.059991,55190.0
Rice,IND_ANDHRAPRADESH_SPSRNELLORE,2005,Rabi,3.763,713732.0
Rice,IND_ANDHRAPRADESH_SPSRNELLORE,2006,Kharif,3.282998,197167.0
Rice,IND_ANDHRAPRADESH_SPSRNELLORE,2006,Rabi,3.626999,659617.0
Rice,IND_ANDHRAPRADESH_SPSRNELLORE,2007,Kharif,3.521739,162000.0
Rice,IND_ANDHRAPRADESH_SPSRNELLORE,2007,Rabi,3.696809,695000.0
Rice,IND_ANDHRAPRADESH_SPSRNELLORE,2008,Kharif,3.583999,233795.0
Rice,IND_ANDHRAPRADESH_SPSRNELLORE,2008,Rabi,3.976998,763003.0
Rice,IND_ANDHRAPRADESH_SPSRNELLORE,2009,Kharif,3.243998,220248.0
Rice,IND_ANDHRAPRADESH_SPSRNELLORE,2009,Rabi,3.938998,783833.0
Rice,IND_ANDHRAPRADESH_SPSRNELLORE,2010,Kharif,3.270004,228485.0
Rice,IND_ANDHRAPRADESH_SPSRNELLORE,2010,Rabi,3.865998,777027.0
Rice,IND_ANDHRAPRADESH_SPSRNELLORE,2011,Kharif,3.674822,195269.0
Rice,IND_ANDHRAPRADESH_SPSRNELLORE,2011,Rabi,4.151002,836157.0
Rice,IND_ANDHRAPRADESH_SPSRNELLORE,2012,Kharif,3.962963,214000.0
Rice,IND_ANDHRAPRADESH_SPSRNELLORE,2012,Rabi,4.121827,812000.0
Rice,IND_ANDHRAPRADESH_SPSRNELLORE,2013,Kharif,3.580999,115455.0
Rice,IND_ANDHRAPRADESH_SPSRNELLORE,2013,Rabi,4.130001,795653.0
Rice,IND_ANDHRAPRADESH_SPSRNELLORE,2014,Kharif,3.737,232561.0
Rice,IND_ANDHRAPRADESH_SPSRNELLORE,2014,Rabi,4.126001,736454.0
Rice,IND_ANDHRAPRADESH_SPSRNELLORE,2015,Kharif,3.639332,110683.0
Rice,IND_ANDHRAPRADESH_SPSRNELLORE,2015,Rabi,4.572668,1179003.0
Rice,IND_ANDHRAPRADESH_SPSRNELLORE,2016,Kharif,3.90089,287991.0
Rice,IND_ANDHRAPRADESH_SPSRNELLORE,2016,Rabi,4.412069,577103.0
Rice,IND_ANDHRAPRADESH_SPSRNELLORE,2017,Kharif,3.825009,81029.0
Rice,IND_ANDHRAPRADESH_SPSRNELLORE,2017,Rabi,4.698998,955513.0
Rice,IND_ANDHRAPRADESH_SPSRNELLORE,2018,Kharif,3.529206,94011.0
Rice,IND_ANDHRAPRADESH_SPSRNELLORE,2018,Rabi,4.215896,591174.0
Rice,IND_ANDHRAPRADESH_SPSRNELLORE,2019,Kharif,3.83783,64015.0
Rice,IND_ANDHRAPRADESH_SPSRNELLORE,2019,Rabi,4.289999,925460.0
Rice,IND_ANDHRAPRADESH_SRIKAKULAM,1997,Kharif,1.499731,278500.0
Rice,IND_ANDHRAPRADESH_SRIKAKULAM,1997,Rabi,3.5,2100.0
Rice,IND_ANDHRAPRADESH_SRIKAKULAM,1998,Kharif,1.906893,370700.0
Rice,IND_ANDHRAPRADESH_SRIKAKULAM,1998,Rabi,3.75,7500.0
Rice,IND_ANDHRAPRADESH_SRIKAKULAM,1999,Kharif,1.711528,323525.0
Rice,IND_ANDHRAPRADESH_SRIKAKULAM,1999,Rabi,3.445097,5867.0
Rice,IND_ANDHRAPRADESH_SRIKAKULAM,2000,Kharif,1.924,399155.0
Rice,IND_ANDHRAPRADESH_SRIKAKULAM,2000,Rabi,1.829091,2012.0
Rice,IND_ANDHRAPRADESH_SRIKAKULAM,2001,Kharif,2.202001,393654.0
Rice,IND_ANDHRAPRADESH_SRIKAKULAM,2001,Rabi,2.268939,3594.0
Rice,IND_ANDHRAPRADESH_SRIKAKULAM,2002,Kharif,1.747003,267550.0
Rice,IND_ANDHRAPRADESH_SRIKAKULAM,2002,Rabi,2.53481,1602.0
Rice,IND_ANDHRAPRADESH_SRIKAKULAM,2003,Kharif,2.241001,421799.0
Rice,IND_ANDHRAPRADESH_SRIKAKULAM,2003,Rabi,2.039927,4496.0
Rice,IND_ANDHRAPRADESH_SRIKAKULAM,2004,Kharif,2.35101,448561.0
Rice,IND_ANDHRAPRADESH_SRIKAKULAM,2004,Rabi,2.61283,5743.0
Rice,IND_ANDHRAPRADESH_SRIKAKULAM,2005,Kharif,1.767999,271425.0
Rice,IND_ANDHRAPRADESH_SRIKAKULAM,2005,Rabi,2.384942,10105.0
Rice,IND_ANDHRAPRADESH_SRIKAKULAM,2006,Kharif,2.535001,491775.0
Rice,IND_ANDHRAPRADESH_SRIKAKULAM,2006,Rabi,2.108905,7223.0
Rice,IND_ANDHRAPRADESH_SRIKAKULAM,2007,Kharif,3.049751,613000.0
Rice,IND_ANDHRAPRADESH_SRIKAKULAM,2007,Rabi,3.0,6000.0
Rice,IND_ANDHRAPRADESH_SRIKAKULAM,2008,Kharif,2.010001,408376.0
Rice,IND_ANDHRAPRADESH_SRIKAKULAM,2008,Rabi,2.32096,6190.0
Rice,IND_ANDHRAPRADESH_SRIKAKULAM,2009,Kharif,2.100001,371822.0
Rice,IND_ANDHRAPRADESH_SRIKAKULAM,2009,Rabi,2.365953,6407.0
Rice,IND_ANDHRAPRADESH_SRIKAKULAM,2010,Kharif,0.8136,167482.0
Rice,IND_ANDHRAPRADESH_SRIKAKULAM,2010,Rabi,2.369963,16822.0
Rice,IND_ANDHRAPRADESH_SRIKAKULAM,2011,Kharif,1.91722,399240.0
Rice,IND_ANDHRAPRADESH_SRIKAKULAM,2011,Rabi,2.108815,4593.0
Rice,IND_ANDHRAPRADESH_SRIKAKULAM,2012,Kharif,2.529126,521000.0
Rice,IND_ANDHRAPRADESH_SRIKAKULAM,2012,Rabi,2.666667,8000.0
Rice,IND_ANDHRAPRADESH_SRIKAKULAM,2013,Kharif,1.737999,347108.0
Rice,IND_ANDHRAPRADESH_SRIKAKULAM,2013,Rabi,2.381898,8158.0
Rice,IND_ANDHRAPRADESH_SRIKAKULAM,2014,Kharif,2.115999,434806.0
Rice,IND_ANDHRAPRADESH_SRIKAKULAM,2014,Rabi,2.720085,12866.0
Rice,IND_ANDHRAPRADESH_SRIKAKULAM,2015,Kharif,2.305456,470320.0
Rice,IND_ANDHRAPRADESH_SRIKAKULAM,2015,Rabi,2.710498,7565.0
Rice,IND_ANDHRAPRADESH_SRIKAKULAM,2016,Kharif,2.975129,605174.0
Rice,IND_ANDHRAPRADESH_SRIKAKULAM,2016,Rabi,2.783276,6524.0
Rice,IND_ANDHRAPRADESH_SRIKAKULAM,2017,Kharif,2.520998,531129.0
Rice,IND_ANDHRAPRADESH_SRIKAKULAM,2017,Rabi,3.039061,12293.0
Rice,IND_ANDHRAPRADESH_SRIKAKULAM,2018,Kharif,2.058851,431177.0
Rice,IND_ANDHRAPRADESH_SRIKAKULAM,2018,Rabi,2.850649,14926.0
Rice,IND_ANDHRAPRADESH_SRIKAKULAM,2019,Kharif,2.835828,594503.0
Rice,IND_ANDHRAPRADESH_SRIKAKULAM,2019,Rabi,3.199265,30457.0
Rice,IND_ANDHRAPRADESH_VISAKHAPATANAM,1997,Kharif,0.833682,79700.0
Rice,IND_ANDHRAPRADESH_VISAKHAPATANAM,1997,Rabi,3.222222,8700.0
Rice,IND_ANDHRAPRADESH_VISAKHAPATANAM,1998,Kharif,1.229765,141300.0
Rice,IND_ANDHRAPRADESH_VISAKHAPATANAM,1998,Rabi,3.710526,14100.0
Rice,IND_ANDHRAPRADESH_VISAKHAPATANAM,1999,Kharif,1.296386,134010.0
Rice,IND_ANDHRAPRADESH_VISAKHAPATANAM,1999,Rabi,3.549296,10836.0
Rice,IND_ANDHRAPRADESH_VISAKHAPATANAM,2000,Kharif,1.590998,183345.0
Rice,IND_ANDHRAPRADESH_VISAKHAPATANAM,2000,Rabi,2.250926,6683.0
Rice,IND_ANDHRAPRADESH_VISAKHAPATANAM,2001,Kharif,1.675002,145020.0
Rice,IND_ANDHRAPRADESH_VISAKHAPATANAM,2001,Rabi,2.026976,7589.0
Rice,IND_ANDHRAPRADESH_VISAKHAPATANAM,2002,Kharif,0.989994,61344.0
Rice,IND_ANDHRAPRADESH_VISAKHAPATANAM,2002,Rabi,1.538955,3121.0
Rice,IND_ANDHRAPRADESH_VISAKHAPATANAM,2003,Kharif,1.615995,136836.0
Rice,IND_ANDHRAPRADESH_VISAKHAPATANAM,2003,Rabi,1.971977,7811.0
Rice,IND_ANDHRAPRADESH_VISAKHAPATANAM,2004,Kharif,1.689002,160771.0
Rice,IND_ANDHRAPRADESH_VISAKHAPATANAM,2004,Rabi,1.412056,3701.0
Rice,IND_ANDHRAPRADESH_VISAKHAPATANAM,2005,Kharif,1.474,125007.0
Rice,IND_ANDHRAPRADESH_VISAKHAPATANAM,2005,Rabi,1.851086,7073.0
Rice,IND_ANDHRAPRADESH_VISAKHAPATANAM,2006,Kharif,1.911997,178070.0
Rice,IND_ANDHRAPRADESH_VISAKHAPATANAM,2006,Rabi,2.027927,5301.0
Rice,IND_ANDHRAPRADESH_VISAKHAPATANAM,2007,Kharif,2.03125,195000.0
Rice,IND_ANDHRAPRADESH_VISAKHAPATANAM,2007,Rabi,2.0,6000.0
Rice,IND_ANDHRAPRADESH_VISAKHAPATANAM,2008,Kharif,1.682998,167253.0
Rice,IND_ANDHRAPRADESH_VISAKHAPATANAM,2008,Rabi,1.899963,5090.0
Rice,IND_ANDHRAPRADESH_VISAKHAPATANAM,2009,Kharif,1.056,69112.0
Rice,IND_ANDHRAPRADESH_VISAKHAPATANAM,2009,Rabi,1.51614,4509.0
Rice,IND_ANDHRAPRADESH_VISAKHAPATANAM,2010,Kharif,1.744308,192378.0
Rice,IND_ANDHRAPRADESH_VISAKHAPATANAM,2010,Rabi,1.292068,9383.0
Rice,IND_ANDHRAPRADESH_VISAKHAPATANAM,2011,Kharif,1.522908,166766.0
Rice,IND_ANDHRAPRADESH_VISAKHAPATANAM,2011,Rabi,1.136034,2973.0
Rice,IND_ANDHRAPRADESH_VISAKHAPATANAM,2012,Kharif,1.434343,142000.0
Rice,IND_ANDHRAPRADESH_VISAKHAPATANAM,2012,Rabi,2.0,10000.0
Rice,IND_ANDHRAPRADESH_VISAKHAPATANAM,2013,Kharif,1.739003,171530.0
Rice,IND_ANDHRAPRADESH_VISAKHAPATANAM,2013,Rabi,1.942003,13126.0
Rice,IND_ANDHRAPRADESH_VISAKHAPATANAM,2014,Kharif,1.626999,159755.0
Rice,IND_ANDHRAPRADESH_VISAKHAPATANAM,2014,Rabi,2.494059,18052.0
Rice,IND_ANDHRAPRADESH_VISAKHAPATANAM,2015,Kharif,2.127646,219339.0
Rice,IND_ANDHRAPRADESH_VISAKHAPATANAM,2015,Rabi,2.418605,10920.0
Rice,IND_ANDHRAPRADESH_VISAKHAPATANAM,2016,Kharif,2.249222,237203.0
Rice,IND_ANDHRAPRADESH_VISAKHAPATANAM,2016,Rabi,2.101235,9361.0
Rice,IND_ANDHRAPRADESH_VISAKHAPATANAM,2017,Kharif,2.086998,218972.0
Rice,IND_ANDHRAPRADESH_VISAKHAPATANAM,2017,Rabi,2.452947,9905.0
Rice,IND_ANDHRAPRADESH_VISAKHAPATANAM,2018,Kharif,1.685656,168397.0
Rice,IND_ANDHRAPRADESH_VISAKHAPATANAM,2018,Rabi,2.594504,7742.0
Rice,IND_ANDHRAPRADESH_VISAKHAPATANAM,2019,Kharif,2.377802,230642.0
Rice,IND_ANDHRAPRADESH_VISAKHAPATANAM,2019,Rabi,2.87742,18873.0
Rice,IND_ANDHRAPRADESH_VIZIANAGARAM,1997,Kharif,1.422222,185600.0
Rice,IND_ANDHRAPRADESH_VIZIANAGARAM,1997,Rabi,3.2,3200.0
Rice,IND_ANDHRAPRADESH_VIZIANAGARAM,1998,Kharif,2.222556,295600.0
Rice,IND_ANDHRAPRADESH_VIZIANAGARAM,1998,Rabi,3.694444,13300.0
Rice,IND_ANDHRAPRADESH_VIZIANAGARAM,1999,Kharif,1.897689,250846.0
Rice,IND_ANDHRAPRADESH_VIZIANAGARAM,1999,Rabi,3.497733,6943.0
Rice,IND_ANDHRAPRADESH_VIZIANAGARAM,2000,Kharif,1.650003,214347.0
Rice,IND_ANDHRAPRADESH_VIZIANAGARAM,2000,Rabi,2.772076,5996.0
Rice,IND_ANDHRAPRADESH_VIZIANAGARAM,2001,Kharif,1.878001,199624.0
Rice,IND_ANDHRAPRADESH_VIZIANAGARAM,2001,Rabi,2.60999,10085.0
Rice,IND_ANDHRAPRADESH_VIZIANAGARAM,2002,Kharif,1.228001,115426.0
Rice,IND_ANDHRAPRADESH_VIZIANAGARAM,2002,Rabi,2.622896,1558.0
Rice,IND_ANDHRAPRADESH_VIZIANAGARAM,2003,Kharif,2.100999,228366.0
Rice,IND_ANDHRAPRADESH_VIZIANAGARAM,2003,Rabi,2.437015,10679.0
Rice,IND_ANDHRAPRADESH_VIZIANAGARAM,2004,Kharif,2.327,291352.0
Rice,IND_ANDHRAPRADESH_VIZIANAGARAM,2004,Rabi,1.678903,3979.0
Rice,IND_ANDHRAPRADESH_VIZIANAGARAM,2005,Kharif,1.39,131127.0
Rice,IND_ANDHRAPRADESH_VIZIANAGARAM,2005,Rabi,2.541067,9529.0
Rice,IND_ANDHRAPRADESH_VIZIANAGARAM,2006,Kharif,2.396996,281532.0
Rice,IND_ANDHRAPRADESH_VIZIANAGARAM,2006,Rabi,1.803,1803.0
Rice,IND_ANDHRAPRADESH_VIZIANAGARAM,2007,Kharif,2.919355,362000.0
Rice,IND_ANDHRAPRADESH_VIZIANAGARAM,2007,Rabi,2.333333,7000.0
Rice,IND_ANDHRAPRADESH_VIZIANAGARAM,2008,Kharif,2.388,307966.0
Rice,IND_ANDHRAPRADESH_VIZIANAGARAM,2008,Rabi,2.385251,4043.0
Rice,IND_ANDHRAPRADESH_VIZIANAGARAM,2009,Kharif,2.198001,229801.0
Rice,IND_ANDHRAPRADESH_VIZIANAGARAM,2009,Rabi,2.521043,9285.0
Rice,IND_ANDHRAPRADESH_VIZIANAGARAM,2010,Kharif,2.575129,325213.0
Rice,IND_ANDHRAPRADESH_VIZIANAGARAM,2010,Rabi,3.232975,23452.0
Rice,IND_ANDHRAPRADESH_VIZIANAGARAM,2011,Kharif,2.146764,265106.0
Rice,IND_ANDHRAPRADESH_VIZIANAGARAM,2011,Rabi,2.448052,2639.0
Rice,IND_ANDHRAPRADESH_VIZIANAGARAM,2012,Kharif,2.579832,307000.0
Rice,IND_ANDHRAPRADESH_VIZIANAGARAM,2012,Rabi,2.0,14000.0
Rice,IND_ANDHRAPRADESH_VIZIANAGARAM,2013,Kharif,2.475003,270446.0
Rice,IND_ANDHRAPRADESH_VIZIANAGARAM,2013,Rabi,2.727987,20479.0
Rice,IND_ANDHRAPRADESH_VIZIANAGARAM,2014,Kharif,2.637999,314526.0
Rice,IND_ANDHRAPRADESH_VIZIANAGARAM,2014,Rabi,3.232033,17314.0
Rice,IND_ANDHRAPRADESH_VIZIANAGARAM,2015,Kharif,2.949829,366590.0
Rice,IND_ANDHRAPRADESH_VIZIANAGARAM,2015,Rabi,2.75952,6667.0
Rice,IND_ANDHRAPRADESH_VIZIANAGARAM,2016,Kharif,3.037044,371142.0
Rice,IND_ANDHRAPRADESH_VIZIANAGARAM,2016,Rabi,3.04137,9410.0
Rice,IND_ANDHRAPRADESH_VIZIANAGARAM,2017,Kharif,2.971999,364590.0
Rice,IND_ANDHRAPRADESH_VIZIANAGARAM,2017,Rabi,3.258959,20098.0
Rice,IND_ANDHRAPRADESH_VIZIANAGARAM,2018,Kharif,2.33797,284061.0
Rice,IND_ANDHRAPRADESH_VIZIANAGARAM,2018,Rabi,3.209362,10010.0
Rice,IND_ANDHRAPRADESH_VIZIANAGARAM,2019,Kharif,3.222565,384713.0
Rice,IND_ANDHRAPRADESH_VIZIANAGARAM,2019,Rabi,3.163364,22985.0
Rice,IND_ANDHRAPRADESH_WARANGAL,1997,Kharif,2.236782,97300.0
Rice,IND_ANDHRAPRADESH_WARANGAL,1997,Rabi,2.36,82600.0
Rice,IND_ANDHRAPRADESH_WARANGAL,1998,Kharif,2.827457,376900.0
Rice,IND_ANDHRAPRADESH_WARANGAL,1998,Rabi,2.633065,195900.0
Rice,IND_ANDHRAPRADESH_WARANGAL,1999,Kharif,2.125001,281450.0
Rice,IND_ANDHRAPRADESH_WARANGAL,1999,Rabi,2.090009,108043.0
Rice,IND_ANDHRAPRADESH_WARANGAL,2000,Kharif,2.853998,464979.0
Rice,IND_ANDHRAPRADESH_WARANGAL,2000,Rabi,2.976005,185045.0
Rice,IND_ANDHRAPRADESH_WARANGAL,2001,Kharif,2.841,369259.0
Rice,IND_ANDHRAPRADESH_WARANGAL,2001,Rabi,2.941998,145776.0
Rice,IND_ANDHRAPRADESH_WARANGAL,2002,Kharif,2.076004,228074.0
Rice,IND_ANDHRAPRADESH_WARANGAL,2002,Rabi,2.553016,64673.0
Rice,IND_ANDHRAPRADESH_WARANGAL,2003,Kharif,3.071003,381827.0
Rice,IND_ANDHRAPRADESH_WARANGAL,2003,Rabi,2.809006,128939.0
Rice,IND_ANDHRAPRADESH_WARANGAL,2004,Kharif,2.691996,291842.0
Rice,IND_ANDHRAPRADESH_WARANGAL,2004,Rabi,2.91699,63920.0
Rice,IND_ANDHRAPRADESH_WARANGAL,2005,Kharif,3.163998,440805.0
Rice,IND_ANDHRAPRADESH_WARANGAL,2005,Rabi,3.282994,205371.0
Rice,IND_ANDHRAPRADESH_WARANGAL,2006,Kharif,2.909001,408002.0
Rice,IND_ANDHRAPRADESH_WARANGAL,2006,Rabi,2.641002,181384.0
Rice,IND_ANDHRAPRADESH_WARANGAL,2007,Kharif,3.078261,354000.0
Rice,IND_ANDHRAPRADESH_WARANGAL,2007,Rabi,2.847222,205000.0
Rice,IND_ANDHRAPRADESH_WARANGAL,2008,Kharif,3.009002,459932.0
Rice,IND_ANDHRAPRADESH_WARANGAL,2008,Rabi,2.949004,230040.0
Rice,IND_ANDHRAPRADESH_WARANGAL,2009,Kharif,2.481006,209253.0
Rice,IND_ANDHRAPRADESH_WARANGAL,2009,Rabi,2.670991,107072.0
Rice,IND_ANDHRAPRADESH_WARANGAL,2010,Kharif,3.067817,519314.0
Rice,IND_ANDHRAPRADESH_WARANGAL,2010,Rabi,3.452998,341094.0
Rice,IND_ANDHRAPRADESH_WARANGAL,2011,Kharif,2.516783,404520.0
Rice,IND_ANDHRAPRADESH_WARANGAL,2011,Rabi,2.662999,169420.0
Rice,IND_ANDHRAPRADESH_WARANGAL,2012,Kharif,3.151079,438000.0
Rice,IND_ANDHRAPRADESH_WARANGAL,2012,Rabi,3.535211,251000.0
Rice,IND_ANDHRAPRADESH_WESTGODAVARI,1997,Kharif,2.550162,630400.0
Rice,IND_ANDHRAPRADESH_WESTGODAVARI,1997,Rabi,3.502583,678100.0
Rice,IND_ANDHRAPRADESH_WESTGODAVARI,1998,Kharif,2.467176,646400.0
Rice,IND_ANDHRAPRADESH_WESTGODAVARI,1998,Rabi,4.370046,849100.0
Rice,IND_ANDHRAPRADESH_WESTGODAVARI,1999,Kharif,2.566393,685440.0
Rice,IND_ANDHRAPRADESH_WESTGODAVARI,1999,Rabi,4.038381,780930.0
Rice,IND_ANDHRAPRADESH_WESTGODAVARI,2000,Kharif,2.911001,794415.0
Rice,IND_ANDHRAPRADESH_WESTGODAVARI,2000,Rabi,4.319001,858462.0
Rice,IND_ANDHRAPRADESH_WESTGODAVARI,2001,Kharif,2.589,576622.0
Rice,IND_ANDHRAPRADESH_WESTGODAVARI,2001,Rabi,4.681998,896509.0
Rice,IND_ANDHRAPRADESH_WESTGODAVARI,2002,Kharif,3.072001,659110.0
Rice,IND_ANDHRAPRADESH_WESTGODAVARI,2002,Rabi,4.326998,506579.0
Rice,IND_ANDHRAPRADESH_WESTGODAVARI,2003,Kharif,3.498999,812590.0
Rice,IND_ANDHRAPRADESH_WESTGODAVARI,2003,Rabi,4.871999,867133.0
Rice,IND_ANDHRAPRADESH_WESTGODAVARI,2004,Kharif,3.447999,842122.0
Rice,IND_ANDHRAPRADESH_WESTGODAVARI,2004,Rabi,4.594,807446.0
Rice,IND_ANDHRAPRADESH_WESTGODAVARI,2005,Kharif,1.877,475859.0
Rice,IND_ANDHRAPRADESH_WESTGODAVARI,2005,Rabi,4.609999,887411.0
Rice,IND_ANDHRAPRADESH_WESTGODAVARI,2006,Kharif,2.780999,682001.0
Rice,IND_ANDHRAPRADESH_WESTGODAVARI,2006,Rabi,4.635002,875107.0
Rice,IND_ANDHRAPRADESH_WESTGODAVARI,2007,Kharif,3.248031,825000.0
Rice,IND_ANDHRAPRADESH_WESTGODAVARI,2007,Rabi,4.239583,814000.0
Rice,IND_ANDHRAPRADESH_WESTGODAVARI,2008,Kharif,3.047999,778593.0
Rice,IND_ANDHRAPRADESH_WESTGODAVARI,2008,Rabi,4.214,821789.0
Rice,IND_ANDHRAPRADESH_WESTGODAVARI,2009,Kharif,3.101002,660163.0
Rice,IND_ANDHRAPRADESH_WESTGODAVARI,2009,Rabi,3.931999,454893.0
Rice,IND_ANDHRAPRADESH_WESTGODAVARI,2010,Kharif,2.18156,558800.0
Rice,IND_ANDHRAPRADESH_WESTGODAVARI,2010,Rabi,4.648998,931515.0
Rice,IND_ANDHRAPRADESH_WESTGODAVARI,2011,Kharif,3.180816,764242.0
Rice,IND_ANDHRAPRADESH_WESTGODAVARI,2011,Rabi,4.406002,544225.0
Rice,IND_ANDHRAPRADESH_WESTGODAVARI,2012,Kharif,1.987654,483000.0
Rice,IND_ANDHRAPRADESH_WESTGODAVARI,2012,Rabi,4.477778,806000.0
Rice,IND_ANDHRAPRADESH_WESTGODAVARI,2013,Kharif,2.169,521419.0
Rice,IND_ANDHRAPRADESH_WESTGODAVARI,2013,Rabi,4.555001,820916.0
Rice,IND_ANDHRAPRADESH_WESTGODAVARI,2014,Kharif,3.168001,733313.0
Rice,IND_ANDHRAPRADESH_WESTGODAVARI,2014,Rabi,5.011,891011.0
Rice,IND_ANDHRAPRADESH_WESTGODAVARI,2015,Kharif,3.175708,727885.0
Rice,IND_ANDHRAPRADESH_WESTGODAVARI,2015,Rabi,4.757334,830621.0
Rice,IND_ANDHRAPRADESH_WESTGODAVARI,2016,Kharif,3.553281,820044.0
Rice,IND_ANDHRAPRADESH_WESTGODAVARI,2016,Rabi,5.017334,846053.0
Rice,IND_ANDHRAPRADESH_WESTGODAVARI,2017,Kharif,3.560998,807492.0
Rice,IND_ANDHRAPRADESH_WESTGODAVARI,2017,Rabi,5.324997,886415.0
Rice,IND_ANDHRAPRADESH_WESTGODAVARI,2018,Kharif,3.779024,857555.0
Rice,IND_ANDHRAPRADESH_WESTGODAVARI,2018,Rabi,5.219997,887149.0
Rice,IND_ANDHRAPRADESH_WESTGODAVARI,2019,Kharif,3.791313,850763.0
Rice,IND_ANDHRAPRADESH_WESTGODAVARI,2019,Rabi,5.394664,915879.0
Rice,IND_KARNATAKA_BAGALKOTE,1998,Kharif,1.604061,316.0
Rice,IND_KARNATAKA_BAGALKOTE,1999,Kharif,1.578125,202.0
Rice,IND_KARNATAKA_BAGALKOTE,2000,Kharif,1.818713,311.0
Rice,IND_KARNATAKA_BAGALKOTE,2001,Kharif,2.403509,411.0
Rice,IND_KARNATAKA_BAGALKOTE,2001,Summer,1.461538,19.0
Rice,IND_KARNATAKA_BAGALKOTE,2002,Kharif,2.053571,230.0
Rice,IND_KARNATAKA_BAGALKOTE,2002,Summer,1.066667,16.0
Rice,IND_KARNATAKA_BAGALKOTE,2003,Kharif,2.258065,210.0
Rice,IND_KARNATAKA_BAGALKOTE,2003,Summer,3.5,7.0
Rice,IND_KARNATAKA_BAGALKOTE,2004,Kharif,2.796875,179.0
Rice,IND_KARNATAKA_BAGALKOTE,2005,Kharif,2.81746,355.0
Rice,IND_KARNATAKA_BAGALKOTE,2005,Summer,3.111111,196.0
Rice,IND_KARNATAKA_BAGALKOTE,2006,Kharif,2.897436,339.0
Rice,IND_KARNATAKA_BAGALKOTE,2007,Kharif,3.029412,206.0
Rice,IND_KARNATAKA_BAGALKOTE,2008,Kharif,3.057471,266.0
Rice,IND_KARNATAKA_BAGALKOTE,2009,Kharif,2.87218,382.0
Rice,IND_KARNATAKA_BAGALKOTE,2010,Kharif,3.206612,388.0
Rice,IND_KARNATAKA_BAGALKOTE,2010,Summer,3.217391,74.0
Rice,IND_KARNATAKA_BAGALKOTE,2011,Kharif,3.21519,254.0
Rice,IND_KARNATAKA_BAGALKOTE,2011,Summer,3.333333,20.0
Rice,IND_KARNATAKA_BAGALKOTE,2012,Kharif,2.55102,125.0
Rice,IND_KARNATAKA_BAGALKOTE,2013,Kharif,2.962963,160.0
Rice,IND_KARNATAKA_BAGALKOTE,2014,Kharif,3.04,76.0
Rice,IND_KARNATAKA_BAGALKOTE,2015,Kharif,2.71875,87.0
Rice,IND_KARNATAKA_BAGALKOTE,2016,Kharif,2.764706,47.0
Rice,IND_KARNATAKA_BAGALKOTE,2018,Kharif,2.851852,154.0
Rice,IND_KARNATAKA_BAGALKOTE,2019,Kharif,3.212121,106.0
Rice,IND_KARNATAKA_BAGALKOTE,2019,Summer,3.040816,149.0
Rice,IND_KARNATAKA_BALLARI,1997,Kharif,2.835747,96733.0
Rice,IND_KARNATAKA_BALLARI,1997,Summer,2.781615,65571.0
Rice,IND_KARNATAKA_BALLARI,1998,Kharif,3.171595,124945.0
Rice,IND_KARNATAKA_BALLARI,1998,Summer,3.38579,99742.0
Rice,IND_KARNATAKA_BALLARI,1999,Kharif,3.382678,162081.0
Rice,IND_KARNATAKA_BALLARI,1999,Summer,3.013394,94717.0
Rice,IND_KARNATAKA_BALLARI,2000,Kharif,3.280454,172729.0
Rice,IND_KARNATAKA_BALLARI,2000,Summer,3.213837,100892.0
Rice,IND_KARNATAKA_BALLARI,2001,Kharif,3.22108,175813.0
Rice,IND_KARNATAKA_BALLARI,2001,Summer,2.679005,78310.0
Rice,IND_KARNATAKA_BALLARI,2002,Kharif,3.353311,215581.0
Rice,IND_KARNATAKA_BALLARI,2002,Summer,2.509913,17597.0
Rice,IND_KARNATAKA_BALLARI,2003,Kharif,3.8019,190076.0
Rice,IND_KARNATAKA_BALLARI,2003,Summer,4.658851,27818.0
Rice,IND_KARNATAKA_BALLARI,2004,Kharif,3.429498,178111.0
Rice,IND_KARNATAKA_BALLARI,2004,Rabi,3.371429,944.0
Rice,IND_KARNATAKA_BALLARI,2004,Summer,4.702508,68619.0
Rice,IND_KARNATAKA_BALLARI,2005,Kharif,3.058997,188994.0
Rice,IND_KARNATAKA_BALLARI,2005,Rabi,3.818367,1871.0
Rice,IND_KARNATAKA_BALLARI,2005,Summer,3.417139,138524.0
Rice,IND_KARNATAKA_BALLARI,2006,Kharif,3.082753,204553.0
Rice,IND_KARNATAKA_BALLARI,2006,Rabi,4.777481,14299.0
Rice,IND_KARNATAKA_BALLARI,2006,Summer,3.533042,129221.0
Rice,IND_KARNATAKA_BALLARI,2007,Kharif,3.704048,283719.0
Rice,IND_KARNATAKA_BALLARI,2007,Rabi,3.852861,1414.0
Rice,IND_KARNATAKA_BALLARI,2007,Summer,3.21575,131492.0
Rice,IND_KARNATAKA_BALLARI,2008,Kharif,3.638498,283650.0
Rice,IND_KARNATAKA_BALLARI,2008,Rabi,4.666667,700.0
Rice,IND_KARNATAKA_BALLARI,2008,Summer,3.522606,157154.0
Rice,IND_KARNATAKA_BALLARI,2009,Kharif,3.087499,248380.0
Rice,IND_KARNATAKA_BALLARI,2009,Rabi,4.021739,185.0
Rice,IND_KARNATAKA_BALLARI,2009,Summer,3.323088,132661.0
Rice,IND_KARNATAKA_BALLARI,2010,Kharif,3.821845,339376.0
Rice,IND_KARNATAKA_BALLARI,2010,Rabi,4.459259,602.0
Rice,IND_KARNATAKA_BALLARI,2010,Summer,3.496011,145941.0
Rice,IND_KARNATAKA_BALLARI,2011,Kharif,3.740152,288837.0
Rice,IND_KARNATAKA_BALLARI,2011,Summer,3.583391,139548.0
Rice,IND_KARNATAKA_BALLARI,2012,Kharif,3.708801,289394.0
Rice,IND_KARNATAKA_BALLARI,2012,Summer,3.161605,98386.0
Rice,IND_KARNATAKA_BALLARI,2013,Kharif,3.825655,290788.0
Rice,IND_KARNATAKA_BALLARI,2013,Summer,3.701199,127832.0
Rice,IND_KARNATAKA_BALLARI,2014,Kharif,3.694554,286690.0
Rice,IND_KARNATAKA_BALLARI,2014,Rabi,2.475,99.0
Rice,IND_KARNATAKA_BALLARI,2014,Summer,2.959249,121344.0
Rice,IND_KARNATAKA_BALLARI,2015,Kharif,3.751547,283647.0
Rice,IND_KARNATAKA_BALLARI,2015,Summer,3.200576,57796.0
Rice,IND_KARNATAKA_BALLARI,2016,Kharif,3.928248,328323.0
Rice,IND_KARNATAKA_BALLARI,2016,Rabi,2.636364,29.0
Rice,IND_KARNATAKA_BALLARI,2016,Summer,2.763535,9443.0
Rice,IND_KARNATAKA_BALLARI,2017,Kharif,4.229406,234990.0
Rice,IND_KARNATAKA_BALLARI,2017,Rabi,2.667624,17657.0
Rice,IND_KARNATAKA_BALLARI,2017,Summer,3.413352,135691.0
Rice,IND_KARNATAKA_BALLARI,2018,Kharif,4.043199,427823.0
Rice,IND_KARNATAKA_BALLARI,2018,Rabi,2.476467,3841.0
Rice,IND_KARNATAKA_BALLARI,2018,Summer,3.651812,111530.0
Rice,IND_KARNATAKA_BALLARI,2019,Kharif,4.342447,421999.0
Rice,IND_KARNATAKA_BALLARI,2019,Summer,3.856038,131086.0
Rice,IND_KARNATAKA_BANGALORERURAL,1997,Kharif,2.335943,26256.0
Rice,IND_KARNATAKA_BANGALORERURAL,1997,Rabi,2.164103,422.0
Rice,IND_KARNATAKA_BANGALORERURAL,1997,Summer,2.850115,12398.0
Rice,IND_KARNATAKA_BANGALORERURAL,1998,Kharif,2.765956,39567.0
Rice,IND_KARNATAKA_BANGALORERURAL,1998,Summer,3.22816,21506.0
Rice,IND_KARNATAKA_BANGALORERURAL,1999,Kharif,2.808249,32410.0
Rice,IND_KARNATAKA_BANGALORERURAL,1999,Rabi,2.12931,1729.0
Rice,IND_KARNATAKA_BANGALORERURAL,1999,Summer,2.737954,21764.0
Rice,IND_KARNATAKA_BANGALORERURAL,2000,Kharif,2.501281,37089.0
Rice,IND_KARNATAKA_BANGALORERURAL,2000,Rabi,2.142657,1532.0
Rice,IND_KARNATAKA_BANGALORERURAL,2000,Summer,2.684768,18490.0
Rice,IND_KARNATAKA_BANGALORERURAL,2001,Kharif,2.55914,28322.0
Rice,IND_KARNATAKA_BANGALORERURAL,2001,Rabi,1.91716,324.0
Rice,IND_KARNATAKA_BANGALORERURAL,2001,Summer,2.567849,7891.0
Rice,IND_KARNATAKA_BANGALORERURAL,2002,Kharif,2.263719,12953.0
Rice,IND_KARNATAKA_BANGALORERURAL,2002,Rabi,2.09375,67.0
Rice,IND_KARNATAKA_BANGALORERURAL,2002,Summer,2.765661,1192.0
Rice,IND_KARNATAKA_BANGALORERURAL,2003,Kharif,2.372308,13878.0
Rice,IND_KARNATAKA_BANGALORERURAL,2003,Rabi,2.9625,711.0
Rice,IND_KARNATAKA_BANGALORERURAL,2003,Summer,3.991684,1920.0
Rice,IND_KARNATAKA_BANGALORERURAL,2004,Kharif,2.774043,23768.0
Rice,IND_KARNATAKA_BANGALORERURAL,2004,Rabi,3.4,17.0
Rice,IND_KARNATAKA_BANGALORERURAL,2004,Summer,4.47375,3579.0
Rice,IND_KARNATAKA_BANGALORERURAL,2005,Kharif,2.279885,22181.0
Rice,IND_KARNATAKA_BANGALORERURAL,2005,Rabi,2.222222,40.0
Rice,IND_KARNATAKA_BANGALORERURAL,2005,Summer,3.10936,6511.0
Rice,IND_KARNATAKA_BANGALORERURAL,2006,Kharif,2.032561,14919.0
Rice,IND_KARNATAKA_BANGALORERURAL,2006,Rabi,2.307692,30.0
Rice,IND_KARNATAKA_BANGALORERURAL,2006,Summer,0.771955,545.0
Rice,IND_KARNATAKA_BANGALORERURAL,2007,Kharif,2.978894,5928.0
Rice,IND_KARNATAKA_BANGALORERURAL,2007,Rabi,2.1875,35.0
Rice,IND_KARNATAKA_BANGALORERURAL,2007,Summer,3.05,305.0
Rice,IND_KARNATAKA_BANGALORERURAL,2008,Kharif,4.35073,7753.0
Rice,IND_KARNATAKA_BANGALORERURAL,2008,Rabi,2.166667,26.0
Rice,IND_KARNATAKA_BANGALORERURAL,2008,Summer,3.020501,1326.0
Rice,IND_KARNATAKA_BANGALORERURAL,2009,Kharif,4.426885,6751.0
Rice,IND_KARNATAKA_BANGALORERURAL,2009,Rabi,2.333333,7.0
Rice,IND_KARNATAKA_BANGALORERURAL,2009,Summer,3.057554,425.0
Rice,IND_KARNATAKA_BANGALORERURAL,2010,Kharif,2.930111,4486.0
Rice,IND_KARNATAKA_BANGALORERURAL,2010,Summer,3.232258,501.0
Rice,IND_KARNATAKA_BANGALORERURAL,2011,Kharif,3.312329,4836.0
Rice,IND_KARNATAKA_BANGALORERURAL,2011,Summer,3.405229,521.0
Rice,IND_KARNATAKA_BANGALORERURAL,2012,Kharif,2.903427,2796.0
Rice,IND_KARNATAKA_BANGALORERURAL,2012,Rabi,2.0,2.0
Rice,IND_KARNATAKA_BANGALORERURAL,2012,Summer,3.153846,41.0
Rice,IND_KARNATAKA_BANGALORERURAL,2013,Kharif,3.207299,2197.0
Rice,IND_KARNATAKA_BANGALORERURAL,2013,Summer,3.379562,463.0
Rice,IND_KARNATAKA_BANGALORERURAL,2014,Kharif,3.5,2093.0
Rice,IND_KARNATAKA_BANGALORERURAL,2014,Summer,3.061224,150.0
Rice,IND_KARNATAKA_BANGALORERURAL,2015,Kharif,2.632102,1853.0
Rice,IND_KARNATAKA_BANGALORERURAL,2015,Summer,2.96875,95.0
Rice,IND_KARNATAKA_BANGALORERURAL,2016,Kharif,2.616667,1413.0
Rice,IND_KARNATAKA_BANGALORERURAL,2016,Rabi,3.0,3.0
Rice,IND_KARNATAKA_BANGALORERURAL,2016,Summer,2.875,138.0
Rice,IND_KARNATAKA_BANGALORERURAL,2017,Kharif,2.838346,1510.0
Rice,IND_KARNATAKA_BANGALORERURAL,2017,Summer,3.125,450.0
Rice,IND_KARNATAKA_BANGALORERURAL,2018,Kharif,2.973118,553.0
Rice,IND_KARNATAKA_BANGALORERURAL,2018,Summer,3.202532,253.0
Rice,IND_KARNATAKA_BANGALORERURAL,2019,Kharif,2.907801,410.0
Rice,IND_KARNATAKA_BANGALORERURAL,2019,Summer,3.030769,197.0
Rice,IND_KARNATAKA_BELAGAVI,1997,Kharif,1.438432,91677.0
Rice,IND_KARNATAKA_BELAGAVI,1997,Summer,2.85,114.0
Rice,IND_KARNATAKA_BELAGAVI,1998,Kharif,1.81895,114050.0
Rice,IND_KARNATAKA_BELAGAVI,1998,Summer,3.233333,97.0
Rice,IND_KARNATAKA_BELAGAVI,1999,Kharif,1.886531,119657.0
Rice,IND_KARNATAKA_BELAGAVI,1999,Summer,1.391304,32.0
Rice,IND_KARNATAKA_BELAGAVI,2000,Kharif,1.649224,105237.0
Rice,IND_KARNATAKA_BELAGAVI,2001,Kharif,0.885143,56350.0
Rice,IND_KARNATAKA_BELAGAVI,2001,Summer,2.558442,197.0
Rice,IND_KARNATAKA_BELAGAVI,2002,Kharif,0.575121,37874.0
Rice,IND_KARNATAKA_BELAGAVI,2002,Summer,2.682119,405.0
Rice,IND_KARNATAKA_BELAGAVI,2003,Kharif,0.718228,48851.0
Rice,IND_KARNATAKA_BELAGAVI,2003,Summer,3.873874,430.0
Rice,IND_KARNATAKA_BELAGAVI,2004,Kharif,1.615003,114985.0
Rice,IND_KARNATAKA_BELAGAVI,2004,Summer,4.440559,635.0
Rice,IND_KARNATAKA_BELAGAVI,2005,Kharif,2.182358,145500.0
Rice,IND_KARNATAKA_BELAGAVI,2005,Summer,3.082803,484.0
Rice,IND_KARNATAKA_BELAGAVI,2006,Kharif,1.477108,98851.0
Rice,IND_KARNATAKA_BELAGAVI,2006,Summer,2.878571,403.0
Rice,IND_KARNATAKA_BELAGAVI,2007,Kharif,1.444231,100026.0
Rice,IND_KARNATAKA_BELAGAVI,2007,Summer,3.0,495.0
Rice,IND_KARNATAKA_BELAGAVI,2008,Kharif,1.311006,93185.0
Rice,IND_KARNATAKA_BELAGAVI,2008,Summer,3.01875,483.0
Rice,IND_KARNATAKA_BELAGAVI,2009,Kharif,1.168507,83817.0
Rice,IND_KARNATAKA_BELAGAVI,2009,Summer,3.056962,483.0
Rice,IND_KARNATAKA_BELAGAVI,2010,Kharif,2.036457,139200.0
Rice,IND_KARNATAKA_BELAGAVI,2010,Summer,3.234783,372.0
Rice,IND_KARNATAKA_BELAGAVI,2011,Kharif,2.327318,158758.0
Rice,IND_KARNATAKA_BELAGAVI,2011,Summer,3.402174,313.0
Rice,IND_KARNATAKA_BELAGAVI,2012,Kharif,1.490544,94818.0
Rice,IND_KARNATAKA_BELAGAVI,2012,Summer,3.170732,260.0
Rice,IND_KARNATAKA_BELAGAVI,2013,Kharif,2.108999,123581.0
Rice,IND_KARNATAKA_BELAGAVI,2013,Summer,3.376623,260.0
Rice,IND_KARNATAKA_BELAGAVI,2014,Kharif,2.947846,176688.0
Rice,IND_KARNATAKA_BELAGAVI,2015,Kharif,0.663106,40531.0
Rice,IND_KARNATAKA_BELAGAVI,2015,Rabi,2.438776,239.0
Rice,IND_KARNATAKA_BELAGAVI,2015,Summer,3.0,27.0
Rice,IND_KARNATAKA_BELAGAVI,2016,Kharif,1.886705,123732.0
Rice,IND_KARNATAKA_BELAGAVI,2016,Summer,2.888889,26.0
Rice,IND_KARNATAKA_BELAGAVI,2017,Kharif,2.300906,148535.0
Rice,IND_KARNATAKA_BELAGAVI,2017,Summer,3.133333,94.0
Rice,IND_KARNATAKA_BELAGAVI,2018,Kharif,2.522253,134938.0
Rice,IND_KARNATAKA_BELAGAVI,2018,Summer,3.2,96.0
Rice,IND_KARNATAKA_BELAGAVI,2019,Kharif,2.505147,151599.0
Rice,IND_KARNATAKA_BELAGAVI,2019,Summer,3.03595,4138.0
Rice,IND_KARNATAKA_BENGALURUURBAN,1997,Kharif,3.145994,11033.0
Rice,IND_KARNATAKA_BENGALURUURBAN,1997,Summer,2.78754,3490.0
Rice,IND_KARNATAKA_BENGALURUURBAN,1998,Kharif,2.782006,14255.0
Rice,IND_KARNATAKA_BENGALURUURBAN,1998,Summer,3.228194,6847.0
Rice,IND_KARNATAKA_BENGALURUURBAN,1999,Kharif,2.339925,10649.0
Rice,IND_KARNATAKA_BENGALURUURBAN,1999,Rabi,2.166667,26.0
Rice,IND_KARNATAKA_BENGALURUURBAN,1999,Summer,3.101702,7289.0
Rice,IND_KARNATAKA_BENGALURUURBAN,2000,Kharif,2.693063,12073.0
Rice,IND_KARNATAKA_BENGALURUURBAN,2000,Summer,2.684866,6688.0
Rice,IND_KARNATAKA_BENGALURUURBAN,2001,Kharif,1.948574,7313.0
Rice,IND_KARNATAKA_BENGALURUURBAN,2001,Summer,2.054648,3271.0
Rice,IND_KARNATAKA_BENGALURUURBAN,2002,Kharif,2.020894,4836.0
Rice,IND_KARNATAKA_BENGALURUURBAN,2002,Summer,2.766234,1278.0
Rice,IND_KARNATAKA_BENGALURUURBAN,2003,Kharif,2.108902,4667.0
Rice,IND_KARNATAKA_BENGALURUURBAN,2003,Rabi,3.0,15.0
Rice,IND_KARNATAKA_BENGALURUURBAN,2003,Summer,4.976581,2125.0
Rice,IND_KARNATAKA_BENGALURUURBAN,2004,Kharif,3.087473,8577.0
Rice,IND_KARNATAKA_BENGALURUURBAN,2004,Summer,4.473103,3243.0
Rice,IND_KARNATAKA_BENGALURUURBAN,2005,Kharif,2.615385,6528.0
Rice,IND_KARNATAKA_BENGALURUURBAN,2005,Summer,3.109162,3190.0
Rice,IND_KARNATAKA_BENGALURUURBAN,2006,Kharif,2.689734,3537.0
Rice,IND_KARNATAKA_BENGALURUURBAN,2006,Summer,3.131059,1744.0
Rice,IND_KARNATAKA_BENGALURUURBAN,2007,Kharif,3.120158,4752.0
Rice,IND_KARNATAKA_BENGALURUURBAN,2007,Summer,3.176015,1642.0
Rice,IND_KARNATAKA_BENGALURUURBAN,2008,Kharif,3.039952,5022.0
Rice,IND_KARNATAKA_BENGALURUURBAN,2008,Summer,3.882227,1813.0
Rice,IND_KARNATAKA_BENGALURUURBAN,2009,Kharif,2.735885,4361.0
Rice,IND_KARNATAKA_BENGALURUURBAN,2009,Summer,3.718121,1662.0
Rice,IND_KARNATAKA_BENGALURUURBAN,2010,Kharif,2.848161,4258.0
Rice,IND_KARNATAKA_BENGALURUURBAN,2010,Summer,3.2325,1293.0
Rice,IND_KARNATAKA_BENGALURUURBAN,2011,Kharif,3.441844,4853.0
Rice,IND_KARNATAKA_BENGALURUURBAN,2011,Summer,3.888889,1400.0
Rice,IND_KARNATAKA_BENGALURUURBAN,2012,Kharif,3.086242,3006.0
Rice,IND_KARNATAKA_BENGALURUURBAN,2012,Rabi,2.404762,101.0
Rice,IND_KARNATAKA_BENGALURUURBAN,2012,Summer,3.589888,639.0
Rice,IND_KARNATAKA_BENGALURUURBAN,2013,Kharif,3.540881,3941.0
Rice,IND_KARNATAKA_BENGALURUURBAN,2013,Rabi,2.5,10.0
Rice,IND_KARNATAKA_BENGALURUURBAN,2013,Summer,3.694915,218.0
Rice,IND_KARNATAKA_BENGALURUURBAN,2014,Kharif,3.551579,3374.0
Rice,IND_KARNATAKA_BENGALURUURBAN,2014,Summer,4.142857,87.0
Rice,IND_KARNATAKA_BENGALURUURBAN,2015,Kharif,3.03352,2172.0
Rice,IND_KARNATAKA_BENGALURUURBAN,2015,Summer,3.636364,240.0
Rice,IND_KARNATAKA_BENGALURUURBAN,2016,Kharif,3.219595,953.0
Rice,IND_KARNATAKA_BENGALURUURBAN,2016,Rabi,2.7,27.0
Rice,IND_KARNATAKA_BENGALURUURBAN,2016,Summer,3.6,108.0
Rice,IND_KARNATAKA_BENGALURUURBAN,2017,Kharif,3.207965,725.0
Rice,IND_KARNATAKA_BENGALURUURBAN,2017,Rabi,2.666667,24.0
Rice,IND_KARNATAKA_BENGALURUURBAN,2017,Summer,3.114286,109.0
Rice,IND_KARNATAKA_BENGALURUURBAN,2018,Kharif,3.710366,1217.0
Rice,IND_KARNATAKA_BENGALURUURBAN,2018,Summer,3.212121,106.0
Rice,IND_KARNATAKA_BENGALURUURBAN,2019,Kharif,3.910995,2241.0
Rice,IND_KARNATAKA_BENGALURUURBAN,2019,Summer,3.027027,112.0
Rice,IND_KARNATAKA_BIDAR,1997,Kharif,0.650932,6109.0
Rice,IND_KARNATAKA_BIDAR,1997,Rabi,1.5,3.0
Rice,IND_KARNATAKA_BIDAR,1998,Kharif,0.607594,5825.0
Rice,IND_KARNATAKA_BIDAR,1999,Kharif,0.835379,8373.0
Rice,IND_KARNATAKA_BIDAR,1999,Summer,1.4,7.0
Rice,IND_KARNATAKA_BIDAR,2000,Kharif,0.908125,10428.0
Rice,IND_KARNATAKA_BIDAR,2000,Rabi,1.441176,49.0
Rice,IND_KARNATAKA_BIDAR,2001,Kharif,0.80613,9048.0
Rice,IND_KARNATAKA_BIDAR,2001,Rabi,1.5,45.0
Rice,IND_KARNATAKA_BIDAR,2002,Kharif,0.562531,5672.0
Rice,IND_KARNATAKA_BIDAR,2002,Rabi,1.6,40.0
Rice,IND_KARNATAKA_BIDAR,2003,Kharif,0.403285,3536.0
Rice,IND_KARNATAKA_BIDAR,2004,Kharif,0.437055,3496.0
Rice,IND_KARNATAKA_BIDAR,2005,Kharif,0.545858,4059.0
Rice,IND_KARNATAKA_BIDAR,2005,Rabi,1.607143,180.0
Rice,IND_KARNATAKA_BIDAR,2006,Kharif,0.628656,4449.0
Rice,IND_KARNATAKA_BIDAR,2006,Rabi,1.71875,110.0
Rice,IND_KARNATAKA_BIDAR,2007,Kharif,0.619935,4223.0
Rice,IND_KARNATAKA_BIDAR,2007,Rabi,1.730769,45.0
Rice,IND_KARNATAKA_BIDAR,2008,Kharif,0.74105,4078.0
Rice,IND_KARNATAKA_BIDAR,2009,Kharif,0.769597,3878.0
Rice,IND_KARNATAKA_BIDAR,2010,Kharif,0.977471,4816.0
Rice,IND_KARNATAKA_BIDAR,2011,Kharif,0.898444,5830.0
Rice,IND_KARNATAKA_BIDAR,2012,Kharif,0.988054,4880.0
Rice,IND_KARNATAKA_BIDAR,2013,Kharif,1.551232,5541.0
Rice,IND_KARNATAKA_BIDAR,2014,Kharif,0.96413,1989.0
Rice,IND_KARNATAKA_BIDAR,2015,Kharif,0.850226,1317.0
Rice,IND_KARNATAKA_BIDAR,2016,Kharif,1.198095,629.0
Rice,IND_KARNATAKA_BIDAR,2017,Kharif,1.86444,1898.0
Rice,IND_KARNATAKA_BIDAR,2018,Kharif,0.719611,444.0
Rice,IND_KARNATAKA_BIDAR,2019,Kharif,1.119785,832.0
Rice,IND_KARNATAKA_BIDAR,2019,Summer,3.041667,73.0
Rice,IND_KARNATAKA_CHAMARAJANAGARA,1998,Kharif,3.258505,52488.0
Rice,IND_KARNATAKA_CHAMARAJANAGARA,1998,Rabi,2.185714,153.0
Rice,IND_KARNATAKA_CHAMARAJANAGARA,1998,Summer,2.933537,6709.0
Rice,IND_KARNATAKA_CHAMARAJANAGARA,1999,Kharif,2.989634,41532.0
Rice,IND_KARNATAKA_CHAMARAJANAGARA,1999,Rabi,2.166667,26.0
Rice,IND_KARNATAKA_CHAMARAJANAGARA,1999,Summer,3.101742,4451.0
Rice,IND_KARNATAKA_CHAMARAJANAGARA,2000,Kharif,2.608709,42295.0
Rice,IND_KARNATAKA_CHAMARAJANAGARA,2000,Rabi,2.141176,182.0
Rice,IND_KARNATAKA_CHAMARAJANAGARA,2000,Summer,2.533602,6296.0
Rice,IND_KARNATAKA_CHAMARAJANAGARA,2001,Kharif,2.966873,49259.0
Rice,IND_KARNATAKA_CHAMARAJANAGARA,2001,Rabi,1.916667,1150.0
Rice,IND_KARNATAKA_CHAMARAJANAGARA,2001,Summer,2.903244,5191.0
Rice,IND_KARNATAKA_CHAMARAJANAGARA,2002,Kharif,3.289861,34458.0
Rice,IND_KARNATAKA_CHAMARAJANAGARA,2002,Rabi,2.087778,1879.0
Rice,IND_KARNATAKA_CHAMARAJANAGARA,2002,Summer,1.696562,1135.0
Rice,IND_KARNATAKA_CHAMARAJANAGARA,2003,Kharif,2.674273,26018.0
Rice,IND_KARNATAKA_CHAMARAJANAGARA,2003,Rabi,2.96368,2448.0
Rice,IND_KARNATAKA_CHAMARAJANAGARA,2003,Summer,3.628571,3302.0
Rice,IND_KARNATAKA_CHAMARAJANAGARA,2004,Kharif,3.362981,48511.0
Rice,IND_KARNATAKA_CHAMARAJANAGARA,2004,Rabi,3.3725,1349.0
Rice,IND_KARNATAKA_CHAMARAJANAGARA,2004,Summer,4.473859,5391.0
Rice,IND_KARNATAKA_CHAMARAJANAGARA,2005,Kharif,2.771119,44252.0
Rice,IND_KARNATAKA_CHAMARAJANAGARA,2005,Rabi,2.389662,1202.0
Rice,IND_KARNATAKA_CHAMARAJANAGARA,2005,Summer,2.660034,4679.0
Rice,IND_KARNATAKA_CHAMARAJANAGARA,2006,Kharif,2.870867,43419.0
Rice,IND_KARNATAKA_CHAMARAJANAGARA,2006,Rabi,2.535714,355.0
Rice,IND_KARNATAKA_CHAMARAJANAGARA,2006,Summer,2.268701,2305.0
Rice,IND_KARNATAKA_CHAMARAJANAGARA,2007,Kharif,2.642918,43550.0
Rice,IND_KARNATAKA_CHAMARAJANAGARA,2007,Rabi,2.538462,330.0
Rice,IND_KARNATAKA_CHAMARAJANAGARA,2007,Summer,2.416747,7475.0
Rice,IND_KARNATAKA_CHAMARAJANAGARA,2008,Kharif,2.8405,44789.0
Rice,IND_KARNATAKA_CHAMARAJANAGARA,2008,Rabi,3.15873,398.0
Rice,IND_KARNATAKA_CHAMARAJANAGARA,2008,Summer,3.050588,10372.0
Rice,IND_KARNATAKA_CHAMARAJANAGARA,2009,Kharif,2.641019,43524.0
Rice,IND_KARNATAKA_CHAMARAJANAGARA,2009,Rabi,2.969697,392.0
Rice,IND_KARNATAKA_CHAMARAJANAGARA,2009,Summer,3.494024,1754.0
Rice,IND_KARNATAKA_CHAMARAJANAGARA,2010,Kharif,2.884203,46851.0
Rice,IND_KARNATAKA_CHAMARAJANAGARA,2010,Rabi,2.821918,206.0
Rice,IND_KARNATAKA_CHAMARAJANAGARA,2010,Summer,3.120884,6635.0
Rice,IND_KARNATAKA_CHAMARAJANAGARA,2011,Kharif,3.012463,43509.0
Rice,IND_KARNATAKA_CHAMARAJANAGARA,2011,Rabi,3.462168,1693.0
Rice,IND_KARNATAKA_CHAMARAJANAGARA,2011,Summer,3.074656,1565.0
Rice,IND_KARNATAKA_CHAMARAJANAGARA,2012,Kharif,3.405763,23401.0
Rice,IND_KARNATAKA_CHAMARAJANAGARA,2012,Rabi,3.479858,20646.0
Rice,IND_KARNATAKA_CHAMARAJANAGARA,2012,Summer,4.692308,1220.0
Rice,IND_KARNATAKA_CHAMARAJANAGARA,2013,Kharif,3.718285,55778.0
Rice,IND_KARNATAKA_CHAMARAJANAGARA,2013,Rabi,2.5,65.0
Rice,IND_KARNATAKA_CHAMARAJANAGARA,2013,Summer,3.502857,1226.0
Rice,IND_KARNATAKA_CHAMARAJANAGARA,2014,Kharif,3.235679,44455.0
Rice,IND_KARNATAKA_CHAMARAJANAGARA,2014,Rabi,3.352941,57.0
Rice,IND_KARNATAKA_CHAMARAJANAGARA,2014,Summer,3.483333,209.0
Rice,IND_KARNATAKA_CHAMARAJANAGARA,2015,Kharif,3.599558,48900.0
Rice,IND_KARNATAKA_CHAMARAJANAGARA,2015,Rabi,2.431193,265.0
Rice,IND_KARNATAKA_CHAMARAJANAGARA,2015,Summer,3.526882,656.0
Rice,IND_KARNATAKA_CHAMARAJANAGARA,2016,Kharif,2.198271,14746.0
Rice,IND_KARNATAKA_CHAMARAJANAGARA,2016,Rabi,1.466667,66.0
Rice,IND_KARNATAKA_CHAMARAJANAGARA,2016,Summer,4.352941,296.0
Rice,IND_KARNATAKA_CHAMARAJANAGARA,2017,Kharif,3.712613,9831.0
Rice,IND_KARNATAKA_CHAMARAJANAGARA,2017,Rabi,4.135135,765.0
Rice,IND_KARNATAKA_CHAMARAJANAGARA,2017,Summer,3.533708,629.0
Rice,IND_KARNATAKA_CHAMARAJANAGARA,2018,Kharif,3.557712,34830.0
Rice,IND_KARNATAKA_CHAMARAJANAGARA,2018,Rabi,3.447837,1355.0
Rice,IND_KARNATAKA_CHAMARAJANAGARA,2018,Summer,3.019763,764.0
Rice,IND_KARNATAKA_CHAMARAJANAGARA,2019,Kharif,3.432405,23282.0
Rice,IND_KARNATAKA_CHAMARAJANAGARA,2019,Summer,3.270986,5806.0
Rice,IND_KARNATAKA_CHIKKABALLAPURA,2007,Kharif,2.678913,10646.0
Rice,IND_KARNATAKA_CHIKKABALLAPURA,2007,Rabi,2.172727,239.0
Rice,IND_KARNATAKA_CHIKKABALLAPURA,2007,Summer,3.030624,5443.0
Rice,IND_KARNATAKA_CHIKKABALLAPURA,2008,Kharif,2.966607,15014.0
Rice,IND_KARNATAKA_CHIKKABALLAPURA,2008,Summer,3.132963,9590.0
Rice,IND_KARNATAKA_CHIKKABALLAPURA,2009,Kharif,2.545111,6742.0
Rice,IND_KARNATAKA_CHIKKABALLAPURA,2009,Rabi,2.247312,209.0
Rice,IND_KARNATAKA_CHIKKABALLAPURA,2009,Summer,2.515397,1552.0
Rice,IND_KARNATAKA_CHIKKABALLAPURA,2010,Kharif,3.283225,21666.0
Rice,IND_KARNATAKA_CHIKKABALLAPURA,2010,Rabi,2.379221,2748.0
Rice,IND_KARNATAKA_CHIKKABALLAPURA,2010,Summer,2.671548,5108.0
Rice,IND_KARNATAKA_CHIKKABALLAPURA,2011,Kharif,2.959821,15249.0
Rice,IND_KARNATAKA_CHIKKABALLAPURA,2011,Summer,3.391489,1594.0
Rice,IND_KARNATAKA_CHIKKABALLAPURA,2012,Kharif,2.797859,8623.0
Rice,IND_KARNATAKA_CHIKKABALLAPURA,2012,Summer,3.172932,422.0
Rice,IND_KARNATAKA_CHIKKABALLAPURA,2013,Kharif,2.855847,5983.0
Rice,IND_KARNATAKA_CHIKKABALLAPURA,2013,Summer,2.888889,26.0
Rice,IND_KARNATAKA_CHIKKABALLAPURA,2014,Kharif,2.377972,1900.0
Rice,IND_KARNATAKA_CHIKKABALLAPURA,2014,Summer,1.8,27.0
Rice,IND_KARNATAKA_CHIKKABALLAPURA,2015,Kharif,2.754934,3350.0
Rice,IND_KARNATAKA_CHIKKABALLAPURA,2015,Summer,2.333333,273.0
Rice,IND_KARNATAKA_CHIKKABALLAPURA,2016,Kharif,2.483477,3457.0
Rice,IND_KARNATAKA_CHIKKABALLAPURA,2016,Summer,2.857143,40.0
Rice,IND_KARNATAKA_CHIKKABALLAPURA,2017,Kharif,3.312757,805.0
Rice,IND_KARNATAKA_CHIKKABALLAPURA,2017,Summer,4.106383,772.0
Rice,IND_KARNATAKA_CHIKKABALLAPURA,2018,Kharif,3.13036,1825.0
Rice,IND_KARNATAKA_CHIKKABALLAPURA,2018,Summer,3.0,3.0
Rice,IND_KARNATAKA_CHIKKABALLAPURA,2019,Kharif,3.32636,795.0
Rice,IND_KARNATAKA_CHIKKABALLAPURA,2019,Summer,3.037453,811.0
Rice,IND_KARNATAKA_CHIKKAMAGALURU,1997,Kharif,2.346858,112905.0
Rice,IND_KARNATAKA_CHIKKAMAGALURU,1997,Summer,3.509181,12040.0
Rice,IND_KARNATAKA_CHIKKAMAGALURU,1998,Kharif,2.34464,108109.0
Rice,IND_KARNATAKA_CHIKKAMAGALURU,1998,Summer,2.868167,10704.0
Rice,IND_KARNATAKA_CHIKKAMAGALURU,1999,Kharif,2.370116,114524.0
Rice,IND_KARNATAKA_CHIKKAMAGALURU,1999,Summer,3.040164,14836.0
Rice,IND_KARNATAKA_CHIKKAMAGALURU,2000,Kharif,2.467083,114036.0
Rice,IND_KARNATAKA_CHIKKAMAGALURU,2000,Summer,2.356337,7102.0
Rice,IND_KARNATAKA_CHIKKAMAGALURU,2001,Kharif,2.314863,102979.0
Rice,IND_KARNATAKA_CHIKKAMAGALURU,2001,Summer,2.903163,8904.0
Rice,IND_KARNATAKA_CHIKKAMAGALURU,2002,Kharif,1.967815,84557.0
Rice,IND_KARNATAKA_CHIKKAMAGALURU,2002,Summer,2.831361,2871.0
Rice,IND_KARNATAKA_CHIKKAMAGALURU,2003,Kharif,1.891076,76842.0
Rice,IND_KARNATAKA_CHIKKAMAGALURU,2003,Summer,3.62924,3103.0
Rice,IND_KARNATAKA_CHIKKAMAGALURU,2004,Kharif,2.507995,105085.0
Rice,IND_KARNATAKA_CHIKKAMAGALURU,2004,Summer,4.47353,16816.0
Rice,IND_KARNATAKA_CHIKKAMAGALURU,2005,Kharif,2.377126,97398.0
Rice,IND_KARNATAKA_CHIKKAMAGALURU,2005,Summer,2.709326,10458.0
Rice,IND_KARNATAKA_CHIKKAMAGALURU,2006,Kharif,2.436668,102630.0
Rice,IND_KARNATAKA_CHIKKAMAGALURU,2006,Summer,2.697923,9610.0
Rice,IND_KARNATAKA_CHIKKAMAGALURU,2007,Kharif,2.645038,102482.0
Rice,IND_KARNATAKA_CHIKKAMAGALURU,2007,Summer,2.608829,8510.0
Rice,IND_KARNATAKA_CHIKKAMAGALURU,2008,Kharif,2.47949,100583.0
Rice,IND_KARNATAKA_CHIKKAMAGALURU,2008,Summer,2.39032,7704.0
Rice,IND_KARNATAKA_CHIKKAMAGALURU,2009,Kharif,2.49849,100102.0
Rice,IND_KARNATAKA_CHIKKAMAGALURU,2009,Summer,2.282919,8166.0
Rice,IND_KARNATAKA_CHIKKAMAGALURU,2010,Kharif,2.744145,111308.0
Rice,IND_KARNATAKA_CHIKKAMAGALURU,2010,Summer,2.218374,7751.0
Rice,IND_KARNATAKA_CHIKKAMAGALURU,2011,Kharif,2.713204,113629.0
Rice,IND_KARNATAKA_CHIKKAMAGALURU,2011,Summer,2.566076,8971.0
Rice,IND_KARNATAKA_CHIKKAMAGALURU,2012,Kharif,2.272405,80175.0
Rice,IND_KARNATAKA_CHIKKAMAGALURU,2012,Summer,2.694978,7298.0
Rice,IND_KARNATAKA_CHIKKAMAGALURU,2013,Kharif,2.752162,105672.0
Rice,IND_KARNATAKA_CHIKKAMAGALURU,2013,Summer,2.424585,6430.0
Rice,IND_KARNATAKA_CHIKKAMAGALURU,2014,Kharif,2.600155,97056.0
Rice,IND_KARNATAKA_CHIKKAMAGALURU,2014,Summer,2.73887,8244.0
Rice,IND_KARNATAKA_CHIKKAMAGALURU,2015,Kharif,2.676154,86223.0
Rice,IND_KARNATAKA_CHIKKAMAGALURU,2015,Summer,2.561812,2093.0
Rice,IND_KARNATAKA_CHIKKAMAGALURU,2016,Kharif,2.391166,70867.0
Rice,IND_KARNATAKA_CHIKKAMAGALURU,2016,Summer,3.323129,977.0
Rice,IND_KARNATAKA_CHIKKAMAGALURU,2017,Kharif,2.393044,57658.0
Rice,IND_KARNATAKA_CHIKKAMAGALURU,2017,Summer,2.487161,6974.0
Rice,IND_KARNATAKA_CHIKKAMAGALURU,2018,Kharif,2.405421,42155.0
Rice,IND_KARNATAKA_CHIKKAMAGALURU,2018,Summer,3.520613,6661.0
Rice,IND_KARNATAKA_CHIKKAMAGALURU,2019,Kharif,2.516564,36236.0
Rice,IND_KARNATAKA_CHIKKAMAGALURU,2019,Summer,3.091572,3815.0
Rice,IND_KARNATAKA_CHITRADURGA,1997,Kharif,3.435242,136465.0
Rice,IND_KARNATAKA_CHITRADURGA,1997,Rabi,2.129577,756.0
Rice,IND_KARNATAKA_CHITRADURGA,1997,Summer,3.363827,110865.0
Rice,IND_KARNATAKA_CHITRADURGA,1998,Kharif,3.064606,9914.0
Rice,IND_KARNATAKA_CHITRADURGA,1998,Rabi,2.079452,1518.0
Rice,IND_KARNATAKA_CHITRADURGA,1998,Summer,2.951988,16109.0
Rice,IND_KARNATAKA_CHITRADURGA,1999,Kharif,2.329266,14509.0
Rice,IND_KARNATAKA_CHITRADURGA,1999,Rabi,2.060241,1539.0
Rice,IND_KARNATAKA_CHITRADURGA,1999,Summer,2.673147,16774.0
Rice,IND_KARNATAKA_CHITRADURGA,2000,Kharif,2.713567,19961.0
Rice,IND_KARNATAKA_CHITRADURGA,2000,Rabi,2.141903,2566.0
Rice,IND_KARNATAKA_CHITRADURGA,2000,Summer,2.498946,16598.0
Rice,IND_KARNATAKA_CHITRADURGA,2001,Kharif,2.103743,14053.0
Rice,IND_KARNATAKA_CHITRADURGA,2001,Rabi,1.901773,2575.0
Rice,IND_KARNATAKA_CHITRADURGA,2001,Summer,2.223277,9838.0
Rice,IND_KARNATAKA_CHITRADURGA,2002,Kharif,2.051402,10097.0
Rice,IND_KARNATAKA_CHITRADURGA,2002,Rabi,2.181887,2867.0
Rice,IND_KARNATAKA_CHITRADURGA,2002,Summer,2.309461,3515.0
Rice,IND_KARNATAKA_CHITRADURGA,2003,Kharif,1.983663,6921.0
Rice,IND_KARNATAKA_CHITRADURGA,2003,Rabi,3.34799,2665.0
Rice,IND_KARNATAKA_CHITRADURGA,2003,Summer,2.882547,2626.0
Rice,IND_KARNATAKA_CHITRADURGA,2004,Kharif,1.947546,6943.0
Rice,IND_KARNATAKA_CHITRADURGA,2004,Rabi,4.127962,2613.0
Rice,IND_KARNATAKA_CHITRADURGA,2004,Summer,3.217304,1599.0
Rice,IND_KARNATAKA_CHITRADURGA,2005,Kharif,2.718688,9616.0
Rice,IND_KARNATAKA_CHITRADURGA,2005,Rabi,3.099141,4689.0
Rice,IND_KARNATAKA_CHITRADURGA,2005,Summer,2.956378,17011.0
Rice,IND_KARNATAKA_CHITRADURGA,2006,Kharif,2.356945,10215.0
Rice,IND_KARNATAKA_CHITRADURGA,2006,Rabi,1.561656,1735.0
Rice,IND_KARNATAKA_CHITRADURGA,2006,Summer,2.574361,6145.0
Rice,IND_KARNATAKA_CHITRADURGA,2007,Kharif,2.513563,6857.0
Rice,IND_KARNATAKA_CHITRADURGA,2007,Rabi,2.165138,944.0
Rice,IND_KARNATAKA_CHITRADURGA,2007,Summer,2.495726,8760.0
Rice,IND_KARNATAKA_CHITRADURGA,2008,Kharif,2.137512,11254.0
Rice,IND_KARNATAKA_CHITRADURGA,2008,Rabi,1.71558,947.0
Rice,IND_KARNATAKA_CHITRADURGA,2008,Summer,2.098596,5981.0
Rice,IND_KARNATAKA_CHITRADURGA,2009,Kharif,1.966537,11107.0
Rice,IND_KARNATAKA_CHITRADURGA,2009,Rabi,1.74548,2510.0
Rice,IND_KARNATAKA_CHITRADURGA,2009,Summer,2.141389,8542.0
Rice,IND_KARNATAKA_CHITRADURGA,2010,Kharif,2.349704,18659.0
Rice,IND_KARNATAKA_CHITRADURGA,2010,Rabi,2.202518,2099.0
Rice,IND_KARNATAKA_CHITRADURGA,2010,Summer,2.29719,11610.0
Rice,IND_KARNATAKA_CHITRADURGA,2011,Kharif,2.226763,10517.0
Rice,IND_KARNATAKA_CHITRADURGA,2011,Rabi,2.301961,1174.0
Rice,IND_KARNATAKA_CHITRADURGA,2011,Summer,1.997379,1524.0
Rice,IND_KARNATAKA_CHITRADURGA,2012,Kharif,2.259078,6470.0
Rice,IND_KARNATAKA_CHITRADURGA,2012,Rabi,2.446886,668.0
Rice,IND_KARNATAKA_CHITRADURGA,2012,Summer,2.070732,849.0
Rice,IND_KARNATAKA_CHITRADURGA,2013,Kharif,2.250836,2692.0
Rice,IND_KARNATAKA_CHITRADURGA,2013,Rabi,2.753463,994.0
Rice,IND_KARNATAKA_CHITRADURGA,2013,Summer,2.135621,1307.0
Rice,IND_KARNATAKA_CHITRADURGA,2014,Kharif,2.267176,2376.0
Rice,IND_KARNATAKA_CHITRADURGA,2014,Rabi,2.30597,927.0
Rice,IND_KARNATAKA_CHITRADURGA,2014,Summer,1.930435,1110.0
Rice,IND_KARNATAKA_CHITRADURGA,2015,Kharif,2.399055,2032.0
Rice,IND_KARNATAKA_CHITRADURGA,2015,Rabi,3.082474,299.0
Rice,IND_KARNATAKA_CHITRADURGA,2015,Summer,2.152975,760.0
Rice,IND_KARNATAKA_CHITRADURGA,2016,Kharif,1.914787,1528.0
Rice,IND_KARNATAKA_CHITRADURGA,2016,Rabi,2.6,13.0
Rice,IND_KARNATAKA_CHITRADURGA,2016,Summer,2.171429,76.0
Rice,IND_KARNATAKA_CHITRADURGA,2017,Kharif,2.63662,936.0
Rice,IND_KARNATAKA_CHITRADURGA,2017,Rabi,3.124764,1653.0
Rice,IND_KARNATAKA_CHITRADURGA,2017,Summer,1.922857,1346.0
Rice,IND_KARNATAKA_CHITRADURGA,2018,Kharif,1.830749,1417.0
Rice,IND_KARNATAKA_CHITRADURGA,2018,Rabi,2.111111,76.0
Rice,IND_KARNATAKA_CHITRADURGA,2018,Summer,1.969697,65.0
Rice,IND_KARNATAKA_CHITRADURGA,2019,Kharif,2.25,216.0
Rice,IND_KARNATAKA_CHITRADURGA,2019,Rabi,2.704082,2120.0
Rice,IND_KARNATAKA_CHITRADURGA,2019,Summer,1.779661,210.0
Rice,IND_KARNATAKA_DAKSHINAKANNADA,1997,Kharif,1.939161,180119.0
Rice,IND_KARNATAKA_DAKSHINAKANNADA,1997,Rabi,1.93547,78462.0
Rice,IND_KARNATAKA_DAKSHINAKANNADA,1997,Summer,2.004895,10650.0
Rice,IND_KARNATAKA_DAKSHINAKANNADA,1998,Kharif,2.037858,79829.0
Rice,IND_KARNATAKA_DAKSHINAKANNADA,1998,Rabi,2.099544,52455.0
Rice,IND_KARNATAKA_DAKSHINAKANNADA,1998,Summer,2.48179,8927.0
Rice,IND_KARNATAKA_DAKSHINAKANNADA,1999,Kharif,2.012901,77076.0
Rice,IND_KARNATAKA_DAKSHINAKANNADA,1999,Rabi,2.12802,53109.0
Rice,IND_KARNATAKA_DAKSHINAKANNADA,1999,Summer,2.020981,5972.0
Rice,IND_KARNATAKA_DAKSHINAKANNADA,2000,Kharif,2.058705,73329.0
Rice,IND_KARNATAKA_DAKSHINAKANNADA,2000,Rabi,1.993186,48853.0
Rice,IND_KARNATAKA_DAKSHINAKANNADA,2000,Summer,2.109123,6011.0
Rice,IND_KARNATAKA_DAKSHINAKANNADA,2001,Kharif,2.161065,74077.0
Rice,IND_KARNATAKA_DAKSHINAKANNADA,2001,Rabi,2.185218,54460.0
Rice,IND_KARNATAKA_DAKSHINAKANNADA,2001,Summer,2.290551,6157.0
Rice,IND_KARNATAKA_DAKSHINAKANNADA,2002,Kharif,2.252987,74851.0
Rice,IND_KARNATAKA_DAKSHINAKANNADA,2002,Rabi,1.970171,47225.0
Rice,IND_KARNATAKA_DAKSHINAKANNADA,2002,Summer,2.053859,4843.0
Rice,IND_KARNATAKA_DAKSHINAKANNADA,2003,Kharif,2.406452,80414.0
Rice,IND_KARNATAKA_DAKSHINAKANNADA,2003,Rabi,3.055541,71573.0
Rice,IND_KARNATAKA_DAKSHINAKANNADA,2003,Summer,3.629973,8211.0
Rice,IND_KARNATAKA_DAKSHINAKANNADA,2004,Kharif,2.270514,76396.0
Rice,IND_KARNATAKA_DAKSHINAKANNADA,2004,Rabi,3.298574,76108.0
Rice,IND_KARNATAKA_DAKSHINAKANNADA,2004,Summer,3.226157,6833.0
Rice,IND_KARNATAKA_DAKSHINAKANNADA,2005,Kharif,2.412068,77109.0
Rice,IND_KARNATAKA_DAKSHINAKANNADA,2005,Rabi,2.161834,48985.0
Rice,IND_KARNATAKA_DAKSHINAKANNADA,2005,Summer,1.951548,3907.0
Rice,IND_KARNATAKA_DAKSHINAKANNADA,2006,Kharif,2.573587,85160.0
Rice,IND_KARNATAKA_DAKSHINAKANNADA,2006,Rabi,2.140284,46930.0
Rice,IND_KARNATAKA_DAKSHINAKANNADA,2006,Summer,2.280299,3970.0
Rice,IND_KARNATAKA_DAKSHINAKANNADA,2007,Kharif,2.337007,77189.0
Rice,IND_KARNATAKA_DAKSHINAKANNADA,2007,Rabi,2.187497,46714.0
Rice,IND_KARNATAKA_DAKSHINAKANNADA,2007,Summer,2.278027,3556.0
Rice,IND_KARNATAKA_DAKSHINAKANNADA,2008,Kharif,2.53649,83311.0
Rice,IND_KARNATAKA_DAKSHINAKANNADA,2008,Rabi,2.248004,47026.0
Rice,IND_KARNATAKA_DAKSHINAKANNADA,2008,Summer,2.243781,3608.0
Rice,IND_KARNATAKA_DAKSHINAKANNADA,2009,Kharif,2.270509,73980.0
Rice,IND_KARNATAKA_DAKSHINAKANNADA,2009,Rabi,2.251002,47154.0
Rice,IND_KARNATAKA_DAKSHINAKANNADA,2009,Summer,2.152047,2944.0
Rice,IND_KARNATAKA_DAKSHINAKANNADA,2010,Kharif,2.476333,80253.0
Rice,IND_KARNATAKA_DAKSHINAKANNADA,2010,Rabi,2.256696,47350.0
Rice,IND_KARNATAKA_DAKSHINAKANNADA,2010,Summer,2.296862,2855.0
Rice,IND_KARNATAKA_DAKSHINAKANNADA,2011,Kharif,2.689449,87200.0
Rice,IND_KARNATAKA_DAKSHINAKANNADA,2011,Rabi,2.223494,47207.0
Rice,IND_KARNATAKA_DAKSHINAKANNADA,2011,Summer,2.490741,3766.0
Rice,IND_KARNATAKA_DAKSHINAKANNADA,2012,Kharif,2.660963,83815.0
Rice,IND_KARNATAKA_DAKSHINAKANNADA,2012,Rabi,2.59351,54985.0
Rice,IND_KARNATAKA_DAKSHINAKANNADA,2012,Summer,2.591362,3900.0
Rice,IND_KARNATAKA_DAKSHINAKANNADA,2013,Kharif,2.749289,87004.0
Rice,IND_KARNATAKA_DAKSHINAKANNADA,2013,Rabi,2.668556,57921.0
Rice,IND_KARNATAKA_DAKSHINAKANNADA,2013,Summer,2.728283,5402.0
Rice,IND_KARNATAKA_DAKSHINAKANNADA,2014,Kharif,2.629601,78228.0
Rice,IND_KARNATAKA_DAKSHINAKANNADA,2014,Rabi,2.447222,51979.0
Rice,IND_KARNATAKA_DAKSHINAKANNADA,2014,Summer,2.071324,2817.0
Rice,IND_KARNATAKA_DAKSHINAKANNADA,2015,Kharif,2.718898,76208.0
Rice,IND_KARNATAKA_DAKSHINAKANNADA,2015,Rabi,2.607755,49769.0
Rice,IND_KARNATAKA_DAKSHINAKANNADA,2015,Summer,2.147937,3383.0
Rice,IND_KARNATAKA_DAKSHINAKANNADA,2016,Kharif,3.114085,88876.0
Rice,IND_KARNATAKA_DAKSHINAKANNADA,2016,Rabi,2.652372,27956.0
Rice,IND_KARNATAKA_DAKSHINAKANNADA,2016,Summer,3.449074,745.0
Rice,IND_KARNATAKA_DAKSHINAKANNADA,2017,Kharif,2.822431,65884.0
Rice,IND_KARNATAKA_DAKSHINAKANNADA,2017,Rabi,2.5127,24137.0
Rice,IND_KARNATAKA_DAKSHINAKANNADA,2017,Summer,2.924883,623.0
Rice,IND_KARNATAKA_DAKSHINAKANNADA,2018,Kharif,2.996344,18032.0
Rice,IND_KARNATAKA_DAKSHINAKANNADA,2018,Rabi,2.684744,9010.0
Rice,IND_KARNATAKA_DAKSHINAKANNADA,2019,Kharif,2.870858,29455.0
Rice,IND_KARNATAKA_DAKSHINAKANNADA,2019,Rabi,2.600084,6157.0
Rice,IND_KARNATAKA_DAVANGERE,1998,Kharif,3.256189,217686.0
Rice,IND_KARNATAKA_DAVANGERE,1998,Rabi,2.181818,216.0
Rice,IND_KARNATAKA_DAVANGERE,1998,Summer,3.375356,172906.0
Rice,IND_KARNATAKA_DAVANGERE,1999,Kharif,3.295288,221562.0
Rice,IND_KARNATAKA_DAVANGERE,1999,Rabi,2.131004,488.0
Rice,IND_KARNATAKA_DAVANGERE,1999,Summer,3.382002,176784.0
Rice,IND_KARNATAKA_DAVANGERE,2000,Kharif,3.524011,247086.0
Rice,IND_KARNATAKA_DAVANGERE,2000,Summer,3.64896,170151.0
Rice,IND_KARNATAKA_DAVANGERE,2001,Kharif,3.389161,227128.0
Rice,IND_KARNATAKA_DAVANGERE,2001,Summer,3.114094,123997.0
Rice,IND_KARNATAKA_DAVANGERE,2002,Kharif,2.95156,193519.0
Rice,IND_KARNATAKA_DAVANGERE,2002,Summer,2.628692,29904.0
Rice,IND_KARNATAKA_DAVANGERE,2003,Kharif,3.136896,166588.0
Rice,IND_KARNATAKA_DAVANGERE,2003,Summer,4.976148,27956.0
Rice,IND_KARNATAKA_DAVANGERE,2004,Kharif,3.097004,183098.0
Rice,IND_KARNATAKA_DAVANGERE,2004,Summer,4.684448,222174.0
Rice,IND_KARNATAKA_DAVANGERE,2005,Kharif,3.155976,225040.0
Rice,IND_KARNATAKA_DAVANGERE,2005,Summer,3.848445,227497.0
Rice,IND_KARNATAKA_DAVANGERE,2006,Kharif,3.358056,237700.0
Rice,IND_KARNATAKA_DAVANGERE,2006,Summer,3.530201,192576.0
Rice,IND_KARNATAKA_DAVANGERE,2007,Kharif,3.050104,67328.0
Rice,IND_KARNATAKA_DAVANGERE,2007,Summer,3.636609,203861.0
Rice,IND_KARNATAKA_DAVANGERE,2008,Kharif,3.315505,235255.0
Rice,IND_KARNATAKA_DAVANGERE,2008,Summer,3.575795,211873.0
Rice,IND_KARNATAKA_DAVANGERE,2009,Kharif,3.401006,255674.0
Rice,IND_KARNATAKA_DAVANGERE,2009,Summer,3.434249,213861.0
Rice,IND_KARNATAKA_DAVANGERE,2010,Kharif,3.555159,271152.0
Rice,IND_KARNATAKA_DAVANGERE,2010,Summer,3.917801,259570.0
Rice,IND_KARNATAKA_DAVANGERE,2011,Kharif,3.523073,276223.0
Rice,IND_KARNATAKA_DAVANGERE,2011,Summer,4.022297,269152.0
Rice,IND_KARNATAKA_DAVANGERE,2012,Kharif,3.283198,248085.0
Rice,IND_KARNATAKA_DAVANGERE,2012,Summer,3.371557,139306.0
Rice,IND_KARNATAKA_DAVANGERE,2013,Kharif,3.344947,248272.0
Rice,IND_KARNATAKA_DAVANGERE,2013,Summer,3.802846,203072.0
Rice,IND_KARNATAKA_DAVANGERE,2014,Kharif,3.490294,262676.0
Rice,IND_KARNATAKA_DAVANGERE,2014,Summer,3.859852,237076.0
Rice,IND_KARNATAKA_DAVANGERE,2015,Kharif,3.844651,278618.0
Rice,IND_KARNATAKA_DAVANGERE,2015,Summer,3.483638,89850.0
Rice,IND_KARNATAKA_DAVANGERE,2016,Kharif,3.190094,225294.0
Rice,IND_KARNATAKA_DAVANGERE,2016,Summer,3.490358,25340.0
Rice,IND_KARNATAKA_DAVANGERE,2017,Kharif,3.401953,54006.0
Rice,IND_KARNATAKA_DAVANGERE,2017,Summer,3.92256,190354.0
Rice,IND_KARNATAKA_DAVANGERE,2018,Kharif,3.027649,223171.0
Rice,IND_KARNATAKA_DAVANGERE,2018,Summer,3.637541,189003.0
Rice,IND_KARNATAKA_DAVANGERE,2019,Kharif,3.338305,232760.0
Rice,IND_KARNATAKA_DAVANGERE,2019,Summer,3.289838,114210.0
Rice,IND_KARNATAKA_DHARWAD,1997,Kharif,1.153377,103406.0
Rice,IND_KARNATAKA_DHARWAD,1997,Rabi,1.578947,30.0
Rice,IND_KARNATAKA_DHARWAD,1997,Summer,2.508523,6181.0
Rice,IND_KARNATAKA_DHARWAD,1998,Kharif,0.910725,33695.0
Rice,IND_KARNATAKA_DHARWAD,1998,Rabi,1.5,3.0
Rice,IND_KARNATAKA_DHARWAD,1998,Summer,3.210111,2032.0
Rice,IND_KARNATAKA_DHARWAD,1999,Kharif,0.962669,37985.0
Rice,IND_KARNATAKA_DHARWAD,1999,Summer,3.091776,2594.0
Rice,IND_KARNATAKA_DHARWAD,2000,Kharif,1.378208,53225.0
Rice,IND_KARNATAKA_DHARWAD,2000,Summer,3.05543,2701.0
Rice,IND_KARNATAKA_DHARWAD,2001,Kharif,0.213695,8323.0
Rice,IND_KARNATAKA_DHARWAD,2001,Summer,2.680851,1008.0
Rice,IND_KARNATAKA_DHARWAD,2002,Kharif,0.197625,7557.0
Rice,IND_KARNATAKA_DHARWAD,2002,Summer,2.494297,656.0
Rice,IND_KARNATAKA_DHARWAD,2003,Kharif,0.222619,6476.0
Rice,IND_KARNATAKA_DHARWAD,2003,Summer,3.884956,878.0
Rice,IND_KARNATAKA_DHARWAD,2004,Kharif,0.655505,15485.0
Rice,IND_KARNATAKA_DHARWAD,2004,Summer,4.450495,899.0
Rice,IND_KARNATAKA_DHARWAD,2005,Kharif,1.728849,39091.0
Rice,IND_KARNATAKA_DHARWAD,2005,Summer,3.099315,905.0
Rice,IND_KARNATAKA_DHARWAD,2006,Kharif,1.32531,32376.0
Rice,IND_KARNATAKA_DHARWAD,2006,Summer,2.856115,397.0
Rice,IND_KARNATAKA_DHARWAD,2007,Kharif,1.743705,44801.0
Rice,IND_KARNATAKA_DHARWAD,2007,Summer,3.054054,791.0
Rice,IND_KARNATAKA_DHARWAD,2008,Kharif,0.8455,27647.0
Rice,IND_KARNATAKA_DHARWAD,2008,Summer,3.022222,408.0
Rice,IND_KARNATAKA_DHARWAD,2009,Kharif,1.149507,30670.0
Rice,IND_KARNATAKA_DHARWAD,2009,Summer,3.054152,846.0
Rice,IND_KARNATAKA_DHARWAD,2010,Kharif,1.207202,33658.0
Rice,IND_KARNATAKA_DHARWAD,2010,Summer,3.234432,883.0
Rice,IND_KARNATAKA_DHARWAD,2011,Kharif,1.006086,25790.0
Rice,IND_KARNATAKA_DHARWAD,2011,Summer,3.4,663.0
Rice,IND_KARNATAKA_DHARWAD,2012,Kharif,0.875889,24009.0
Rice,IND_KARNATAKA_DHARWAD,2012,Summer,3.177083,305.0
Rice,IND_KARNATAKA_DHARWAD,2013,Kharif,1.121947,25080.0
Rice,IND_KARNATAKA_DHARWAD,2013,Summer,3.382022,301.0
Rice,IND_KARNATAKA_DHARWAD,2014,Kharif,1.585531,32589.0
Rice,IND_KARNATAKA_DHARWAD,2014,Summer,3.056911,376.0
Rice,IND_KARNATAKA_DHARWAD,2015,Kharif,0.304934,7287.0
Rice,IND_KARNATAKA_DHARWAD,2015,Summer,3.0,36.0
Rice,IND_KARNATAKA_DHARWAD,2016,Kharif,0.510158,11174.0
Rice,IND_KARNATAKA_DHARWAD,2016,Summer,3.0,3.0
Rice,IND_KARNATAKA_DHARWAD,2017,Kharif,0.590917,13246.0
Rice,IND_KARNATAKA_DHARWAD,2017,Summer,3.2,16.0
Rice,IND_KARNATAKA_DHARWAD,2018,Kharif,0.910114,10105.0
Rice,IND_KARNATAKA_DHARWAD,2018,Summer,3.25,13.0
Rice,IND_KARNATAKA_DHARWAD,2019,Kharif,1.225489,12212.0
Rice,IND_KARNATAKA_DHARWAD,2019,Summer,3.030303,200.0
Rice,IND_KARNATAKA_GADAG,1998,Kharif,2.311656,1884.0
Rice,IND_KARNATAKA_GADAG,1998,Rabi,1.5,3.0
Rice,IND_KARNATAKA_GADAG,1998,Summer,2.986784,678.0
Rice,IND_KARNATAKA_GADAG,1999,Kharif,2.306373,1882.0
Rice,IND_KARNATAKA_GADAG,1999,Summer,2.929878,961.0
Rice,IND_KARNATAKA_GADAG,2000,Kharif,2.385135,2118.0
Rice,IND_KARNATAKA_GADAG,2000,Summer,2.530303,668.0
Rice,IND_KARNATAKA_GADAG,2001,Kharif,2.001418,1411.0
Rice,IND_KARNATAKA_GADAG,2001,Rabi,1.333333,4.0
Rice,IND_KARNATAKA_GADAG,2001,Summer,2.404321,779.0
Rice,IND_KARNATAKA_GADAG,2002,Kharif,2.215734,2732.0
Rice,IND_KARNATAKA_GADAG,2002,Summer,1.85,333.0
Rice,IND_KARNATAKA_GADAG,2003,Kharif,2.304662,2867.0
Rice,IND_KARNATAKA_GADAG,2003,Summer,3.608696,1079.0
Rice,IND_KARNATAKA_GADAG,2004,Kharif,2.061856,1400.0
Rice,IND_KARNATAKA_GADAG,2004,Summer,4.040663,2683.0
Rice,IND_KARNATAKA_GADAG,2005,Kharif,4.446129,8212.0
Rice,IND_KARNATAKA_GADAG,2005,Summer,4.049678,4402.0
Rice,IND_KARNATAKA_GADAG,2006,Kharif,2.757191,4122.0
Rice,IND_KARNATAKA_GADAG,2006,Summer,1.539071,1359.0
Rice,IND_KARNATAKA_GADAG,2007,Kharif,2.515275,3705.0
Rice,IND_KARNATAKA_GADAG,2007,Summer,2.365571,1223.0
Rice,IND_KARNATAKA_GADAG,2008,Kharif,1.596364,1756.0
Rice,IND_KARNATAKA_GADAG,2008,Summer,1.125466,906.0
Rice,IND_KARNATAKA_GADAG,2009,Kharif,0.883621,820.0
Rice,IND_KARNATAKA_GADAG,2009,Summer,2.674354,2899.0
Rice,IND_KARNATAKA_GADAG,2010,Kharif,2.212717,1914.0
Rice,IND_KARNATAKA_GADAG,2010,Summer,3.163514,4682.0
Rice,IND_KARNATAKA_GADAG,2011,Kharif,2.759172,2933.0
Rice,IND_KARNATAKA_GADAG,2011,Summer,2.28882,1474.0
Rice,IND_KARNATAKA_GADAG,2012,Kharif,2.374302,2125.0
Rice,IND_KARNATAKA_GADAG,2012,Summer,2.420821,1651.0
Rice,IND_KARNATAKA_GADAG,2013,Kharif,2.867841,3906.0
Rice,IND_KARNATAKA_GADAG,2013,Summer,2.661981,4166.0
Rice,IND_KARNATAKA_GADAG,2014,Kharif,2.484674,2594.0
Rice,IND_KARNATAKA_GADAG,2014,Summer,3.408408,3405.0
Rice,IND_KARNATAKA_GADAG,2015,Kharif,3.224118,2834.0
Rice,IND_KARNATAKA_GADAG,2015,Summer,3.322464,2751.0
Rice,IND_KARNATAKA_GADAG,2016,Kharif,3.087413,3532.0
Rice,IND_KARNATAKA_GADAG,2016,Summer,1.275817,976.0
Rice,IND_KARNATAKA_GADAG,2017,Kharif,3.423921,4523.0
Rice,IND_KARNATAKA_GADAG,2017,Summer,2.791219,3115.0
Rice,IND_KARNATAKA_GADAG,2018,Kharif,2.54311,6312.0
Rice,IND_KARNATAKA_GADAG,2018,Summer,2.469287,3015.0
Rice,IND_KARNATAKA_GADAG,2019,Kharif,2.956549,9526.0
Rice,IND_KARNATAKA_GADAG,2019,Summer,1.961731,3127.0
Rice,IND_KARNATAKA_HASSAN,1997,Kharif,2.726403,147084.0
Rice,IND_KARNATAKA_HASSAN,1997,Rabi,2.677066,12700.0
Rice,IND_KARNATAKA_HASSAN,1997,Summer,3.121743,27796.0
Rice,IND_KARNATAKA_HASSAN,1998,Kharif,2.312413,129213.0
Rice,IND_KARNATAKA_HASSAN,1998,Rabi,2.645897,7771.0
Rice,IND_KARNATAKA_HASSAN,1998,Summer,2.448087,19264.0
Rice,IND_KARNATAKA_HASSAN,1999,Kharif,2.81375,153597.0
Rice,IND_KARNATAKA_HASSAN,1999,Rabi,2.001568,6383.0
Rice,IND_KARNATAKA_HASSAN,1999,Summer,2.486144,23954.0
Rice,IND_KARNATAKA_HASSAN,2000,Kharif,2.415235,131867.0
Rice,IND_KARNATAKA_HASSAN,2000,Rabi,2.283649,4581.0
Rice,IND_KARNATAKA_HASSAN,2000,Summer,2.888984,33622.0
Rice,IND_KARNATAKA_HASSAN,2001,Kharif,2.536128,132604.0
Rice,IND_KARNATAKA_HASSAN,2001,Rabi,2.479508,4840.0
Rice,IND_KARNATAKA_HASSAN,2001,Summer,2.285861,6693.0
Rice,IND_KARNATAKA_HASSAN,2002,Kharif,1.663698,76209.0
Rice,IND_KARNATAKA_HASSAN,2002,Rabi,1.702186,3115.0
Rice,IND_KARNATAKA_HASSAN,2002,Summer,2.510898,2880.0
Rice,IND_KARNATAKA_HASSAN,2003,Kharif,1.661262,63113.0
Rice,IND_KARNATAKA_HASSAN,2003,Rabi,1.662043,1318.0
Rice,IND_KARNATAKA_HASSAN,2003,Summer,4.3498,3258.0
Rice,IND_KARNATAKA_HASSAN,2004,Kharif,2.498502,128438.0
Rice,IND_KARNATAKA_HASSAN,2004,Rabi,4.110791,2857.0
Rice,IND_KARNATAKA_HASSAN,2004,Summer,3.732225,4042.0
Rice,IND_KARNATAKA_HASSAN,2005,Kharif,2.286337,105878.0
Rice,IND_KARNATAKA_HASSAN,2005,Rabi,1.725038,1123.0
Rice,IND_KARNATAKA_HASSAN,2005,Summer,2.235284,12455.0
Rice,IND_KARNATAKA_HASSAN,2006,Kharif,2.419688,117396.0
Rice,IND_KARNATAKA_HASSAN,2006,Rabi,2.530831,944.0
Rice,IND_KARNATAKA_HASSAN,2006,Summer,2.863158,8160.0
Rice,IND_KARNATAKA_HASSAN,2007,Kharif,2.467284,113954.0
Rice,IND_KARNATAKA_HASSAN,2007,Rabi,2.027273,446.0
Rice,IND_KARNATAKA_HASSAN,2007,Summer,2.367337,14249.0
Rice,IND_KARNATAKA_HASSAN,2008,Kharif,2.450999,115969.0
Rice,IND_KARNATAKA_HASSAN,2008,Rabi,2.013333,604.0
Rice,IND_KARNATAKA_HASSAN,2008,Summer,2.664798,14739.0
Rice,IND_KARNATAKA_HASSAN,2009,Kharif,2.698001,112021.0
Rice,IND_KARNATAKA_HASSAN,2009,Rabi,2.031532,2255.0
Rice,IND_KARNATAKA_HASSAN,2009,Summer,2.735136,13755.0
Rice,IND_KARNATAKA_HASSAN,2010,Kharif,2.944362,105364.0
Rice,IND_KARNATAKA_HASSAN,2010,Rabi,2.688508,29009.0
Rice,IND_KARNATAKA_HASSAN,2010,Summer,2.584913,13364.0
Rice,IND_KARNATAKA_HASSAN,2011,Kharif,2.581451,119911.0
Rice,IND_KARNATAKA_HASSAN,2011,Rabi,2.65392,1388.0
Rice,IND_KARNATAKA_HASSAN,2011,Summer,2.485488,4710.0
Rice,IND_KARNATAKA_HASSAN,2012,Kharif,2.179302,105184.0
Rice,IND_KARNATAKA_HASSAN,2012,Rabi,2.576923,67.0
Rice,IND_KARNATAKA_HASSAN,2012,Summer,2.521436,2529.0
Rice,IND_KARNATAKA_HASSAN,2013,Kharif,3.060903,153841.0
Rice,IND_KARNATAKA_HASSAN,2013,Rabi,2.222958,1007.0
Rice,IND_KARNATAKA_HASSAN,2013,Summer,3.449355,3746.0
Rice,IND_KARNATAKA_HASSAN,2014,Kharif,3.078943,140563.0
Rice,IND_KARNATAKA_HASSAN,2014,Rabi,2.232306,3911.0
Rice,IND_KARNATAKA_HASSAN,2014,Summer,2.71964,1814.0
Rice,IND_KARNATAKA_HASSAN,2015,Kharif,2.740742,114341.0
Rice,IND_KARNATAKA_HASSAN,2015,Rabi,2.693333,404.0
Rice,IND_KARNATAKA_HASSAN,2015,Summer,2.463646,2338.0
Rice,IND_KARNATAKA_HASSAN,2016,Kharif,2.032046,52504.0
Rice,IND_KARNATAKA_HASSAN,2016,Rabi,0.333333,1.0
Rice,IND_KARNATAKA_HASSAN,2016,Summer,2.795367,724.0
Rice,IND_KARNATAKA_HASSAN,2017,Kharif,3.214789,67562.0
Rice,IND_KARNATAKA_HASSAN,2017,Summer,4.152709,2529.0
Rice,IND_KARNATAKA_HASSAN,2018,Kharif,2.357903,109053.0
Rice,IND_KARNATAKA_HASSAN,2018,Summer,2.825771,1557.0
Rice,IND_KARNATAKA_HASSAN,2019,Kharif,2.945959,124617.0
Rice,IND_KARNATAKA_HASSAN,2019,Rabi,2.931639,4846.0
Rice,IND_KARNATAKA_HASSAN,2019,Summer,2.897307,6348.0
Rice,IND_KARNATAKA_HAVERI,1998,Kharif,1.491154,78129.0
Rice,IND_KARNATAKA_HAVERI,1998,Summer,2.628283,5204.0
Rice,IND_KARNATAKA_HAVERI,1999,Kharif,1.670252,89761.0
Rice,IND_KARNATAKA_HAVERI,1999,Summer,2.497152,4822.0
Rice,IND_KARNATAKA_HAVERI,2000,Kharif,2.052723,112869.0
Rice,IND_KARNATAKA_HAVERI,2000,Summer,2.56314,4506.0
Rice,IND_KARNATAKA_HAVERI,2001,Kharif,0.487431,27476.0
Rice,IND_KARNATAKA_HAVERI,2001,Summer,1.979037,3493.0
Rice,IND_KARNATAKA_HAVERI,2002,Kharif,0.433306,23928.0
Rice,IND_KARNATAKA_HAVERI,2002,Rabi,2.09434,111.0
Rice,IND_KARNATAKA_HAVERI,2002,Summer,1.70448,3576.0
Rice,IND_KARNATAKA_HAVERI,2003,Kharif,0.678937,24198.0
Rice,IND_KARNATAKA_HAVERI,2003,Summer,3.670757,5385.0
Rice,IND_KARNATAKA_HAVERI,2004,Kharif,1.291994,43973.0
Rice,IND_KARNATAKA_HAVERI,2004,Summer,4.473459,14664.0
Rice,IND_KARNATAKA_HAVERI,2005,Kharif,2.067473,55400.0
Rice,IND_KARNATAKA_HAVERI,2005,Summer,3.173988,14667.0
Rice,IND_KARNATAKA_HAVERI,2006,Kharif,1.895781,68978.0
Rice,IND_KARNATAKA_HAVERI,2006,Summer,3.379256,10719.0
Rice,IND_KARNATAKA_HAVERI,2007,Kharif,2.438182,92017.0
Rice,IND_KARNATAKA_HAVERI,2007,Summer,3.003392,12395.0
Rice,IND_KARNATAKA_HAVERI,2008,Kharif,1.2065,56650.0
Rice,IND_KARNATAKA_HAVERI,2008,Summer,3.20912,15131.0
Rice,IND_KARNATAKA_HAVERI,2009,Kharif,1.083007,47583.0
Rice,IND_KARNATAKA_HAVERI,2009,Summer,2.088133,12652.0
Rice,IND_KARNATAKA_HAVERI,2010,Kharif,1.985043,89319.0
Rice,IND_KARNATAKA_HAVERI,2010,Summer,3.006744,17833.0
Rice,IND_KARNATAKA_HAVERI,2011,Kharif,2.284332,102249.0
Rice,IND_KARNATAKA_HAVERI,2011,Summer,3.323165,16340.0
Rice,IND_KARNATAKA_HAVERI,2012,Kharif,0.80941,37313.0
Rice,IND_KARNATAKA_HAVERI,2012,Summer,2.025479,9301.0
Rice,IND_KARNATAKA_HAVERI,2013,Kharif,2.4605,101006.0
Rice,IND_KARNATAKA_HAVERI,2013,Summer,2.887035,21110.0
Rice,IND_KARNATAKA_HAVERI,2014,Kharif,2.482353,99031.0
Rice,IND_KARNATAKA_HAVERI,2014,Summer,3.077963,19345.0
Rice,IND_KARNATAKA_HAVERI,2015,Kharif,1.019353,39609.0
Rice,IND_KARNATAKA_HAVERI,2015,Summer,2.462445,15048.0
Rice,IND_KARNATAKA_HAVERI,2016,Kharif,1.030736,32999.0
Rice,IND_KARNATAKA_HAVERI,2016,Summer,2.023547,8078.0
Rice,IND_KARNATAKA_HAVERI,2017,Kharif,1.848682,43762.0
Rice,IND_KARNATAKA_HAVERI,2017,Summer,2.512814,10197.0
Rice,IND_KARNATAKA_HAVERI,2018,Kharif,1.362285,43446.0
Rice,IND_KARNATAKA_HAVERI,2018,Summer,2.125093,11467.0
Rice,IND_KARNATAKA_HAVERI,2019,Kharif,1.567494,45763.0
Rice,IND_KARNATAKA_HAVERI,2019,Summer,2.06335,14722.0
Rice,IND_KARNATAKA_KALABURAGI,1997,Kharif,1.847823,12179.0
Rice,IND_KARNATAKA_KALABURAGI,1997,Rabi,2.146804,3963.0
Rice,IND_KARNATAKA_KALABURAGI,1997,Summer,2.81761,1792.0
Rice,IND_KARNATAKA_KALABURAGI,1998,Kharif,1.31834,17439.0
Rice,IND_KARNATAKA_KALABURAGI,1998,Rabi,2.145375,9858.0
Rice,IND_KARNATAKA_KALABURAGI,1998,Summer,3.205755,14038.0
Rice,IND_KARNATAKA_KALABURAGI,1999,Kharif,1.505371,16115.0
Rice,IND_KARNATAKA_KALABURAGI,1999,Rabi,2.093665,3867.0
Rice,IND_KARNATAKA_KALABURAGI,1999,Summer,3.101715,23145.0
Rice,IND_KARNATAKA_KALABURAGI,2000,Kharif,1.517258,25012.0
Rice,IND_KARNATAKA_KALABURAGI,2000,Rabi,2.142354,8518.0
Rice,IND_KARNATAKA_KALABURAGI,2000,Summer,2.362669,27759.0
Rice,IND_KARNATAKA_KALABURAGI,2001,Kharif,1.743617,32644.0
Rice,IND_KARNATAKA_KALABURAGI,2001,Rabi,0.635401,4620.0
Rice,IND_KARNATAKA_KALABURAGI,2001,Summer,1.808826,28281.0
Rice,IND_KARNATAKA_KALABURAGI,2002,Kharif,1.916089,48090.0
Rice,IND_KARNATAKA_KALABURAGI,2002,Rabi,2.482801,12198.0
Rice,IND_KARNATAKA_KALABURAGI,2002,Summer,2.342519,41226.0
Rice,IND_KARNATAKA_KALABURAGI,2003,Kharif,2.3256,75482.0
Rice,IND_KARNATAKA_KALABURAGI,2003,Rabi,2.098064,9863.0
Rice,IND_KARNATAKA_KALABURAGI,2003,Summer,3.648007,104074.0
Rice,IND_KARNATAKA_KALABURAGI,2004,Kharif,2.327501,92318.0
Rice,IND_KARNATAKA_KALABURAGI,2004,Rabi,3.201445,11522.0
Rice,IND_KARNATAKA_KALABURAGI,2004,Summer,4.343409,148297.0
Rice,IND_KARNATAKA_KALABURAGI,2005,Kharif,2.628395,129091.0
Rice,IND_KARNATAKA_KALABURAGI,2005,Rabi,1.958979,10745.0
Rice,IND_KARNATAKA_KALABURAGI,2005,Summer,3.085603,109650.0
Rice,IND_KARNATAKA_KALABURAGI,2006,Kharif,2.237082,107324.0
Rice,IND_KARNATAKA_KALABURAGI,2006,Rabi,1.308237,5543.0
Rice,IND_KARNATAKA_KALABURAGI,2006,Summer,2.167908,75944.0
Rice,IND_KARNATAKA_KALABURAGI,2007,Kharif,2.712187,141389.0
Rice,IND_KARNATAKA_KALABURAGI,2007,Rabi,1.588457,5477.0
Rice,IND_KARNATAKA_KALABURAGI,2007,Summer,2.167887,76379.0
Rice,IND_KARNATAKA_KALABURAGI,2008,Kharif,2.58401,122203.0
Rice,IND_KARNATAKA_KALABURAGI,2008,Rabi,1.557985,7980.0
Rice,IND_KARNATAKA_KALABURAGI,2008,Summer,2.142241,86388.0
Rice,IND_KARNATAKA_KALABURAGI,2009,Kharif,2.298992,91024.0
Rice,IND_KARNATAKA_KALABURAGI,2009,Rabi,2.092884,4529.0
Rice,IND_KARNATAKA_KALABURAGI,2009,Summer,2.252446,84951.0
Rice,IND_KARNATAKA_KALABURAGI,2010,Kharif,1.589845,4822.0
Rice,IND_KARNATAKA_KALABURAGI,2010,Rabi,3.042763,1850.0
Rice,IND_KARNATAKA_KALABURAGI,2010,Summer,3.233074,2913.0
Rice,IND_KARNATAKA_KALABURAGI,2011,Kharif,1.624314,5331.0
Rice,IND_KARNATAKA_KALABURAGI,2011,Rabi,1.248696,718.0
Rice,IND_KARNATAKA_KALABURAGI,2011,Summer,1.716981,182.0
Rice,IND_KARNATAKA_KALABURAGI,2012,Kharif,1.727045,4834.0
Rice,IND_KARNATAKA_KALABURAGI,2012,Rabi,1.402957,2277.0
Rice,IND_KARNATAKA_KALABURAGI,2012,Summer,1.5,210.0
Rice,IND_KARNATAKA_KALABURAGI,2013,Kharif,2.647746,11335.0
Rice,IND_KARNATAKA_KALABURAGI,2013,Rabi,2.227429,1949.0
Rice,IND_KARNATAKA_KALABURAGI,2013,Summer,2.040984,249.0
Rice,IND_KARNATAKA_KALABURAGI,2014,Kharif,1.855398,2887.0
Rice,IND_KARNATAKA_KALABURAGI,2014,Rabi,1.269663,452.0
Rice,IND_KARNATAKA_KALABURAGI,2014,Summer,1.213141,4542.0
Rice,IND_KARNATAKA_KALABURAGI,2015,Kharif,2.168011,8065.0
Rice,IND_KARNATAKA_KALABURAGI,2015,Rabi,1.131105,440.0
Rice,IND_KARNATAKA_KALABURAGI,2015,Summer,2.966667,267.0
Rice,IND_KARNATAKA_KALABURAGI,2016,Kharif,3.890303,13760.0
Rice,IND_KARNATAKA_KALABURAGI,2016,Rabi,3.190225,6658.0
Rice,IND_KARNATAKA_KALABURAGI,2016,Summer,3.903614,4860.0
Rice,IND_KARNATAKA_KALABURAGI,2017,Kharif,3.798929,10637.0
Rice,IND_KARNATAKA_KALABURAGI,2017,Rabi,2.525799,4112.0
Rice,IND_KARNATAKA_KALABURAGI,2017,Summer,2.459618,8375.0
Rice,IND_KARNATAKA_KALABURAGI,2018,Kharif,3.169163,25179.0
Rice,IND_KARNATAKA_KALABURAGI,2018,Rabi,1.46338,1039.0
Rice,IND_KARNATAKA_KALABURAGI,2018,Summer,3.207283,4580.0
Rice,IND_KARNATAKA_KALABURAGI,2019,Kharif,3.700284,26050.0
Rice,IND_KARNATAKA_KALABURAGI,2019,Rabi,3.352046,3523.0
Rice,IND_KARNATAKA_KALABURAGI,2019,Summer,2.583794,4209.0
Rice,IND_KARNATAKA_KODAGU,1997,Kharif,2.219414,87476.0
Rice,IND_KARNATAKA_KODAGU,1997,Rabi,2.168675,180.0
Rice,IND_KARNATAKA_KODAGU,1997,Summer,2.850299,2380.0
Rice,IND_KARNATAKA_KODAGU,1998,Kharif,2.078095,83315.0
Rice,IND_KARNATAKA_KODAGU,1998,Rabi,2.166667,52.0
Rice,IND_KARNATAKA_KODAGU,1998,Summer,3.227273,1775.0
Rice,IND_KARNATAKA_KODAGU,1999,Kharif,2.300199,83189.0
Rice,IND_KARNATAKA_KODAGU,1999,Rabi,2.12,53.0
Rice,IND_KARNATAKA_KODAGU,1999,Summer,3.0,750.0
Rice,IND_KARNATAKA_KODAGU,2000,Kharif,2.294037,83597.0
Rice,IND_KARNATAKA_KODAGU,2000,Rabi,2.2,11.0
Rice,IND_KARNATAKA_KODAGU,2000,Summer,2.846758,1449.0
Rice,IND_KARNATAKA_KODAGU,2001,Kharif,2.496307,89223.0
Rice,IND_KARNATAKA_KODAGU,2001,Rabi,1.909091,21.0
Rice,IND_KARNATAKA_KODAGU,2001,Summer,2.520548,1288.0
Rice,IND_KARNATAKA_KODAGU,2002,Kharif,1.97824,69729.0
Rice,IND_KARNATAKA_KODAGU,2002,Rabi,2.111111,19.0
Rice,IND_KARNATAKA_KODAGU,2002,Summer,2.511111,226.0
Rice,IND_KARNATAKA_KODAGU,2003,Kharif,1.989587,71460.0
Rice,IND_KARNATAKA_KODAGU,2003,Rabi,3.0,36.0
Rice,IND_KARNATAKA_KODAGU,2003,Summer,3.836158,679.0
Rice,IND_KARNATAKA_KODAGU,2004,Kharif,2.337014,84247.0
Rice,IND_KARNATAKA_KODAGU,2004,Rabi,3.36,84.0
Rice,IND_KARNATAKA_KODAGU,2004,Summer,4.323224,4989.0
Rice,IND_KARNATAKA_KODAGU,2005,Kharif,2.304761,78998.0
Rice,IND_KARNATAKA_KODAGU,2005,Rabi,2.215385,144.0
Rice,IND_KARNATAKA_KODAGU,2005,Summer,2.149223,2074.0
Rice,IND_KARNATAKA_KODAGU,2006,Kharif,2.465916,84576.0
Rice,IND_KARNATAKA_KODAGU,2006,Rabi,2.266667,34.0
Rice,IND_KARNATAKA_KODAGU,2006,Summer,2.302932,707.0
Rice,IND_KARNATAKA_KODAGU,2007,Kharif,2.564677,94257.0
Rice,IND_KARNATAKA_KODAGU,2007,Rabi,2.16,54.0
Rice,IND_KARNATAKA_KODAGU,2007,Summer,2.767221,1165.0
Rice,IND_KARNATAKA_KODAGU,2008,Kharif,2.393997,83505.0
Rice,IND_KARNATAKA_KODAGU,2008,Rabi,2.2,44.0
Rice,IND_KARNATAKA_KODAGU,2008,Summer,2.520607,1162.0
Rice,IND_KARNATAKA_KODAGU,2009,Kharif,2.441499,84554.0
Rice,IND_KARNATAKA_KODAGU,2009,Rabi,2.2,22.0
Rice,IND_KARNATAKA_KODAGU,2009,Summer,2.653465,536.0
Rice,IND_KARNATAKA_KODAGU,2010,Kharif,2.526281,89155.0
Rice,IND_KARNATAKA_KODAGU,2010,Rabi,2.4,12.0
Rice,IND_KARNATAKA_KODAGU,2010,Summer,2.85,399.0
Rice,IND_KARNATAKA_KODAGU,2011,Kharif,2.600029,88570.0
Rice,IND_KARNATAKA_KODAGU,2011,Rabi,2.333333,7.0
Rice,IND_KARNATAKA_KODAGU,2011,Summer,3.061224,450.0
Rice,IND_KARNATAKA_KODAGU,2012,Kharif,2.48141,77621.0
Rice,IND_KARNATAKA_KODAGU,2012,Summer,1.835294,156.0
Rice,IND_KARNATAKA_KODAGU,2013,Kharif,2.877557,91843.0
Rice,IND_KARNATAKA_KODAGU,2013,Summer,3.327273,366.0
Rice,IND_KARNATAKA_KODAGU,2014,Kharif,2.807243,86741.0
Rice,IND_KARNATAKA_KODAGU,2014,Rabi,2.4,12.0
Rice,IND_KARNATAKA_KODAGU,2014,Summer,2.625,147.0
Rice,IND_KARNATAKA_KODAGU,2015,Kharif,2.698957,76340.0
Rice,IND_KARNATAKA_KODAGU,2015,Rabi,2.4,12.0
Rice,IND_KARNATAKA_KODAGU,2015,Summer,2.978261,137.0
Rice,IND_KARNATAKA_KODAGU,2016,Kharif,2.431983,67828.0
Rice,IND_KARNATAKA_KODAGU,2016,Rabi,2.75,11.0
Rice,IND_KARNATAKA_KODAGU,2016,Summer,1.909091,63.0
Rice,IND_KARNATAKA_KODAGU,2017,Kharif,2.36455,64207.0
Rice,IND_KARNATAKA_KODAGU,2017,Rabi,2.6,13.0
Rice,IND_KARNATAKA_KODAGU,2017,Summer,3.166667,38.0
Rice,IND_KARNATAKA_KODAGU,2018,Kharif,2.800589,53228.0
Rice,IND_KARNATAKA_KODAGU,2018,Rabi,2.4,12.0
Rice,IND_KARNATAKA_KODAGU,2018,Summer,3.166667,38.0
Rice,IND_KARNATAKA_KODAGU,2019,Kharif,2.560256,71298.0
Rice,IND_KARNATAKA_KODAGU,2019,Summer,3.066667,46.0
Rice,IND_KARNATAKA_KOLAR,1997,Kharif,2.208656,26791.0
Rice,IND_KARNATAKA_KOLAR,1997,Rabi,2.163636,714.0
Rice,IND_KARNATAKA_KOLAR,1997,Summer,2.787339,22059.0
Rice,IND_KARNATAKA_KOLAR,1998,Kharif,2.55733,34437.0
Rice,IND_KARNATAKA_KOLAR,1998,Rabi,2.184615,568.0
Rice,IND_KARNATAKA_KOLAR,1998,Summer,2.884177,44823.0
Rice,IND_KARNATAKA_KOLAR,1999,Kharif,2.127321,16842.0
Rice,IND_KARNATAKA_KOLAR,1999,Summer,2.015873,4191.0
Rice,IND_KARNATAKA_KOLAR,2000,Kharif,2.420342,29032.0
Rice,IND_KARNATAKA_KOLAR,2000,Summer,2.884201,31034.0
Rice,IND_KARNATAKA_KOLAR,2001,Kharif,2.281144,14118.0
Rice,IND_KARNATAKA_KOLAR,2001,Summer,2.054835,37848.0
Rice,IND_KARNATAKA_KOLAR,2002,Kharif,1.992007,11215.0
Rice,IND_KARNATAKA_KOLAR,2002,Summer,1.577273,347.0
Rice,IND_KARNATAKA_KOLAR,2003,Kharif,2.270315,18998.0
Rice,IND_KARNATAKA_KOLAR,2003,Summer,2.625181,1814.0
Rice,IND_KARNATAKA_KOLAR,2004,Kharif,2.375072,16559.0
Rice,IND_KARNATAKA_KOLAR,2004,Summer,4.472934,1570.0
Rice,IND_KARNATAKA_KOLAR,2005,Kharif,2.248189,14584.0
Rice,IND_KARNATAKA_KOLAR,2005,Rabi,2.2,55.0
Rice,IND_KARNATAKA_KOLAR,2005,Summer,4.408953,45108.0
Rice,IND_KARNATAKA_KOLAR,2006,Kharif,1.863879,18143.0
Rice,IND_KARNATAKA_KOLAR,2006,Summer,2.704415,1409.0
Rice,IND_KARNATAKA_KOLAR,2007,Kharif,1.517756,7223.0
Rice,IND_KARNATAKA_KOLAR,2007,Summer,3.007491,2409.0
Rice,IND_KARNATAKA_KOLAR,2008,Kharif,1.57705,6212.0
Rice,IND_KARNATAKA_KOLAR,2008,Summer,2.137615,466.0
Rice,IND_KARNATAKA_KOLAR,2009,Kharif,1.662578,6371.0
Rice,IND_KARNATAKA_KOLAR,2009,Summer,1.980699,6465.0
Rice,IND_KARNATAKA_KOLAR,2010,Kharif,2.160233,16286.0
Rice,IND_KARNATAKA_KOLAR,2010,Summer,1.665196,3397.0
Rice,IND_KARNATAKA_KOLAR,2011,Kharif,1.958544,10063.0
Rice,IND_KARNATAKA_KOLAR,2011,Summer,3.4,221.0
Rice,IND_KARNATAKA_KOLAR,2012,Kharif,2.187772,8552.0
Rice,IND_KARNATAKA_KOLAR,2012,Summer,2.348485,155.0
Rice,IND_KARNATAKA_KOLAR,2013,Kharif,1.709963,3278.0
Rice,IND_KARNATAKA_KOLAR,2013,Summer,3.383333,203.0
Rice,IND_KARNATAKA_KOLAR,2014,Kharif,2.537791,873.0
Rice,IND_KARNATAKA_KOLAR,2015,Kharif,1.546835,611.0
Rice,IND_KARNATAKA_KOLAR,2016,Kharif,1.935877,2385.0
Rice,IND_KARNATAKA_KOLAR,2017,Kharif,3.142098,2366.0
Rice,IND_KARNATAKA_KOLAR,2017,Summer,3.005964,1512.0
Rice,IND_KARNATAKA_KOLAR,2018,Kharif,1.869687,6026.0
Rice,IND_KARNATAKA_KOLAR,2019,Kharif,2.379791,2732.0
Rice,IND_KARNATAKA_KOLAR,2019,Summer,3.032609,279.0
Rice,IND_KARNATAKA_KOPPAL,1998,Kharif,3.414598,119948.0
Rice,IND_KARNATAKA_KOPPAL,1998,Summer,3.364898,113461.0
Rice,IND_KARNATAKA_KOPPAL,1999,Kharif,3.613477,131751.0
Rice,IND_KARNATAKA_KOPPAL,1999,Summer,3.464637,128590.0
Rice,IND_KARNATAKA_KOPPAL,2000,Kharif,3.358378,124532.0
Rice,IND_KARNATAKA_KOPPAL,2000,Summer,3.552041,129035.0
Rice,IND_KARNATAKA_KOPPAL,2001,Kharif,3.591425,135034.0
Rice,IND_KARNATAKA_KOPPAL,2001,Summer,3.162555,117413.0
Rice,IND_KARNATAKA_KOPPAL,2002,Kharif,4.047511,154793.0
Rice,IND_KARNATAKA_KOPPAL,2002,Rabi,1.625,13.0
Rice,IND_KARNATAKA_KOPPAL,2002,Summer,3.27049,13687.0
Rice,IND_KARNATAKA_KOPPAL,2003,Kharif,4.106345,153179.0
Rice,IND_KARNATAKA_KOPPAL,2003,Summer,4.547386,26966.0
Rice,IND_KARNATAKA_KOPPAL,2004,Kharif,3.106499,125369.0
Rice,IND_KARNATAKA_KOPPAL,2004,Summer,5.168733,114229.0
Rice,IND_KARNATAKA_KOPPAL,2005,Kharif,3.21928,134083.0
Rice,IND_KARNATAKA_KOPPAL,2005,Summer,3.642302,135541.0
Rice,IND_KARNATAKA_KOPPAL,2006,Kharif,3.553483,141720.0
Rice,IND_KARNATAKA_KOPPAL,2006,Summer,2.71036,98424.0
Rice,IND_KARNATAKA_KOPPAL,2007,Kharif,3.770376,145069.0
Rice,IND_KARNATAKA_KOPPAL,2007,Summer,3.70785,136130.0
Rice,IND_KARNATAKA_KOPPAL,2008,Kharif,3.704999,149430.0
Rice,IND_KARNATAKA_KOPPAL,2008,Summer,3.286062,114654.0
Rice,IND_KARNATAKA_KOPPAL,2009,Kharif,3.09699,114920.0
Rice,IND_KARNATAKA_KOPPAL,2009,Summer,3.541603,130501.0
Rice,IND_KARNATAKA_KOPPAL,2010,Kharif,4.142483,170981.0
Rice,IND_KARNATAKA_KOPPAL,2010,Summer,4.145799,152810.0
Rice,IND_KARNATAKA_KOPPAL,2011,Kharif,3.81792,161960.0
Rice,IND_KARNATAKA_KOPPAL,2011,Summer,3.429514,115410.0
Rice,IND_KARNATAKA_KOPPAL,2012,Kharif,3.202451,131451.0
Rice,IND_KARNATAKA_KOPPAL,2012,Summer,3.714509,133102.0
Rice,IND_KARNATAKA_KOPPAL,2013,Kharif,3.374409,134099.0
Rice,IND_KARNATAKA_KOPPAL,2013,Summer,3.568199,128944.0
Rice,IND_KARNATAKA_KOPPAL,2014,Kharif,3.690738,145559.0
Rice,IND_KARNATAKA_KOPPAL,2014,Summer,2.665696,95208.0
Rice,IND_KARNATAKA_KOPPAL,2015,Kharif,3.562505,145767.0
Rice,IND_KARNATAKA_KOPPAL,2015,Summer,3.139793,30883.0
Rice,IND_KARNATAKA_KOPPAL,2016,Kharif,3.590994,132066.0
Rice,IND_KARNATAKA_KOPPAL,2016,Summer,1.716661,10015.0
Rice,IND_KARNATAKA_KOPPAL,2017,Kharif,4.712939,171009.0
Rice,IND_KARNATAKA_KOPPAL,2017,Summer,3.381047,59689.0
Rice,IND_KARNATAKA_KOPPAL,2018,Kharif,3.322153,202555.0
Rice,IND_KARNATAKA_KOPPAL,2018,Summer,2.26101,32138.0
Rice,IND_KARNATAKA_KOPPAL,2019,Kharif,3.988097,224490.0
Rice,IND_KARNATAKA_KOPPAL,2019,Summer,2.591594,114253.0
Rice,IND_KARNATAKA_MANDYA,1997,Kharif,2.601945,150905.0
Rice,IND_KARNATAKA_MANDYA,1997,Rabi,2.163064,3502.0
Rice,IND_KARNATAKA_MANDYA,1997,Summer,3.334516,84560.0
Rice,IND_KARNATAKA_MANDYA,1998,Kharif,2.944378,178974.0
Rice,IND_KARNATAKA_MANDYA,1998,Summer,3.490292,66689.0
Rice,IND_KARNATAKA_MANDYA,1999,Kharif,3.145154,186017.0
Rice,IND_KARNATAKA_MANDYA,1999,Rabi,2.131488,616.0
Rice,IND_KARNATAKA_MANDYA,1999,Summer,3.06471,59722.0
Rice,IND_KARNATAKA_MANDYA,2000,Kharif,2.891524,175903.0
Rice,IND_KARNATAKA_MANDYA,2000,Rabi,2.133333,64.0
Rice,IND_KARNATAKA_MANDYA,2000,Summer,3.210993,57541.0
Rice,IND_KARNATAKA_MANDYA,2001,Kharif,3.06262,176998.0
Rice,IND_KARNATAKA_MANDYA,2001,Rabi,1.894737,36.0
Rice,IND_KARNATAKA_MANDYA,2001,Summer,2.570723,36458.0
Rice,IND_KARNATAKA_MANDYA,2002,Kharif,2.895687,110983.0
Rice,IND_KARNATAKA_MANDYA,2002,Rabi,2.088,4176.0
Rice,IND_KARNATAKA_MANDYA,2002,Summer,2.574544,7201.0
Rice,IND_KARNATAKA_MANDYA,2003,Kharif,3.215773,167381.0
Rice,IND_KARNATAKA_MANDYA,2003,Rabi,2.964206,2650.0
Rice,IND_KARNATAKA_MANDYA,2003,Summer,4.218036,6829.0
Rice,IND_KARNATAKA_MANDYA,2004,Kharif,3.382003,243927.0
Rice,IND_KARNATAKA_MANDYA,2004,Rabi,4.135294,703.0
Rice,IND_KARNATAKA_MANDYA,2004,Summer,4.830744,95156.0
Rice,IND_KARNATAKA_MANDYA,2005,Kharif,2.964595,180615.0
Rice,IND_KARNATAKA_MANDYA,2005,Rabi,2.5,30.0
Rice,IND_KARNATAKA_MANDYA,2005,Summer,3.326921,76100.0
Rice,IND_KARNATAKA_MANDYA,2006,Kharif,3.016231,170969.0
Rice,IND_KARNATAKA_MANDYA,2006,Rabi,2.846154,37.0
Rice,IND_KARNATAKA_MANDYA,2006,Summer,3.009573,38667.0
Rice,IND_KARNATAKA_MANDYA,2007,Kharif,3.24178,209714.0
Rice,IND_KARNATAKA_MANDYA,2007,Rabi,2.528302,134.0
Rice,IND_KARNATAKA_MANDYA,2007,Summer,3.102698,68188.0
Rice,IND_KARNATAKA_MANDYA,2008,Kharif,3.192001,217653.0
Rice,IND_KARNATAKA_MANDYA,2008,Rabi,3.142857,44.0
Rice,IND_KARNATAKA_MANDYA,2008,Summer,3.22145,68153.0
Rice,IND_KARNATAKA_MANDYA,2009,Kharif,3.248996,199001.0
Rice,IND_KARNATAKA_MANDYA,2009,Summer,3.435199,64276.0
Rice,IND_KARNATAKA_MANDYA,2010,Kharif,3.710428,225761.0
Rice,IND_KARNATAKA_MANDYA,2010,Summer,3.591968,71103.0
Rice,IND_KARNATAKA_MANDYA,2011,Kharif,3.946497,225491.0
Rice,IND_KARNATAKA_MANDYA,2011,Summer,3.132166,53322.0
Rice,IND_KARNATAKA_MANDYA,2012,Kharif,3.110294,148389.0
Rice,IND_KARNATAKA_MANDYA,2012,Rabi,3.40566,1083.0
Rice,IND_KARNATAKA_MANDYA,2012,Summer,3.218409,6189.0
Rice,IND_KARNATAKA_MANDYA,2013,Kharif,3.500755,183107.0
Rice,IND_KARNATAKA_MANDYA,2013,Rabi,3.616915,5089.0
Rice,IND_KARNATAKA_MANDYA,2013,Summer,3.440897,40957.0
Rice,IND_KARNATAKA_MANDYA,2014,Kharif,3.721143,189916.0
Rice,IND_KARNATAKA_MANDYA,2014,Rabi,3.173913,2628.0
Rice,IND_KARNATAKA_MANDYA,2014,Summer,3.610016,52912.0
Rice,IND_KARNATAKA_MANDYA,2015,Kharif,3.701191,194294.0
Rice,IND_KARNATAKA_MANDYA,2015,Rabi,3.712121,490.0
Rice,IND_KARNATAKA_MANDYA,2015,Summer,3.344027,19596.0
Rice,IND_KARNATAKA_MANDYA,2016,Kharif,2.600143,113075.0
Rice,IND_KARNATAKA_MANDYA,2016,Summer,3.428571,600.0
Rice,IND_KARNATAKA_MANDYA,2017,Kharif,2.79201,34526.0
Rice,IND_KARNATAKA_MANDYA,2017,Rabi,3.110244,19128.0
Rice,IND_KARNATAKA_MANDYA,2017,Summer,3.055226,46858.0
Rice,IND_KARNATAKA_MANDYA,2018,Kharif,3.22525,188561.0
Rice,IND_KARNATAKA_MANDYA,2018,Rabi,3.042857,213.0
Rice,IND_KARNATAKA_MANDYA,2018,Summer,3.26706,31024.0
Rice,IND_KARNATAKA_MANDYA,2019,Kharif,3.001993,156680.0
Rice,IND_KARNATAKA_MANDYA,2019,Rabi,3.860313,2957.0
Rice,IND_KARNATAKA_MANDYA,2019,Summer,3.12458,42788.0
Rice,IND_KARNATAKA_MYSURU,1997,Kharif,2.919196,306717.0
Rice,IND_KARNATAKA_MYSURU,1997,Rabi,2.162791,1767.0
Rice,IND_KARNATAKA_MYSURU,1997,Summer,2.772082,56994.0
Rice,IND_KARNATAKA_MYSURU,1998,Kharif,3.056971,291632.0
Rice,IND_KARNATAKA_MYSURU,1998,Rabi,2.183007,1336.0
Rice,IND_KARNATAKA_MYSURU,1998,Summer,2.933577,40058.0
Rice,IND_KARNATAKA_MYSURU,1999,Kharif,2.890556,264324.0
Rice,IND_KARNATAKA_MYSURU,1999,Rabi,2.037937,3438.0
Rice,IND_KARNATAKA_MYSURU,1999,Summer,2.722089,47691.0
Rice,IND_KARNATAKA_MYSURU,2000,Kharif,3.009976,275479.0
Rice,IND_KARNATAKA_MYSURU,2000,Rabi,1.998304,2356.0
Rice,IND_KARNATAKA_MYSURU,2000,Summer,2.84621,46416.0
Rice,IND_KARNATAKA_MYSURU,2001,Kharif,3.203097,327885.0
Rice,IND_KARNATAKA_MYSURU,2001,Rabi,2.477273,436.0
Rice,IND_KARNATAKA_MYSURU,2001,Summer,2.73984,33574.0
Rice,IND_KARNATAKA_MYSURU,2002,Kharif,2.713547,217716.0
Rice,IND_KARNATAKA_MYSURU,2002,Rabi,2.087719,1309.0
Rice,IND_KARNATAKA_MYSURU,2002,Summer,2.555287,6355.0
Rice,IND_KARNATAKA_MYSURU,2003,Kharif,2.986351,228647.0
Rice,IND_KARNATAKA_MYSURU,2003,Rabi,2.964171,7363.0
Rice,IND_KARNATAKA_MYSURU,2003,Summer,3.850448,9449.0
Rice,IND_KARNATAKA_MYSURU,2004,Kharif,3.144505,312199.0
Rice,IND_KARNATAKA_MYSURU,2004,Rabi,3.375,162.0
Rice,IND_KARNATAKA_MYSURU,2004,Summer,4.392783,84113.0
Rice,IND_KARNATAKA_MYSURU,2005,Kharif,2.958574,294884.0
Rice,IND_KARNATAKA_MYSURU,2005,Rabi,2.228571,78.0
Rice,IND_KARNATAKA_MYSURU,2005,Summer,3.030501,64086.0
Rice,IND_KARNATAKA_MYSURU,2006,Kharif,2.738812,276379.0
Rice,IND_KARNATAKA_MYSURU,2006,Rabi,2.30198,465.0
Rice,IND_KARNATAKA_MYSURU,2006,Summer,3.059036,40624.0
Rice,IND_KARNATAKA_MYSURU,2007,Kharif,2.987385,315901.0
Rice,IND_KARNATAKA_MYSURU,2007,Rabi,2.175,435.0
Rice,IND_KARNATAKA_MYSURU,2007,Summer,3.191022,53740.0
Rice,IND_KARNATAKA_MYSURU,2008,Kharif,2.964002,327792.0
Rice,IND_KARNATAKA_MYSURU,2008,Summer,2.848093,37629.0
Rice,IND_KARNATAKA_MYSURU,2009,Kharif,3.097,341277.0
Rice,IND_KARNATAKA_MYSURU,2009,Summer,3.028616,40747.0
Rice,IND_KARNATAKA_MYSURU,2010,Kharif,3.170151,337247.0
Rice,IND_KARNATAKA_MYSURU,2010,Summer,3.031424,56724.0
Rice,IND_KARNATAKA_MYSURU,2011,Kharif,3.243304,349693.0
Rice,IND_KARNATAKA_MYSURU,2011,Rabi,2.25,9.0
Rice,IND_KARNATAKA_MYSURU,2011,Summer,3.422838,45113.0
Rice,IND_KARNATAKA_MYSURU,2012,Kharif,3.146404,276550.0
Rice,IND_KARNATAKA_MYSURU,2012,Rabi,2.4125,579.0
Rice,IND_KARNATAKA_MYSURU,2012,Summer,3.006659,2709.0
Rice,IND_KARNATAKA_MYSURU,2013,Kharif,3.390551,311039.0
Rice,IND_KARNATAKA_MYSURU,2013,Rabi,2.5,125.0
Rice,IND_KARNATAKA_MYSURU,2013,Summer,3.68033,39236.0
Rice,IND_KARNATAKA_MYSURU,2014,Kharif,3.390551,319929.0
Rice,IND_KARNATAKA_MYSURU,2014,Summer,3.423849,30349.0
Rice,IND_KARNATAKA_MYSURU,2015,Kharif,3.388652,300709.0
Rice,IND_KARNATAKA_MYSURU,2015,Summer,3.253713,15556.0
Rice,IND_KARNATAKA_MYSURU,2016,Kharif,2.880401,186578.0
Rice,IND_KARNATAKA_MYSURU,2016,Summer,3.586881,3117.0
Rice,IND_KARNATAKA_MYSURU,2017,Kharif,3.060899,175013.0
Rice,IND_KARNATAKA_MYSURU,2017,Summer,3.079864,24488.0
Rice,IND_KARNATAKA_MYSURU,2018,Kharif,3.0077,274615.0
Rice,IND_KARNATAKA_MYSURU,2018,Summer,3.087441,26058.0
Rice,IND_KARNATAKA_MYSURU,2019,Kharif,3.148297,239705.0
Rice,IND_KARNATAKA_MYSURU,2019,Summer,2.692338,20311.0
Rice,IND_KARNATAKA_RAICHUR,1997,Kharif,3.103826,287526.0
Rice,IND_KARNATAKA_RAICHUR,1997,Summer,2.390018,190102.0
Rice,IND_KARNATAKA_RAICHUR,1998,Kharif,3.399433,225260.0
Rice,IND_KARNATAKA_RAICHUR,1998,Summer,3.331695,170193.0
Rice,IND_KARNATAKA_RAICHUR,1999,Kharif,3.075118,278618.0
Rice,IND_KARNATAKA_RAICHUR,1999,Summer,3.158506,180417.0
Rice,IND_KARNATAKA_RAICHUR,2000,Kharif,3.270217,294349.0
Rice,IND_KARNATAKA_RAICHUR,2000,Summer,2.93038,151023.0
Rice,IND_KARNATAKA_RAICHUR,2001,Kharif,3.150453,245184.0
Rice,IND_KARNATAKA_RAICHUR,2001,Summer,2.46018,108088.0
Rice,IND_KARNATAKA_RAICHUR,2002,Kharif,3.318153,271989.0
Rice,IND_KARNATAKA_RAICHUR,2002,Summer,2.247733,13383.0
Rice,IND_KARNATAKA_RAICHUR,2003,Kharif,2.630726,172865.0
Rice,IND_KARNATAKA_RAICHUR,2003,Rabi,2.964012,20920.0
Rice,IND_KARNATAKA_RAICHUR,2003,Summer,3.005775,18738.0
Rice,IND_KARNATAKA_RAICHUR,2004,Kharif,2.679004,240663.0
Rice,IND_KARNATAKA_RAICHUR,2004,Rabi,3.372973,1872.0
Rice,IND_KARNATAKA_RAICHUR,2004,Summer,3.032383,53376.0
Rice,IND_KARNATAKA_RAICHUR,2005,Kharif,2.721421,273862.0
Rice,IND_KARNATAKA_RAICHUR,2005,Summer,2.002605,155308.0
Rice,IND_KARNATAKA_RAICHUR,2006,Kharif,3.49648,285068.0
Rice,IND_KARNATAKA_RAICHUR,2006,Summer,2.317045,130306.0
Rice,IND_KARNATAKA_RAICHUR,2007,Kharif,2.972966,286365.0
Rice,IND_KARNATAKA_RAICHUR,2007,Summer,2.746448,175509.0
Rice,IND_KARNATAKA_RAICHUR,2008,Kharif,3.543501,334588.0
Rice,IND_KARNATAKA_RAICHUR,2008,Summer,2.669499,188205.0
Rice,IND_KARNATAKA_RAICHUR,2009,Kharif,2.621999,252315.0
Rice,IND_KARNATAKA_RAICHUR,2009,Summer,2.994402,240181.0
Rice,IND_KARNATAKA_RAICHUR,2010,Kharif,3.086124,309529.0
Rice,IND_KARNATAKA_RAICHUR,2010,Summer,2.852845,212420.0
Rice,IND_KARNATAKA_RAICHUR,2011,Kharif,3.287846,346950.0
Rice,IND_KARNATAKA_RAICHUR,2011,Summer,2.911742,108244.0
Rice,IND_KARNATAKA_RAICHUR,2012,Kharif,3.113151,354865.0
Rice,IND_KARNATAKA_RAICHUR,2012,Summer,3.0723,115881.0
Rice,IND_KARNATAKA_RAICHUR,2013,Kharif,3.230947,347511.0
Rice,IND_KARNATAKA_RAICHUR,2013,Summer,3.184395,225452.0
Rice,IND_KARNATAKA_RAICHUR,2014,Kharif,3.2775,320982.0
Rice,IND_KARNATAKA_RAICHUR,2014,Summer,2.659046,171894.0
Rice,IND_KARNATAKA_RAICHUR,2015,Kharif,3.154001,328423.0
Rice,IND_KARNATAKA_RAICHUR,2015,Summer,2.014033,22390.0
Rice,IND_KARNATAKA_RAICHUR,2016,Kharif,4.02325,441954.0
Rice,IND_KARNATAKA_RAICHUR,2016,Summer,2.794889,47024.0
Rice,IND_KARNATAKA_RAICHUR,2017,Kharif,2.887048,260533.0
Rice,IND_KARNATAKA_RAICHUR,2017,Summer,2.38544,55378.0
Rice,IND_KARNATAKA_RAICHUR,2018,Kharif,2.6809,434791.0
Rice,IND_KARNATAKA_RAICHUR,2018,Summer,2.290441,29210.0
Rice,IND_KARNATAKA_RAICHUR,2019,Kharif,3.555849,510947.0
Rice,IND_KARNATAKA_RAICHUR,2019,Summer,2.9868,235321.0
Rice,IND_KARNATAKA_RAMANAGARA,2007,Kharif,2.749136,15901.0
Rice,IND_KARNATAKA_RAMANAGARA,2007,Summer,3.12069,905.0
Rice,IND_KARNATAKA_RAMANAGARA,2008,Kharif,2.644114,16531.0
Rice,IND_KARNATAKA_RAMANAGARA,2008,Summer,3.138889,1130.0
Rice,IND_KARNATAKA_RAMANAGARA,2009,Kharif,2.857507,21277.0
Rice,IND_KARNATAKA_RAMANAGARA,2009,Summer,3.154378,2738.0
Rice,IND_KARNATAKA_RAMANAGARA,2010,Kharif,2.510654,19794.0
Rice,IND_KARNATAKA_RAMANAGARA,2010,Summer,2.960951,1744.0
Rice,IND_KARNATAKA_RAMANAGARA,2011,Kharif,2.691701,19461.0
Rice,IND_KARNATAKA_RAMANAGARA,2011,Summer,1.717345,802.0
Rice,IND_KARNATAKA_RAMANAGARA,2012,Kharif,2.430126,15407.0
Rice,IND_KARNATAKA_RAMANAGARA,2012,Summer,2.06068,849.0
Rice,IND_KARNATAKA_RAMANAGARA,2013,Kharif,2.618117,13931.0
Rice,IND_KARNATAKA_RAMANAGARA,2013,Summer,1.853828,799.0
Rice,IND_KARNATAKA_RAMANAGARA,2014,Kharif,2.330301,10759.0
Rice,IND_KARNATAKA_RAMANAGARA,2014,Rabi,2.5,5.0
Rice,IND_KARNATAKA_RAMANAGARA,2014,Summer,3.119008,1887.0
Rice,IND_KARNATAKA_RAMANAGARA,2015,Kharif,2.313294,9466.0
Rice,IND_KARNATAKA_RAMANAGARA,2015,Rabi,2.444444,110.0
Rice,IND_KARNATAKA_RAMANAGARA,2015,Summer,2.22082,704.0
Rice,IND_KARNATAKA_RAMANAGARA,2016,Kharif,1.630199,6467.0
Rice,IND_KARNATAKA_RAMANAGARA,2016,Rabi,3.0,3.0
Rice,IND_KARNATAKA_RAMANAGARA,2016,Summer,2.215385,144.0
Rice,IND_KARNATAKA_RAMANAGARA,2017,Kharif,2.887041,11629.0
Rice,IND_KARNATAKA_RAMANAGARA,2017,Rabi,2.6,13.0
Rice,IND_KARNATAKA_RAMANAGARA,2017,Summer,3.835249,1001.0
Rice,IND_KARNATAKA_RAMANAGARA,2018,Kharif,2.185847,6610.0
Rice,IND_KARNATAKA_RAMANAGARA,2018,Summer,1.986667,298.0
Rice,IND_KARNATAKA_RAMANAGARA,2019,Kharif,3.17296,7815.0
Rice,IND_KARNATAKA_RAMANAGARA,2019,Summer,1.919847,503.0
Rice,IND_KARNATAKA_SHIVAMOGGA,1997,Kharif,2.273851,370499.0
Rice,IND_KARNATAKA_SHIVAMOGGA,1997,Summer,3.112212,119344.0
Rice,IND_KARNATAKA_SHIVAMOGGA,1998,Kharif,2.302371,315137.0
Rice,IND_KARNATAKA_SHIVAMOGGA,1998,Summer,3.147348,68480.0
Rice,IND_KARNATAKA_SHIVAMOGGA,1999,Kharif,2.269406,314020.0
Rice,IND_KARNATAKA_SHIVAMOGGA,1999,Summer,3.059008,69311.0
Rice,IND_KARNATAKA_SHIVAMOGGA,2000,Kharif,2.289816,309306.0
Rice,IND_KARNATAKA_SHIVAMOGGA,2000,Summer,2.897486,61673.0
Rice,IND_KARNATAKA_SHIVAMOGGA,2001,Kharif,1.496012,197149.0
Rice,IND_KARNATAKA_SHIVAMOGGA,2001,Summer,2.784423,47441.0
Rice,IND_KARNATAKA_SHIVAMOGGA,2002,Kharif,1.485585,195445.0
Rice,IND_KARNATAKA_SHIVAMOGGA,2002,Summer,2.547912,19038.0
Rice,IND_KARNATAKA_SHIVAMOGGA,2003,Kharif,1.910612,217783.0
Rice,IND_KARNATAKA_SHIVAMOGGA,2003,Rabi,3.0,15.0
Rice,IND_KARNATAKA_SHIVAMOGGA,2003,Summer,3.858831,24164.0
Rice,IND_KARNATAKA_SHIVAMOGGA,2004,Kharif,2.184996,249260.0
Rice,IND_KARNATAKA_SHIVAMOGGA,2004,Summer,4.572375,64219.0
Rice,IND_KARNATAKA_SHIVAMOGGA,2005,Kharif,2.371258,275507.0
Rice,IND_KARNATAKA_SHIVAMOGGA,2005,Summer,3.3098,57617.0
Rice,IND_KARNATAKA_SHIVAMOGGA,2006,Kharif,2.275923,267405.0
Rice,IND_KARNATAKA_SHIVAMOGGA,2006,Summer,3.114952,47313.0
Rice,IND_KARNATAKA_SHIVAMOGGA,2007,Kharif,2.431893,279602.0
Rice,IND_KARNATAKA_SHIVAMOGGA,2007,Summer,2.94988,44260.0
Rice,IND_KARNATAKA_SHIVAMOGGA,2008,Kharif,2.337,267888.0
Rice,IND_KARNATAKA_SHIVAMOGGA,2008,Summer,3.204002,52677.0
Rice,IND_KARNATAKA_SHIVAMOGGA,2009,Kharif,2.308502,265764.0
Rice,IND_KARNATAKA_SHIVAMOGGA,2009,Summer,2.999063,54388.0
Rice,IND_KARNATAKA_SHIVAMOGGA,2010,Kharif,2.725747,307516.0
Rice,IND_KARNATAKA_SHIVAMOGGA,2010,Summer,3.463704,67802.0
Rice,IND_KARNATAKA_SHIVAMOGGA,2011,Kharif,2.913796,324594.0
Rice,IND_KARNATAKA_SHIVAMOGGA,2011,Summer,3.416382,60060.0
Rice,IND_KARNATAKA_SHIVAMOGGA,2012,Kharif,2.590654,279757.0
Rice,IND_KARNATAKA_SHIVAMOGGA,2012,Summer,3.207191,49147.0
Rice,IND_KARNATAKA_SHIVAMOGGA,2013,Kharif,3.017198,326666.0
Rice,IND_KARNATAKA_SHIVAMOGGA,2013,Summer,3.31075,54144.0
Rice,IND_KARNATAKA_SHIVAMOGGA,2014,Kharif,2.971595,313744.0
Rice,IND_KARNATAKA_SHIVAMOGGA,2014,Summer,3.454199,56262.0
Rice,IND_KARNATAKA_SHIVAMOGGA,2015,Kharif,2.571654,262103.0
Rice,IND_KARNATAKA_SHIVAMOGGA,2015,Rabi,2.5,5.0
Rice,IND_KARNATAKA_SHIVAMOGGA,2015,Summer,3.04196,24649.0
Rice,IND_KARNATAKA_SHIVAMOGGA,2016,Kharif,2.059597,207455.0
Rice,IND_KARNATAKA_SHIVAMOGGA,2016,Rabi,2.647059,45.0
Rice,IND_KARNATAKA_SHIVAMOGGA,2016,Summer,2.998109,11096.0
Rice,IND_KARNATAKA_SHIVAMOGGA,2017,Kharif,2.438654,205103.0
Rice,IND_KARNATAKA_SHIVAMOGGA,2017,Rabi,2.675,107.0
Rice,IND_KARNATAKA_SHIVAMOGGA,2017,Summer,3.189201,29886.0
Rice,IND_KARNATAKA_SHIVAMOGGA,2018,Kharif,2.535555,216151.0
Rice,IND_KARNATAKA_SHIVAMOGGA,2018,Rabi,2.472222,89.0
Rice,IND_KARNATAKA_SHIVAMOGGA,2018,Summer,2.981128,29224.0
Rice,IND_KARNATAKA_SHIVAMOGGA,2019,Kharif,2.748354,225376.0
Rice,IND_KARNATAKA_SHIVAMOGGA,2019,Summer,2.903252,21606.0
Rice,IND_KARNATAKA_TUMAKURU,1997,Kharif,2.561645,57865.0
Rice,IND_KARNATAKA_TUMAKURU,1997,Rabi,2.159516,1963.0
Rice,IND_KARNATAKA_TUMAKURU,1997,Summer,3.121659,31535.0
Rice,IND_KARNATAKA_TUMAKURU,1998,Kharif,2.745036,81706.0
Rice,IND_KARNATAKA_TUMAKURU,1998,Rabi,2.173713,2828.0
Rice,IND_KARNATAKA_TUMAKURU,1998,Summer,3.19674,52369.0
Rice,IND_KARNATAKA_TUMAKURU,1999,Kharif,2.619285,72363.0
Rice,IND_KARNATAKA_TUMAKURU,1999,Rabi,2.129811,3265.0
Rice,IND_KARNATAKA_TUMAKURU,1999,Summer,2.884209,31360.0
Rice,IND_KARNATAKA_TUMAKURU,2000,Kharif,2.856079,88230.0
Rice,IND_KARNATAKA_TUMAKURU,2000,Rabi,2.142178,5409.0
Rice,IND_KARNATAKA_TUMAKURU,2000,Summer,2.492808,58576.0
Rice,IND_KARNATAKA_TUMAKURU,2001,Kharif,2.379807,58974.0
Rice,IND_KARNATAKA_TUMAKURU,2001,Rabi,1.916276,3273.0
Rice,IND_KARNATAKA_TUMAKURU,2001,Summer,2.941194,70221.0
Rice,IND_KARNATAKA_TUMAKURU,2002,Kharif,2.395435,34214.0
Rice,IND_KARNATAKA_TUMAKURU,2002,Rabi,2.181452,1623.0
Rice,IND_KARNATAKA_TUMAKURU,2002,Summer,3.204862,8041.0
Rice,IND_KARNATAKA_TUMAKURU,2003,Kharif,2.376909,27546.0
Rice,IND_KARNATAKA_TUMAKURU,2003,Rabi,3.358974,917.0
Rice,IND_KARNATAKA_TUMAKURU,2003,Summer,4.431021,5685.0
Rice,IND_KARNATAKA_TUMAKURU,2004,Kharif,2.783499,60221.0
Rice,IND_KARNATAKA_TUMAKURU,2004,Rabi,3.372796,5356.0
Rice,IND_KARNATAKA_TUMAKURU,2004,Summer,4.392661,12809.0
Rice,IND_KARNATAKA_TUMAKURU,2005,Kharif,2.514842,69045.0
Rice,IND_KARNATAKA_TUMAKURU,2005,Rabi,2.21327,934.0
Rice,IND_KARNATAKA_TUMAKURU,2005,Summer,3.199554,35851.0
Rice,IND_KARNATAKA_TUMAKURU,2006,Kharif,2.366956,56459.0
Rice,IND_KARNATAKA_TUMAKURU,2006,Rabi,2.3,322.0
Rice,IND_KARNATAKA_TUMAKURU,2006,Summer,3.588095,18023.0
Rice,IND_KARNATAKA_TUMAKURU,2007,Kharif,2.914086,54575.0
Rice,IND_KARNATAKA_TUMAKURU,2007,Rabi,2.17377,3315.0
Rice,IND_KARNATAKA_TUMAKURU,2007,Summer,2.859549,27506.0
Rice,IND_KARNATAKA_TUMAKURU,2008,Kharif,2.52699,61512.0
Rice,IND_KARNATAKA_TUMAKURU,2008,Rabi,2.777923,4253.0
Rice,IND_KARNATAKA_TUMAKURU,2008,Summer,2.952593,41168.0
Rice,IND_KARNATAKA_TUMAKURU,2009,Kharif,2.498509,65356.0
Rice,IND_KARNATAKA_TUMAKURU,2009,Rabi,2.456825,1764.0
Rice,IND_KARNATAKA_TUMAKURU,2009,Summer,2.740776,25925.0
Rice,IND_KARNATAKA_TUMAKURU,2010,Kharif,2.778128,66025.0
Rice,IND_KARNATAKA_TUMAKURU,2010,Rabi,3.08243,1421.0
Rice,IND_KARNATAKA_TUMAKURU,2010,Summer,3.013431,31186.0
Rice,IND_KARNATAKA_TUMAKURU,2011,Kharif,2.544613,56895.0
Rice,IND_KARNATAKA_TUMAKURU,2011,Rabi,3.230126,772.0
Rice,IND_KARNATAKA_TUMAKURU,2011,Summer,3.33927,19498.0
Rice,IND_KARNATAKA_TUMAKURU,2012,Kharif,2.526997,36131.0
Rice,IND_KARNATAKA_TUMAKURU,2012,Rabi,2.632653,387.0
Rice,IND_KARNATAKA_TUMAKURU,2012,Summer,2.717195,1201.0
Rice,IND_KARNATAKA_TUMAKURU,2013,Kharif,2.9355,34225.0
Rice,IND_KARNATAKA_TUMAKURU,2013,Rabi,2.513761,274.0
Rice,IND_KARNATAKA_TUMAKURU,2013,Summer,3.149842,3994.0
Rice,IND_KARNATAKA_TUMAKURU,2014,Kharif,2.974463,22713.0
Rice,IND_KARNATAKA_TUMAKURU,2014,Rabi,2.462687,165.0
Rice,IND_KARNATAKA_TUMAKURU,2014,Summer,2.249723,4054.0
Rice,IND_KARNATAKA_TUMAKURU,2015,Kharif,2.79965,20821.0
Rice,IND_KARNATAKA_TUMAKURU,2015,Rabi,2.989796,293.0
Rice,IND_KARNATAKA_TUMAKURU,2015,Summer,2.859353,8132.0
Rice,IND_KARNATAKA_TUMAKURU,2016,Kharif,2.422535,25456.0
Rice,IND_KARNATAKA_TUMAKURU,2016,Rabi,3.137056,618.0
Rice,IND_KARNATAKA_TUMAKURU,2016,Summer,2.288136,135.0
Rice,IND_KARNATAKA_TUMAKURU,2017,Kharif,2.518536,10802.0
Rice,IND_KARNATAKA_TUMAKURU,2017,Rabi,2.65625,85.0
Rice,IND_KARNATAKA_TUMAKURU,2017,Summer,2.605214,1399.0
Rice,IND_KARNATAKA_TUMAKURU,2018,Kharif,2.666667,17152.0
Rice,IND_KARNATAKA_TUMAKURU,2018,Rabi,2.333333,7.0
Rice,IND_KARNATAKA_TUMAKURU,2018,Summer,3.892925,2036.0
Rice,IND_KARNATAKA_TUMAKURU,2019,Kharif,2.971869,4437.0
Rice,IND_KARNATAKA_TUMAKURU,2019,Summer,3.375673,3136.0
Rice,IND_KARNATAKA_UDUPI,1998,Kharif,1.735193,94221.0
Rice,IND_KARNATAKA_UDUPI,1998,Rabi,1.796272,24573.0
Rice,IND_KARNATAKA_UDUPI,1998,Summer,2.046972,3312.0
Rice,IND_KARNATAKA_UDUPI,1999,Kharif,1.740389,93170.0
Rice,IND_KARNATAKA_UDUPI,1999,Rabi,1.864754,27686.0
Rice,IND_KARNATAKA_UDUPI,1999,Summer,2.019854,3052.0
Rice,IND_KARNATAKA_UDUPI,2000,Kharif,2.017157,106050.0
Rice,IND_KARNATAKA_UDUPI,2000,Rabi,2.045472,27170.0
Rice,IND_KARNATAKA_UDUPI,2000,Summer,2.009382,2570.0
Rice,IND_KARNATAKA_UDUPI,2001,Kharif,2.201577,114744.0
Rice,IND_KARNATAKA_UDUPI,2001,Rabi,1.820411,23456.0
Rice,IND_KARNATAKA_UDUPI,2001,Summer,1.933793,1402.0
Rice,IND_KARNATAKA_UDUPI,2002,Kharif,2.106509,107809.0
Rice,IND_KARNATAKA_UDUPI,2002,Rabi,2.023478,23960.0
Rice,IND_KARNATAKA_UDUPI,2002,Summer,2.418803,1132.0
Rice,IND_KARNATAKA_UDUPI,2003,Kharif,2.481354,126487.0
Rice,IND_KARNATAKA_UDUPI,2003,Rabi,2.779894,30362.0
Rice,IND_KARNATAKA_UDUPI,2003,Summer,3.902913,804.0
Rice,IND_KARNATAKA_UDUPI,2004,Kharif,2.422495,124492.0
Rice,IND_KARNATAKA_UDUPI,2004,Rabi,3.185023,34153.0
Rice,IND_KARNATAKA_UDUPI,2004,Summer,4.474576,792.0
Rice,IND_KARNATAKA_UDUPI,2005,Kharif,2.563403,132551.0
Rice,IND_KARNATAKA_UDUPI,2005,Rabi,2.105041,22966.0
Rice,IND_KARNATAKA_UDUPI,2005,Summer,2.315068,338.0
Rice,IND_KARNATAKA_UDUPI,2006,Kharif,2.565729,131763.0
Rice,IND_KARNATAKA_UDUPI,2006,Rabi,2.216276,24184.0
Rice,IND_KARNATAKA_UDUPI,2006,Summer,2.525,404.0
Rice,IND_KARNATAKA_UDUPI,2007,Kharif,2.422195,124387.0
Rice,IND_KARNATAKA_UDUPI,2007,Rabi,2.198858,23099.0
Rice,IND_KARNATAKA_UDUPI,2007,Summer,2.415493,343.0
Rice,IND_KARNATAKA_UDUPI,2008,Kharif,2.308503,117826.0
Rice,IND_KARNATAKA_UDUPI,2008,Rabi,2.189765,22594.0
Rice,IND_KARNATAKA_UDUPI,2008,Summer,2.181818,336.0
Rice,IND_KARNATAKA_UDUPI,2009,Kharif,2.422499,116481.0
Rice,IND_KARNATAKA_UDUPI,2009,Rabi,2.305289,21400.0
Rice,IND_KARNATAKA_UDUPI,2009,Summer,2.20979,316.0
Rice,IND_KARNATAKA_UDUPI,2010,Kharif,2.586907,122102.0
Rice,IND_KARNATAKA_UDUPI,2010,Rabi,2.179693,19578.0
Rice,IND_KARNATAKA_UDUPI,2010,Summer,2.417722,382.0
Rice,IND_KARNATAKA_UDUPI,2011,Kharif,2.575803,121037.0
Rice,IND_KARNATAKA_UDUPI,2011,Rabi,2.300158,18951.0
Rice,IND_KARNATAKA_UDUPI,2011,Summer,2.242718,231.0
Rice,IND_KARNATAKA_UDUPI,2012,Kharif,2.481408,110579.0
Rice,IND_KARNATAKA_UDUPI,2012,Rabi,2.210678,15362.0
Rice,IND_KARNATAKA_UDUPI,2012,Summer,2.302083,221.0
Rice,IND_KARNATAKA_UDUPI,2013,Kharif,2.695139,120373.0
Rice,IND_KARNATAKA_UDUPI,2013,Rabi,2.525059,17231.0
Rice,IND_KARNATAKA_UDUPI,2013,Summer,2.645455,291.0
Rice,IND_KARNATAKA_UDUPI,2014,Kharif,2.774952,119359.0
Rice,IND_KARNATAKA_UDUPI,2014,Rabi,2.746468,17690.0
Rice,IND_KARNATAKA_UDUPI,2014,Summer,2.978947,283.0
Rice,IND_KARNATAKA_UDUPI,2015,Kharif,2.5441,109928.0
Rice,IND_KARNATAKA_UDUPI,2015,Rabi,2.199304,13904.0
Rice,IND_KARNATAKA_UDUPI,2015,Summer,2.266667,170.0
Rice,IND_KARNATAKA_UDUPI,2016,Kharif,2.735048,118991.0
Rice,IND_KARNATAKA_UDUPI,2016,Rabi,2.408206,10271.0
Rice,IND_KARNATAKA_UDUPI,2016,Summer,3.033333,182.0
Rice,IND_KARNATAKA_UDUPI,2017,Kharif,3.087491,131382.0
Rice,IND_KARNATAKA_UDUPI,2017,Rabi,2.433013,10878.0
Rice,IND_KARNATAKA_UDUPI,2017,Summer,3.126761,222.0
Rice,IND_KARNATAKA_UDUPI,2018,Kharif,2.945939,91112.0
Rice,IND_KARNATAKA_UDUPI,2018,Rabi,2.437689,8861.0
Rice,IND_KARNATAKA_UDUPI,2018,Summer,3.2,144.0
Rice,IND_KARNATAKA_UDUPI,2019,Kharif,2.880387,99526.0
Rice,IND_KARNATAKA_UDUPI,2019,Rabi,2.526911,9390.0
Rice,IND_KARNATAKA_UDUPI,2019,Summer,3.037037,164.0
Rice,IND_KARNATAKA_UTTARAKANNADA,1997,Kharif,1.499889,128113.0
Rice,IND_KARNATAKA_UTTARAKANNADA,1997,Rabi,2.010695,4888.0
Rice,IND_KARNATAKA_UTTARAKANNADA,1997,Summer,1.981354,4888.0
Rice,IND_KARNATAKA_UTTARAKANNADA,1998,Kharif,1.733019,146655.0
Rice,IND_KARNATAKA_UTTARAKANNADA,1998,Rabi,1.905873,4738.0
Rice,IND_KARNATAKA_UTTARAKANNADA,1998,Summer,2.047136,5646.0
Rice,IND_KARNATAKA_UTTARAKANNADA,1999,Kharif,1.627592,136236.0
Rice,IND_KARNATAKA_UTTARAKANNADA,1999,Rabi,1.953704,5064.0
Rice,IND_KARNATAKA_UTTARAKANNADA,1999,Summer,2.999589,7304.0
Rice,IND_KARNATAKA_UTTARAKANNADA,2000,Kharif,1.712414,145985.0
Rice,IND_KARNATAKA_UTTARAKANNADA,2000,Rabi,2.05124,5044.0
Rice,IND_KARNATAKA_UTTARAKANNADA,2000,Summer,2.493894,6943.0
Rice,IND_KARNATAKA_UTTARAKANNADA,2001,Kharif,1.076402,87420.0
Rice,IND_KARNATAKA_UTTARAKANNADA,2001,Rabi,1.873529,4459.0
Rice,IND_KARNATAKA_UTTARAKANNADA,2001,Summer,1.868272,2638.0
Rice,IND_KARNATAKA_UTTARAKANNADA,2002,Kharif,1.170623,96656.0
Rice,IND_KARNATAKA_UTTARAKANNADA,2002,Rabi,1.694064,3710.0
Rice,IND_KARNATAKA_UTTARAKANNADA,2002,Summer,2.329964,3227.0
Rice,IND_KARNATAKA_UTTARAKANNADA,2003,Kharif,1.569132,125609.0
Rice,IND_KARNATAKA_UTTARAKANNADA,2003,Rabi,3.274135,7190.0
Rice,IND_KARNATAKA_UTTARAKANNADA,2003,Summer,3.723565,4930.0
Rice,IND_KARNATAKA_UTTARAKANNADA,2004,Kharif,1.776499,139814.0
Rice,IND_KARNATAKA_UTTARAKANNADA,2004,Rabi,3.142788,6493.0
Rice,IND_KARNATAKA_UTTARAKANNADA,2004,Summer,3.218334,4599.0
Rice,IND_KARNATAKA_UTTARAKANNADA,2005,Kharif,2.011923,157443.0
Rice,IND_KARNATAKA_UTTARAKANNADA,2005,Rabi,2.176355,4418.0
Rice,IND_KARNATAKA_UTTARAKANNADA,2005,Summer,2.363592,4791.0
Rice,IND_KARNATAKA_UTTARAKANNADA,2006,Kharif,1.985314,154515.0
Rice,IND_KARNATAKA_UTTARAKANNADA,2006,Rabi,2.504443,4791.0
Rice,IND_KARNATAKA_UTTARAKANNADA,2006,Summer,2.57767,3717.0
Rice,IND_KARNATAKA_UTTARAKANNADA,2007,Kharif,2.00835,155370.0
Rice,IND_KARNATAKA_UTTARAKANNADA,2007,Rabi,2.134625,4075.0
Rice,IND_KARNATAKA_UTTARAKANNADA,2007,Summer,2.254982,3847.0
Rice,IND_KARNATAKA_UTTARAKANNADA,2008,Kharif,1.491502,115402.0
Rice,IND_KARNATAKA_UTTARAKANNADA,2008,Rabi,2.323253,4456.0
Rice,IND_KARNATAKA_UTTARAKANNADA,2008,Summer,2.210175,2650.0
Rice,IND_KARNATAKA_UTTARAKANNADA,2009,Kharif,1.919002,146629.0
Rice,IND_KARNATAKA_UTTARAKANNADA,2009,Rabi,2.335738,4209.0
Rice,IND_KARNATAKA_UTTARAKANNADA,2009,Summer,2.283843,4707.0
Rice,IND_KARNATAKA_UTTARAKANNADA,2010,Kharif,1.907365,143863.0
Rice,IND_KARNATAKA_UTTARAKANNADA,2010,Rabi,2.19057,4460.0
Rice,IND_KARNATAKA_UTTARAKANNADA,2010,Summer,2.013479,3137.0
Rice,IND_KARNATAKA_UTTARAKANNADA,2011,Kharif,1.991803,144585.0
Rice,IND_KARNATAKA_UTTARAKANNADA,2011,Rabi,2.280364,4262.0
Rice,IND_KARNATAKA_UTTARAKANNADA,2011,Summer,2.186191,2818.0
Rice,IND_KARNATAKA_UTTARAKANNADA,2012,Kharif,2.015901,144149.0
Rice,IND_KARNATAKA_UTTARAKANNADA,2012,Rabi,2.183153,3421.0
Rice,IND_KARNATAKA_UTTARAKANNADA,2012,Summer,2.063584,2499.0
Rice,IND_KARNATAKA_UTTARAKANNADA,2013,Kharif,2.43105,163211.0
Rice,IND_KARNATAKA_UTTARAKANNADA,2013,Rabi,2.694826,4115.0
Rice,IND_KARNATAKA_UTTARAKANNADA,2013,Summer,2.301843,2997.0
Rice,IND_KARNATAKA_UTTARAKANNADA,2014,Kharif,2.210643,145604.0
Rice,IND_KARNATAKA_UTTARAKANNADA,2014,Rabi,2.678238,4012.0
Rice,IND_KARNATAKA_UTTARAKANNADA,2014,Summer,2.690497,3086.0
Rice,IND_KARNATAKA_UTTARAKANNADA,2015,Kharif,1.633045,106597.0
Rice,IND_KARNATAKA_UTTARAKANNADA,2015,Rabi,2.378995,3126.0
Rice,IND_KARNATAKA_UTTARAKANNADA,2015,Summer,2.543161,1915.0
Rice,IND_KARNATAKA_UTTARAKANNADA,2016,Kharif,1.948456,126334.0
Rice,IND_KARNATAKA_UTTARAKANNADA,2016,Rabi,2.565109,3073.0
Rice,IND_KARNATAKA_UTTARAKANNADA,2016,Summer,2.299525,1451.0
Rice,IND_KARNATAKA_UTTARAKANNADA,2017,Kharif,1.962698,119597.0
Rice,IND_KARNATAKA_UTTARAKANNADA,2017,Rabi,2.327675,3154.0
Rice,IND_KARNATAKA_UTTARAKANNADA,2017,Summer,2.567474,1484.0
Rice,IND_KARNATAKA_UTTARAKANNADA,2018,Kharif,2.084302,108713.0
Rice,IND_KARNATAKA_UTTARAKANNADA,2018,Rabi,2.226812,2857.0
Rice,IND_KARNATAKA_UTTARAKANNADA,2018,Summer,2.377637,1127.0
Rice,IND_KARNATAKA_UTTARAKANNADA,2019,Kharif,2.282853,105639.0
Rice,IND_KARNATAKA_UTTARAKANNADA,2019,Rabi,2.203664,2045.0
Rice,IND_KARNATAKA_UTTARAKANNADA,2019,Summer,2.384191,1297.0
Rice,IND_KARNATAKA_VIJAYAPURA,1997,Kharif,1.411111,635.0
Rice,IND_KARNATAKA_VIJAYAPURA,1998,Kharif,1.373096,541.0
Rice,IND_KARNATAKA_VIJAYAPURA,1999,Kharif,1.386301,506.0
Rice,IND_KARNATAKA_VIJAYAPURA,2000,Kharif,1.55132,529.0
Rice,IND_KARNATAKA_VIJAYAPURA,2001,Kharif,1.5,6.0
Rice,IND_KARNATAKA_VIJAYAPURA,2002,Kharif,1.066667,16.0
Rice,IND_KARNATAKA_VIJAYAPURA,2003,Kharif,1.107143,31.0
Rice,IND_KARNATAKA_VIJAYAPURA,2004,Kharif,1.62069,47.0
Rice,IND_KARNATAKA_VIJAYAPURA,2004,Rabi,2.0,2.0
Rice,IND_KARNATAKA_VIJAYAPURA,2005,Kharif,1.779221,137.0
Rice,IND_KARNATAKA_VIJAYAPURA,2005,Rabi,1.642857,23.0
Rice,IND_KARNATAKA_VIJAYAPURA,2006,Kharif,2.147059,73.0
Rice,IND_KARNATAKA_VIJAYAPURA,2006,Rabi,1.7,17.0
Rice,IND_KARNATAKA_VIJAYAPURA,2007,Kharif,2.25,45.0
Rice,IND_KARNATAKA_VIJAYAPURA,2008,Kharif,3.083333,37.0
Rice,IND_KARNATAKA_VIJAYAPURA,2009,Kharif,2.851852,77.0
Rice,IND_KARNATAKA_VIJAYAPURA,2010,Kharif,3.211268,228.0
Rice,IND_KARNATAKA_VIJAYAPURA,2011,Kharif,3.215909,283.0
Rice,IND_KARNATAKA_VIJAYAPURA,2012,Kharif,2.546392,247.0
Rice,IND_KARNATAKA_VIJAYAPURA,2013,Kharif,2.961538,154.0
Rice,IND_KARNATAKA_VIJAYAPURA,2014,Kharif,3.06,153.0
Rice,IND_KARNATAKA_VIJAYAPURA,2015,Kharif,2.705882,138.0
Rice,IND_KARNATAKA_VIJAYAPURA,2016,Kharif,2.785714,39.0
Rice,IND_KARNATAKA_VIJAYAPURA,2017,Kharif,2.866667,86.0
Rice,IND_KARNATAKA_VIJAYAPURA,2018,Kharif,2.846154,259.0
Rice,IND_KARNATAKA_VIJAYAPURA,2019,Kharif,3.203704,346.0
Rice,IND_KARNATAKA_VIJAYAPURA,2019,Summer,3.04,152.0
Rice,IND_KARNATAKA_YADAGIRI,2010,Kharif,2.026016,106769.0
Rice,IND_KARNATAKA_YADAGIRI,2010,Rabi,2.319886,8166.0
Rice,IND_KARNATAKA_YADAGIRI,2010,Summer,2.053904,81236.0
Rice,IND_KARNATAKA_YADAGIRI,2011,Kharif,1.982107,102798.0
Rice,IND_KARNATAKA_YADAGIRI,2011,Rabi,1.894322,18015.0
Rice,IND_KARNATAKA_YADAGIRI,2011,Summer,1.452498,11222.0
Rice,IND_KARNATAKA_YADAGIRI,2012,Kharif,1.329055,64608.0
Rice,IND_KARNATAKA_YADAGIRI,2012,Rabi,1.388952,9731.0
Rice,IND_KARNATAKA_YADAGIRI,2012,Summer,1.343316,9285.0
Rice,IND_KARNATAKA_YADAGIRI,2013,Kharif,1.995956,101680.0
Rice,IND_KARNATAKA_YADAGIRI,2013,Rabi,1.834414,13859.0
Rice,IND_KARNATAKA_YADAGIRI,2013,Summer,1.730857,18875.0
Rice,IND_KARNATAKA_YADAGIRI,2014,Kharif,2.837648,146014.0
Rice,IND_KARNATAKA_YADAGIRI,2014,Rabi,2.365484,36542.0
Rice,IND_KARNATAKA_YADAGIRI,2014,Summer,2.303782,35029.0
Rice,IND_KARNATAKA_YADAGIRI,2015,Kharif,2.084307,89398.0
Rice,IND_KARNATAKA_YADAGIRI,2015,Rabi,1.391773,2064.0
Rice,IND_KARNATAKA_YADAGIRI,2015,Summer,1.560795,7779.0
Rice,IND_KARNATAKA_YADAGIRI,2016,Kharif,3.387698,209292.0
Rice,IND_KARNATAKA_YADAGIRI,2016,Rabi,2.784768,841.0
Rice,IND_KARNATAKA_YADAGIRI,2016,Summer,3.12171,87180.0
Rice,IND_KARNATAKA_YADAGIRI,2017,Kharif,3.801898,220339.0
Rice,IND_KARNATAKA_YADAGIRI,2017,Summer,2.514656,119416.0
Rice,IND_KARNATAKA_YADAGIRI,2018,Kharif,2.813904,268891.0
Rice,IND_KARNATAKA_YADAGIRI,2018,Rabi,2.675824,974.0
Rice,IND_KARNATAKA_YADAGIRI,2018,Summer,2.358604,3920.0
Rice,IND_KARNATAKA_YADAGIRI,2019,Kharif,3.679345,321847.0
Rice,IND_KARNATAKA_YADAGIRI,2019,Summer,3.002944,98929.0
Rice,IND_TAMILNADU_ARIYALUR,2009,Kharif,3.097313,80462.0
Rice,IND_TAMILNADU_ARIYALUR,2010,Kharif,3.881996,97869.0
Rice,IND_TAMILNADU_ARIYALUR,2011,Kharif,4.036063,97257.0
Rice,IND_TAMILNADU_ARIYALUR,2012,Kharif,2.076813,36392.0
Rice,IND_TAMILNADU_ARIYALUR,2013,Kharif,5.38765,131658.0
Rice,IND_TAMILNADU_ARIYALUR,2014,Kharif,5.030249,116239.0
Rice,IND_TAMILNADU_ARIYALUR,2015,Kharif,5.087635,124179.0
Rice,IND_TAMILNADU_ARIYALUR,2016,Kharif,2.891544,44524.0
Rice,IND_TAMILNADU_ARIYALUR,2017,Autumn,3.854069,9851.0
Rice,IND_TAMILNADU_ARIYALUR,2017,Summer,4.46875,2145.0
Rice,IND_TAMILNADU_ARIYALUR,2017,Winter,4.444009,87227.0
Rice,IND_TAMILNADU_ARIYALUR,2018,Autumn,4.285763,12673.0
Rice,IND_TAMILNADU_ARIYALUR,2018,Summer,4.185792,3064.0
Rice,IND_TAMILNADU_ARIYALUR,2018,Winter,3.858975,73718.0
Rice,IND_TAMILNADU_ARIYALUR,2019,Autumn,3.410131,8348.0
Rice,IND_TAMILNADU_ARIYALUR,2019,Summer,4.304786,1709.0
Rice,IND_TAMILNADU_ARIYALUR,2019,Winter,3.905933,79599.0
Rice,IND_TAMILNADU_COIMBATORE,1998,Kharif,3.430557,51575.0
Rice,IND_TAMILNADU_COIMBATORE,1999,Kharif,3.58483,60494.0
Rice,IND_TAMILNADU_COIMBATORE,2000,Kharif,3.867379,47066.0
Rice,IND_TAMILNADU_COIMBATORE,2001,Kharif,3.526735,37200.0
Rice,IND_TAMILNADU_COIMBATORE,2002,Kharif,3.368101,22152.0
Rice,IND_TAMILNADU_COIMBATORE,2003,Kharif,2.912698,10643.0
Rice,IND_TAMILNADU_COIMBATORE,2004,Kharif,3.378091,24454.0
Rice,IND_TAMILNADU_COIMBATORE,2005,Kharif,2.790305,20665.0
Rice,IND_TAMILNADU_COIMBATORE,2006,Kharif,3.859347,24009.0
Rice,IND_TAMILNADU_COIMBATORE,2007,Kharif,3.774657,24456.0
Rice,IND_TAMILNADU_COIMBATORE,2008,Kharif,9.886125,25437.0
Rice,IND_TAMILNADU_COIMBATORE,2009,Kharif,3.508697,9884.0
Rice,IND_TAMILNADU_COIMBATORE,2010,Kharif,3.908102,10419.0
Rice,IND_TAMILNADU_COIMBATORE,2011,Kharif,3.988589,10486.0
Rice,IND_TAMILNADU_COIMBATORE,2012,Kharif,3.659555,7890.0
Rice,IND_TAMILNADU_COIMBATORE,2013,Kharif,4.698332,10139.0
Rice,IND_TAMILNADU_COIMBATORE,2014,Kharif,4.602493,9969.0
Rice,IND_TAMILNADU_COIMBATORE,2015,Kharif,3.904621,7942.0
Rice,IND_TAMILNADU_COIMBATORE,2016,Kharif,4.034404,3518.0
Rice,IND_TAMILNADU_COIMBATORE,2017,Autumn,3.818182,42.0
Rice,IND_TAMILNADU_COIMBATORE,2017,Winter,3.414051,2284.0
Rice,IND_TAMILNADU_COIMBATORE,2018,Autumn,4.286316,2036.0
Rice,IND_TAMILNADU_COIMBATORE,2018,Summer,4.19209,742.0
Rice,IND_TAMILNADU_COIMBATORE,2018,Winter,3.270327,3097.0
Rice,IND_TAMILNADU_COIMBATORE,2019,Autumn,4.363636,48.0
Rice,IND_TAMILNADU_COIMBATORE,2019,Summer,4.307692,504.0
Rice,IND_TAMILNADU_COIMBATORE,2019,Winter,3.638472,2667.0
Rice,IND_TAMILNADU_CUDDALORE,1998,Kharif,3.447656,418149.0
Rice,IND_TAMILNADU_CUDDALORE,1999,Kharif,3.500567,447523.0
Rice,IND_TAMILNADU_CUDDALORE,2000,Kharif,3.812672,472024.0
Rice,IND_TAMILNADU_CUDDALORE,2001,Kharif,3.716817,402810.0
Rice,IND_TAMILNADU_CUDDALORE,2002,Kharif,2.752775,281708.0
Rice,IND_TAMILNADU_CUDDALORE,2003,Kharif,3.049625,317655.0
Rice,IND_TAMILNADU_CUDDALORE,2004,Kharif,2.754841,315702.0
Rice,IND_TAMILNADU_CUDDALORE,2005,Kharif,1.91043,218345.0
Rice,IND_TAMILNADU_CUDDALORE,2006,Kharif,3.721396,392384.0
Rice,IND_TAMILNADU_CUDDALORE,2007,Kharif,3.259976,335119.0
Rice,IND_TAMILNADU_CUDDALORE,2008,Kharif,2.0765,223882.0
Rice,IND_TAMILNADU_CUDDALORE,2009,Kharif,2.896079,322962.0
Rice,IND_TAMILNADU_CUDDALORE,2010,Kharif,2.603342,301506.0
Rice,IND_TAMILNADU_CUDDALORE,2011,Kharif,2.051875,248242.0
Rice,IND_TAMILNADU_CUDDALORE,2012,Kharif,3.030476,339286.0
Rice,IND_TAMILNADU_CUDDALORE,2013,Kharif,4.439424,565960.0
Rice,IND_TAMILNADU_CUDDALORE,2014,Kharif,4.766649,641958.0
Rice,IND_TAMILNADU_CUDDALORE,2015,Kharif,3.622694,507130.0
Rice,IND_TAMILNADU_CUDDALORE,2016,Kharif,3.486634,459908.0
Rice,IND_TAMILNADU_CUDDALORE,2017,Autumn,3.906,124535.0
Rice,IND_TAMILNADU_CUDDALORE,2017,Summer,4.50796,33413.0
Rice,IND_TAMILNADU_CUDDALORE,2017,Winter,4.422999,406593.0
Rice,IND_TAMILNADU_CUDDALORE,2018,Autumn,4.319489,154858.0
Rice,IND_TAMILNADU_CUDDALORE,2018,Summer,3.735562,24580.0
Rice,IND_TAMILNADU_CUDDALORE,2018,Winter,3.520593,320124.0
Rice,IND_TAMILNADU_CUDDALORE,2019,Autumn,3.957047,137820.0
Rice,IND_TAMILNADU_CUDDALORE,2019,Summer,3.973753,32096.0
Rice,IND_TAMILNADU_CUDDALORE,2019,Winter,3.646064,325393.0
Rice,IND_TAMILNADU_DHARMAPURI,1998,Kharif,3.440426,196352.0
Rice,IND_TAMILNADU_DHARMAPURI,1999,Kharif,3.327871,201243.0
Rice,IND_TAMILNADU_DHARMAPURI,2000,Kharif,3.691696,227438.0
Rice,IND_TAMILNADU_DHARMAPURI,2001,Kharif,3.487871,189510.0
Rice,IND_TAMILNADU_DHARMAPURI,2002,Kharif,2.573494,77596.0
Rice,IND_TAMILNADU_DHARMAPURI,2003,Kharif,2.42608,38810.0
Rice,IND_TAMILNADU_DHARMAPURI,2004,Kharif,2.771685,38568.0
Rice,IND_TAMILNADU_DHARMAPURI,2005,Kharif,2.942149,85390.0
Rice,IND_TAMILNADU_DHARMAPURI,2006,Kharif,3.611813,76072.0
Rice,IND_TAMILNADU_DHARMAPURI,2007,Kharif,3.744216,70395.0
Rice,IND_TAMILNADU_DHARMAPURI,2008,Kharif,3.816133,77727.0
Rice,IND_TAMILNADU_DHARMAPURI,2009,Kharif,3.922944,79675.0
Rice,IND_TAMILNADU_DHARMAPURI,2010,Kharif,4.07694,93207.0
Rice,IND_TAMILNADU_DHARMAPURI,2011,Kharif,4.737355,128226.0
Rice,IND_TAMILNADU_DHARMAPURI,2012,Kharif,4.471299,53669.0
Rice,IND_TAMILNADU_DHARMAPURI,2013,Kharif,4.965904,132535.0
Rice,IND_TAMILNADU_DHARMAPURI,2014,Kharif,5.199312,95163.0
Rice,IND_TAMILNADU_DHARMAPURI,2015,Kharif,4.480674,149426.0
Rice,IND_TAMILNADU_DHARMAPURI,2016,Kharif,3.751137,42883.0
Rice,IND_TAMILNADU_DHARMAPURI,2017,Autumn,4.175059,7131.0
Rice,IND_TAMILNADU_DHARMAPURI,2017,Summer,4.901028,24314.0
Rice,IND_TAMILNADU_DHARMAPURI,2017,Winter,4.868029,75766.0
Rice,IND_TAMILNADU_DHARMAPURI,2018,Autumn,4.286869,4244.0
Rice,IND_TAMILNADU_DHARMAPURI,2018,Summer,4.748954,2270.0
Rice,IND_TAMILNADU_DHARMAPURI,2018,Winter,4.341594,10511.0
Rice,IND_TAMILNADU_DHARMAPURI,2019,Autumn,4.75,38.0
Rice,IND_TAMILNADU_DHARMAPURI,2019,Summer,4.377476,11272.0
Rice,IND_TAMILNADU_DHARMAPURI,2019,Winter,4.269484,56481.0
Rice,IND_TAMILNADU_DINDIGUL,1998,Kharif,3.420522,93305.0
Rice,IND_TAMILNADU_DINDIGUL,1999,Kharif,4.184619,118998.0
Rice,IND_TAMILNADU_DINDIGUL,2000,Kharif,4.414957,111460.0
Rice,IND_TAMILNADU_DINDIGUL,2001,Kharif,4.739228,76330.0
Rice,IND_TAMILNADU_DINDIGUL,2002,Kharif,3.428897,52709.0
Rice,IND_TAMILNADU_DINDIGUL,2003,Kharif,2.830987,32378.0
Rice,IND_TAMILNADU_DINDIGUL,2004,Kharif,3.530312,74246.0
Rice,IND_TAMILNADU_DINDIGUL,2005,Kharif,3.172699,75304.0
Rice,IND_TAMILNADU_DINDIGUL,2006,Kharif,4.366529,81248.0
Rice,IND_TAMILNADU_DINDIGUL,2007,Kharif,3.926661,67837.0
Rice,IND_TAMILNADU_DINDIGUL,2008,Kharif,3.70002,72661.0
Rice,IND_TAMILNADU_DINDIGUL,2009,Kharif,4.736529,78849.0
Rice,IND_TAMILNADU_DINDIGUL,2010,Kharif,5.343779,98053.0
Rice,IND_TAMILNADU_DINDIGUL,2011,Kharif,5.39597,103376.0
Rice,IND_TAMILNADU_DINDIGUL,2012,Kharif,3.25095,30806.0
Rice,IND_TAMILNADU_DINDIGUL,2013,Kharif,6.083609,25758.0
Rice,IND_TAMILNADU_DINDIGUL,2014,Kharif,5.855024,70676.0
Rice,IND_TAMILNADU_DINDIGUL,2015,Kharif,4.799853,71945.0
Rice,IND_TAMILNADU_DINDIGUL,2016,Kharif,2.960578,4506.0
Rice,IND_TAMILNADU_DINDIGUL,2017,Autumn,3.850467,412.0
Rice,IND_TAMILNADU_DINDIGUL,2017,Summer,5.725945,19995.0
Rice,IND_TAMILNADU_DINDIGUL,2017,Winter,5.582933,29048.0
Rice,IND_TAMILNADU_DINDIGUL,2018,Autumn,4.286026,1963.0
Rice,IND_TAMILNADU_DINDIGUL,2018,Summer,3.785637,21086.0
Rice,IND_TAMILNADU_DINDIGUL,2018,Winter,4.008456,12799.0
Rice,IND_TAMILNADU_DINDIGUL,2019,Autumn,4.105991,891.0
Rice,IND_TAMILNADU_DINDIGUL,2019,Summer,4.795955,21577.0
Rice,IND_TAMILNADU_DINDIGUL,2019,Winter,4.225467,14468.0
Rice,IND_TAMILNADU_ERODE,1998,Kharif,3.444596,232121.0
Rice,IND_TAMILNADU_ERODE,1999,Kharif,4.196756,270611.0
Rice,IND_TAMILNADU_ERODE,2000,Kharif,4.498327,306471.0
Rice,IND_TAMILNADU_ERODE,2001,Kharif,4.634267,233910.0
Rice,IND_TAMILNADU_ERODE,2002,Kharif,4.461746,74471.0
Rice,IND_TAMILNADU_ERODE,2003,Kharif,4.095679,7962.0
Rice,IND_TAMILNADU_ERODE,2004,Kharif,3.907113,216247.0
Rice,IND_TAMILNADU_ERODE,2005,Kharif,4.12421,179564.0
Rice,IND_TAMILNADU_ERODE,2006,Kharif,4.19215,161599.0
Rice,IND_TAMILNADU_ERODE,2007,Kharif,4.349844,166860.0
Rice,IND_TAMILNADU_ERODE,2008,Kharif,5.159146,196321.0
Rice,IND_TAMILNADU_ERODE,2009,Kharif,4.103978,156419.0
Rice,IND_TAMILNADU_ERODE,2010,Kharif,4.215554,154538.0
Rice,IND_TAMILNADU_ERODE,2011,Kharif,4.281177,144357.0
Rice,IND_TAMILNADU_ERODE,2012,Kharif,4.410874,29125.0
Rice,IND_TAMILNADU_ERODE,2013,Kharif,5.277639,163021.0
Rice,IND_TAMILNADU_ERODE,2014,Kharif,4.759007,176997.0
Rice,IND_TAMILNADU_ERODE,2015,Kharif,4.268325,146570.0
Rice,IND_TAMILNADU_ERODE,2016,Kharif,2.256115,1568.0
Rice,IND_TAMILNADU_ERODE,2017,Autumn,3.85,231.0
Rice,IND_TAMILNADU_ERODE,2017,Summer,4.467938,7734.0
Rice,IND_TAMILNADU_ERODE,2017,Winter,5.179013,46492.0
Rice,IND_TAMILNADU_ERODE,2018,Autumn,4.2827,1015.0
Rice,IND_TAMILNADU_ERODE,2018,Summer,4.188023,34057.0
Rice,IND_TAMILNADU_ERODE,2018,Winter,5.203295,141488.0
Rice,IND_TAMILNADU_ERODE,2019,Autumn,4.107843,1257.0
Rice,IND_TAMILNADU_ERODE,2019,Summer,4.303398,32297.0
Rice,IND_TAMILNADU_ERODE,2019,Winter,4.635895,124038.0
Rice,IND_TAMILNADU_KANCHIPURAM,1998,Kharif,3.421511,711233.0
Rice,IND_TAMILNADU_KANCHIPURAM,1999,Kharif,3.195595,618958.0
Rice,IND_TAMILNADU_KANCHIPURAM,2000,Kharif,3.32893,574297.0
Rice,IND_TAMILNADU_KANCHIPURAM,2001,Kharif,3.543504,478940.0
Rice,IND_TAMILNADU_KANCHIPURAM,2002,Kharif,2.854517,278087.0
Rice,IND_TAMILNADU_KANCHIPURAM,2003,Kharif,3.044143,295638.0
Rice,IND_TAMILNADU_KANCHIPURAM,2004,Kharif,3.020536,307110.0
Rice,IND_TAMILNADU_KANCHIPURAM,2005,Kharif,2.561672,293875.0
Rice,IND_TAMILNADU_KANCHIPURAM,2006,Kharif,3.832271,395134.0
Rice,IND_TAMILNADU_KANCHIPURAM,2007,Kharif,3.777847,345129.0
Rice,IND_TAMILNADU_KANCHIPURAM,2008,Kharif,3.622708,329210.0
Rice,IND_TAMILNADU_KANCHIPURAM,2009,Kharif,3.641332,331434.0
Rice,IND_TAMILNADU_KANCHIPURAM,2010,Kharif,3.954794,378628.0
Rice,IND_TAMILNADU_KANCHIPURAM,2011,Kharif,4.373107,395412.0
Rice,IND_TAMILNADU_KANCHIPURAM,2012,Kharif,4.433752,344875.0
Rice,IND_TAMILNADU_KANCHIPURAM,2013,Kharif,4.579461,391837.0
Rice,IND_TAMILNADU_KANCHIPURAM,2014,Kharif,4.684863,289904.0
Rice,IND_TAMILNADU_KANCHIPURAM,2015,Kharif,4.249135,415302.0
Rice,IND_TAMILNADU_KANCHIPURAM,2016,Kharif,3.966619,288044.0
Rice,IND_TAMILNADU_KANCHIPURAM,2017,Autumn,3.953994,107173.0
Rice,IND_TAMILNADU_KANCHIPURAM,2017,Summer,4.801008,106712.0
Rice,IND_TAMILNADU_KANCHIPURAM,2017,Winter,4.376992,180691.0
Rice,IND_TAMILNADU_KANCHIPURAM,2018,Autumn,5.530308,93241.0
Rice,IND_TAMILNADU_KANCHIPURAM,2018,Summer,4.29052,67344.0
Rice,IND_TAMILNADU_KANCHIPURAM,2018,Winter,4.430895,167572.0
Rice,IND_TAMILNADU_KANCHIPURAM,2019,Autumn,5.09727,48735.0
Rice,IND_TAMILNADU_KANCHIPURAM,2019,Summer,4.957867,231225.0
Rice,IND_TAMILNADU_KANCHIPURAM,2019,Winter,4.926951,153376.0
Rice,IND_TAMILNADU_KANNIYAKUMARI,1998,Kharif,3.496703,115066.0
Rice,IND_TAMILNADU_KANNIYAKUMARI,1999,Kharif,4.56412,143642.0
Rice,IND_TAMILNADU_KANNIYAKUMARI,2000,Kharif,4.525983,129425.0
Rice,IND_TAMILNADU_KANNIYAKUMARI,2001,Kharif,4.300188,121390.0
Rice,IND_TAMILNADU_KANNIYAKUMARI,2002,Kharif,3.77971,98469.0
Rice,IND_TAMILNADU_KANNIYAKUMARI,2003,Kharif,3.054099,52897.0
Rice,IND_TAMILNADU_KANNIYAKUMARI,2004,Kharif,3.928325,86486.0
Rice,IND_TAMILNADU_KANNIYAKUMARI,2005,Kharif,3.801327,82523.0
Rice,IND_TAMILNADU_KANNIYAKUMARI,2006,Kharif,4.397365,94130.0
Rice,IND_TAMILNADU_KANNIYAKUMARI,2007,Kharif,4.433142,90210.0
Rice,IND_TAMILNADU_KANNIYAKUMARI,2008,Kharif,4.599824,83657.0
Rice,IND_TAMILNADU_KANNIYAKUMARI,2009,Kharif,4.404981,76237.0
Rice,IND_TAMILNADU_KANNIYAKUMARI,2010,Kharif,4.731709,80387.0
Rice,IND_TAMILNADU_KANNIYAKUMARI,2011,Kharif,5.42276,90110.0
Rice,IND_TAMILNADU_KANNIYAKUMARI,2012,Kharif,4.66339,57882.0
Rice,IND_TAMILNADU_KANNIYAKUMARI,2013,Kharif,4.89779,66703.0
Rice,IND_TAMILNADU_KANNIYAKUMARI,2014,Kharif,5.080677,66943.0
Rice,IND_TAMILNADU_KANNIYAKUMARI,2015,Kharif,4.305703,55789.0
Rice,IND_TAMILNADU_KANNIYAKUMARI,2016,Kharif,4.003784,48670.0
Rice,IND_TAMILNADU_KANNIYAKUMARI,2017,Autumn,3.548065,11368.0
Rice,IND_TAMILNADU_KANNIYAKUMARI,2017,Summer,4.464912,509.0
Rice,IND_TAMILNADU_KANNIYAKUMARI,2017,Winter,3.352932,21157.0
Rice,IND_TAMILNADU_KANNIYAKUMARI,2018,Autumn,3.663629,21707.0
Rice,IND_TAMILNADU_KANNIYAKUMARI,2018,Summer,4.181818,322.0
Rice,IND_TAMILNADU_KANNIYAKUMARI,2018,Winter,4.290274,25540.0
Rice,IND_TAMILNADU_KANNIYAKUMARI,2019,Autumn,3.88184,19580.0
Rice,IND_TAMILNADU_KANNIYAKUMARI,2019,Summer,4.326531,212.0
Rice,IND_TAMILNADU_KANNIYAKUMARI,2019,Winter,4.085758,24012.0
Rice,IND_TAMILNADU_KARUR,1998,Kharif,3.432875,58225.0
Rice,IND_TAMILNADU_KARUR,1999,Kharif,3.268303,56473.0
Rice,IND_TAMILNADU_KARUR,2000,Kharif,3.390522,51797.0
Rice,IND_TAMILNADU_KARUR,2001,Kharif,3.611558,56120.0
Rice,IND_TAMILNADU_KARUR,2002,Kharif,2.922022,37510.0
Rice,IND_TAMILNADU_KARUR,2003,Kharif,2.582341,24070.0
Rice,IND_TAMILNADU_KARUR,2004,Kharif,2.97691,54278.0
Rice,IND_TAMILNADU_KARUR,2005,Kharif,2.621209,48225.0
Rice,IND_TAMILNADU_KARUR,2006,Kharif,3.511968,48272.0
Rice,IND_TAMILNADU_KARUR,2007,Kharif,3.239685,40279.0
Rice,IND_TAMILNADU_KARUR,2008,Kharif,3.849373,60158.0
Rice,IND_TAMILNADU_KARUR,2009,Kharif,4.268767,64087.0
Rice,IND_TAMILNADU_KARUR,2010,Kharif,3.848663,56991.0
Rice,IND_TAMILNADU_KARUR,2011,Kharif,3.846518,65737.0
Rice,IND_TAMILNADU_KARUR,2012,Kharif,4.040799,44073.0
Rice,IND_TAMILNADU_KARUR,2013,Kharif,5.562913,69898.0
Rice,IND_TAMILNADU_KARUR,2014,Kharif,5.102864,68608.0
Rice,IND_TAMILNADU_KARUR,2015,Kharif,3.983579,52886.0
Rice,IND_TAMILNADU_KARUR,2016,Kharif,2.938998,10792.0
Rice,IND_TAMILNADU_KARUR,2017,Summer,4.467033,813.0
Rice,IND_TAMILNADU_KARUR,2017,Winter,3.773045,41545.0
Rice,IND_TAMILNADU_KARUR,2018,Summer,4.192547,1350.0
Rice,IND_TAMILNADU_KARUR,2018,Winter,3.451671,38210.0
Rice,IND_TAMILNADU_KARUR,2019,Summer,4.30597,1154.0
Rice,IND_TAMILNADU_KARUR,2019,Winter,3.483981,37843.0
Rice,IND_TAMILNADU_KRISHNAGIRI,2004,Kharif,2.568331,45254.0
Rice,IND_TAMILNADU_KRISHNAGIRI,2005,Kharif,2.629527,57797.0
Rice,IND_TAMILNADU_KRISHNAGIRI,2006,Kharif,2.852823,51037.0
Rice,IND_TAMILNADU_KRISHNAGIRI,2007,Kharif,3.181952,47672.0
Rice,IND_TAMILNADU_KRISHNAGIRI,2008,Kharif,3.577252,52303.0
Rice,IND_TAMILNADU_KRISHNAGIRI,2009,Kharif,3.940327,64976.0
Rice,IND_TAMILNADU_KRISHNAGIRI,2010,Kharif,4.292465,70126.0
Rice,IND_TAMILNADU_KRISHNAGIRI,2011,Kharif,4.546915,91443.0
Rice,IND_TAMILNADU_KRISHNAGIRI,2012,Kharif,4.06613,72186.0
Rice,IND_TAMILNADU_KRISHNAGIRI,2013,Kharif,4.827767,143404.0
Rice,IND_TAMILNADU_KRISHNAGIRI,2014,Kharif,4.884448,94094.0
Rice,IND_TAMILNADU_KRISHNAGIRI,2015,Kharif,4.486121,102306.0
Rice,IND_TAMILNADU_KRISHNAGIRI,2016,Kharif,4.352474,69583.0
Rice,IND_TAMILNADU_KRISHNAGIRI,2017,Autumn,5.000962,10392.0
Rice,IND_TAMILNADU_KRISHNAGIRI,2017,Summer,4.950028,43981.0
Rice,IND_TAMILNADU_KRISHNAGIRI,2017,Winter,4.572978,63665.0
Rice,IND_TAMILNADU_KRISHNAGIRI,2018,Autumn,4.86866,18238.0
Rice,IND_TAMILNADU_KRISHNAGIRI,2018,Summer,4.869906,36086.0
Rice,IND_TAMILNADU_KRISHNAGIRI,2018,Winter,4.937738,58290.0
Rice,IND_TAMILNADU_KRISHNAGIRI,2019,Autumn,4.857974,14195.0
Rice,IND_TAMILNADU_KRISHNAGIRI,2019,Summer,5.006187,33176.0
Rice,IND_TAMILNADU_KRISHNAGIRI,2019,Winter,4.516513,63317.0
Rice,IND_TAMILNADU_MADURAI,1998,Kharif,3.435339,303471.0
Rice,IND_TAMILNADU_MADURAI,1999,Kharif,4.188741,331342.0
Rice,IND_TAMILNADU_MADURAI,2000,Kharif,4.578723,327017.0
Rice,IND_TAMILNADU_MADURAI,2001,Kharif,3.986291,271590.0
Rice,IND_TAMILNADU_MADURAI,2002,Kharif,2.551719,112171.0
Rice,IND_TAMILNADU_MADURAI,2003,Kharif,2.716805,65024.0
Rice,IND_TAMILNADU_MADURAI,2004,Kharif,3.256411,196583.0
Rice,IND_TAMILNADU_MADURAI,2005,Kharif,3.30289,234492.0
Rice,IND_TAMILNADU_MADURAI,2006,Kharif,3.979146,267518.0
Rice,IND_TAMILNADU_MADURAI,2007,Kharif,3.473426,214880.0
Rice,IND_TAMILNADU_MADURAI,2008,Kharif,4.006477,267228.0
Rice,IND_TAMILNADU_MADURAI,2009,Kharif,3.993567,203616.0
Rice,IND_TAMILNADU_MADURAI,2010,Kharif,4.258729,260055.0
Rice,IND_TAMILNADU_MADURAI,2011,Kharif,4.635256,304235.0
Rice,IND_TAMILNADU_MADURAI,2012,Kharif,3.606303,65000.0
Rice,IND_TAMILNADU_MADURAI,2013,Kharif,4.649115,163965.0
Rice,IND_TAMILNADU_MADURAI,2014,Kharif,4.138944,197498.0
Rice,IND_TAMILNADU_MADURAI,2015,Kharif,3.638069,203670.0
Rice,IND_TAMILNADU_MADURAI,2016,Kharif,3.278563,34120.0
Rice,IND_TAMILNADU_MADURAI,2017,Autumn,4.11065,2972.0
Rice,IND_TAMILNADU_MADURAI,2017,Summer,3.409156,9532.0
Rice,IND_TAMILNADU_MADURAI,2017,Winter,4.139985,72073.0
Rice,IND_TAMILNADU_MADURAI,2018,Autumn,4.874954,13372.0
Rice,IND_TAMILNADU_MADURAI,2018,Summer,3.925865,35957.0
Rice,IND_TAMILNADU_MADURAI,2018,Winter,4.14571,151563.0
Rice,IND_TAMILNADU_MADURAI,2019,Autumn,4.101824,2699.0
Rice,IND_TAMILNADU_MADURAI,2019,Summer,3.672543,28330.0
Rice,IND_TAMILNADU_MADURAI,2019,Winter,4.202611,134887.0
Rice,IND_TAMILNADU_NAGAPATTINAM,1998,Kharif,3.462452,551392.0
Rice,IND_TAMILNADU_NAGAPATTINAM,1999,Kharif,3.194154,518670.0
Rice,IND_TAMILNADU_NAGAPATTINAM,2000,Kharif,3.306717,556041.0
Rice,IND_TAMILNADU_NAGAPATTINAM,2001,Kharif,2.540635,427500.0
Rice,IND_TAMILNADU_NAGAPATTINAM,2002,Kharif,1.157743,159449.0
Rice,IND_TAMILNADU_NAGAPATTINAM,2003,Kharif,1.910232,259866.0
Rice,IND_TAMILNADU_NAGAPATTINAM,2004,Kharif,0.918525,140662.0
Rice,IND_TAMILNADU_NAGAPATTINAM,2005,Kharif,0.864244,136637.0
Rice,IND_TAMILNADU_NAGAPATTINAM,2006,Kharif,3.805394,630607.0
Rice,IND_TAMILNADU_NAGAPATTINAM,2007,Kharif,1.878194,289317.0
Rice,IND_TAMILNADU_NAGAPATTINAM,2008,Kharif,1.317882,225147.0
Rice,IND_TAMILNADU_NAGAPATTINAM,2009,Kharif,2.736872,432029.0
Rice,IND_TAMILNADU_NAGAPATTINAM,2010,Kharif,2.060289,321506.0
Rice,IND_TAMILNADU_NAGAPATTINAM,2011,Kharif,3.393432,577026.0
Rice,IND_TAMILNADU_NAGAPATTINAM,2012,Kharif,1.417291,201553.0
Rice,IND_TAMILNADU_NAGAPATTINAM,2013,Kharif,3.911658,605329.0
Rice,IND_TAMILNADU_NAGAPATTINAM,2014,Kharif,3.636148,579962.0
Rice,IND_TAMILNADU_NAGAPATTINAM,2015,Kharif,2.065155,338260.0
Rice,IND_TAMILNADU_NAGAPATTINAM,2016,Kharif,1.583289,263320.0
Rice,IND_TAMILNADU_NAGAPATTINAM,2017,Autumn,2.796995,97562.0
Rice,IND_TAMILNADU_NAGAPATTINAM,2017,Summer,4.467105,1358.0
Rice,IND_TAMILNADU_NAGAPATTINAM,2017,Winter,2.708002,348528.0
Rice,IND_TAMILNADU_NAGAPATTINAM,2018,Autumn,4.110994,151967.0
Rice,IND_TAMILNADU_NAGAPATTINAM,2018,Summer,4.187156,2282.0
Rice,IND_TAMILNADU_NAGAPATTINAM,2018,Winter,3.165985,413886.0
Rice,IND_TAMILNADU_NAGAPATTINAM,2019,Autumn,3.819392,140038.0
Rice,IND_TAMILNADU_NAGAPATTINAM,2019,Summer,4.301546,1669.0
Rice,IND_TAMILNADU_NAGAPATTINAM,2019,Winter,3.15431,416902.0
Rice,IND_TAMILNADU_NAMAKKAL,1998,Kharif,3.443746,83225.0
Rice,IND_TAMILNADU_NAMAKKAL,1999,Kharif,4.650771,105619.0
Rice,IND_TAMILNADU_NAMAKKAL,2000,Kharif,4.695982,100757.0
Rice,IND_TAMILNADU_NAMAKKAL,2001,Kharif,4.569543,97610.0
Rice,IND_TAMILNADU_NAMAKKAL,2002,Kharif,3.703453,34968.0
Rice,IND_TAMILNADU_NAMAKKAL,2003,Kharif,3.256853,24358.0
Rice,IND_TAMILNADU_NAMAKKAL,2004,Kharif,3.184362,28793.0
Rice,IND_TAMILNADU_NAMAKKAL,2005,Kharif,3.655764,68849.0
Rice,IND_TAMILNADU_NAMAKKAL,2006,Kharif,3.789121,57678.0
Rice,IND_TAMILNADU_NAMAKKAL,2007,Kharif,3.711594,45300.0
Rice,IND_TAMILNADU_NAMAKKAL,2008,Kharif,4.838666,67301.0
Rice,IND_TAMILNADU_NAMAKKAL,2009,Kharif,4.299242,45946.0
Rice,IND_TAMILNADU_NAMAKKAL,2010,Kharif,3.838099,53956.0
Rice,IND_TAMILNADU_NAMAKKAL,2011,Kharif,4.397466,35747.0
Rice,IND_TAMILNADU_NAMAKKAL,2012,Kharif,3.65266,20254.0
Rice,IND_TAMILNADU_NAMAKKAL,2013,Kharif,5.553704,50983.0
Rice,IND_TAMILNADU_NAMAKKAL,2014,Kharif,5.119528,53325.0
Rice,IND_TAMILNADU_NAMAKKAL,2015,Kharif,5.039723,60391.0
Rice,IND_TAMILNADU_NAMAKKAL,2016,Kharif,3.260055,7133.0
Rice,IND_TAMILNADU_NAMAKKAL,2017,Autumn,3.853698,2397.0
Rice,IND_TAMILNADU_NAMAKKAL,2017,Summer,4.467803,2359.0
Rice,IND_TAMILNADU_NAMAKKAL,2017,Winter,5.792079,35685.0
Rice,IND_TAMILNADU_NAMAKKAL,2018,Autumn,3.276412,14793.0
Rice,IND_TAMILNADU_NAMAKKAL,2018,Summer,4.19457,927.0
Rice,IND_TAMILNADU_NAMAKKAL,2018,Winter,4.493618,13027.0
Rice,IND_TAMILNADU_NAMAKKAL,2019,Autumn,4.103618,2495.0
Rice,IND_TAMILNADU_NAMAKKAL,2019,Summer,4.30285,3623.0
Rice,IND_TAMILNADU_NAMAKKAL,2019,Winter,4.57168,41616.0
Rice,IND_TAMILNADU_PERAMBALUR,1998,Kharif,3.441816,164567.0
Rice,IND_TAMILNADU_PERAMBALUR,1999,Kharif,3.22664,146412.0
Rice,IND_TAMILNADU_PERAMBALUR,2000,Kharif,3.479144,153058.0
Rice,IND_TAMILNADU_PERAMBALUR,2001,Kharif,2.435876,118710.0
Rice,IND_TAMILNADU_PERAMBALUR,2002,Kharif,1.686558,60512.0
Rice,IND_TAMILNADU_PERAMBALUR,2003,Kharif,2.361333,85910.0
Rice,IND_TAMILNADU_PERAMBALUR,2004,Kharif,2.336865,108510.0
Rice,IND_TAMILNADU_PERAMBALUR,2005,Kharif,2.49308,114562.0
Rice,IND_TAMILNADU_PERAMBALUR,2006,Kharif,3.147699,131983.0
Rice,IND_TAMILNADU_PERAMBALUR,2007,Kharif,2.503292,95428.0
Rice,IND_TAMILNADU_PERAMBALUR,2008,Kharif,9.177676,113794.0
Rice,IND_TAMILNADU_PERAMBALUR,2009,Kharif,3.505005,42372.0
Rice,IND_TAMILNADU_PERAMBALUR,2010,Kharif,3.840927,54714.0
Rice,IND_TAMILNADU_PERAMBALUR,2011,Kharif,4.464081,58475.0
Rice,IND_TAMILNADU_PERAMBALUR,2012,Kharif,2.86231,20892.0
Rice,IND_TAMILNADU_PERAMBALUR,2013,Kharif,5.040139,36163.0
Rice,IND_TAMILNADU_PERAMBALUR,2014,Kharif,4.828886,43431.0
Rice,IND_TAMILNADU_PERAMBALUR,2015,Kharif,4.557314,64208.0
Rice,IND_TAMILNADU_PERAMBALUR,2016,Kharif,2.843929,9439.0
Rice,IND_TAMILNADU_PERAMBALUR,2017,Autumn,3.853211,1260.0
Rice,IND_TAMILNADU_PERAMBALUR,2017,Summer,4.468312,6698.0
Rice,IND_TAMILNADU_PERAMBALUR,2017,Winter,5.00405,37065.0
Rice,IND_TAMILNADU_PERAMBALUR,2018,Autumn,4.303371,383.0
Rice,IND_TAMILNADU_PERAMBALUR,2018,Summer,4.18866,4063.0
Rice,IND_TAMILNADU_PERAMBALUR,2018,Winter,4.140283,6434.0
Rice,IND_TAMILNADU_PERAMBALUR,2019,Autumn,4.116667,247.0
Rice,IND_TAMILNADU_PERAMBALUR,2019,Summer,4.303094,10293.0
Rice,IND_TAMILNADU_PERAMBALUR,2019,Winter,4.433423,16448.0
Rice,IND_TAMILNADU_PUDUKKOTTAI,1998,Kharif,3.441282,368902.0
Rice,IND_TAMILNADU_PUDUKKOTTAI,1999,Kharif,3.402452,347210.0
Rice,IND_TAMILNADU_PUDUKKOTTAI,2000,Kharif,3.594178,349674.0
Rice,IND_TAMILNADU_PUDUKKOTTAI,2001,Kharif,2.641916,220600.0
Rice,IND_TAMILNADU_PUDUKKOTTAI,2002,Kharif,2.071831,158377.0
Rice,IND_TAMILNADU_PUDUKKOTTAI,2003,Kharif,1.837867,146603.0
Rice,IND_TAMILNADU_PUDUKKOTTAI,2004,Kharif,2.948751,277277.0
Rice,IND_TAMILNADU_PUDUKKOTTAI,2005,Kharif,2.422937,232568.0
Rice,IND_TAMILNADU_PUDUKKOTTAI,2006,Kharif,3.041664,283985.0
Rice,IND_TAMILNADU_PUDUKKOTTAI,2007,Kharif,1.799492,159552.0
Rice,IND_TAMILNADU_PUDUKKOTTAI,2008,Kharif,1.865105,179770.0
Rice,IND_TAMILNADU_PUDUKKOTTAI,2009,Kharif,1.977388,188449.0
Rice,IND_TAMILNADU_PUDUKKOTTAI,2010,Kharif,2.24835,208874.0
Rice,IND_TAMILNADU_PUDUKKOTTAI,2011,Kharif,3.610152,334264.0
Rice,IND_TAMILNADU_PUDUKKOTTAI,2012,Kharif,2.876042,240394.0
Rice,IND_TAMILNADU_PUDUKKOTTAI,2013,Kharif,1.650264,119895.0
Rice,IND_TAMILNADU_PUDUKKOTTAI,2014,Kharif,4.151313,279126.0
Rice,IND_TAMILNADU_PUDUKKOTTAI,2015,Kharif,3.517501,258976.0
Rice,IND_TAMILNADU_PUDUKKOTTAI,2016,Kharif,1.065329,73659.0
Rice,IND_TAMILNADU_PUDUKKOTTAI,2017,Autumn,3.854072,10221.0
Rice,IND_TAMILNADU_PUDUKKOTTAI,2017,Summer,4.46819,7234.0
Rice,IND_TAMILNADU_PUDUKKOTTAI,2017,Winter,1.894006,154191.0
Rice,IND_TAMILNADU_PUDUKKOTTAI,2018,Autumn,4.285389,13169.0
Rice,IND_TAMILNADU_PUDUKKOTTAI,2018,Summer,2.541417,12303.0
Rice,IND_TAMILNADU_PUDUKKOTTAI,2018,Winter,2.557132,171356.0
Rice,IND_TAMILNADU_PUDUKKOTTAI,2019,Autumn,3.728389,15182.0
Rice,IND_TAMILNADU_PUDUKKOTTAI,2019,Summer,3.120469,11967.0
Rice,IND_TAMILNADU_PUDUKKOTTAI,2019,Winter,3.07926,246039.0
Rice,IND_TAMILNADU_RAMANATHAPURAM,1998,Kharif,3.440425,471001.0
Rice,IND_TAMILNADU_RAMANATHAPURAM,1999,Kharif,0.768703,98806.0
Rice,IND_TAMILNADU_RAMANATHAPURAM,2000,Kharif,0.696622,85929.0
Rice,IND_TAMILNADU_RAMANATHAPURAM,2001,Kharif,1.364472,169900.0
Rice,IND_TAMILNADU_RAMANATHAPURAM,2002,Kharif,1.266662,159792.0
Rice,IND_TAMILNADU_RAMANATHAPURAM,2003,Kharif,0.171617,20771.0
Rice,IND_TAMILNADU_RAMANATHAPURAM,2004,Kharif,2.011737,254700.0
Rice,IND_TAMILNADU_RAMANATHAPURAM,2005,Kharif,1.939472,247079.0
Rice,IND_TAMILNADU_RAMANATHAPURAM,2006,Kharif,1.711291,223190.0
Rice,IND_TAMILNADU_RAMANATHAPURAM,2007,Kharif,0.241405,29879.0
Rice,IND_TAMILNADU_RAMANATHAPURAM,2008,Kharif,1.576063,202989.0
Rice,IND_TAMILNADU_RAMANATHAPURAM,2009,Kharif,1.754341,234880.0
Rice,IND_TAMILNADU_RAMANATHAPURAM,2010,Kharif,1.933065,253999.0
Rice,IND_TAMILNADU_RAMANATHAPURAM,2011,Kharif,3.398232,438236.0
Rice,IND_TAMILNADU_RAMANATHAPURAM,2012,Kharif,0.588464,68559.0
Rice,IND_TAMILNADU_RAMANATHAPURAM,2013,Kharif,0.295075,33928.0
Rice,IND_TAMILNADU_RAMANATHAPURAM,2014,Kharif,3.620885,423162.0
Rice,IND_TAMILNADU_RAMANATHAPURAM,2015,Kharif,2.603,303463.0
Rice,IND_TAMILNADU_RAMANATHAPURAM,2016,Kharif,0.002002,244.0
Rice,IND_TAMILNADU_RAMANATHAPURAM,2017,Winter,0.284003,35967.0
Rice,IND_TAMILNADU_RAMANATHAPURAM,2018,Winter,0.440999,55397.0
Rice,IND_TAMILNADU_RAMANATHAPURAM,2019,Winter,2.525619,321481.0
Rice,IND_TAMILNADU_SALEM,1998,Kharif,3.432252,166121.0
Rice,IND_TAMILNADU_SALEM,1999,Kharif,4.064322,186402.0
Rice,IND_TAMILNADU_SALEM,2000,Kharif,4.236597,194714.0
Rice,IND_TAMILNADU_SALEM,2001,Kharif,4.418922,204300.0
Rice,IND_TAMILNADU_SALEM,2002,Kharif,3.580394,39592.0
Rice,IND_TAMILNADU_SALEM,2003,Kharif,3.212735,43645.0
Rice,IND_TAMILNADU_SALEM,2004,Kharif,3.538895,96626.0
Rice,IND_TAMILNADU_SALEM,2005,Kharif,3.677963,137291.0
Rice,IND_TAMILNADU_SALEM,2006,Kharif,3.631736,99811.0
Rice,IND_TAMILNADU_SALEM,2007,Kharif,3.320114,72083.0
Rice,IND_TAMILNADU_SALEM,2008,Kharif,4.022286,120383.0
Rice,IND_TAMILNADU_SALEM,2009,Kharif,4.3665,106464.0
Rice,IND_TAMILNADU_SALEM,2010,Kharif,4.438311,147778.0
Rice,IND_TAMILNADU_SALEM,2011,Kharif,4.517102,125327.0
Rice,IND_TAMILNADU_SALEM,2012,Kharif,4.095676,52953.0
Rice,IND_TAMILNADU_SALEM,2013,Kharif,4.816955,97052.0
Rice,IND_TAMILNADU_SALEM,2014,Kharif,5.311896,102748.0
Rice,IND_TAMILNADU_SALEM,2015,Kharif,4.958364,122541.0
Rice,IND_TAMILNADU_SALEM,2016,Kharif,3.665406,18415.0
Rice,IND_TAMILNADU_SALEM,2017,Autumn,3.853994,1399.0
Rice,IND_TAMILNADU_SALEM,2017,Summer,4.32891,18268.0
Rice,IND_TAMILNADU_SALEM,2017,Winter,5.323972,75068.0
Rice,IND_TAMILNADU_SALEM,2018,Autumn,4.283981,1765.0
Rice,IND_TAMILNADU_SALEM,2018,Summer,4.187251,2102.0
Rice,IND_TAMILNADU_SALEM,2018,Winter,3.790474,33504.0
Rice,IND_TAMILNADU_SALEM,2019,Autumn,4.105085,1211.0
Rice,IND_TAMILNADU_SALEM,2019,Summer,4.208955,17484.0
Rice,IND_TAMILNADU_SALEM,2019,Winter,4.352288,65898.0
Rice,IND_TAMILNADU_SIVAGANGA,1998,Kharif,3.438918,302924.0
Rice,IND_TAMILNADU_SIVAGANGA,1999,Kharif,2.035346,170503.0
Rice,IND_TAMILNADU_SIVAGANGA,2000,Kharif,2.06868,166959.0
Rice,IND_TAMILNADU_SIVAGANGA,2001,Kharif,2.066256,159610.0
Rice,IND_TAMILNADU_SIVAGANGA,2002,Kharif,1.747329,139339.0
Rice,IND_TAMILNADU_SIVAGANGA,2003,Kharif,0.692558,49833.0
Rice,IND_TAMILNADU_SIVAGANGA,2004,Kharif,2.108679,179535.0
Rice,IND_TAMILNADU_SIVAGANGA,2005,Kharif,2.143343,192738.0
Rice,IND_TAMILNADU_SIVAGANGA,2006,Kharif,1.344842,109450.0
Rice,IND_TAMILNADU_SIVAGANGA,2007,Kharif,1.028749,78939.0
Rice,IND_TAMILNADU_SIVAGANGA,2008,Kharif,1.634716,132139.0
Rice,IND_TAMILNADU_SIVAGANGA,2009,Kharif,1.785742,138095.0
Rice,IND_TAMILNADU_SIVAGANGA,2010,Kharif,2.245011,188417.0
Rice,IND_TAMILNADU_SIVAGANGA,2011,Kharif,3.702224,310176.0
Rice,IND_TAMILNADU_SIVAGANGA,2012,Kharif,1.844858,130306.0
Rice,IND_TAMILNADU_SIVAGANGA,2013,Kharif,0.704142,46084.0
Rice,IND_TAMILNADU_SIVAGANGA,2014,Kharif,3.455006,224876.0
Rice,IND_TAMILNADU_SIVAGANGA,2015,Kharif,2.819349,189480.0
Rice,IND_TAMILNADU_SIVAGANGA,2016,Kharif,0.657215,42855.0
Rice,IND_TAMILNADU_SIVAGANGA,2017,Autumn,3.857143,162.0
Rice,IND_TAMILNADU_SIVAGANGA,2017,Summer,4.469231,581.0
Rice,IND_TAMILNADU_SIVAGANGA,2017,Winter,0.886007,63773.0
Rice,IND_TAMILNADU_SIVAGANGA,2018,Autumn,4.2,84.0
Rice,IND_TAMILNADU_SIVAGANGA,2018,Summer,4.190776,1999.0
Rice,IND_TAMILNADU_SIVAGANGA,2018,Winter,0.622272,39200.0
Rice,IND_TAMILNADU_SIVAGANGA,2019,Autumn,4.099237,537.0
Rice,IND_TAMILNADU_SIVAGANGA,2019,Summer,4.298654,3512.0
Rice,IND_TAMILNADU_SIVAGANGA,2019,Winter,2.654264,184267.0
Rice,IND_TAMILNADU_THANJAVUR,1998,Kharif,3.465287,674525.0
Rice,IND_TAMILNADU_THANJAVUR,1999,Kharif,3.229074,610534.0
Rice,IND_TAMILNADU_THANJAVUR,2000,Kharif,3.444913,678014.0
Rice,IND_TAMILNADU_THANJAVUR,2001,Kharif,2.92281,561650.0
Rice,IND_TAMILNADU_THANJAVUR,2002,Kharif,2.287048,318325.0
Rice,IND_TAMILNADU_THANJAVUR,2003,Kharif,2.878809,354937.0
Rice,IND_TAMILNADU_THANJAVUR,2004,Kharif,2.735374,439323.0
Rice,IND_TAMILNADU_THANJAVUR,2005,Kharif,2.578957,399483.0
Rice,IND_TAMILNADU_THANJAVUR,2006,Kharif,3.641921,598160.0
Rice,IND_TAMILNADU_THANJAVUR,2007,Kharif,3.192767,479643.0
Rice,IND_TAMILNADU_THANJAVUR,2008,Kharif,2.016788,357161.0
Rice,IND_TAMILNADU_THANJAVUR,2009,Kharif,2.6215,427142.0
Rice,IND_TAMILNADU_THANJAVUR,2010,Kharif,2.868635,476793.0
Rice,IND_TAMILNADU_THANJAVUR,2011,Kharif,3.995245,722576.0
Rice,IND_TAMILNADU_THANJAVUR,2012,Kharif,2.933614,431121.0
Rice,IND_TAMILNADU_THANJAVUR,2013,Kharif,4.970339,831483.0
Rice,IND_TAMILNADU_THANJAVUR,2014,Kharif,3.916565,696193.0
Rice,IND_TAMILNADU_THANJAVUR,2015,Kharif,3.590224,636999.0
Rice,IND_TAMILNADU_THANJAVUR,2016,Kharif,2.786253,410117.0
Rice,IND_TAMILNADU_THANJAVUR,2017,Autumn,3.544989,118353.0
Rice,IND_TAMILNADU_THANJAVUR,2017,Summer,4.369035,59148.0
Rice,IND_TAMILNADU_THANJAVUR,2017,Winter,3.966996,491007.0
Rice,IND_TAMILNADU_THANJAVUR,2018,Autumn,4.027995,168773.0
Rice,IND_TAMILNADU_THANJAVUR,2018,Summer,3.831113,59252.0
Rice,IND_TAMILNADU_THANJAVUR,2018,Winter,3.551728,455399.0
Rice,IND_TAMILNADU_THANJAVUR,2019,Autumn,3.75513,139259.0
Rice,IND_TAMILNADU_THANJAVUR,2019,Summer,4.056576,81310.0
Rice,IND_TAMILNADU_THANJAVUR,2019,Winter,3.660516,494543.0
Rice,IND_TAMILNADU_THENILGIRIS,1998,Kharif,3.52049,9192.0
Rice,IND_TAMILNADU_THENILGIRIS,1999,Kharif,3.461202,6334.0
Rice,IND_TAMILNADU_THENILGIRIS,2000,Kharif,2.64381,5552.0
Rice,IND_TAMILNADU_THENILGIRIS,2001,Kharif,3.918292,8440.0
Rice,IND_TAMILNADU_THENILGIRIS,2002,Kharif,3.370671,6229.0
Rice,IND_TAMILNADU_THENILGIRIS,2003,Kharif,3.311315,5414.0
Rice,IND_TAMILNADU_THENILGIRIS,2004,Kharif,3.300762,4763.0
Rice,IND_TAMILNADU_THENILGIRIS,2005,Kharif,3.297902,4716.0
Rice,IND_TAMILNADU_THENILGIRIS,2006,Kharif,3.198559,3995.0
Rice,IND_TAMILNADU_THENILGIRIS,2007,Kharif,3.862162,4287.0
Rice,IND_TAMILNADU_THENILGIRIS,2008,Kharif,3.930323,3046.0
Rice,IND_TAMILNADU_THENILGIRIS,2009,Kharif,3.502947,1783.0
Rice,IND_TAMILNADU_THENILGIRIS,2010,Kharif,3.571429,1400.0
Rice,IND_TAMILNADU_THENILGIRIS,2011,Kharif,4.125313,1646.0
Rice,IND_TAMILNADU_THENILGIRIS,2012,Kharif,3.972318,1148.0
Rice,IND_TAMILNADU_THENILGIRIS,2013,Kharif,4.329268,1420.0
Rice,IND_TAMILNADU_THENILGIRIS,2014,Kharif,4.6875,150.0
Rice,IND_TAMILNADU_THENILGIRIS,2015,Kharif,4.459119,1418.0
Rice,IND_TAMILNADU_THENILGIRIS,2016,Kharif,4.292181,1043.0
Rice,IND_TAMILNADU_THENILGIRIS,2017,Autumn,3.853556,921.0
Rice,IND_TAMILNADU_THENILGIRIS,2018,Autumn,4.289855,888.0
Rice,IND_TAMILNADU_THENILGIRIS,2019,Autumn,4.105882,698.0
Rice,IND_TAMILNADU_THENI,1998,Kharif,3.475422,75580.0
Rice,IND_TAMILNADU_THENI,1999,Kharif,3.781513,78300.0
Rice,IND_TAMILNADU_THENI,2000,Kharif,3.631075,75835.0
Rice,IND_TAMILNADU_THENI,2001,Kharif,4.47021,77880.0
Rice,IND_TAMILNADU_THENI,2002,Kharif,3.987013,54953.0
Rice,IND_TAMILNADU_THENI,2003,Kharif,3.882064,55234.0
Rice,IND_TAMILNADU_THENI,2004,Kharif,4.033303,67094.0
Rice,IND_TAMILNADU_THENI,2005,Kharif,4.15987,65285.0
Rice,IND_TAMILNADU_THENI,2006,Kharif,4.304995,64209.0
Rice,IND_TAMILNADU_THENI,2007,Kharif,4.282083,61662.0
Rice,IND_TAMILNADU_THENI,2008,Kharif,5.153861,80292.0
Rice,IND_TAMILNADU_THENI,2009,Kharif,5.055624,77710.0
Rice,IND_TAMILNADU_THENI,2010,Kharif,4.819928,74010.0
Rice,IND_TAMILNADU_THENI,2011,Kharif,5.370343,79132.0
Rice,IND_TAMILNADU_THENI,2012,Kharif,4.615347,47635.0
Rice,IND_TAMILNADU_THENI,2013,Kharif,4.065365,50813.0
Rice,IND_TAMILNADU_THENI,2014,Kharif,5.194553,71903.0
Rice,IND_TAMILNADU_THENI,2015,Kharif,5.425056,79374.0
Rice,IND_TAMILNADU_THENI,2016,Kharif,6.029308,37442.0
Rice,IND_TAMILNADU_THENI,2017,Autumn,5.448136,8036.0
Rice,IND_TAMILNADU_THENI,2017,Summer,4.469453,1390.0
Rice,IND_TAMILNADU_THENI,2017,Winter,5.282027,27831.0
Rice,IND_TAMILNADU_THENI,2018,Autumn,5.89849,23824.0
Rice,IND_TAMILNADU_THENI,2018,Summer,4.187401,15887.0
Rice,IND_TAMILNADU_THENI,2018,Winter,5.368913,30431.0
Rice,IND_TAMILNADU_THENI,2019,Autumn,4.107644,2633.0
Rice,IND_TAMILNADU_THENI,2019,Summer,4.303411,7191.0
Rice,IND_TAMILNADU_THENI,2019,Winter,4.05621,26844.0
Rice,IND_TAMILNADU_THIRUVALLUR,1998,Kharif,3.445989,484861.0
Rice,IND_TAMILNADU_THIRUVALLUR,1999,Kharif,3.731067,467581.0
Rice,IND_TAMILNADU_THIRUVALLUR,2000,Kharif,3.85981,359163.0
Rice,IND_TAMILNADU_THIRUVALLUR,2001,Kharif,3.406092,321610.0
Rice,IND_TAMILNADU_THIRUVALLUR,2002,Kharif,3.185111,279519.0
Rice,IND_TAMILNADU_THIRUVALLUR,2003,Kharif,2.609164,195536.0
Rice,IND_TAMILNADU_THIRUVALLUR,2004,Kharif,2.995265,199886.0
Rice,IND_TAMILNADU_THIRUVALLUR,2005,Kharif,2.799988,271582.0
Rice,IND_TAMILNADU_THIRUVALLUR,2006,Kharif,3.551675,318468.0
Rice,IND_TAMILNADU_THIRUVALLUR,2007,Kharif,3.633588,286007.0
Rice,IND_TAMILNADU_THIRUVALLUR,2008,Kharif,3.840759,315864.0
Rice,IND_TAMILNADU_THIRUVALLUR,2009,Kharif,3.166391,256294.0
Rice,IND_TAMILNADU_THIRUVALLUR,2010,Kharif,3.006645,250210.0
Rice,IND_TAMILNADU_THIRUVALLUR,2011,Kharif,3.951628,313044.0
Rice,IND_TAMILNADU_THIRUVALLUR,2012,Kharif,3.835416,300455.0
Rice,IND_TAMILNADU_THIRUVALLUR,2013,Kharif,4.711845,451522.0
Rice,IND_TAMILNADU_THIRUVALLUR,2014,Kharif,4.423579,426203.0
Rice,IND_TAMILNADU_THIRUVALLUR,2015,Kharif,3.286155,333203.0
Rice,IND_TAMILNADU_THIRUVALLUR,2016,Kharif,3.064249,297131.0
Rice,IND_TAMILNADU_THIRUVALLUR,2017,Autumn,4.294984,106696.0
Rice,IND_TAMILNADU_THIRUVALLUR,2017,Summer,4.266018,105665.0
Rice,IND_TAMILNADU_THIRUVALLUR,2017,Winter,3.782992,200491.0
Rice,IND_TAMILNADU_THIRUVALLUR,2018,Autumn,4.429402,108888.0
Rice,IND_TAMILNADU_THIRUVALLUR,2018,Summer,4.090437,66895.0
Rice,IND_TAMILNADU_THIRUVALLUR,2018,Winter,4.278517,205095.0
Rice,IND_TAMILNADU_THIRUVALLUR,2019,Autumn,4.959119,90737.0
Rice,IND_TAMILNADU_THIRUVALLUR,2019,Summer,4.55846,121916.0
Rice,IND_TAMILNADU_THIRUVALLUR,2019,Winter,4.01563,207074.0
Rice,IND_TAMILNADU_THIRUVARUR,1998,Kharif,3.456798,618912.0
Rice,IND_TAMILNADU_THIRUVARUR,1999,Kharif,2.879331,470163.0
Rice,IND_TAMILNADU_THIRUVARUR,2000,Kharif,3.057984,554654.0
Rice,IND_TAMILNADU_THIRUVARUR,2001,Kharif,2.633383,460110.0
Rice,IND_TAMILNADU_THIRUVARUR,2002,Kharif,0.855999,112183.0
Rice,IND_TAMILNADU_THIRUVARUR,2003,Kharif,1.395193,169428.0
Rice,IND_TAMILNADU_THIRUVARUR,2004,Kharif,1.613675,239805.0
Rice,IND_TAMILNADU_THIRUVARUR,2005,Kharif,1.559597,243450.0
Rice,IND_TAMILNADU_THIRUVARUR,2006,Kharif,3.314726,586375.0
Rice,IND_TAMILNADU_THIRUVARUR,2007,Kharif,2.053077,311306.0
Rice,IND_TAMILNADU_THIRUVARUR,2008,Kharif,1.160475,206611.0
Rice,IND_TAMILNADU_THIRUVARUR,2009,Kharif,2.90598,483125.0
Rice,IND_TAMILNADU_THIRUVARUR,2010,Kharif,1.782291,285589.0
Rice,IND_TAMILNADU_THIRUVARUR,2011,Kharif,4.240297,789997.0
Rice,IND_TAMILNADU_THIRUVARUR,2012,Kharif,1.213582,192843.0
Rice,IND_TAMILNADU_THIRUVARUR,2013,Kharif,4.705837,820538.0
Rice,IND_TAMILNADU_THIRUVARUR,2014,Kharif,4.428134,852925.0
Rice,IND_TAMILNADU_THIRUVARUR,2015,Kharif,3.424811,666958.0
Rice,IND_TAMILNADU_THIRUVARUR,2016,Kharif,1.780683,332913.0
Rice,IND_TAMILNADU_THIRUVARUR,2017,Autumn,4.345011,102199.0
Rice,IND_TAMILNADU_THIRUVARUR,2017,Summer,3.495967,35110.0
Rice,IND_TAMILNADU_THIRUVARUR,2017,Winter,3.816,562612.0
Rice,IND_TAMILNADU_THIRUVARUR,2018,Autumn,4.323757,122812.0
Rice,IND_TAMILNADU_THIRUVARUR,2018,Summer,3.624724,36124.0
Rice,IND_TAMILNADU_THIRUVARUR,2018,Winter,3.309188,497500.0
Rice,IND_TAMILNADU_THIRUVARUR,2019,Autumn,3.940445,89389.0
Rice,IND_TAMILNADU_THIRUVARUR,2019,Summer,4.342062,42283.0
Rice,IND_TAMILNADU_THIRUVARUR,2019,Winter,3.553459,527607.0
Rice,IND_TAMILNADU_TIRUCHIRAPPALLI,1998,Kharif,3.453318,244008.0
Rice,IND_TAMILNADU_TIRUCHIRAPPALLI,1999,Kharif,4.097625,309928.0
Rice,IND_TAMILNADU_TIRUCHIRAPPALLI,2000,Kharif,4.340546,302523.0
Rice,IND_TAMILNADU_TIRUCHIRAPPALLI,2001,Kharif,4.100142,296510.0
Rice,IND_TAMILNADU_TIRUCHIRAPPALLI,2002,Kharif,2.994376,154947.0
Rice,IND_TAMILNADU_TIRUCHIRAPPALLI,2003,Kharif,2.936964,126078.0
Rice,IND_TAMILNADU_TIRUCHIRAPPALLI,2004,Kharif,3.303371,205397.0
Rice,IND_TAMILNADU_TIRUCHIRAPPALLI,2005,Kharif,2.975018,236740.0
Rice,IND_TAMILNADU_TIRUCHIRAPPALLI,2006,Kharif,3.938039,282444.0
Rice,IND_TAMILNADU_TIRUCHIRAPPALLI,2007,Kharif,3.709181,227332.0
Rice,IND_TAMILNADU_TIRUCHIRAPPALLI,2008,Kharif,3.617593,262384.0
Rice,IND_TAMILNADU_TIRUCHIRAPPALLI,2009,Kharif,4.141346,266272.0
Rice,IND_TAMILNADU_TIRUCHIRAPPALLI,2010,Kharif,3.992198,268136.0
Rice,IND_TAMILNADU_TIRUCHIRAPPALLI,2011,Kharif,4.730728,302478.0
Rice,IND_TAMILNADU_TIRUCHIRAPPALLI,2012,Kharif,3.052347,138079.0
Rice,IND_TAMILNADU_TIRUCHIRAPPALLI,2013,Kharif,4.716587,226632.0
Rice,IND_TAMILNADU_TIRUCHIRAPPALLI,2014,Kharif,4.684799,240199.0
Rice,IND_TAMILNADU_TIRUCHIRAPPALLI,2015,Kharif,4.169521,244213.0
Rice,IND_TAMILNADU_TIRUCHIRAPPALLI,2016,Kharif,2.829577,76591.0
Rice,IND_TAMILNADU_TIRUCHIRAPPALLI,2017,Autumn,4.33594,14972.0
Rice,IND_TAMILNADU_TIRUCHIRAPPALLI,2017,Summer,4.46788,12032.0
Rice,IND_TAMILNADU_TIRUCHIRAPPALLI,2017,Winter,5.22099,211330.0
Rice,IND_TAMILNADU_TIRUCHIRAPPALLI,2018,Autumn,4.420706,18147.0
Rice,IND_TAMILNADU_TIRUCHIRAPPALLI,2018,Summer,4.186899,6967.0
Rice,IND_TAMILNADU_TIRUCHIRAPPALLI,2018,Winter,5.419282,208599.0
Rice,IND_TAMILNADU_TIRUCHIRAPPALLI,2019,Autumn,5.254969,18508.0
Rice,IND_TAMILNADU_TIRUCHIRAPPALLI,2019,Summer,3.981145,11824.0
Rice,IND_TAMILNADU_TIRUCHIRAPPALLI,2019,Winter,4.168927,179810.0
Rice,IND_TAMILNADU_TIRUNELVELI,1998,Kharif,3.418839,327029.0
Rice,IND_TAMILNADU_TIRUNELVELI,1999,Kharif,3.8758,346419.0
Rice,IND_TAMILNADU_TIRUNELVELI,2000,Kharif,4.243086,322797.0
Rice,IND_TAMILNADU_TIRUNELVELI,2001,Kharif,4.030535,290130.0
Rice,IND_TAMILNADU_TIRUNELVELI,2002,Kharif,4.022189,266289.0
Rice,IND_TAMILNADU_TIRUNELVELI,2003,Kharif,3.770401,197848.0
Rice,IND_TAMILNADU_TIRUNELVELI,2004,Kharif,4.133499,358920.0
Rice,IND_TAMILNADU_TIRUNELVELI,2005,Kharif,3.577265,309065.0
Rice,IND_TAMILNADU_TIRUNELVELI,2006,Kharif,4.193091,385278.0
Rice,IND_TAMILNADU_TIRUNELVELI,2007,Kharif,3.86979,323944.0
Rice,IND_TAMILNADU_TIRUNELVELI,2008,Kharif,4.097832,374214.0
Rice,IND_TAMILNADU_TIRUNELVELI,2009,Kharif,4.138393,355877.0
Rice,IND_TAMILNADU_TIRUNELVELI,2010,Kharif,4.410787,351822.0
Rice,IND_TAMILNADU_TIRUNELVELI,2011,Kharif,5.297192,459399.0
Rice,IND_TAMILNADU_TIRUNELVELI,2012,Kharif,4.023414,182667.0
Rice,IND_TAMILNADU_TIRUNELVELI,2013,Kharif,5.828326,362994.0
Rice,IND_TAMILNADU_TIRUNELVELI,2014,Kharif,5.107246,433217.0
Rice,IND_TAMILNADU_TIRUNELVELI,2015,Kharif,4.95853,488445.0
Rice,IND_TAMILNADU_TIRUNELVELI,2016,Kharif,3.520398,105193.0
Rice,IND_TAMILNADU_TIRUNELVELI,2017,Autumn,4.152161,7204.0
Rice,IND_TAMILNADU_TIRUNELVELI,2017,Summer,4.479004,112956.0
Rice,IND_TAMILNADU_TIRUNELVELI,2017,Winter,4.787007,174046.0
Rice,IND_TAMILNADU_TIRUNELVELI,2018,Autumn,4.367222,62674.0
Rice,IND_TAMILNADU_TIRUNELVELI,2018,Summer,3.995881,124172.0
Rice,IND_TAMILNADU_TIRUNELVELI,2018,Winter,4.663844,175160.0
Rice,IND_TAMILNADU_TIRUNELVELI,2019,Autumn,4.12108,9462.0
Rice,IND_TAMILNADU_TIRUNELVELI,2019,Summer,3.892498,131473.0
Rice,IND_TAMILNADU_TIRUNELVELI,2019,Winter,4.043698,174433.0
Rice,IND_TAMILNADU_TIRUPPUR,2009,Kharif,4.19627,50179.0
Rice,IND_TAMILNADU_TIRUPPUR,2010,Kharif,3.979402,46945.0
Rice,IND_TAMILNADU_TIRUPPUR,2011,Kharif,4.611383,48936.0
Rice,IND_TAMILNADU_TIRUPPUR,2012,Kharif,2.465306,604.0
Rice,IND_TAMILNADU_TIRUPPUR,2013,Kharif,5.77513,43377.0
Rice,IND_TAMILNADU_TIRUPPUR,2014,Kharif,5.745731,61916.0
Rice,IND_TAMILNADU_TIRUPPUR,2015,Kharif,4.524847,48167.0
Rice,IND_TAMILNADU_TIRUPPUR,2016,Kharif,3.770992,6422.0
Rice,IND_TAMILNADU_TIRUPPUR,2017,Summer,4.467697,3181.0
Rice,IND_TAMILNADU_TIRUPPUR,2017,Winter,5.731064,39573.0
Rice,IND_TAMILNADU_TIRUPPUR,2018,Summer,4.185507,2888.0
Rice,IND_TAMILNADU_TIRUPPUR,2018,Winter,5.054338,49113.0
Rice,IND_TAMILNADU_TIRUPPUR,2019,Summer,4.302711,2857.0
Rice,IND_TAMILNADU_TIRUPPUR,2019,Winter,4.888732,44903.0
Rice,IND_TAMILNADU_TIRUVANNAMALAI,1998,Kharif,3.420001,492446.0
Rice,IND_TAMILNADU_TIRUVANNAMALAI,1999,Kharif,2.902852,254226.0
Rice,IND_TAMILNADU_TIRUVANNAMALAI,2000,Kharif,3.090416,252589.0
Rice,IND_TAMILNADU_TIRUVANNAMALAI,2001,Kharif,3.023605,370960.0
Rice,IND_TAMILNADU_TIRUVANNAMALAI,2002,Kharif,2.631587,115453.0
Rice,IND_TAMILNADU_TIRUVANNAMALAI,2003,Kharif,2.8061,198453.0
Rice,IND_TAMILNADU_TIRUVANNAMALAI,2004,Kharif,2.829028,330487.0
Rice,IND_TAMILNADU_TIRUVANNAMALAI,2005,Kharif,2.756879,393528.0
Rice,IND_TAMILNADU_TIRUVANNAMALAI,2006,Kharif,3.284176,366051.0
Rice,IND_TAMILNADU_TIRUVANNAMALAI,2007,Kharif,3.441114,385914.0
Rice,IND_TAMILNADU_TIRUVANNAMALAI,2008,Kharif,3.120586,317944.0
Rice,IND_TAMILNADU_TIRUVANNAMALAI,2009,Kharif,3.089877,324984.0
Rice,IND_TAMILNADU_TIRUVANNAMALAI,2010,Kharif,2.850363,357692.0
Rice,IND_TAMILNADU_TIRUVANNAMALAI,2011,Kharif,3.427466,356196.0
Rice,IND_TAMILNADU_TIRUVANNAMALAI,2012,Kharif,3.546876,325511.0
Rice,IND_TAMILNADU_TIRUVANNAMALAI,2013,Kharif,4.349809,359403.0
Rice,IND_TAMILNADU_TIRUVANNAMALAI,2014,Kharif,4.716257,439225.0
Rice,IND_TAMILNADU_TIRUVANNAMALAI,2015,Kharif,3.965567,550738.0
Rice,IND_TAMILNADU_TIRUVANNAMALAI,2016,Kharif,3.727533,291303.0
Rice,IND_TAMILNADU_TIRUVANNAMALAI,2017,Autumn,3.973026,60243.0
Rice,IND_TAMILNADU_TIRUVANNAMALAI,2017,Summer,4.624002,280996.0
Rice,IND_TAMILNADU_TIRUVANNAMALAI,2017,Winter,4.231997,363008.0
Rice,IND_TAMILNADU_TIRUVANNAMALAI,2018,Autumn,3.539491,73540.0
Rice,IND_TAMILNADU_TIRUVANNAMALAI,2018,Summer,4.304226,138609.0
Rice,IND_TAMILNADU_TIRUVANNAMALAI,2018,Winter,4.05385,178641.0
Rice,IND_TAMILNADU_TIRUVANNAMALAI,2019,Autumn,4.13024,46903.0
Rice,IND_TAMILNADU_TIRUVANNAMALAI,2019,Summer,4.176355,259644.0
Rice,IND_TAMILNADU_TIRUVANNAMALAI,2019,Winter,4.343834,382922.0
Rice,IND_TAMILNADU_TUTICORIN,1998,Kharif,3.437051,78052.0
Rice,IND_TAMILNADU_TUTICORIN,1999,Kharif,3.709328,62747.0
Rice,IND_TAMILNADU_TUTICORIN,2000,Kharif,3.989519,61662.0
Rice,IND_TAMILNADU_TUTICORIN,2001,Kharif,4.193706,42780.0
Rice,IND_TAMILNADU_TUTICORIN,2002,Kharif,4.380927,64496.0
Rice,IND_TAMILNADU_TUTICORIN,2003,Kharif,4.201477,56888.0
Rice,IND_TAMILNADU_TUTICORIN,2004,Kharif,4.138227,67929.0
Rice,IND_TAMILNADU_TUTICORIN,2005,Kharif,4.104756,81816.0
Rice,IND_TAMILNADU_TUTICORIN,2006,Kharif,4.397455,94000.0
Rice,IND_TAMILNADU_TUTICORIN,2007,Kharif,3.585235,64735.0
Rice,IND_TAMILNADU_TUTICORIN,2008,Kharif,4.82849,108163.0
Rice,IND_TAMILNADU_TUTICORIN,2009,Kharif,4.945266,96675.0
Rice,IND_TAMILNADU_TUTICORIN,2010,Kharif,4.470535,89442.0
Rice,IND_TAMILNADU_TUTICORIN,2011,Kharif,4.85185,85771.0
Rice,IND_TAMILNADU_TUTICORIN,2012,Kharif,3.91001,24375.0
Rice,IND_TAMILNADU_TUTICORIN,2013,Kharif,4.72728,55451.0
Rice,IND_TAMILNADU_TUTICORIN,2014,Kharif,5.166206,84111.0
Rice,IND_TAMILNADU_TUTICORIN,2015,Kharif,4.018,74558.0
Rice,IND_TAMILNADU_TUTICORIN,2016,Kharif,3.261855,15683.0
Rice,IND_TAMILNADU_TUTICORIN,2017,Autumn,2.207951,722.0
Rice,IND_TAMILNADU_TUTICORIN,2017,Summer,4.468005,42942.0
Rice,IND_TAMILNADU_TUTICORIN,2017,Winter,4.61206,17286.0
Rice,IND_TAMILNADU_TUTICORIN,2018,Autumn,3.783217,4869.0
Rice,IND_TAMILNADU_TUTICORIN,2018,Summer,4.187939,33960.0
Rice,IND_TAMILNADU_TUTICORIN,2018,Winter,3.703096,17823.0
Rice,IND_TAMILNADU_TUTICORIN,2019,Autumn,4.10664,2041.0
Rice,IND_TAMILNADU_TUTICORIN,2019,Summer,3.693147,40259.0
Rice,IND_TAMILNADU_TUTICORIN,2019,Winter,3.690124,15207.0
Rice,IND_TAMILNADU_VELLORE,1998,Kharif,3.42296,263941.0
Rice,IND_TAMILNADU_VELLORE,1999,Kharif,3.828086,190899.0
Rice,IND_TAMILNADU_VELLORE,2000,Kharif,3.117423,163141.0
Rice,IND_TAMILNADU_VELLORE,2001,Kharif,3.894831,234130.0
Rice,IND_TAMILNADU_VELLORE,2002,Kharif,3.418534,89863.0
Rice,IND_TAMILNADU_VELLORE,2003,Kharif,3.49966,108171.0
Rice,IND_TAMILNADU_VELLORE,2004,Kharif,3.066261,90145.0
Rice,IND_TAMILNADU_VELLORE,2005,Kharif,2.878995,167451.0
Rice,IND_TAMILNADU_VELLORE,2006,Kharif,3.09912,129193.0
Rice,IND_TAMILNADU_VELLORE,2007,Kharif,3.347178,148367.0
Rice,IND_TAMILNADU_VELLORE,2008,Kharif,3.624713,171873.0
Rice,IND_TAMILNADU_VELLORE,2009,Kharif,3.415919,135834.0
Rice,IND_TAMILNADU_VELLORE,2010,Kharif,3.535815,152825.0
Rice,IND_TAMILNADU_VELLORE,2011,Kharif,3.981942,151266.0
Rice,IND_TAMILNADU_VELLORE,2012,Kharif,4.279385,152804.0
Rice,IND_TAMILNADU_VELLORE,2013,Kharif,4.889905,192496.0
Rice,IND_TAMILNADU_VELLORE,2014,Kharif,5.322828,194725.0
Rice,IND_TAMILNADU_VELLORE,2015,Kharif,3.906125,202224.0
Rice,IND_TAMILNADU_VELLORE,2016,Kharif,4.195939,187013.0
Rice,IND_TAMILNADU_VELLORE,2017,Autumn,4.231995,53120.0
Rice,IND_TAMILNADU_VELLORE,2017,Summer,4.919017,114436.0
Rice,IND_TAMILNADU_VELLORE,2017,Winter,4.582,87617.0
Rice,IND_TAMILNADU_VELLORE,2018,Autumn,4.613411,55933.0
Rice,IND_TAMILNADU_VELLORE,2018,Summer,4.825611,74879.0
Rice,IND_TAMILNADU_VELLORE,2018,Winter,4.302401,55914.0
Rice,IND_TAMILNADU_VELLORE,2019,Autumn,4.533494,22536.0
Rice,IND_TAMILNADU_VELLORE,2019,Summer,4.635262,122357.0
Rice,IND_TAMILNADU_VELLORE,2019,Winter,4.205408,59721.0
Rice,IND_TAMILNADU_VILLUPURAM,1998,Kharif,3.443001,539236.0
Rice,IND_TAMILNADU_VILLUPURAM,1999,Kharif,3.422357,488497.0
Rice,IND_TAMILNADU_VILLUPURAM,2000,Kharif,3.515748,498417.0
Rice,IND_TAMILNADU_VILLUPURAM,2001,Kharif,3.607277,561130.0
Rice,IND_TAMILNADU_VILLUPURAM,2002,Kharif,2.992521,241287.0
Rice,IND_TAMILNADU_VILLUPURAM,2003,Kharif,3.1184,234750.0
Rice,IND_TAMILNADU_VILLUPURAM,2004,Kharif,3.212357,525850.0
Rice,IND_TAMILNADU_VILLUPURAM,2005,Kharif,3.039339,511931.0
Rice,IND_TAMILNADU_VILLUPURAM,2006,Kharif,3.426597,496113.0
Rice,IND_TAMILNADU_VILLUPURAM,2007,Kharif,3.303433,480329.0
Rice,IND_TAMILNADU_VILLUPURAM,2008,Kharif,3.076486,451139.0
Rice,IND_TAMILNADU_VILLUPURAM,2009,Kharif,3.151353,467831.0
Rice,IND_TAMILNADU_VILLUPURAM,2010,Kharif,3.415036,512013.0
Rice,IND_TAMILNADU_VILLUPURAM,2011,Kharif,3.631775,471615.0
Rice,IND_TAMILNADU_VILLUPURAM,2012,Kharif,3.430457,396530.0
Rice,IND_TAMILNADU_VILLUPURAM,2013,Kharif,4.67375,796608.0
Rice,IND_TAMILNADU_VILLUPURAM,2014,Kharif,4.855346,832585.0
Rice,IND_TAMILNADU_VILLUPURAM,2015,Kharif,4.24191,773313.0
Rice,IND_TAMILNADU_VILLUPURAM,2016,Kharif,3.706551,354198.0
Rice,IND_TAMILNADU_VILLUPURAM,2017,Autumn,4.594003,47038.0
Rice,IND_TAMILNADU_VILLUPURAM,2017,Summer,4.05999,174271.0
Rice,IND_TAMILNADU_VILLUPURAM,2017,Winter,4.362998,481976.0
Rice,IND_TAMILNADU_VILLUPURAM,2018,Autumn,4.221195,52060.0
Rice,IND_TAMILNADU_VILLUPURAM,2018,Summer,4.553435,172261.0
Rice,IND_TAMILNADU_VILLUPURAM,2018,Winter,4.504067,271852.0
Rice,IND_TAMILNADU_VILLUPURAM,2019,Autumn,4.506634,31587.0
Rice,IND_TAMILNADU_VILLUPURAM,2019,Summer,4.196776,182245.0
Rice,IND_TAMILNADU_VILLUPURAM,2019,Winter,4.147219,468051.0
Rice,IND_TAMILNADU_VIRUDHUNAGAR,1998,Kharif,3.429605,119875.0
Rice,IND_TAMILNADU_VIRUDHUNAGAR,1999,Kharif,3.724071,116839.0
Rice,IND_TAMILNADU_VIRUDHUNAGAR,2000,Kharif,3.99772,89429.0
Rice,IND_TAMILNADU_VIRUDHUNAGAR,2001,Kharif,3.139717,92270.0
Rice,IND_TAMILNADU_VIRUDHUNAGAR,2002,Kharif,2.741861,86662.0
Rice,IND_TAMILNADU_VIRUDHUNAGAR,2003,Kharif,1.821782,43976.0
Rice,IND_TAMILNADU_VIRUDHUNAGAR,2004,Kharif,2.927742,86992.0
Rice,IND_TAMILNADU_VIRUDHUNAGAR,2005,Kharif,3.199961,98482.0
Rice,IND_TAMILNADU_VIRUDHUNAGAR,2006,Kharif,4.833176,158214.0
Rice,IND_TAMILNADU_VIRUDHUNAGAR,2007,Kharif,3.299532,93093.0
Rice,IND_TAMILNADU_VIRUDHUNAGAR,2008,Kharif,3.218359,104587.0
Rice,IND_TAMILNADU_VIRUDHUNAGAR,2009,Kharif,2.431378,64716.0
Rice,IND_TAMILNADU_VIRUDHUNAGAR,2010,Kharif,3.091959,94515.0
Rice,IND_TAMILNADU_VIRUDHUNAGAR,2011,Kharif,3.994504,118469.0
Rice,IND_TAMILNADU_VIRUDHUNAGAR,2012,Kharif,1.761503,40467.0
Rice,IND_TAMILNADU_VIRUDHUNAGAR,2013,Kharif,4.137583,68146.0
Rice,IND_TAMILNADU_VIRUDHUNAGAR,2014,Kharif,4.151249,81406.0
Rice,IND_TAMILNADU_VIRUDHUNAGAR,2015,Kharif,3.516867,100607.0
Rice,IND_TAMILNADU_VIRUDHUNAGAR,2016,Kharif,1.148778,15883.0
Rice,IND_TAMILNADU_VIRUDHUNAGAR,2017,Autumn,4.0,4.0
Rice,IND_TAMILNADU_VIRUDHUNAGAR,2017,Summer,3.685155,6777.0
Rice,IND_TAMILNADU_VIRUDHUNAGAR,2017,Winter,3.813028,63689.0
Rice,IND_TAMILNADU_VIRUDHUNAGAR,2018,Autumn,4.296296,580.0
Rice,IND_TAMILNADU_VIRUDHUNAGAR,2018,Summer,4.138271,9667.0
Rice,IND_TAMILNADU_VIRUDHUNAGAR,2018,Winter,3.361063,59716.0
Rice,IND_TAMILNADU_VIRUDHUNAGAR,2019,Autumn,4.092715,618.0
Rice,IND_TAMILNADU_VIRUDHUNAGAR,2019,Summer,3.836677,17595.0
Rice,IND_TAMILNADU_VIRUDHUNAGAR,2019,Winter,3.268438,64568.0
Rice,IND_TELANGANA_ADILABAD,2013,Kharif,2.6763,175303.0
Rice,IND_TELANGANA_ADILABAD,2013,Rabi,2.921996,73608.0
Rice,IND_TELANGANA_ADILABAD,2014,Kharif,2.244845,81003.0
Rice,IND_TELANGANA_ADILABAD,2014,Rabi,3.223993,45123.0
Rice,IND_TELANGANA_ADILABAD,2015,Kharif,2.550112,108571.0
Rice,IND_TELANGANA_ADILABAD,2015,Rabi,2.881975,43025.0
Rice,IND_TELANGANA_ADILABAD,2016,Kharif,2.580488,3174.0
Rice,IND_TELANGANA_ADILABAD,2016,Rabi,3.793103,110.0
Rice,IND_TELANGANA_ADILABAD,2017,Kharif,2.399281,1334.0
Rice,IND_TELANGANA_ADILABAD,2017,Rabi,3.6,54.0
Rice,IND_TELANGANA_ADILABAD,2018,Kharif,3.174026,1222.0
Rice,IND_TELANGANA_ADILABAD,2018,Rabi,3.404762,143.0
Rice,IND_TELANGANA_ADILABAD,2019,Kharif,3.633858,1846.0
Rice,IND_TELANGANA_ADILABAD,2019,Rabi,3.720812,733.0
Rice,IND_TELANGANA_BHADRADRI,2016,Kharif,3.506236,160803.0
Rice,IND_TELANGANA_BHADRADRI,2016,Rabi,4.111008,30960.0
Rice,IND_TELANGANA_BHADRADRI,2017,Kharif,3.082545,143736.0
Rice,IND_TELANGANA_BHADRADRI,2017,Rabi,3.768978,28648.0
Rice,IND_TELANGANA_BHADRADRI,2018,Kharif,3.285,153058.0
Rice,IND_TELANGANA_BHADRADRI,2018,Rabi,4.065968,28722.0
Rice,IND_TELANGANA_BHADRADRI,2019,Kharif,3.666994,212583.0
Rice,IND_TELANGANA_BHADRADRI,2019,Rabi,3.293999,74810.0
Rice,IND_TELANGANA_HANUMAKONDA,2016,Kharif,3.436026,54193.0
Rice,IND_TELANGANA_HANUMAKONDA,2016,Rabi,3.772006,83731.0
Rice,IND_TELANGANA_HANUMAKONDA,2017,Kharif,2.462975,41011.0
Rice,IND_TELANGANA_HANUMAKONDA,2017,Rabi,4.238014,76903.0
Rice,IND_TELANGANA_HANUMAKONDA,2018,Kharif,3.502015,53875.0
Rice,IND_TELANGANA_HANUMAKONDA,2018,Rabi,3.279964,43676.0
Rice,IND_TELANGANA_HANUMAKONDA,2019,Kharif,3.500989,93851.0
Rice,IND_TELANGANA_HANUMAKONDA,2019,Rabi,3.798016,114100.0
Rice,IND_TELANGANA_JAGITIAL,2016,Kharif,3.789004,150647.0
Rice,IND_TELANGANA_JAGITIAL,2016,Rabi,3.741996,221122.0
Rice,IND_TELANGANA_JAGITIAL,2017,Kharif,2.719004,118554.0
Rice,IND_TELANGANA_JAGITIAL,2017,Rabi,3.50001,171273.0
Rice,IND_TELANGANA_JAGITIAL,2018,Kharif,4.250995,248968.0
Rice,IND_TELANGANA_JAGITIAL,2018,Rabi,3.780003,181769.0
Rice,IND_TELANGANA_JAGITIAL,2019,Kharif,4.456001,412140.0
Rice,IND_TELANGANA_JAGITIAL,2019,Rabi,3.818998,391623.0
Rice,IND_TELANGANA_JANGOAN,2016,Kharif,3.436013,68734.0
Rice,IND_TELANGANA_JANGOAN,2016,Rabi,3.607992,123884.0
Rice,IND_TELANGANA_JANGOAN,2017,Kharif,2.510993,65901.0
Rice,IND_TELANGANA_JANGOAN,2017,Rabi,3.528986,88634.0
Rice,IND_TELANGANA_JANGOAN,2018,Kharif,3.102017,69814.0
Rice,IND_TELANGANA_JANGOAN,2018,Rabi,2.798987,53038.0
Rice,IND_TELANGANA_JANGOAN,2019,Kharif,3.196998,97972.0
Rice,IND_TELANGANA_JANGOAN,2019,Rabi,3.545995,165949.0
Rice,IND_TELANGANA_JAYASHANKAR,2016,Kharif,3.388579,213267.0
Rice,IND_TELANGANA_JAYASHANKAR,2016,Rabi,3.63302,88395.0
Rice,IND_TELANGANA_JAYASHANKAR,2017,Kharif,2.472586,148281.0
Rice,IND_TELANGANA_JAYASHANKAR,2017,Rabi,3.496989,87096.0
Rice,IND_TELANGANA_JAYASHANKAR,2018,Kharif,3.645988,98737.0
Rice,IND_TELANGANA_JAYASHANKAR,2018,Rabi,3.323978,37664.0
Rice,IND_TELANGANA_JAYASHANKAR,2019,Kharif,3.208013,106814.0
Rice,IND_TELANGANA_JAYASHANKAR,2019,Rabi,3.589997,93024.0
Rice,IND_TELANGANA_JOGULAMBA,2016,Kharif,2.518492,39019.0
Rice,IND_TELANGANA_JOGULAMBA,2016,Rabi,2.657042,17393.0
Rice,IND_TELANGANA_JOGULAMBA,2017,Kharif,2.276461,40241.0
Rice,IND_TELANGANA_JOGULAMBA,2017,Rabi,2.544011,21301.0
Rice,IND_TELANGANA_JOGULAMBA,2018,Kharif,2.567,54233.0
Rice,IND_TELANGANA_JOGULAMBA,2018,Rabi,2.811056,17645.0
Rice,IND_TELANGANA_JOGULAMBA,2019,Kharif,3.183995,87891.0
Rice,IND_TELANGANA_JOGULAMBA,2019,Rabi,3.170017,56458.0
Rice,IND_TELANGANA_KAMAREDDY,2016,Kharif,3.944,139448.0
Rice,IND_TELANGANA_KAMAREDDY,2016,Rabi,3.868006,172486.0
Rice,IND_TELANGANA_KAMAREDDY,2017,Kharif,3.033902,165648.0
Rice,IND_TELANGANA_KAMAREDDY,2017,Rabi,3.801993,149540.0
Rice,IND_TELANGANA_KAMAREDDY,2018,Kharif,4.251999,232427.0
Rice,IND_TELANGANA_KAMAREDDY,2018,Rabi,3.756002,88082.0
Rice,IND_TELANGANA_KAMAREDDY,2019,Kharif,4.509996,382141.0
Rice,IND_TELANGANA_KAMAREDDY,2019,Rabi,4.151001,309096.0
Rice,IND_TELANGANA_KARIMNAGAR,2013,Kharif,3.495001,732042.0
Rice,IND_TELANGANA_KARIMNAGAR,2013,Rabi,3.688,768793.0
Rice,IND_TELANGANA_KARIMNAGAR,2014,Kharif,3.525931,632136.0
Rice,IND_TELANGANA_KARIMNAGAR,2014,Rabi,3.618995,358827.0
Rice,IND_TELANGANA_KARIMNAGAR,2015,Kharif,3.277004,381263.0
Rice,IND_TELANGANA_KARIMNAGAR,2015,Rabi,3.194994,172699.0
Rice,IND_TELANGANA_KARIMNAGAR,2016,Kharif,3.788995,125321.0
Rice,IND_TELANGANA_KARIMNAGAR,2016,Rabi,4.235001,262172.0
Rice,IND_TELANGANA_KARIMNAGAR,2017,Kharif,2.908007,135833.0
Rice,IND_TELANGANA_KARIMNAGAR,2017,Rabi,4.214995,232575.0
Rice,IND_TELANGANA_KARIMNAGAR,2018,Kharif,3.790998,207034.0
Rice,IND_TELANGANA_KARIMNAGAR,2018,Rabi,3.684008,179437.0
Rice,IND_TELANGANA_KARIMNAGAR,2019,Kharif,3.364998,267201.0
Rice,IND_TELANGANA_KARIMNAGAR,2019,Rabi,3.909999,350809.0
Rice,IND_TELANGANA_KHAMMAM,2013,Kharif,2.920002,432575.0
Rice,IND_TELANGANA_KHAMMAM,2013,Rabi,3.269992,142709.0
Rice,IND_TELANGANA_KHAMMAM,2014,Kharif,2.973904,328435.0
Rice,IND_TELANGANA_KHAMMAM,2014,Rabi,3.621991,127744.0
Rice,IND_TELANGANA_KHAMMAM,2015,Kharif,3.0759,337054.0
Rice,IND_TELANGANA_KHAMMAM,2015,Rabi,2.65898,32288.0
Rice,IND_TELANGANA_KHAMMAM,2016,Kharif,3.573462,135788.0
Rice,IND_TELANGANA_KHAMMAM,2016,Rabi,4.055995,124661.0
Rice,IND_TELANGANA_KHAMMAM,2017,Kharif,2.730136,153450.0
Rice,IND_TELANGANA_KHAMMAM,2017,Rabi,3.77299,192913.0
Rice,IND_TELANGANA_KHAMMAM,2018,Kharif,3.585999,295619.0
Rice,IND_TELANGANA_KHAMMAM,2018,Rabi,3.117012,99255.0
Rice,IND_TELANGANA_KHAMMAM,2019,Kharif,3.636004,335225.0
Rice,IND_TELANGANA_KHAMMAM,2019,Rabi,3.883997,318849.0
Rice,IND_TELANGANA_KOMARAMBHEEMASIFABAD,2016,Kharif,2.722788,32619.0
Rice,IND_TELANGANA_KOMARAMBHEEMASIFABAD,2016,Rabi,2.57299,7297.0
Rice,IND_TELANGANA_KOMARAMBHEEMASIFABAD,2017,Kharif,1.787854,13071.0
Rice,IND_TELANGANA_KOMARAMBHEEMASIFABAD,2017,Rabi,2.721167,6158.0
Rice,IND_TELANGANA_KOMARAMBHEEMASIFABAD,2018,Kharif,2.090963,24619.0
Rice,IND_TELANGANA_KOMARAMBHEEMASIFABAD,2018,Rabi,2.347095,6424.0
Rice,IND_TELANGANA_KOMARAMBHEEMASIFABAD,2019,Kharif,2.801,67787.0
Rice,IND_TELANGANA_KOMARAMBHEEMASIFABAD,2019,Rabi,2.997016,15063.0
Rice,IND_TELANGANA_MAHABUBABAD,2016,Kharif,3.420221,102569.0
Rice,IND_TELANGANA_MAHABUBABAD,2016,Rabi,3.200989,56952.0
Rice,IND_TELANGANA_MAHABUBABAD,2017,Kharif,2.358951,85729.0
Rice,IND_TELANGANA_MAHABUBABAD,2017,Rabi,3.295018,54895.0
Rice,IND_TELANGANA_MAHABUBABAD,2018,Kharif,3.125998,123355.0
Rice,IND_TELANGANA_MAHABUBABAD,2018,Rabi,3.495022,49853.0
Rice,IND_TELANGANA_MAHABUBABAD,2019,Kharif,3.360998,157409.0
Rice,IND_TELANGANA_MAHABUBABAD,2019,Rabi,3.372004,155301.0
Rice,IND_TELANGANA_MAHBUBNAGAR,2013,Kharif,2.90678,301561.0
Rice,IND_TELANGANA_MAHBUBNAGAR,2013,Rabi,2.730003,177139.0
Rice,IND_TELANGANA_MAHBUBNAGAR,2014,Kharif,2.536855,282357.0
Rice,IND_TELANGANA_MAHBUBNAGAR,2014,Rabi,2.743996,135740.0
Rice,IND_TELANGANA_MAHBUBNAGAR,2015,Kharif,2.261839,149451.0
Rice,IND_TELANGANA_MAHBUBNAGAR,2015,Rabi,2.17101,65571.0
Rice,IND_TELANGANA_MAHBUBNAGAR,2016,Kharif,2.815117,92029.0
Rice,IND_TELANGANA_MAHBUBNAGAR,2016,Rabi,2.553009,50136.0
Rice,IND_TELANGANA_MAHBUBNAGAR,2017,Kharif,1.934434,60217.0
Rice,IND_TELANGANA_MAHBUBNAGAR,2017,Rabi,2.953984,82682.0
Rice,IND_TELANGANA_MAHBUBNAGAR,2018,Kharif,2.438009,28749.0
Rice,IND_TELANGANA_MAHBUBNAGAR,2018,Rabi,2.592046,17727.0
Rice,IND_TELANGANA_MAHBUBNAGAR,2019,Kharif,3.462997,48385.0
Rice,IND_TELANGANA_MAHBUBNAGAR,2019,Rabi,3.312993,56682.0
Rice,IND_TELANGANA_MANCHERIAL,2016,Kharif,3.108531,85954.0
Rice,IND_TELANGANA_MANCHERIAL,2016,Rabi,3.704982,53989.0
Rice,IND_TELANGANA_MANCHERIAL,2017,Kharif,1.90484,56949.0
Rice,IND_TELANGANA_MANCHERIAL,2017,Rabi,3.706027,64622.0
Rice,IND_TELANGANA_MANCHERIAL,2018,Kharif,3.22701,127625.0
Rice,IND_TELANGANA_MANCHERIAL,2018,Rabi,3.658019,75860.0
Rice,IND_TELANGANA_MANCHERIAL,2019,Kharif,2.673995,174176.0
Rice,IND_TELANGANA_MANCHERIAL,2019,Rabi,4.246996,164002.0
Rice,IND_TELANGANA_MEDAK,2013,Kharif,3.626552,393985.0
Rice,IND_TELANGANA_MEDAK,2013,Rabi,3.697999,230500.0
Rice,IND_TELANGANA_MEDAK,2014,Kharif,3.167511,234342.0
Rice,IND_TELANGANA_MEDAK,2014,Rabi,3.487998,128742.0
Rice,IND_TELANGANA_MEDAK,2015,Kharif,2.843088,174884.0
Rice,IND_TELANGANA_MEDAK,2015,Rabi,2.863983,64895.0
Rice,IND_TELANGANA_MEDAK,2016,Kharif,3.064008,97175.0
Rice,IND_TELANGANA_MEDAK,2016,Rabi,4.127,187795.0
Rice,IND_TELANGANA_MEDAK,2017,Kharif,2.877993,130422.0
Rice,IND_TELANGANA_MEDAK,2017,Rabi,3.442,110915.0
Rice,IND_TELANGANA_MEDAK,2018,Kharif,3.47699,108722.0
Rice,IND_TELANGANA_MEDAK,2018,Rabi,3.217995,38233.0
Rice,IND_TELANGANA_MEDAK,2019,Kharif,4.381008,212181.0
Rice,IND_TELANGANA_MEDAK,2019,Rabi,3.741003,118399.0
Rice,IND_TELANGANA_MEDCHALMALKAJGIRI,2016,Kharif,2.629785,5015.0
Rice,IND_TELANGANA_MEDCHALMALKAJGIRI,2016,Rabi,3.886997,17577.0
Rice,IND_TELANGANA_MEDCHALMALKAJGIRI,2017,Kharif,3.304088,16005.0
Rice,IND_TELANGANA_MEDCHALMALKAJGIRI,2017,Rabi,3.931898,17898.0
Rice,IND_TELANGANA_MEDCHALMALKAJGIRI,2018,Kharif,4.156002,16757.0
Rice,IND_TELANGANA_MEDCHALMALKAJGIRI,2018,Rabi,3.361954,9084.0
Rice,IND_TELANGANA_MEDCHALMALKAJGIRI,2019,Kharif,3.928975,20191.0
Rice,IND_TELANGANA_MEDCHALMALKAJGIRI,2019,Rabi,3.445963,13360.0
Rice,IND_TELANGANA_MULUGU,2018,Kharif,3.645987,130818.0
Rice,IND_TELANGANA_MULUGU,2018,Rabi,3.324016,44595.0
Rice,IND_TELANGANA_MULUGU,2019,Kharif,3.420007,130186.0
Rice,IND_TELANGANA_MULUGU,2019,Rabi,3.826028,62502.0
Rice,IND_TELANGANA_NAGARKURNOOL,2016,Kharif,2.788793,21549.0
Rice,IND_TELANGANA_NAGARKURNOOL,2016,Rabi,2.331998,26776.0
Rice,IND_TELANGANA_NAGARKURNOOL,2017,Kharif,2.184961,18074.0
Rice,IND_TELANGANA_NAGARKURNOOL,2017,Rabi,3.170977,55917.0
Rice,IND_TELANGANA_NAGARKURNOOL,2018,Kharif,2.377026,37538.0
Rice,IND_TELANGANA_NAGARKURNOOL,2018,Rabi,2.659029,44560.0
Rice,IND_TELANGANA_NAGARKURNOOL,2019,Kharif,3.329017,80975.0
Rice,IND_TELANGANA_NAGARKURNOOL,2019,Rabi,3.458992,124752.0
Rice,IND_TELANGANA_NALGONDA,2013,Kharif,2.842001,546190.0
Rice,IND_TELANGANA_NALGONDA,2013,Rabi,3.270002,659095.0
Rice,IND_TELANGANA_NALGONDA,2014,Kharif,3.098001,549765.0
Rice,IND_TELANGANA_NALGONDA,2014,Rabi,3.368997,491594.0
Rice,IND_TELANGANA_NALGONDA,2015,Kharif,3.050999,390235.0
Rice,IND_TELANGANA_NALGONDA,2015,Rabi,2.714003,230218.0
Rice,IND_TELANGANA_NALGONDA,2016,Kharif,3.368995,189543.0
Rice,IND_TELANGANA_NALGONDA,2016,Rabi,3.509995,285324.0
Rice,IND_TELANGANA_NALGONDA,2017,Kharif,2.679003,170548.0
Rice,IND_TELANGANA_NALGONDA,2017,Rabi,3.165997,307336.0
Rice,IND_TELANGANA_NALGONDA,2018,Kharif,3.106996,290703.0
Rice,IND_TELANGANA_NALGONDA,2018,Rabi,3.291005,283655.0
Rice,IND_TELANGANA_NALGONDA,2019,Kharif,3.448997,445100.0
Rice,IND_TELANGANA_NALGONDA,2019,Rabi,3.440999,512086.0
Rice,IND_TELANGANA_NARAYANAPET,2018,Kharif,2.438025,47856.0
Rice,IND_TELANGANA_NARAYANAPET,2018,Rabi,2.591994,28232.0
Rice,IND_TELANGANA_NARAYANAPET,2019,Kharif,3.168987,107416.0
Rice,IND_TELANGANA_NARAYANAPET,2019,Rabi,3.366983,87885.0
Rice,IND_TELANGANA_NIRMAL,2016,Kharif,3.116765,63822.0
Rice,IND_TELANGANA_NIRMAL,2016,Rabi,3.025006,51776.0
Rice,IND_TELANGANA_NIRMAL,2017,Kharif,2.383006,48406.0
Rice,IND_TELANGANA_NIRMAL,2017,Rabi,3.734018,59285.0
Rice,IND_TELANGANA_NIRMAL,2018,Kharif,3.237988,84913.0
Rice,IND_TELANGANA_NIRMAL,2018,Rabi,3.448975,59043.0
Rice,IND_TELANGANA_NIRMAL,2019,Kharif,3.649002,141501.0
Rice,IND_TELANGANA_NIRMAL,2019,Rabi,3.871006,157488.0
Rice,IND_TELANGANA_NIZAMABAD,2013,Kharif,4.085277,622200.0
Rice,IND_TELANGANA_NIZAMABAD,2013,Rabi,3.889005,421992.0
Rice,IND_TELANGANA_NIZAMABAD,2014,Kharif,3.597001,404400.0
Rice,IND_TELANGANA_NIZAMABAD,2014,Rabi,3.802005,216125.0
Rice,IND_TELANGANA_NIZAMABAD,2015,Kharif,2.594996,208770.0
Rice,IND_TELANGANA_NIZAMABAD,2015,Rabi,3.072989,54017.0
Rice,IND_TELANGANA_NIZAMABAD,2016,Kharif,3.943996,342824.0
Rice,IND_TELANGANA_NIZAMABAD,2016,Rabi,4.160002,412252.0
Rice,IND_TELANGANA_NIZAMABAD,2017,Kharif,3.514997,322501.0
Rice,IND_TELANGANA_NIZAMABAD,2017,Rabi,4.062994,331260.0
Rice,IND_TELANGANA_NIZAMABAD,2018,Kharif,4.203997,425722.0
Rice,IND_TELANGANA_NIZAMABAD,2018,Rabi,3.964003,265937.0
Rice,IND_TELANGANA_NIZAMABAD,2019,Kharif,4.151,594581.0
Rice,IND_TELANGANA_NIZAMABAD,2019,Rabi,4.033003,526924.0
Rice,IND_TELANGANA_PEDDAPALLI,2016,Kharif,3.789002,143050.0
Rice,IND_TELANGANA_PEDDAPALLI,2016,Rabi,4.365,256160.0
Rice,IND_TELANGANA_PEDDAPALLI,2017,Kharif,2.917993,146101.0
Rice,IND_TELANGANA_PEDDAPALLI,2017,Rabi,4.087988,157780.0
Rice,IND_TELANGANA_PEDDAPALLI,2018,Kharif,3.997993,231104.0
Rice,IND_TELANGANA_PEDDAPALLI,2018,Rabi,3.894994,157015.0
Rice,IND_TELANGANA_PEDDAPALLI,2019,Kharif,3.833004,298821.0
Rice,IND_TELANGANA_PEDDAPALLI,2019,Rabi,4.078995,318027.0
Rice,IND_TELANGANA_RAJANNA,2016,Kharif,3.788979,68554.0
Rice,IND_TELANGANA_RAJANNA,2016,Rabi,3.986012,144186.0
Rice,IND_TELANGANA_RAJANNA,2017,Kharif,3.103019,70513.0
Rice,IND_TELANGANA_RAJANNA,2017,Rabi,3.234007,74062.0
Rice,IND_TELANGANA_RAJANNA,2018,Kharif,3.700017,85019.0
Rice,IND_TELANGANA_RAJANNA,2018,Rabi,3.523997,67037.0
Rice,IND_TELANGANA_RAJANNA,2019,Kharif,4.340991,176878.0
Rice,IND_TELANGANA_RAJANNA,2019,Rabi,3.950003,212601.0
Rice,IND_TELANGANA_RANGAREDDI,2013,Kharif,2.317994,62711.0
Rice,IND_TELANGANA_RANGAREDDI,2013,Rabi,2.233015,40163.0
Rice,IND_TELANGANA_RANGAREDDI,2014,Kharif,2.534996,60376.0
Rice,IND_TELANGANA_RANGAREDDI,2014,Rabi,2.786986,30838.0
Rice,IND_TELANGANA_RANGAREDDI,2015,Kharif,2.594006,44399.0
Rice,IND_TELANGANA_RANGAREDDI,2015,Rabi,2.372959,17007.0
Rice,IND_TELANGANA_RANGAREDDI,2016,Kharif,2.629996,27636.0
Rice,IND_TELANGANA_RANGAREDDI,2016,Rabi,3.087056,24397.0
Rice,IND_TELANGANA_RANGAREDDI,2017,Kharif,2.485969,32954.0
Rice,IND_TELANGANA_RANGAREDDI,2017,Rabi,3.117034,37713.0
Rice,IND_TELANGANA_RANGAREDDI,2018,Kharif,3.090983,41651.0
Rice,IND_TELANGANA_RANGAREDDI,2018,Rabi,1.922924,12599.0
Rice,IND_TELANGANA_RANGAREDDI,2019,Kharif,3.300014,47507.0
Rice,IND_TELANGANA_RANGAREDDI,2019,Rabi,2.75299,44659.0
Rice,IND_TELANGANA_SANGAREDDY,2016,Kharif,3.062359,35309.0
Rice,IND_TELANGANA_SANGAREDDY,2016,Rabi,4.649973,69173.0
Rice,IND_TELANGANA_SANGAREDDY,2017,Kharif,3.165114,66594.0
Rice,IND_TELANGANA_SANGAREDDY,2017,Rabi,4.445979,81437.0
Rice,IND_TELANGANA_SANGAREDDY,2018,Kharif,3.030014,54716.0
Rice,IND_TELANGANA_SANGAREDDY,2018,Rabi,2.733076,16311.0
Rice,IND_TELANGANA_SANGAREDDY,2019,Kharif,3.884015,85526.0
Rice,IND_TELANGANA_SANGAREDDY,2019,Rabi,3.133979,29754.0
Rice,IND_TELANGANA_SIDDIPET,2016,Kharif,3.063982,69773.0
Rice,IND_TELANGANA_SIDDIPET,2016,Rabi,3.874006,188482.0
Rice,IND_TELANGANA_SIDDIPET,2017,Kharif,3.280997,113178.0
Rice,IND_TELANGANA_SIDDIPET,2017,Rabi,3.744,169884.0
Rice,IND_TELANGANA_SIDDIPET,2018,Kharif,3.301991,114764.0
Rice,IND_TELANGANA_SIDDIPET,2018,Rabi,2.390017,69908.0
Rice,IND_TELANGANA_SIDDIPET,2019,Kharif,3.740995,185183.0
Rice,IND_TELANGANA_SIDDIPET,2019,Rabi,3.795003,247419.0
Rice,IND_TELANGANA_SURYAPET,2016,Kharif,3.368996,228364.0
Rice,IND_TELANGANA_SURYAPET,2016,Rabi,3.687996,269740.0
Rice,IND_TELANGANA_SURYAPET,2017,Kharif,3.422998,231648.0
Rice,IND_TELANGANA_SURYAPET,2017,Rabi,3.741002,328864.0
Rice,IND_TELANGANA_SURYAPET,2018,Kharif,3.313,308215.0
Rice,IND_TELANGANA_SURYAPET,2018,Rabi,3.603005,297147.0
Rice,IND_TELANGANA_SURYAPET,2019,Kharif,3.531997,451315.0
Rice,IND_TELANGANA_SURYAPET,2019,Rabi,3.627999,551630.0
Rice,IND_TELANGANA_VIKARABAD,2016,Kharif,2.630028,31776.0
Rice,IND_TELANGANA_VIKARABAD,2016,Rabi,2.64797,22235.0
Rice,IND_TELANGANA_VIKARABAD,2017,Kharif,2.475975,21900.0
Rice,IND_TELANGANA_VIKARABAD,2017,Rabi,3.302039,35137.0
Rice,IND_TELANGANA_VIKARABAD,2018,Kharif,2.95797,30192.0
Rice,IND_TELANGANA_VIKARABAD,2018,Rabi,2.844974,14094.0
Rice,IND_TELANGANA_VIKARABAD,2019,Kharif,3.186981,36475.0
Rice,IND_TELANGANA_VIKARABAD,2019,Rabi,3.551981,47252.0
Rice,IND_TELANGANA_WANAPARTHY,2016,Kharif,2.795649,88281.0
Rice,IND_TELANGANA_WANAPARTHY,2016,Rabi,2.877986,40476.0
Rice,IND_TELANGANA_WANAPARTHY,2017,Kharif,2.020602,68751.0
Rice,IND_TELANGANA_WANAPARTHY,2017,Rabi,2.817007,61484.0
Rice,IND_TELANGANA_WANAPARTHY,2018,Kharif,2.995002,118653.0
Rice,IND_TELANGANA_WANAPARTHY,2018,Rabi,2.818006,53838.0
Rice,IND_TELANGANA_WANAPARTHY,2019,Kharif,3.293001,182508.0
Rice,IND_TELANGANA_WANAPARTHY,2019,Rabi,3.321001,154845.0
Rice,IND_TELANGANA_WARANGAL,2013,Kharif,3.147793,501478.0
Rice,IND_TELANGANA_WARANGAL,2013,Rabi,3.129995,299046.0
Rice,IND_TELANGANA_WARANGAL,2014,Kharif,2.953034,282059.0
Rice,IND_TELANGANA_WARANGAL,2014,Rabi,3.341994,155376.0
Rice,IND_TELANGANA_WARANGAL,2015,Kharif,3.16464,402403.0
Rice,IND_TELANGANA_WARANGAL,2015,Rabi,3.162991,170539.0
Rice,IND_TELANGANA_WARANGAL,2016,Kharif,3.435997,104310.0
Rice,IND_TELANGANA_WARANGAL,2016,Rabi,3.979994,105438.0
Rice,IND_TELANGANA_WARANGAL,2017,Kharif,2.475995,89376.0
Rice,IND_TELANGANA_WARANGAL,2017,Rabi,3.233983,57898.0
Rice,IND_TELANGANA_WARANGAL,2018,Kharif,3.342996,127659.0
Rice,IND_TELANGANA_WARANGAL,2018,Rabi,3.447982,55347.0
Rice,IND_TELANGANA_WARANGAL,2019,Kharif,3.432002,147480.0
Rice,IND_TELANGANA_WARANGAL,2019,Rabi,3.781993,138784.0
Rice,IND_TELANGANA_YADADRI,2016,Kharif,3.369012,108088.0
Rice,IND_TELANGANA_YADADRI,2016,Rabi,3.838006,175370.0
Rice,IND_TELANGANA_YADADRI,2017,Kharif,3.309998,169078.0
Rice,IND_TELANGANA_YADADRI,2017,Rabi,3.620995,173261.0
Rice,IND_TELANGANA_YADADRI,2018,Kharif,3.379,160712.0
Rice,IND_TELANGANA_YADADRI,2018,Rabi,3.525992,137965.0
Rice,IND_TELANGANA_YADADRI,2019,Kharif,3.758005,196104.0
Rice,IND_TELANGANA_YADADRI,2019,Rabi,3.552002,285581.0
