CROP,IDREGION,STATE,DISTRICT,FYEAR,SEASON,YIELD,PRODUCTION_TONNES,CROP_AREA,AREA_FRACTION,CENTROID_X,CENTROID_Y,MATCH_STATUS,WEATHER_DAY_COUNT,TMAX_MEAN,TMIN_MEAN,TAVG_MEAN,VPRES_MEAN,WSPD_MEAN,PREC_TOTAL,ET0_TOTAL,RAD_TOTAL,RELH_MEAN,PS_MEAN,GDD_BASE10,TEMP_RANGE_MEAN,WATER_BALANCE_PROXY,RAIN_PER_GDD,RADIATION_PER_GDD,CROP_AREA_LOG1P
Rice,IND_ANDHRAPRADESH_ADILABAD,Andhra Pradesh,ADILABAD,2001,Kharif,2.231999,150343.0,67358.0,0.02776421,78.785443,19.287834,historical_state_crosswalk,183,30.79295081967214,21.791420765027326,25.849781420765037,25.54033551912567,2.5133333333333323,716.2899999999995,615.2999999999998,837.9876,76.35234972677594,96.80612021857922,2900.5099999999993,9.001530054644814,100.98999999999967,0.24695312203715888,0.2889104329928186,11.11779180320031
Rice,IND_ANDHRAPRADESH_ADILABAD,Andhra Pradesh,ADILABAD,2001,Rabi,2.390967,23398.0,9786.0,0.00699663,78.785443,19.287834,historical_state_crosswalk,120,36.486666666666665,19.535750000000004,27.78641666666667,11.242163333333338,1.9048333333333338,70.94000000000001,71.99000000000001,691.5032000000001,29.45974999999999,97.17058333333333,2134.3700000000003,16.95091666666666,-1.0499999999999972,0.03323697390799159,0.32398468869033953,9.18881025342582
Rice,IND_ANDHRAPRADESH_ANANTAPUR,Andhra Pradesh,ANANTAPUR,2001,Kharif,2.907993,95609.0,32878.0,0.01355194,77.464996,14.311236,exact_normalised,183,30.952732240437197,21.626174863387977,25.71803278688524,24.030536065573774,3.9252459016393435,539.3799999999998,404.4199999999998,934.5669999999999,73.26907103825137,95.70409836065579,2876.3999999999996,9.32655737704922,134.95999999999998,0.1875191211236267,0.32490856626338477,10.400589435082308
Rice,IND_ANDHRAPRADESH_ANANTAPUR,Andhra Pradesh,ANANTAPUR,2001,Rabi,2.857,108906.0,38119.0,0.02725367,77.464996,14.311236,exact_normalised,120,36.33416666666667,20.38591666666667,28.068833333333323,15.05733333333333,2.5306666666666664,46.78,44.79,759.4176,40.26341666666667,95.91450000000003,2168.26,15.948249999999998,1.990000000000002,0.02157490337874609,0.3502428675527842,10.548494357768138
Rice,IND_ANDHRAPRADESH_CHITTOOR,Andhra Pradesh,CHITTOOR,2001,Kharif,2.268983,55311.0,24377.0,0.01004793,78.939397,13.333205,exact_normalised,183,29.609836065573766,20.686120218579237,24.594535519125664,23.05138196721311,3.473224043715848,625.73,445.5600000000001,916.8850999999997,75.27967213114754,93.8062841530055,2670.7999999999984,8.92371584699453,180.1699999999999,0.2342856073086717,0.3432997978133894,10.101436365215783
Rice,IND_ANDHRAPRADESH_CHITTOOR,Andhra Pradesh,CHITTOOR,2001,Rabi,2.749005,170573.0,62049.0,0.04436273,78.939397,13.333205,exact_normalised,120,33.88441666666666,18.66391666666667,25.50091666666667,18.01645166666666,2.4021666666666674,166.26000000000002,130.19000000000003,727.693,55.93550000000001,94.0875833333333,1860.1100000000006,15.22049999999999,36.06999999999999,0.08938181075312748,0.3912096596437844,11.035695790632753
Rice,IND_ANDHRAPRADESH_EASTGODAVARI,Andhra Pradesh,EAST GODAVARI,2001,Kharif,2.626001,579850.0,220811.0,0.09101581,82.14393,17.060053,exact_normalised,183,31.17267759562843,24.35147540983607,27.371967213114754,29.027042076502717,2.4083060109289627,782.5199999999998,571.0800000000003,783.9968000000001,79.86677595628416,99.79316939890707,3179.0699999999993,6.821202185792359,211.4399999999995,0.24614745821891307,0.24661199659019786,12.305066939734374
Rice,IND_ANDHRAPRADESH_EASTGODAVARI,Andhra Pradesh,EAST GODAVARI,2001,Rabi,4.525,750150.0,165779.0,0.11852583,82.14393,17.060053,exact_normalised,120,36.12941666666667,21.76741666666667,27.942249999999998,23.565559999999998,1.9910833333333329,115.23,76.91,674.3933999999997,62.25633333333334,100.29,2153.0699999999997,14.362000000000002,38.32000000000001,0.05351892878540875,0.3132240939681477,12.018416887145516
Rice,IND_ANDHRAPRADESH_GUNTUR,Andhra Pradesh,GUNTUR,2001,Kharif,3.431999,935110.0,272468.0,0.11230824,80.143541,16.120193,exact_normalised,183,32.57978142076504,24.681803278688523,28.240655737704916,27.321900546448077,2.96295081967213,664.3799999999997,497.26000000000033,862.1826,72.21639344262297,99.70371584699456,3338.0399999999995,7.897978142076514,167.11999999999932,0.1990329654527806,0.25829007441492613,12.51528012514622
Rice,IND_ANDHRAPRADESH_GUNTUR,Andhra Pradesh,GUNTUR,2001,Rabi,4.03099,181060.0,44917.0,0.03211399,80.143541,16.120193,exact_normalised,120,36.19849999999999,21.813750000000002,28.0545,23.280974166666667,2.5514166666666664,109.64,93.67999999999996,671.2657999999998,61.13625000000001,100.12866666666667,2166.54,14.384749999999986,15.960000000000036,0.050606035429763586,0.3098330979349561,10.712593884263669
Rice,IND_ANDHRAPRADESH_KARIMNAGAR,Andhra Pradesh,KARIMNAGAR,2001,Kharif,3.039999,429108.0,141154.0,0.05818209,79.416208,18.512553,historical_state_crosswalk,183,31.957103825136624,22.754590163934417,26.849890710382503,25.95793879781421,2.5318032786885247,572.5199999999999,514.8000000000001,866.4041999999998,73.44431693989071,97.71497267759563,3083.5300000000007,9.202513661202207,57.7199999999998,0.185670319406654,0.28097803491452966,11.857613856362782
Rice,IND_ANDHRAPRADESH_KARIMNAGAR,Andhra Pradesh,KARIMNAGAR,2001,Rabi,3.218997,332223.0,103207.0,0.07378917,79.416208,18.512553,historical_state_crosswalk,120,37.026500000000006,20.49425,28.460916666666662,13.92636,1.9611666666666672,81.02000000000002,73.86999999999998,693.7343,34.93366666666667,98.09183333333331,2215.3100000000004,16.532250000000005,7.150000000000048,0.03657275956863825,0.31315450207871576,11.544501648404973
Rice,IND_ANDHRAPRADESH_KHAMMAM,Andhra Pradesh,KHAMMAM,2001,Kharif,2.582,254988.0,98756.0,0.04070611,80.659158,17.648369,historical_state_crosswalk,183,30.965464480874303,23.15382513661202,26.707322404371588,27.6105387978142,2.152677595628416,759.1299999999998,611.67,845.7652000000003,78.95595628415303,98.72781420765023,3057.4400000000014,7.811639344262282,147.4599999999998,0.24828941859856593,0.2766252812810717,11.500417566327018
Rice,IND_ANDHRAPRADESH_KHAMMAM,Andhra Pradesh,KHAMMAM,2001,Rabi,3.484002,137639.0,39506.0,0.02824532,80.659158,17.648369,historical_state_crosswalk,120,37.11908333333334,20.787416666666658,28.382583333333333,19.69306833333334,1.9987500000000002,115.86999999999999,86.15,692.5422999999998,50.44000000000001,99.14983333333335,2205.9100000000008,16.331666666666685,29.719999999999985,0.05252707499399339,0.3139485745111993,10.58423315037833
Rice,IND_ANDHRAPRADESH_KRISHNA,Andhra Pradesh,KRISHNA,2001,Kharif,2.914999,714507.0,245114.0,0.10103323,80.888919,16.541648,exact_normalised,183,32.05775956284151,24.379125683060106,27.846939890710377,28.28073333333333,2.455792349726776,737.5599999999998,565.25,862.1826,76.14251366120219,100.02814207650268,3265.9899999999993,7.678633879781405,172.30999999999983,0.22583045263457635,0.26398813223555495,12.409482767153994
Rice,IND_ANDHRAPRADESH_KRISHNA,Andhra Pradesh,KRISHNA,2001,Rabi,3.642,358635.0,98472.0,0.07040383,80.888919,16.541648,exact_normalised,120,36.81349999999998,21.715083333333325,28.289583333333333,23.476311666666682,2.1857500000000005,144.13000000000002,101.31,671.2657999999998,60.84475000000002,100.47266666666665,2194.750000000001,15.098416666666658,42.82000000000002,0.06567034969814328,0.30585068914454927,11.497537677909582
Rice,IND_ANDHRAPRADESH_KURNOOL,Andhra Pradesh,KURNOOL,2001,Kharif,2.792008,121779.0,43617.0,0.01797844,77.878833,15.431734,exact_normalised,183,31.49459016393442,22.26273224043716,26.481803278688535,24.695021311475415,3.4044808743169397,616.5099999999998,460.3199999999999,936.5020999999999,72.29666666666672,96.75945355191254,3016.170000000003,9.231857923497259,156.18999999999988,0.20440160866264143,0.3104938050574069,10.683225188177172
Rice,IND_ANDHRAPRADESH_KURNOOL,Andhra Pradesh,KURNOOL,2001,Rabi,2.581993,98534.0,38162.0,0.02728441,77.878833,15.431734,exact_normalised,120,37.21158333333334,20.285916666666658,28.313666666666666,16.59569916666667,2.341333333333333,37.129999999999995,38.71,746.925,43.64541666666669,97.03591666666665,2197.64,16.92566666666668,-1.5800000000000054,0.016895396880289765,0.339875957845689,10.549621738824321
Rice,IND_ANDHRAPRADESH_MAHBUBNAGAR,Andhra Pradesh,MAHBUBNAGAR,2001,Kharif,2.421999,184210.0,76057.0,0.03134984,78.000858,16.644927,historical_state_crosswalk,183,30.677704918032784,21.50786885245901,25.645191256830604,24.446673770491802,3.179289617486341,648.8899999999998,532.4299999999998,907.7297000000002,74.60081967213122,95.75497267759565,2863.0699999999993,9.169836065573776,116.45999999999992,0.22664133255561336,0.3170476795886934,11.23925148610629
Rice,IND_ANDHRAPRADESH_MAHBUBNAGAR,Andhra Pradesh,MAHBUBNAGAR,2001,Rabi,2.349007,143576.0,61122.0,0.04369996,78.000858,16.644927,historical_state_crosswalk,120,36.31974999999999,19.845250000000004,27.698083333333333,14.935525833333328,2.165583333333333,49.04,51.98999999999999,709.8255,40.13508333333332,96.05175000000001,2123.7699999999995,16.47449999999999,-2.9499999999999886,0.023091012680280826,0.33422898901481807,11.020643506405467
Rice,IND_ANDHRAPRADESH_MEDAK,Andhra Pradesh,MEDAK,2001,Kharif,2.508999,190704.0,76008.0,0.03132964,78.103674,17.887066,historical_state_crosswalk,183,29.884863387978132,20.928633879781447,24.949180327868852,24.182710928961743,2.9108196721311455,729.0799999999997,606.6399999999998,888.8008999999997,76.45513661202185,94.95497267759558,2735.7000000000007,8.956229508196685,122.43999999999994,0.2665058303176516,0.32488975399349324,11.238607033309881
Rice,IND_ANDHRAPRADESH_MEDAK,Andhra Pradesh,MEDAK,2001,Rabi,2.640012,85642.0,32440.0,0.0231934,78.103674,17.887066,historical_state_crosswalk,120,35.729333333333344,19.822916666666664,27.438083333333335,12.488585833333332,2.0734166666666676,74.02000000000001,73.68999999999998,705.956,33.469833333333334,95.26816666666669,2092.5700000000006,15.90641666666668,0.3300000000000267,0.03537277128124745,0.33736314675255774,10.3871783338948
Rice,IND_ANDHRAPRADESH_NALGONDA,Andhra Pradesh,NALGONDA,2001,Kharif,2.774001,395739.0,142660.0,0.05880285,79.1666,17.113957,historical_state_crosswalk,183,31.965355191256844,23.139617486338803,27.101038251366113,26.297050273224055,2.7365573770491793,643.2399999999997,552.3999999999997,888.5735999999997,73.63114754098359,98.12377049180333,3129.4900000000007,8.82573770491804,90.83999999999992,0.20554147800440312,0.28393559333948964,11.868226465480811
Rice,IND_ANDHRAPRADESH_NALGONDA,Andhra Pradesh,NALGONDA,2001,Rabi,2.586998,199010.0,76927.0,0.05499995,79.1666,17.113957,historical_state_crosswalk,120,36.85891666666667,20.737416666666668,28.29483333333334,18.1060575,2.142916666666666,79.49,76.40999999999998,700.5943,46.6295,98.50591666666668,2195.379999999999,16.121500000000005,3.0800000000000125,0.03620785467663914,0.3191221109785095,11.250625198454825
Rice,IND_ANDHRAPRADESH_NIZAMABAD,Andhra Pradesh,NIZAMABAD,2001,Kharif,2.484002,303088.0,122016.0,0.05029362,78.037692,18.417719,historical_state_crosswalk,183,30.488688524590156,21.318579234972674,25.450163934426225,24.646872131147553,2.755355191256831,691.5399999999994,598.1600000000001,869.8156000000006,75.56688524590163,95.8177595628415,2827.38,9.170109289617482,93.37999999999931,0.24458686133452148,0.3076401474156288,11.711915658270179
Rice,IND_ANDHRAPRADESH_NIZAMABAD,Andhra Pradesh,NIZAMABAD,2001,Rabi,2.691006,97296.0,36156.0,0.0258502,78.037692,18.417719,historical_state_crosswalk,120,36.239833333333344,19.997083333333325,27.77675,12.023138333333327,1.9777500000000008,75.55999999999999,74.41,699.1514000000003,31.50791666666667,96.13925,2133.209999999999,16.24275000000002,1.1499999999999915,0.03542079776487079,0.3277461665752554,10.49562584646259
Rice,IND_ANDHRAPRADESH_PRAKASAM,Andhra Pradesh,PRAKASAM,2001,Kharif,3.286012,134204.0,40841.0,0.0168342,79.729919,15.616436,exact_normalised,183,32.39289617486339,25.937704918032814,28.926830601092888,27.768520765027333,3.7472677595628427,670.1399999999995,434.0600000000001,883.6553,70.44404371584697,100.0920765027323,3463.6099999999983,6.455191256830574,236.07999999999942,0.19348021284151504,0.2551255193281,10.617466242676006
Rice,IND_ANDHRAPRADESH_PRAKASAM,Andhra Pradesh,PRAKASAM,2001,Rabi,3.622001,385888.0,106540.0,0.07617215,79.729919,15.616436,exact_normalised,120,33.58833333333334,23.236333333333334,27.65999999999999,24.763638333333322,3.2135000000000016,93.53,112.41999999999999,699.0347,66.59150000000001,100.52891666666666,2119.1999999999994,10.352000000000004,-18.889999999999986,0.04413457908644773,0.3298578237070594,11.576285166572989
Rice,IND_ANDHRAPRADESH_SRIKAKULAM,Andhra Pradesh,SRIKAKULAM,2001,Kharif,2.202001,393654.0,178771.0,0.0736874,84.07575,18.697258,exact_normalised,183,29.416174863387983,26.376721311475404,27.752404371584692,30.84192732240437,3.976338797814205,1188.42,599.6999999999998,774.9194999999997,82.61147540983607,99.79792349726776,3248.690000000001,3.0394535519125796,588.7200000000003,0.36581514395033066,0.23853291634474189,12.093866529905988
Rice,IND_ANDHRAPRADESH_SRIKAKULAM,Andhra Pradesh,SRIKAKULAM,2001,Rabi,2.268939,3594.0,1584.0,0.0011325,84.07575,18.697258,exact_normalised,120,30.487666666666662,23.798083333333338,26.611249999999995,24.291640833333336,3.339166666666667,65.77000000000001,79.09999999999998,667.4013999999996,68.70683333333334,100.38775000000003,1993.3499999999997,6.689583333333324,-13.32999999999997,0.032994707402112036,0.33481395640504663,7.368339686311381
Rice,IND_ANDHRAPRADESH_VIZIANAGARAM,Andhra Pradesh,VIZIANAGARAM,2001,Kharif,1.878001,199624.0,106296.0,0.04381402,83.359673,18.506317,exact_normalised,183,27.847158469945352,21.26180327868852,24.168306010928976,25.386299453551935,2.400928961748634,1019.8600000000006,590.8,778.9073000000001,84.09404371584698,94.34688524590162,2592.8000000000006,6.585355191256831,429.0600000000006,0.39334310398025313,0.3004116399259487,11.57399234191862
Rice,IND_ANDHRAPRADESH_VIZIANAGARAM,Andhra Pradesh,VIZIANAGARAM,2001,Rabi,2.60999,10085.0,3864.0,0.00276262,83.359673,18.506317,exact_normalised,120,34.75824999999999,18.903583333333334,25.924333333333337,16.044310000000007,1.5985,52.599999999999994,66.05000000000001,653.6249,47.38066666666666,94.80974999999995,1910.9199999999998,15.854666666666656,-13.450000000000017,0.027526008414794967,0.3420472337931468,8.259716961021523
Rice,IND_ANDHRAPRADESH_WARANGAL,Andhra Pradesh,WARANGAL,2001,Kharif,2.841,369259.0,129975.0,0.05357423,79.850573,17.980621,historical_state_crosswalk,183,31.416448087431704,22.89043715846992,26.72234972677596,26.600581967213106,2.2983606557377048,645.72,557.6100000000001,888.5735999999997,75.94939890710387,98.03551912568308,3060.1900000000014,8.526010928961785,88.1099999999999,0.2110065061319721,0.29036550018136104,11.775105097009586
Rice,IND_ANDHRAPRADESH_WARANGAL,Andhra Pradesh,WARANGAL,2001,Rabi,2.941998,145776.0,49550.0,0.03542641,79.850573,17.980621,historical_state_crosswalk,120,37.03041666666666,20.39533333333333,28.37641666666667,16.400579166666667,2.0536666666666665,90.31,76.48999999999998,700.5943,41.51758333333333,98.43208333333334,2205.169999999999,16.63508333333333,13.820000000000022,0.04095375866713226,0.31770534698005154,10.8107577211892
Rice,IND_ANDHRAPRADESH_WESTGODAVARI,Andhra Pradesh,WEST GODAVARI,2001,Kharif,2.589,576622.0,222720.0,0.09180268,81.315692,16.847574,exact_normalised,183,31.08879781420763,23.772950819672143,27.06557377049181,28.39332513661203,2.1996174863387967,781.5599999999996,582.0499999999996,835.5929,79.62245901639344,99.31792349726774,3123.0000000000014,7.315846994535487,199.51,0.2502593659942361,0.267560967018892,12.31367514606064
Rice,IND_ANDHRAPRADESH_WESTGODAVARI,Andhra Pradesh,WEST GODAVARI,2001,Rabi,4.681998,896509.0,191480.0,0.13690109,81.315692,16.847574,exact_normalised,120,36.797666666666665,21.183666666666667,28.012416666666663,22.76997499999999,1.9728333333333337,127.17000000000002,80.24,670.3136999999997,59.884666666666654,99.77708333333335,2161.49,15.613999999999997,46.93000000000002,0.058834415148809396,0.3101164937149835,12.16254386597035
Rice,IND_KARNATAKA_BANGALORERURAL,Karnataka,BANGALORE RURAL,2001,Kharif,2.55914,28322.0,11067.0,0.01017218,77.614728,13.177348,exact_normalised,183,27.828306010928948,18.99486338797814,22.732568306010915,22.059047540983602,3.44601092896175,608.3799999999999,476.78000000000026,910.4750999999999,79.93508196721307,91.53224043715848,2330.0600000000004,8.833442622950809,131.59999999999962,0.2611005725174458,0.3907517832158827,9.311813340906816
Rice,IND_KARNATAKA_BANGALORERURAL,Karnataka,BANGALORE RURAL,2001,Rabi,1.91716,324.0,169.0,0.00316006,77.614728,13.177348,exact_normalised,120,33.03616666666667,17.83175,24.896499999999996,16.017589166666664,2.245666666666667,248.13,156.16,750.2553000000001,51.85649999999998,91.71025000000003,1787.58,15.204416666666667,91.97,0.13880777363810293,0.4197044607793778,5.135798437050262
Rice,IND_KARNATAKA_BANGALORERURAL,Karnataka,BANGALORE RURAL,2001,Summer,2.567849,7891.0,3073.0,0.01112289,77.614728,13.177348,exact_normalised,122,32.503278688524574,20.198278688524592,25.89131147540983,19.771287704918027,3.1485245901639365,326.3799999999999,243.46999999999994,783.5616000000002,60.49278688524588,91.54745901639339,1938.7400000000002,12.304999999999982,82.90999999999994,0.16834645181922273,0.40416022777680355,8.03073492409854
Rice,IND_KARNATAKA_BIDAR,Karnataka,BIDAR,2001,Kharif,0.80613,9048.0,11224.0,0.01031649,77.219591,17.954256,exact_normalised,183,29.864316939890724,20.51546448087432,24.666885245901643,23.76381748633879,2.968907103825137,782.3599999999999,633.7400000000002,884.2806999999998,76.40098360655739,94.53879781420768,2684.039999999998,9.348852459016403,148.61999999999966,0.291485968912535,0.329458838169327,9.325898712610455
Rice,IND_KARNATAKA_BIDAR,Karnataka,BIDAR,2001,Rabi,1.5,45.0,30.0,0.00056096,77.219591,17.954256,exact_normalised,120,35.89733333333333,19.518333333333334,27.381249999999998,11.544136666666663,1.9862499999999998,62.88,65.6,719.0038,31.08308333333333,94.83183333333339,2085.750000000001,16.378999999999994,-2.7199999999999918,0.030147428982380427,0.3447219465420111,3.4339872044851463
Rice,IND_KARNATAKA_CHITRADURGA,Karnataka,CHITRADURGA,2001,Kharif,2.103743,14053.0,6680.0,0.00613989,76.575818,14.279313,exact_normalised,183,30.149672131147533,20.823060109289624,24.761366120218565,23.47829344262295,4.194480874316942,443.5899999999999,377.0299999999999,931.4342000000001,75.34393442622951,94.48874316939894,2701.3299999999995,9.326612021857908,66.56,0.1642117031240167,0.3448057808560969,8.807022955925477
Rice,IND_KARNATAKA_CHITRADURGA,Karnataka,CHITRADURGA,2001,Rabi,1.901773,2575.0,1354.0,0.02531788,76.575818,14.279313,exact_normalised,120,35.69366666666669,19.710333333333327,27.411583333333336,14.269036666666665,2.3844166666666666,37.18999999999999,39.389999999999986,765.6847,39.20858333333332,94.67716666666668,2089.3900000000003,15.98333333333336,-2.1999999999999957,0.017799453428991228,0.3664632739699146,7.2115567333138015
Rice,IND_KARNATAKA_CHITRADURGA,Karnataka,CHITRADURGA,2001,Summer,2.223277,9838.0,4425.0,0.01601653,76.575818,14.279313,exact_normalised,122,36.16057377049182,22.924344262295083,29.17090163934427,19.15523278688525,3.985000000000001,85.13000000000001,78.31000000000002,793.5111,48.45475409836065,94.45770491803277,2338.8499999999995,13.23622950819674,6.819999999999993,0.0363982298993095,0.3392740449366142,8.395251520610994
Rice,IND_KARNATAKA_DAKSHINAKANNADA,Karnataka,DAKSHINA KANNADA,2001,Kharif,2.161065,74077.0,34278.0,0.03150647,75.204445,12.828777,exact_normalised,183,27.556010928961754,23.88677595628416,25.489344262295088,28.311869945355184,2.1341530054644817,3086.0400000000022,812.2,781.6928000000001,86.89448087431697,99.02923497267761,2834.5500000000025,3.669234972677593,2273.840000000002,1.0887230777372068,0.27577315623291154,10.44228820075763
Rice,IND_KARNATAKA_DAKSHINAKANNADA,Karnataka,DAKSHINA KANNADA,2001,Rabi,2.185218,54460.0,24922.0,0.46600598,75.204445,12.828777,exact_normalised,120,32.75425,23.698583333333325,27.636666666666667,23.89587833333333,1.8565000000000003,162.78,147.62000000000003,712.6082000000004,64.50208333333335,99.12566666666665,2116.4000000000005,9.055666666666674,15.159999999999968,0.0769136269136269,0.3367077112077113,10.123546350888414
Rice,IND_KARNATAKA_DAKSHINAKANNADA,Karnataka,DAKSHINA KANNADA,2001,Summer,2.290551,6157.0,2688.0,0.00972937,75.204445,12.828777,exact_normalised,122,30.955819672131142,25.01229508196721,27.5327049180328,27.692198360655738,2.28860655737705,1418.9900000000005,303.17999999999995,665.3602,75.74475409836064,99.01590163934432,2138.9899999999993,5.943524590163932,1115.8100000000004,0.6633925357294802,0.31106279131739756,7.896924656268864
Rice,IND_KARNATAKA_DHARWAD,Karnataka,DHARWAD,2001,Kharif,0.213695,8323.0,38948.0,0.03579888,75.127326,15.336898,exact_normalised,183,28.8158469945355,20.05907103825136,23.66,23.42565409836065,3.513333333333334,620.8399999999997,538.0399999999998,895.6790000000002,79.98508196721309,93.80262295081968,2499.7799999999993,8.756775956284141,82.79999999999984,0.24835785549128317,0.3583031306754996,10.570008377028364
Rice,IND_KARNATAKA_DHARWAD,Karnataka,DHARWAD,2001,Summer,2.680851,1008.0,376.0,0.00136095,75.127326,15.336898,exact_normalised,122,35.20500000000001,21.40229508196722,27.560983606557382,20.465301639344265,3.261393442622951,153.48000000000008,97.58,774.3441,56.562950819672125,93.78524590163931,2142.44,13.802704918032791,55.90000000000008,0.07163794552006127,0.3614309385560389,5.932245187448011
Rice,IND_KARNATAKA_GADAG,Karnataka,GADAG,2001,Kharif,2.001418,1411.0,705.0,0.000648,75.653119,15.508228,exact_normalised,183,30.355300546448085,20.397431693989077,24.51693989071038,23.102346448087424,4.080765027322405,435.9500000000001,396.3900000000001,895.6790000000002,74.96420765027322,93.99393442622953,2656.5999999999985,9.957868852459008,39.56,0.16410073025671923,0.3371523752164423,6.559615237493242
Rice,IND_KARNATAKA_GADAG,Karnataka,GADAG,2001,Rabi,1.333333,4.0,3.0,5.61e-05,75.653119,15.508228,exact_normalised,120,35.97850000000001,19.076666666666668,27.22575,13.17408999999999,2.166916666666667,31.240000000000002,32.24999999999999,746.6935000000002,35.6665,94.17599999999999,2067.0900000000006,16.901833333333343,-1.009999999999991,0.015113033298017983,0.3612293127053007,1.3862943611198906
Rice,IND_KARNATAKA_GADAG,Karnataka,GADAG,2001,Summer,2.404321,779.0,324.0,0.00117274,75.653119,15.508228,exact_normalised,122,36.10737704918033,22.263852459016388,28.750573770491805,19.214755737704916,3.746885245901637,87.86999999999998,74.40000000000002,774.3441,49.71893442622951,93.96598360655733,2287.57,13.843524590163941,13.469999999999956,0.0384119393067753,0.3385007234751286,5.783825182329737
Rice,IND_KARNATAKA_HASSAN,Karnataka,HASSAN,2001,Kharif,2.536128,132604.0,52286.0,0.04805844,76.105719,12.951423,exact_normalised,183,25.899781420765027,18.66775956284153,21.715956284153016,22.350930601092887,2.813934426229508,1184.2100000000003,678.16,883.5947000000001,85.92721311475408,91.22568306010925,2144.02,7.232021857923499,506.0500000000003,0.5523316013843156,0.4121205492486078,10.864503053189791
Rice,IND_KARNATAKA_HASSAN,Karnataka,HASSAN,2001,Rabi,2.479508,4840.0,1952.0,0.03649963,76.105719,12.951423,exact_normalised,120,32.773,17.85741666666666,24.790333333333322,16.0766725,1.4933333333333327,141.97,153.45000000000007,732.8787000000002,51.68074999999999,91.36200000000002,1774.8400000000001,14.915583333333345,-11.480000000000075,0.0799903089855987,0.41292663000608515,7.577121930876679
Rice,IND_KARNATAKA_HASSAN,Karnataka,HASSAN,2001,Summer,2.285861,6693.0,2928.0,0.01059806,76.105719,12.951423,exact_normalised,122,31.3595081967213,20.143770491803277,25.171311475409833,20.279409016393434,2.4599180327868853,537.2899999999998,252.54000000000002,736.2385000000003,64.7983606557377,91.23172131147543,1850.9000000000005,11.215737704918023,284.74999999999983,0.29028580690474887,0.3977732454481604,7.982416346827733
Rice,IND_KARNATAKA_HAVERI,Karnataka,HAVERI,2001,Kharif,0.487431,27476.0,56369.0,0.05181131,75.395405,14.743146,exact_normalised,183,28.023005464480864,20.19382513661202,23.399836065573766,24.07759125683059,3.608907103825136,1103.64,624.8799999999999,889.4721999999996,83.59983606557375,94.15672131147541,2452.1700000000005,7.829180327868844,478.7600000000002,0.45006667563831215,0.36272860364493464,10.93969238107562
Rice,IND_KARNATAKA_HAVERI,Karnataka,HAVERI,2001,Summer,1.979037,3493.0,1765.0,0.00638852,75.395405,14.743146,exact_normalised,122,34.526639344262286,21.709672131147542,27.387377049180323,21.597150000000003,3.40655737704918,339.64000000000004,157.36999999999998,768.4378999999999,60.386065573770516,94.13688524590161,2121.259999999999,12.816967213114744,182.27000000000007,0.16011238603471534,0.36225540480657736,7.476472381163905
Rice,IND_KARNATAKA_KODAGU,Karnataka,KODAGU,2001,Kharif,2.496307,89223.0,35742.0,0.0328521,75.777469,12.406712,exact_normalised,183,25.721420765027315,20.29021857923498,22.54415300546449,24.846976502732243,0.7656284153005463,2445.9400000000014,859.8299999999998,781.6928000000001,90.88622950819666,94.24480874316936,2295.579999999999,5.431202185792333,1586.1100000000015,1.0654997865463205,0.3405208269805454,10.484109724754205
Rice,IND_KARNATAKA_KODAGU,Karnataka,KODAGU,2001,Rabi,1.909091,21.0,11.0,0.00020568,75.777469,12.406712,exact_normalised,120,33.01550000000001,19.542499999999997,25.401666666666653,20.385363333333338,0.5243333333333332,181.84000000000003,163.98999999999995,712.6082000000004,62.82008333333333,94.33325,1848.2000000000003,13.473000000000013,17.85000000000008,0.09838762038740397,0.3855687696136783,2.4849066497880004
Rice,IND_KARNATAKA_KODAGU,Karnataka,KODAGU,2001,Summer,2.520548,1288.0,511.0,0.00184959,75.777469,12.406712,exact_normalised,122,30.50295081967213,21.275573770491807,25.1638524590164,23.93305163934427,0.7102459016393445,1179.6100000000001,321.2799999999999,665.3602,75.81844262295083,94.24286885245901,1849.9900000000005,9.227377049180323,858.3300000000002,0.637630473678236,0.35965610624922284,6.238324625039508
Rice,IND_KARNATAKA_KOLAR,Karnataka,KOLAR,2001,Kharif,2.281144,14118.0,6189.0,0.00568859,78.192771,13.111229,exact_normalised,183,28.377158469945346,19.399125683060102,23.230491803278685,22.238180874316942,3.596284153005466,641.12,471.79,916.8850999999997,78.38464480874316,92.00551912568304,2421.18,8.978032786885244,169.32999999999998,0.2647965041839103,0.3786934882990938,8.730690365678642
Rice,IND_KARNATAKA_KOLAR,Karnataka,KOLAR,2001,Summer,2.054835,37848.0,18419.0,0.0666686,78.192771,13.111229,exact_normalised,122,32.996557377049186,20.383688524590156,26.178770491803288,20.096904918032788,3.2867213114754095,273.07,228.0,769.7715999999999,60.01606557377049,92.0363934426229,1973.8099999999997,12.61286885245903,45.06999999999999,0.1383466493735466,0.3899927551284065,9.821192309809298
Rice,IND_KARNATAKA_KOPPAL,Karnataka,KOPPAL,2001,Kharif,3.591425,135034.0,37599.0,0.03455895,76.159107,15.65316,exact_normalised,183,30.874043715846994,20.888251366120212,25.139125683060115,23.332868852459015,4.026939890710381,439.9499999999999,391.3800000000002,920.6042,73.13306010928959,94.63644808743166,2770.460000000001,9.985792349726783,48.56999999999965,0.15880034362524625,0.3322929044274235,10.534759329377986
Rice,IND_KARNATAKA_KOPPAL,Karnataka,KOPPAL,2001,Summer,3.162555,117413.0,37126.0,0.13437963,76.159107,15.65316,exact_normalised,122,36.82016393442621,23.176967213114743,29.689754098360638,18.619659016393435,3.654754098360655,80.04,72.49,785.7221000000001,45.72303278688526,94.59967213114757,2402.1499999999987,13.643196721311469,7.550000000000011,0.033320150698332766,0.32709118914305957,10.522099746707825
Rice,IND_KARNATAKA_MANDYA,Karnataka,MANDYA,2001,Kharif,3.06262,176998.0,57793.0,0.05312018,76.815323,12.58214,exact_normalised,183,28.261967213114737,19.510710382513665,23.21612021857922,23.00636775956284,3.155519125683062,598.0100000000001,524.8599999999998,883.5947000000001,80.82759562841531,92.89989071038254,2418.5499999999997,8.751256830601072,73.15000000000032,0.24725972173409694,0.36534067933265807,10.964640243043856
Rice,IND_KARNATAKA_MANDYA,Karnataka,MANDYA,2001,Rabi,1.894737,36.0,19.0,0.00035527,76.815323,12.58214,exact_normalised,120,34.22041666666666,19.374250000000007,26.33125,16.422338333333343,1.8982499999999989,222.07999999999998,118.71000000000001,732.8787000000002,48.748583333333336,93.04608333333336,1959.7500000000002,14.846166666666651,103.36999999999998,0.11332057660415867,0.37396540375047843,2.995732273553991
Rice,IND_KARNATAKA_MANDYA,Karnataka,MANDYA,2001,Summer,2.570723,36458.0,14182.0,0.05133254,76.815323,12.58214,exact_normalised,122,32.82360655737705,21.16950819672131,26.517213114754096,20.750127868852456,2.7286885245901638,347.6700000000001,251.72999999999996,736.2385000000003,61.61286885245903,92.89877049180328,2015.1000000000006,11.654098360655738,95.94000000000011,0.17253238052702097,0.36536077614014195,9.559799343294607
Rice,IND_KARNATAKA_RAICHUR,Karnataka,RAICHUR,2001,Kharif,3.150453,245184.0,77825.0,0.0715325,76.856624,16.041451,exact_normalised,183,31.68366120218577,21.634316939890716,26.11049180327869,24.003556284153017,3.62475409836066,523.5199999999999,448.9600000000001,920.1228000000001,71.3660109289617,95.91196721311475,2948.2200000000007,10.049344262295055,74.55999999999977,0.177571551648113,0.31209434845432155,11.262230844568728
Rice,IND_KARNATAKA_RAICHUR,Karnataka,RAICHUR,2001,Summer,2.46018,108088.0,43935.0,0.15902518,76.856624,16.041451,exact_normalised,122,38.229754098360665,24.517950819672127,31.14131147540984,18.107410655737702,3.4995081967213113,92.55000000000001,84.63999999999997,784.9386999999999,41.01860655737707,95.86057377049177,2579.240000000002,13.711803278688539,7.910000000000039,0.035882663110063405,0.30432945363750535,10.690489308567697
Rice,IND_KARNATAKA_UDUPI,Karnataka,UDUPI,2001,Kharif,2.201577,114744.0,52119.0,0.04790495,74.873401,13.413125,exact_normalised,183,26.81349726775956,22.50327868852459,24.33360655737705,26.57370054644809,1.908032786885246,2925.8700000000026,813.9100000000001,849.1247999999998,87.3427322404371,96.79644808743173,2623.050000000002,4.31021857923497,2111.9600000000028,1.1154457597072112,0.3237165894664605,10.861304031238781
Rice,IND_KARNATAKA_UDUPI,Karnataka,UDUPI,2001,Rabi,1.820411,23456.0,12885.0,0.24093119,74.873401,13.413125,exact_normalised,120,31.965666666666678,21.432916666666674,26.008999999999983,22.10888583333332,1.3971666666666676,138.98999999999998,252.61,743.5321999999998,65.40566666666665,96.90124999999998,1921.08,10.532750000000004,-113.62000000000003,0.07234992816540695,0.38703864492889406,9.463896729698588
Rice,IND_KARNATAKA_UDUPI,Karnataka,UDUPI,2001,Summer,1.933793,1402.0,725.0,0.00262418,74.873401,13.413125,exact_normalised,122,30.60975409836066,23.487049180327865,26.409836065573753,25.988299999999995,1.8934426229508199,1267.3,330.09,704.4028000000003,75.8316393442623,96.79295081967213,2002.000000000001,7.122704918032795,937.21,0.6330169830169827,0.35184955044955046,6.587550014824796
Rice,IND_KARNATAKA_UTTARAKANNADA,Karnataka,UTTARA KANNADA,2001,Kharif,1.076402,87420.0,81215.0,0.0746484,74.525531,14.70572,exact_normalised,183,27.933169398907115,24.327267759562847,25.870491803278686,28.109534972677594,2.694590163934425,1710.2300000000002,855.9,852.0250999999997,84.3122950819672,98.95814207650274,2904.299999999997,3.6059016393442676,854.3300000000003,0.5888613435251187,0.29336676651861054,11.304867551074059
Rice,IND_KARNATAKA_UTTARAKANNADA,Karnataka,UTTARA KANNADA,2001,Rabi,1.873529,4459.0,2380.0,0.04450262,74.525531,14.70572,exact_normalised,120,31.02891666666666,22.85174999999999,26.386333333333344,23.504501666666663,1.9793333333333334,55.91,328.84,762.0956,68.00491666666667,99.11233333333335,1966.3599999999997,8.177166666666672,-272.92999999999995,0.0284332472182103,0.3875666714131696,7.7752758464868625
Rice,IND_KARNATAKA_UTTARAKANNADA,Karnataka,UTTARA KANNADA,2001,Summer,1.868272,2638.0,1412.0,0.00511081,74.525531,14.70572,exact_normalised,122,30.59098360655738,25.010983606557378,27.32163934426231,27.42595901639343,2.525983606557377,607.53,312.91,728.4118,75.47368852459017,98.95524590163936,2113.24,5.580000000000002,294.61999999999995,0.28748746001400693,0.34468957619579416,7.253470382684528
Rice,IND_TAMILNADU_COIMBATORE,Tamil Nadu,COIMBATORE,2001,Kharif,3.526735,37200.0,10548.0,0.00512069,76.942425,10.900215,exact_normalised,183,27.82213114754097,20.581584699453572,23.562185792349727,24.671195081967213,2.5657377049180314,781.7199999999997,592.1599999999999,814.1745999999998,84.88256830601088,94.82081967213118,2481.8800000000024,7.240546448087397,189.55999999999983,0.31497090914951525,0.32804752848646956,9.263786347681808
Rice,IND_TAMILNADU_CUDDALORE,Tamil Nadu,CUDDALORE,2001,Kharif,3.716817,402810.0,108375.0,0.05261234,79.398376,11.549058,exact_normalised,183,33.25825136612021,24.729617486338785,28.54508196721311,27.238612568306007,2.985792349726775,656.3400000000001,464.07999999999987,948.5121000000003,70.79005464480878,100.02633879781422,3393.75,8.528633879781427,192.26000000000028,0.19339668508287297,0.27948791160221004,11.593361941260572
Rice,IND_TAMILNADU_DHARMAPURI,Tamil Nadu,DHARMAPURI,2001,Kharif,3.487871,189510.0,54334.0,0.02637729,78.208849,12.106543,exact_normalised,183,30.661967213114774,21.17901639344263,25.364644808743158,24.113465027322405,2.5440983606557386,610.8199999999997,473.77000000000004,926.6909000000004,75.03109289617487,95.36098360655744,2811.729999999999,9.482950819672144,137.04999999999967,0.21723991990696115,0.3295803295480009,10.902923865496952
Rice,IND_TAMILNADU_DINDIGUL,Tamil Nadu,DINDIGUL,2001,Kharif,4.739228,76330.0,16106.0,0.00781891,77.770431,10.376407,exact_normalised,183,29.369617486338804,21.00398907103824,24.49273224043716,24.016366666666663,3.3073770491803254,641.4600000000002,468.0799999999999,941.7913000000001,78.24803278688528,95.05808743169395,2652.1700000000005,8.365628415300563,173.38000000000022,0.24186232405916666,0.35510216162614006,9.68700923909068
Rice,IND_TAMILNADU_ERODE,Tamil Nadu,ERODE,2001,Kharif,4.634267,233910.0,50474.0,0.02450339,77.349132,11.479934,exact_normalised,183,31.67316939890709,21.806338797814202,25.99693989071037,23.99799344262295,2.0044808743169398,463.31,391.8000000000001,937.1476,71.8039344262295,96.09464480874318,2927.44,9.866830601092886,71.50999999999988,0.15826455879539802,0.32012529718798677,10.829233443181039
Rice,IND_TAMILNADU_KANNIYAKUMARI,Tamil Nadu,KANNIYAKUMARI,2001,Kharif,4.300188,121390.0,28229.0,0.01370421,77.370026,8.292621,exact_normalised,183,27.735956284152998,22.399672131147522,24.59169398907102,27.593834426229506,3.249289617486339,1539.1899999999991,781.07,937.5547999999999,89.25158469945352,97.95355191256833,2670.28,5.336284153005476,758.1199999999991,0.5764152073939808,0.3511072996090297,10.248140521247535
Rice,IND_TAMILNADU_KARUR,Tamil Nadu,KARUR,2001,Kharif,3.611558,56120.0,15539.0,0.00754365,78.090802,10.786735,exact_normalised,183,32.62054644808743,22.914863387978137,27.1255737704918,25.60884590163934,3.0655737704918034,516.5999999999999,393.43999999999994,992.8805000000002,71.83568306010933,98.29633879781424,3133.9799999999987,9.705683060109294,123.15999999999997,0.16483832060191836,0.31681137084474076,9.651172623921639
Rice,IND_TAMILNADU_MADURAI,Tamil Nadu,MADURAI,2001,Kharif,3.986291,271590.0,68131.0,0.03307526,78.006559,9.898005,exact_normalised,183,31.608142076502737,22.63775956284152,26.548633879781413,26.22516120218579,2.130874316939889,849.4799999999999,581.1200000000001,1008.3131,75.94218579234972,98.2926229508197,3028.4,8.970382513661217,268.3599999999998,0.2805045568617091,0.33295241711795004,11.129202278980468
Rice,IND_TAMILNADU_NAMAKKAL,Tamil Nadu,NAMAKKAL,2001,Kharif,4.569543,97610.0,21361.0,0.01037003,78.154921,11.347699,exact_normalised,183,32.15803278688526,22.27928961748633,26.642459016393452,24.93575956284153,2.508360655737706,548.1300000000001,429.1999999999998,955.0081999999999,72.06551912568305,97.17142076502732,3045.5699999999997,9.878743169398927,118.93000000000029,0.17997616209773545,0.3135728944007197,9.969368921649641
Rice,IND_TAMILNADU_PERAMBALUR,Tamil Nadu,PERAMBALUR,2001,Kharif,2.435876,118710.0,48734.0,0.02365868,78.858963,11.25245,exact_normalised,183,32.181693989071036,22.66601092896175,26.871202185792356,25.170245355191245,2.7980874316939897,571.56,437.81999999999994,955.0081999999999,71.95120218579234,97.4418579234973,3087.429999999999,9.515683060109286,133.74,0.18512484493575568,0.3093214097161718,10.794152736771311
Rice,IND_TAMILNADU_PUDUKKOTTAI,Tamil Nadu,PUDUKKOTTAI,2001,Kharif,2.641916,220600.0,83500.0,0.04053638,78.872829,10.352982,exact_normalised,183,33.13109289617486,23.884098360655752,27.96530054644809,26.624587978142078,2.904699453551913,577.5400000000002,423.30000000000007,992.8805000000002,71.35863387978145,99.63655737704927,3287.6499999999987,9.24699453551911,154.24000000000012,0.17566955119918495,0.3020031025200373,11.332613886815139
Rice,IND_TAMILNADU_RAMANATHAPURAM,Tamil Nadu,RAMANATHAPURAM,2001,Kharif,1.364472,169900.0,124517.0,0.06044873,78.817623,9.423787,exact_normalised,183,30.931693989071043,24.72442622950819,27.449289617486354,29.159217486338804,3.636775956284154,819.39,559.47,1008.3131,79.82726775956287,100.46830601092903,3193.219999999998,6.207267759562853,259.91999999999996,0.2566030527179463,0.3157668748160166,11.732205562749716
Rice,IND_TAMILNADU_SALEM,Tamil Nadu,SALEM,2001,Kharif,4.418922,204300.0,46233.0,0.02244453,78.256113,11.628258,exact_normalised,183,32.15803278688526,22.27928961748633,26.642459016393452,24.93575956284153,2.508360655737706,548.1300000000001,429.1999999999998,955.0081999999999,72.06551912568305,97.17142076502732,3045.5699999999997,9.878743169398927,118.93000000000029,0.17997616209773545,0.3135728944007197,10.741470737141523
Rice,IND_TAMILNADU_SIVAGANGA,Tamil Nadu,SIVAGANGA,2001,Kharif,2.066256,159610.0,77246.0,0.03750028,78.568693,9.944223,exact_normalised,183,32.42284153005465,24.005519125683055,27.742459016393447,27.518465573770474,2.741912568306011,687.5600000000003,485.5900000000001,1008.3131,74.46497267759563,99.87934426229513,3246.870000000001,8.417322404371593,201.9700000000002,0.2117608650792918,0.3105492674483425,11.25476335905444
Rice,IND_TAMILNADU_THANJAVUR,Tamil Nadu,THANJAVUR,2001,Kharif,2.92281,561650.0,192161.0,0.09328756,79.260887,10.579191,exact_normalised,183,32.419781420765034,25.343114754098366,28.507814207650284,28.106709289617477,3.4601639344262303,623.71,431.77999999999986,964.1581000000002,72.84650273224048,100.43382513661201,3386.9300000000003,7.076666666666668,191.93000000000018,0.18415201967563546,0.2846702175716652,12.166094045252986
Rice,IND_TAMILNADU_THENILGIRIS,Tamil Nadu,THE NILGIRIS,2001,Kharif,3.918292,8440.0,2154.0,0.00104569,76.648605,11.435308,exact_normalised,183,27.32278688524589,19.27109289617487,22.57147540983606,22.604161202185786,2.5025683060109283,637.9700000000003,515.4599999999999,827.7229000000004,82.59131147540987,92.17715846994538,2300.5799999999995,8.051693989071019,122.51000000000033,0.277308330942632,0.35978879239148415,7.675546002537848
Rice,IND_TAMILNADU_THENI,Tamil Nadu,THENI,2001,Kharif,4.47021,77880.0,17422.0,0.00845778,77.429172,9.916685,exact_normalised,183,27.21366120218579,19.561748633879787,22.789726775956282,23.15342622950819,2.0112568306010914,1061.7,669.3699999999995,898.5660999999998,83.52060109289617,92.99486338797817,2340.519999999998,7.6519125683060025,392.3300000000005,0.45361714490796956,0.3839172918838551,9.765546451422905
Rice,IND_TAMILNADU_THIRUVALLUR,Tamil Nadu,THIRUVALLUR,2001,Kharif,3.406092,321610.0,94422.0,0.04583864,79.941464,13.24923,exact_normalised,183,32.417377049180324,25.487704918032808,28.59191256830599,28.11317377049181,3.255846994535517,955.0500000000001,504.8399999999997,889.9408999999996,72.65508196721309,100.06863387978144,3402.320000000001,6.929672131147516,450.2100000000004,0.2807055185873168,0.26156884126125685,11.455539966524993
Rice,IND_TAMILNADU_THIRUVARUR,Tamil Nadu,THIRUVARUR,2001,Kharif,2.633383,460110.0,174722.0,0.08482153,79.587842,10.561873,exact_normalised,183,32.419781420765034,25.343114754098366,28.507814207650284,28.106709289617477,3.4601639344262303,623.71,431.77999999999986,964.1581000000002,72.84650273224048,100.43382513661201,3386.9300000000003,7.076666666666668,191.93000000000018,0.18415201967563546,0.2846702175716652,12.070957141720939
Rice,IND_TAMILNADU_TIRUCHIRAPPALLI,Tamil Nadu,TIRUCHIRAPPALLI,2001,Kharif,4.100142,296510.0,72317.0,0.03510742,78.555677,10.845397,exact_normalised,183,32.979071038251384,23.465628415300543,27.645191256830614,25.991102185792332,3.068907103825134,541.5799999999999,410.39,992.8805000000002,70.98857923497266,98.87693989071037,3229.0700000000024,9.51344262295084,131.18999999999994,0.16772011755706737,0.307481875586469,11.188828339816398
Rice,IND_TAMILNADU_TIRUNELVELI,Tamil Nadu,TIRUNELVELI,2001,Kharif,4.030535,290130.0,71983.0,0.03494527,77.568767,8.838215,exact_normalised,183,28.258360655737704,21.952404371584706,24.60459016393442,27.401779781420792,2.689071038251366,1564.0,801.0699999999999,937.5547999999999,88.55830601092894,98.03491803278686,2672.64,6.305956284152998,762.9300000000001,0.5851891762452107,0.35079726412835244,11.184199151080954
Rice,IND_TAMILNADU_TIRUVANNAMALAI,Tamil Nadu,TIRUVANNAMALAI,2001,Kharif,3.023605,370960.0,122688.0,0.05956081,79.247289,12.432454,exact_normalised,183,32.905956284153014,23.591147540983616,27.716612021857927,26.37888688524588,2.671475409836064,759.9299999999997,514.4899999999999,935.8167999999997,72.0660109289618,98.82120218579234,3242.1400000000012,9.314808743169397,245.43999999999983,0.23439148216918437,0.2886416996181532,11.71740797712849
Rice,IND_TAMILNADU_VELLORE,Tamil Nadu,VELLORE,2001,Kharif,3.894831,234130.0,60113.0,0.0291828,79.042643,12.783542,exact_normalised,183,30.406885245901645,21.129344262295074,25.172786885245912,23.68817814207649,3.1728961748633897,647.0399999999997,488.98,935.8167999999997,74.74213114754099,94.75071038251365,2776.62,9.27754098360657,158.05999999999972,0.23303152754067888,0.33703452398959877,11.003998038487318
Rice,IND_ANDHRAPRADESH_ADILABAD,Andhra Pradesh,ADILABAD,2002,Kharif,1.544999,110710.0,71657.0,0.03397192,78.785443,19.287834,historical_state_crosswalk,183,31.82016393442623,21.752841530054656,26.30158469945354,24.502606010928947,2.6446448087431698,793.8299999999997,676.0200000000006,901.9473999999998,71.02573770491803,96.85743169398908,2983.1899999999973,10.067322404371573,117.80999999999915,0.2661010528997484,0.30234326341936,11.179660080896483
Rice,IND_ANDHRAPRADESH_ADILABAD,Andhra Pradesh,ADILABAD,2002,Rabi,2.177925,11188.0,5137.0,0.00720713,78.785443,19.287834,historical_state_crosswalk,181,34.72922651933702,18.282265193370176,26.028121546961323,12.328656906077347,1.8202762430939232,37.10999999999999,126.52999999999996,1015.0606000000004,39.02917127071821,97.39773480662983,2901.0900000000006,16.446961325966843,-89.41999999999996,0.012791743792850268,0.3498893864030417,8.544419177669829
Rice,IND_ANDHRAPRADESH_ANANTAPUR,Andhra Pradesh,ANANTAPUR,2002,Kharif,2.282013,66329.0,29066.0,0.01377992,77.464996,14.311236,exact_normalised,183,32.951967213114756,21.87803278688524,26.77622950819672,23.408900000000013,4.019016393442622,338.83999999999986,319.11999999999983,994.6957000000002,66.74879781420763,95.76224043715845,3070.0499999999997,11.073934426229517,19.720000000000027,0.11036953795540785,0.3239998371362031,10.277358789053114
Rice,IND_ANDHRAPRADESH_ANANTAPUR,Andhra Pradesh,ANANTAPUR,2002,Rabi,1.866971,20462.0,10960.0,0.01537672,77.464996,14.311236,exact_normalised,181,33.378618784530396,19.210607734806626,25.82734806629834,17.524372928176803,2.699558011049724,32.260000000000005,210.62000000000006,1074.6673999999996,56.08607734806629,96.10801104972376,2864.750000000001,14.16801104972377,-178.36000000000007,0.011261017540797625,0.37513479361200774,9.302098797215724
Rice,IND_ANDHRAPRADESH_CHITTOOR,Andhra Pradesh,CHITTOOR,2002,Kharif,2.483985,50020.0,20137.0,0.00954676,78.939397,13.333205,exact_normalised,183,30.82060109289618,20.79459016393443,25.181639344262283,22.762056284153015,3.309562841530055,476.8099999999998,425.01999999999987,969.4529000000005,71.33508196721313,93.87928961748634,2778.2399999999984,10.02601092896175,51.78999999999991,0.17162304192582356,0.3489449795554023,9.910363856475561
Rice,IND_ANDHRAPRADESH_CHITTOOR,Andhra Pradesh,CHITTOOR,2002,Rabi,2.558001,76827.0,30034.0,0.04213725,78.939397,13.333205,exact_normalised,181,30.913922651933717,17.94917127071824,23.635966850828726,19.36983756906077,2.52817679558011,125.39000000000003,319.42,1032.6406,68.09215469613257,94.2495580110497,2468.1099999999988,12.964751381215478,-194.02999999999997,0.05080405654529178,0.41839326448172914,10.310118647284261
Rice,IND_ANDHRAPRADESH_EASTGODAVARI,Andhra Pradesh,EAST GODAVARI,2002,Kharif,2.829002,551115.0,194809.0,0.09235714,82.14393,17.060053,exact_normalised,183,32.23803278688524,24.39005464480874,27.80497267759562,28.31145956284155,2.416939890710382,685.4100000000001,520.8900000000001,837.8983999999992,75.86961748633881,99.87295081967221,3258.3099999999995,7.847978142076503,164.51999999999998,0.2103575166267176,0.2571573607176725,12.17978000357525
Rice,IND_ANDHRAPRADESH_EASTGODAVARI,Andhra Pradesh,EAST GODAVARI,2002,Rabi,4.622004,491906.0,106427.0,0.14931548,82.14393,17.060053,exact_normalised,181,33.68011049723757,21.124198895027614,26.536243093922653,23.160887845303876,2.1575138121546957,153.05999999999997,277.9299999999999,970.7959,66.76392265193365,100.49370165745859,2993.0600000000004,12.555911602209957,-124.86999999999992,0.05113829993384695,0.3243489605955109,11.575223979164452
Rice,IND_ANDHRAPRADESH_GUNTUR,Andhra Pradesh,GUNTUR,2002,Kharif,3.186999,646811.0,202953.0,0.09621813,80.143541,16.120193,exact_normalised,183,33.18153005464483,24.591420765027316,28.47967213114753,27.02008196721312,2.8753005464480883,635.9199999999996,469.89999999999986,895.7350999999998,70.21540983606556,99.78273224043714,3381.7800000000007,8.590109289617516,166.01999999999975,0.1880429832809939,0.26487089639184086,12.22073463136082
Rice,IND_ANDHRAPRADESH_GUNTUR,Andhra Pradesh,GUNTUR,2002,Rabi,2.719072,7385.0,2716.0,0.00381051,80.143541,16.120193,exact_normalised,181,33.58204419889501,21.044806629834248,26.48314917127072,23.5106226519337,2.6128176795580114,148.96000000000004,291.84999999999997,983.9653000000001,68.4120994475138,100.33453038674033,2983.4499999999994,12.537237569060764,-142.88999999999993,0.049928773735105354,0.32980787343511714,7.907283609426348
Rice,IND_ANDHRAPRADESH_KARIMNAGAR,Andhra Pradesh,KARIMNAGAR,2002,Kharif,2.586998,345015.0,133365.0,0.06322711,79.416208,18.512553,historical_state_crosswalk,183,32.61393442622953,22.55770491803277,27.061748633879787,24.995581967213113,2.5093989071038254,718.2999999999995,611.5199999999999,930.0823,69.38065573770493,97.77486338797814,3122.2999999999997,10.056229508196758,106.77999999999963,0.23005476731896343,0.2978837075233002,11.80085250741441
Rice,IND_ANDHRAPRADESH_KARIMNAGAR,Andhra Pradesh,KARIMNAGAR,2002,Rabi,3.150994,152965.0,48545.0,0.06810791,79.416208,18.512553,historical_state_crosswalk,181,35.46607734806631,19.5332044198895,27.0253591160221,15.05641602209944,1.8586740331491705,50.10999999999999,106.19000000000001,1017.9646999999995,43.47088397790053,98.3129281767956,3081.589999999999,15.932872928176806,-56.08000000000002,0.01626108599781282,0.3303374881149017,10.790267081035894
Rice,IND_ANDHRAPRADESH_KHAMMAM,Andhra Pradesh,KHAMMAM,2002,Kharif,1.708997,169054.0,98920.0,0.04689705,80.659158,17.648369,historical_state_crosswalk,183,32.08398907103825,23.027704918032775,27.108961748633877,26.809006010928947,2.1797267759562846,697.7799999999997,600.1899999999995,906.9457000000001,74.46989071038249,98.79792349726772,3130.9400000000014,9.056284153005478,97.59000000000026,0.22286597635214966,0.28967201543306476,11.50207683076339
Rice,IND_ANDHRAPRADESH_KHAMMAM,Andhra Pradesh,KHAMMAM,2002,Rabi,2.419984,12037.0,4974.0,0.00697845,80.659158,17.648369,historical_state_crosswalk,181,34.653204419889526,19.597237569060773,26.471104972375684,20.24440994475138,1.9686740331491712,105.63,227.2300000000001,1012.1459000000002,59.412430939226525,99.36668508287298,2981.27,15.055966850828753,-121.60000000000011,0.035431208847236245,0.3395015882493032,8.512180649592693
Rice,IND_ANDHRAPRADESH_KRISHNA,Andhra Pradesh,KRISHNA,2002,Kharif,3.121,761243.0,243910.0,0.11563546,80.888919,16.541648,exact_normalised,183,32.93557377049178,24.452295081967225,28.237322404371575,27.65652732240437,2.48808743169399,693.0099999999996,519.8099999999997,895.7350999999998,72.74229508196727,100.10579234972678,3337.4300000000007,8.483278688524553,173.19999999999993,0.2076478008527518,0.26839067785691373,12.40455868363802
Rice,IND_ANDHRAPRADESH_KRISHNA,Andhra Pradesh,KRISHNA,2002,Rabi,2.603204,5688.0,2185.0,0.00306552,80.888919,16.541648,exact_normalised,181,34.491602209944745,20.934033149171277,26.83563535911602,23.3146546961326,2.304198895027625,117.33000000000003,260.3500000000002,983.9653000000001,66.39287292817679,100.67900552486192,3047.2499999999986,13.557569060773467,-143.02000000000015,0.038503568791533375,0.3229027155632129,7.689828668736484
Rice,IND_ANDHRAPRADESH_KURNOOL,Andhra Pradesh,KURNOOL,2002,Kharif,2.096,100499.0,47948.0,0.0227317,77.878833,15.431734,exact_normalised,183,32.70060109289618,22.187322404371578,26.89185792349727,24.622628415300536,3.19885245901639,502.21000000000015,487.87000000000006,979.1479,69.67819672131145,96.82885245901642,3091.21,10.5132786885246,14.340000000000089,0.16246388954487082,0.3167523073489022,10.777893225036763
Rice,IND_ANDHRAPRADESH_KURNOOL,Andhra Pradesh,KURNOOL,2002,Rabi,2.26499,24856.0,10974.0,0.01539636,77.878833,15.431734,exact_normalised,181,34.21325966850829,19.217182320441992,26.18685082872929,18.822564640883975,2.38243093922652,37.019999999999996,205.00000000000017,1059.5820999999996,58.103314917127065,97.23740331491709,2929.8199999999993,14.9960773480663,-167.9800000000002,0.012635588534449217,0.3616543337133339,9.303375237943373
Rice,IND_ANDHRAPRADESH_MAHBUBNAGAR,Andhra Pradesh,MAHBUBNAGAR,2002,Kharif,2.025003,155340.0,76711.0,0.03636797,78.000858,16.644927,historical_state_crosswalk,183,31.9377049180328,21.486939890710385,26.131092896174863,24.110989071038276,3.063497267759564,557.3999999999999,544.06,969.3775999999999,71.0477049180328,95.82453551912562,2951.99,10.450765027322415,13.339999999999918,0.18882177785155096,0.32838105820141666,11.247813428833517
Rice,IND_ANDHRAPRADESH_MAHBUBNAGAR,Andhra Pradesh,MAHBUBNAGAR,2002,Rabi,2.001992,67339.0,33636.0,0.0471908,78.000858,16.644927,historical_state_crosswalk,181,33.9111602209945,18.759502762430945,25.83182320441988,16.84605303867402,2.2165745856353585,26.73,169.42000000000027,1033.9562999999998,52.83292817679556,96.24696132596688,2865.5599999999995,15.151657458563559,-142.69000000000028,0.009328019654099027,0.3608217242005053,10.423381930561995
Rice,IND_ANDHRAPRADESH_MEDAK,Andhra Pradesh,MEDAK,2002,Kharif,2.112001,125852.0,59589.0,0.02825059,78.103674,17.887066,historical_state_crosswalk,183,31.488797814207643,21.05387978142077,25.70131147540984,23.01412459016394,2.9526229508196717,650.2099999999998,599.5199999999999,959.0920999999998,69.17306010928962,95.0183606557377,2873.3399999999992,10.434918032786875,50.68999999999994,0.2262906582583335,0.3337899796056158,10.995243053741024
Rice,IND_ANDHRAPRADESH_MEDAK,Andhra Pradesh,MEDAK,2002,Rabi,1.757977,31183.0,17738.0,0.02488615,78.103674,17.887066,historical_state_crosswalk,181,33.83127071823205,18.519392265193368,25.694751381215475,13.749824309392263,2.046408839779006,33.63000000000001,149.75000000000009,1031.7780000000002,43.64966850828727,95.46801104972376,2840.7500000000014,15.31187845303868,-116.12000000000008,0.011838422951685293,0.36320619554695055,9.78352088448894
Rice,IND_ANDHRAPRADESH_NALGONDA,Andhra Pradesh,NALGONDA,2002,Kharif,2.244001,210954.0,94008.0,0.04456832,79.1666,17.113957,historical_state_crosswalk,183,33.30934426229507,23.186065573770502,27.699999999999992,25.47842677595629,2.7174316939890724,564.27,522.4299999999997,949.1552,68.51431693989072,98.19306010928959,3239.100000000001,10.123278688524568,41.84000000000026,0.17420579790682592,0.29303053317279487,11.451145801349762
Rice,IND_ANDHRAPRADESH_NALGONDA,Andhra Pradesh,NALGONDA,2002,Rabi,2.301009,86656.0,37660.0,0.05283641,79.1666,17.113957,historical_state_crosswalk,181,34.81475138121547,19.949447513812153,26.77303867403316,19.23681657458564,2.1286740331491716,49.76000000000001,166.79000000000013,1021.1709000000001,55.820939226519315,98.71585635359122,3035.9200000000005,14.86530386740332,-117.03000000000011,0.016390418719860866,0.33636291470130963,10.536380355230888
Rice,IND_ANDHRAPRADESH_NIZAMABAD,Andhra Pradesh,NIZAMABAD,2002,Kharif,1.558995,140096.0,89863.0,0.04260321,78.037692,18.417719,historical_state_crosswalk,183,31.850710382513654,21.43371584699455,26.084535519125684,23.502473770491807,2.8097814207650265,699.4499999999998,617.6700000000002,935.5107000000007,69.070218579235,95.87759562841529,2943.4699999999993,10.416994535519105,81.77999999999963,0.23762769792116106,0.31782579744315415,11.406052695321405
Rice,IND_ANDHRAPRADESH_NIZAMABAD,Andhra Pradesh,NIZAMABAD,2002,Rabi,2.296015,40566.0,17668.0,0.02478794,78.037692,18.417719,historical_state_crosswalk,181,34.59243093922652,18.653812154696137,26.17364640883977,12.897749171270723,1.9320441988950265,36.39000000000001,118.44999999999996,1023.6855000000007,39.75845303867402,96.34911602209948,2927.430000000001,15.93861878453038,-82.05999999999995,0.012430698599112529,0.34968743915311395,9.77956697061665
Rice,IND_ANDHRAPRADESH_PRAKASAM,Andhra Pradesh,PRAKASAM,2002,Kharif,2.437007,46927.0,19256.0,0.00912909,79.729919,15.616436,exact_normalised,183,32.71912568306013,25.810765027322407,29.01967213114756,27.7012131147541,3.598852459016394,664.0300000000002,415.44,930.9576999999995,69.61393442622953,100.17568306010926,3480.599999999999,6.90836065573772,248.5900000000002,0.19078032523128208,0.26747046486237996,9.865629909979887
Rice,IND_ANDHRAPRADESH_PRAKASAM,Andhra Pradesh,PRAKASAM,2002,Rabi,2.256993,104325.0,46223.0,0.06485018,79.729919,15.616436,exact_normalised,181,31.297071823204433,22.80961325966851,26.478342541436458,24.837299999999995,3.2806077348066283,240.59999999999994,373.05999999999983,982.9557999999998,71.87922651933702,100.72585635359121,2982.5800000000013,8.487458563535924,-132.4599999999999,0.08066841459407621,0.3295656109810967,10.741254422706016
Rice,IND_ANDHRAPRADESH_SRIKAKULAM,Andhra Pradesh,SRIKAKULAM,2002,Kharif,1.747003,267550.0,153148.0,0.07260604,84.07575,18.697258,exact_normalised,183,29.680655737704924,26.10666666666667,27.739289617486335,30.14485956284155,3.9091256830601098,804.4499999999995,545.6599999999999,830.7024999999999,80.35721311475409,99.88770491803281,3246.2899999999995,3.5739890710382554,258.7899999999996,0.24780595695393806,0.255892880796232,11.939166582693407
Rice,IND_ANDHRAPRADESH_SRIKAKULAM,Andhra Pradesh,SRIKAKULAM,2002,Rabi,2.53481,1602.0,632.0,0.00088669,84.07575,18.697258,exact_normalised,181,28.639999999999976,23.104033149171254,25.57359116022099,23.981201657458563,3.4282872928176777,244.64999999999986,391.91000000000014,938.1035999999999,72.16248618784536,100.6117679558011,2818.8199999999993,5.535966850828721,-147.26000000000028,0.08679163621657286,0.3328001078465458,6.450470422144176
Rice,IND_ANDHRAPRADESH_VIZIANAGARAM,Andhra Pradesh,VIZIANAGARAM,2002,Kharif,1.228001,115426.0,93995.0,0.04456216,83.359673,18.506317,exact_normalised,183,29.150601092896192,20.981147540983624,24.591803278688545,24.165368852459014,2.2069945355191263,725.9699999999992,581.77,857.0595999999998,77.44999999999996,94.42546448087433,2670.3,8.169453551912568,144.19999999999925,0.27186832940119054,0.32096004194285277,11.45100750715524
Rice,IND_ANDHRAPRADESH_VIZIANAGARAM,Andhra Pradesh,VIZIANAGARAM,2002,Rabi,2.622896,1558.0,594.0,0.00083337,83.359673,18.506317,exact_normalised,181,30.21519337016575,17.390828729281775,23.052430939226515,17.765579558011055,1.5917127071823203,254.07999999999996,402.92,943.0434,64.2795580110497,95.03243093922646,2362.4900000000002,12.824364640883974,-148.84000000000006,0.10754754517479437,0.39917349914708633,6.38856140554563
Rice,IND_ANDHRAPRADESH_WARANGAL,Andhra Pradesh,WARANGAL,2002,Kharif,2.076004,228074.0,109862.0,0.05208455,79.850573,17.980621,historical_state_crosswalk,183,32.20060109289617,22.66234972677595,26.957868852459036,25.76713005464479,2.2946994535519125,726.6899999999999,630.1700000000003,949.1552,72.05431693989067,98.10147540983608,3103.29,9.538251366120221,96.51999999999964,0.2341676092147366,0.305854496357092,11.60698941400602
Rice,IND_ANDHRAPRADESH_WARANGAL,Andhra Pradesh,WARANGAL,2002,Rabi,2.553016,64673.0,25332.0,0.03554042,79.850573,17.980621,historical_state_crosswalk,181,35.09552486187843,19.42524861878453,26.72651933701658,17.607707182320443,1.9415469613259675,67.32000000000001,153.42999999999978,1021.1709000000001,51.23265193370165,98.6493370165746,3027.5000000000005,15.670276243093902,-86.10999999999977,0.022236168455821635,0.3372983980181668,10.139863172619055
Rice,IND_ANDHRAPRADESH_WESTGODAVARI,Andhra Pradesh,WEST GODAVARI,2002,Kharif,3.072001,659110.0,214554.0,0.10171806,81.315692,16.847574,exact_normalised,183,32.09841530054645,23.753715846994528,27.43896174863388,27.675118579234972,2.262459016393443,692.7600000000002,540.5500000000001,867.6347999999998,75.76595628415302,99.39453551912575,3191.3300000000004,8.344699453551922,152.21000000000015,0.21707563931025628,0.2718724794991429,12.276321394739128
Rice,IND_ANDHRAPRADESH_WESTGODAVARI,Andhra Pradesh,WEST GODAVARI,2002,Rabi,4.326998,506579.0,117074.0,0.16425306,81.315692,16.847574,exact_normalised,181,34.26596685082872,20.305524861878443,26.38491712707183,22.563471823204424,2.032154696132596,140.41,266.4299999999998,978.9484999999999,65.84845303867404,99.9845856353591,2965.6700000000005,13.960441988950276,-126.01999999999978,0.04734511931536549,0.3300935370422197,11.670570034051742
Rice,IND_KARNATAKA_BANGALORERURAL,Karnataka,BANGALORE RURAL,2002,Kharif,2.263719,12953.0,5722.0,0.00555284,77.614728,13.177348,exact_normalised,183,29.196939890710397,19.085245901639347,23.36967213114754,21.73892295081966,3.373387978142076,489.7299999999998,480.3699999999998,978.3011999999998,75.59103825136616,91.5962841530055,2446.6499999999996,10.11169398907105,9.360000000000014,0.20016348885210383,0.39985335049966275,8.652248422409102
Rice,IND_KARNATAKA_BANGALORERURAL,Karnataka,BANGALORE RURAL,2002,Rabi,2.09375,67.0,32.0,0.00063422,77.614728,13.177348,exact_normalised,181,30.90834254143648,16.93497237569061,23.315524861878455,17.04760165745857,2.609834254143647,76.74000000000001,281.59999999999974,1067.3932999999997,61.76867403314915,91.85093922651934,2410.1099999999997,13.97337016574587,-204.85999999999973,0.03184087033371922,0.44288156972088405,3.4965075614664802
Rice,IND_KARNATAKA_BANGALORERURAL,Karnataka,BANGALORE RURAL,2002,Summer,2.765661,1192.0,431.0,0.00583513,77.614728,13.177348,exact_normalised,122,33.87713114754099,20.59377049180328,26.918278688524587,19.33406311475409,3.153032786885246,280.65999999999997,151.57999999999996,813.4538999999997,56.03139344262293,91.54803278688524,2064.03,13.283360655737713,129.08,0.13597670576493556,0.3941095332916671,6.068425588244111
Rice,IND_KARNATAKA_BIDAR,Karnataka,BIDAR,2002,Kharif,0.562531,5672.0,10083.0,0.00978491,77.219591,17.954256,exact_normalised,183,31.632404371584688,20.602295081967217,25.48743169398908,22.692039344262298,3.0280874316939883,674.0099999999998,618.16,928.6485,69.00366120218577,94.60092896174866,2834.2000000000003,11.03010928961747,55.849999999999795,0.23781313951026734,0.32765806929645047,9.218705288307811
Rice,IND_KARNATAKA_BIDAR,Karnataka,BIDAR,2002,Rabi,1.6,40.0,25.0,0.00049548,77.219591,17.954256,exact_normalised,181,33.82651933701657,17.90767955801106,25.388121546961326,13.023687845303872,1.9678453038674038,27.789999999999996,173.3000000000001,1037.1825000000006,42.75381215469614,95.03049723756907,2785.2500000000014,15.91883977900551,-145.5100000000001,0.009977560362624533,0.3723839870747689,3.258096538021482
Rice,IND_KARNATAKA_CHITRADURGA,Karnataka,CHITRADURGA,2002,Kharif,2.051402,10097.0,4922.0,0.00477649,76.575818,14.279313,exact_normalised,183,31.974699453551917,21.065901639344258,25.72770491803278,23.027371584699452,4.249398907103823,338.8099999999999,314.3099999999998,976.1259999999996,69.6744808743169,94.54721311475411,2878.1699999999987,10.90879781420766,24.500000000000114,0.11771716055688164,0.33914813926904946,8.5016733797582
Rice,IND_KARNATAKA_CHITRADURGA,Karnataka,CHITRADURGA,2002,Rabi,2.181887,2867.0,1314.0,0.02604249,76.575818,14.279313,exact_normalised,181,33.30767955801106,18.742762430939216,25.528895027624316,16.36473756906078,2.6694475138121554,32.07,142.75000000000006,1087.0530999999999,52.71734806629836,94.85204419889507,2810.73,14.564917127071844,-110.68000000000006,0.011409847263878068,0.38675116428828094,7.181591944611865
Rice,IND_KARNATAKA_CHITRADURGA,Karnataka,CHITRADURGA,2002,Summer,2.309461,3515.0,1522.0,0.02060572,76.575818,14.279313,exact_normalised,122,36.52959016393442,23.069016393442624,29.48606557377049,19.00676803278688,3.652868852459018,109.47999999999998,99.61999999999996,801.0113000000001,47.55647540983609,94.4599180327869,2377.3000000000006,13.460573770491798,9.860000000000014,0.046052244142514596,0.33694161443654563,7.328437352895162
Rice,IND_KARNATAKA_DAKSHINAKANNADA,Karnataka,DAKSHINA KANNADA,2002,Kharif,2.252987,74851.0,33223.0,0.03224082,75.204445,12.828777,exact_normalised,183,27.982950819672137,24.039562841530053,25.74644808743169,28.630657377049204,2.0950273224043725,2433.1799999999994,847.7599999999996,836.0194000000001,86.50540983606554,99.08469945355188,2881.6000000000004,3.943387978142084,1585.4199999999996,0.8443850638534145,0.29012333425874515,10.411027785310589
Rice,IND_KARNATAKA_DAKSHINAKANNADA,Karnataka,DAKSHINA KANNADA,2002,Rabi,1.970171,47225.0,23970.0,0.47506739,75.204445,12.828777,exact_normalised,181,31.9796132596685,23.57635359116022,27.29397790055247,24.13721546961327,1.6914917127071825,126.20000000000009,389.93000000000023,1033.6662999999999,66.4878453038674,99.2369060773481,3130.210000000001,8.40325966850828,-263.73000000000013,0.04031678385795204,0.33022266876663214,10.08460004537341
Rice,IND_KARNATAKA_DAKSHINAKANNADA,Karnataka,DAKSHINA KANNADA,2002,Summer,2.053859,4843.0,2358.0,0.03192397,75.204445,12.828777,exact_normalised,122,32.07983606557378,25.681475409836054,28.334508196721316,28.289967213114746,2.2161475409836062,965.3999999999996,228.42,680.2150999999998,74.04950819672129,98.99098360655745,2236.810000000001,6.398360655737726,736.9799999999997,0.431596782918531,0.304100527089918,7.765993079407675
Rice,IND_KARNATAKA_DHARWAD,Karnataka,DHARWAD,2002,Kharif,0.197625,7557.0,38239.0,0.03710853,75.127326,15.336898,exact_normalised,183,29.91622950819671,20.4334426229508,24.370983606557377,23.517200546448084,3.351366120218581,628.0999999999998,552.8900000000003,913.5476999999996,77.09825136612015,93.86213114754095,2629.89,9.482786885245911,75.20999999999947,0.23883128191673408,0.34737106875192486,10.551637367165338
Rice,IND_KARNATAKA_DHARWAD,Karnataka,DHARWAD,2002,Summer,2.494297,656.0,263.0,0.00356065,75.127326,15.336898,exact_normalised,122,35.66188524590164,22.20696721311476,28.31672131147539,21.131877049180325,2.8104098360655754,250.38,122.23000000000002,767.2261000000002,56.4038524590164,93.78590163934427,2234.6399999999985,13.454918032786878,128.14999999999998,0.11204489313714969,0.3433331990835216,5.575949103146316
Rice,IND_KARNATAKA_GADAG,Karnataka,GADAG,2002,Kharif,2.215734,2732.0,1233.0,0.00119655,75.653119,15.508228,exact_normalised,183,31.678852459016387,20.795136612021853,25.36650273224043,22.92840163934426,3.978196721311474,369.89000000000016,352.23,913.5476999999996,70.74475409836064,94.05256830601097,2812.069999999999,10.883715846994534,17.66000000000014,0.1315365549221749,0.3248666284978681,7.1180162044653335
Rice,IND_KARNATAKA_GADAG,Karnataka,GADAG,2002,Summer,1.85,333.0,180.0,0.00243694,75.653119,15.508228,exact_normalised,122,36.456065573770495,22.758688524590152,29.22950819672131,19.60593606557376,3.2332786885245897,117.38,95.10000000000001,767.2261000000002,49.698688524590175,93.96860655737706,2345.9999999999995,13.697377049180343,22.279999999999987,0.05003410059676045,0.32703584825234455,5.198497031265826
Rice,IND_KARNATAKA_HASSAN,Karnataka,HASSAN,2002,Kharif,1.663698,76209.0,45807.0,0.04445279,76.105719,12.951423,exact_normalised,183,26.96743169398907,18.769617486338806,22.224480874316935,22.25714699453553,2.7416393442622953,989.7600000000001,680.2100000000002,934.7946,82.91180327868851,91.29032786885246,2237.0800000000013,8.197814207650264,309.54999999999995,0.4424338870313085,0.4178637330806227,10.732214027337896
Rice,IND_KARNATAKA_HASSAN,Karnataka,HASSAN,2002,Rabi,1.702186,3115.0,1830.0,0.03626922,76.105719,12.951423,exact_normalised,181,30.943038674033144,16.966795580110492,23.35314917127072,16.806648618784532,1.7490607734806627,69.98000000000003,327.29999999999984,1061.2841,60.135193370165794,91.48983425414369,2416.9200000000005,13.976243093922651,-257.3199999999998,0.02895420617976599,0.4391060109560928,7.5126175446745105
Rice,IND_KARNATAKA_HASSAN,Karnataka,HASSAN,2002,Summer,2.510898,2880.0,1147.0,0.01552875,76.105719,12.951423,exact_normalised,122,32.769016393442634,20.531557377049182,26.159672131147545,19.641224590163926,2.354754098360656,405.63999999999993,177.32999999999998,769.7193000000001,59.625573770491826,91.22680327868852,1971.4800000000005,12.237459016393451,228.30999999999995,0.2057540527928256,0.3904271410311035,7.045776576879511
Rice,IND_KARNATAKA_HAVERI,Karnataka,HAVERI,2002,Kharif,0.433306,23928.0,55222.0,0.05358945,75.395405,14.743146,exact_normalised,183,29.19928961748633,20.430327868852462,24.05207650273225,24.13031748633879,3.4741530054644834,1029.3899999999996,638.6099999999999,914.0426000000002,80.54316939890705,94.21590163934434,2571.5299999999997,8.768961748633867,390.77999999999975,0.4003025436218904,0.35544699070203356,10.919134812150403
Rice,IND_KARNATAKA_HAVERI,Karnataka,HAVERI,2002,Rabi,2.09434,111.0,53.0,0.00105042,75.395405,14.743146,exact_normalised,181,33.6496132596685,18.335303867403315,25.357900552486186,17.27198674033149,2.491933701657459,48.49000000000001,226.5399999999998,1087.0638000000006,54.246961325966886,94.45116022099448,2779.780000000001,15.314309392265184,-178.04999999999978,0.0174438264898661,0.391061091165488,3.9889840465642745
Rice,IND_KARNATAKA_HAVERI,Karnataka,HAVERI,2002,Summer,1.70448,3576.0,2098.0,0.02840394,75.395405,14.743146,exact_normalised,122,35.210573770491806,22.27991803278688,28.182868852459002,21.573506557377048,3.0887704918032792,371.29,143.22999999999996,767.1805,58.12409836065572,94.12713114754101,2218.31,12.930655737704924,228.06000000000006,0.16737516397618007,0.34584007645459836,7.649216319820633
Rice,IND_KARNATAKA_KODAGU,Karnataka,KODAGU,2002,Kharif,1.97824,69729.0,35248.0,0.03420595,75.777469,12.406712,exact_normalised,183,26.204480874316946,20.408087431693982,22.82262295081967,25.057945901639343,0.7510928961748633,2072.5400000000004,888.8999999999996,836.0194000000001,90.0677049180328,94.3039344262295,2346.54,5.796393442622964,1183.6400000000008,0.8832323335634595,0.35627749793312713,10.470192439043686
Rice,IND_KARNATAKA_KODAGU,Karnataka,KODAGU,2002,Rabi,2.111111,19.0,9.0,0.00017837,75.777469,12.406712,exact_normalised,181,31.232154696132593,19.103038674033144,24.423314917127072,20.562580110497233,0.5252486187845302,137.94000000000003,426.3800000000001,1033.6662999999999,67.66392265193372,94.4450276243094,2610.620000000001,12.12911602209945,-288.44000000000005,0.052838023151588503,0.3959466716718632,2.302585092994046
Rice,IND_KARNATAKA_KODAGU,Karnataka,KODAGU,2002,Summer,2.511111,226.0,90.0,0.00121847,75.777469,12.406712,exact_normalised,122,31.95196721311476,21.905573770491806,26.11008196721312,24.09545901639344,0.680573770491803,877.9599999999999,239.26,680.2150999999998,72.52573770491801,94.22467213114756,1965.4299999999996,10.046393442622954,638.6999999999999,0.44670123077392737,0.3460897106485603,4.51085950651685
Rice,IND_KARNATAKA_KOLAR,Karnataka,KOLAR,2002,Kharif,1.992007,11215.0,5630.0,0.00546356,78.192771,13.111229,exact_normalised,183,29.551530054644804,19.453606557377057,23.804316939890718,21.93840710382513,3.5096721311475423,501.9999999999999,461.2100000000001,969.4529000000005,74.41650273224043,92.07366120218578,2526.19,10.097923497267747,40.78999999999979,0.19871822784509474,0.3837608810105338,8.636042325254618
Rice,IND_KARNATAKA_KOLAR,Karnataka,KOLAR,2002,Summer,1.577273,347.0,220.0,0.00297849,78.192771,13.111229,exact_normalised,122,34.25918032786885,20.693934426229504,27.036803278688513,20.089704098360652,3.206803278688523,206.84999999999988,142.95000000000002,813.9275000000002,56.959672131147535,92.04729508196723,2078.4900000000007,13.565245901639344,63.899999999999864,0.09951936261420541,0.3915955814076565,5.3981627015177525
Rice,IND_KARNATAKA_KOPPAL,Karnataka,KOPPAL,2002,Kharif,4.047511,154793.0,38244.0,0.03711338,76.159107,15.65316,exact_normalised,183,32.339508196721326,21.250491803278692,26.020218579234967,23.02567704918032,3.966120218579234,345.8,334.62,950.6257,68.38546448087428,94.69590163934431,2931.6999999999985,11.089016393442634,11.180000000000007,0.11795204147764103,0.32425749565098766,10.551768111755967
Rice,IND_KARNATAKA_KOPPAL,Karnataka,KOPPAL,2002,Rabi,1.625,13.0,8.0,0.00015855,76.159107,15.65316,exact_normalised,181,33.966353591160214,18.709281767955808,25.900994475138138,15.527338121546943,2.3713259668508275,26.05999999999999,114.34000000000003,1069.6874999999995,48.60044198895029,95.01950276243095,2878.0800000000013,15.257071823204406,-88.28000000000004,0.009054647542806308,0.3716670488659103,2.1972245773362196
Rice,IND_KARNATAKA_KOPPAL,Karnataka,KOPPAL,2002,Summer,3.27049,13687.0,4185.0,0.05665895,76.159107,15.65316,exact_normalised,122,36.98368852459014,23.228196721311477,29.82770491803279,18.96117868852459,3.2105737704918034,108.09999999999998,101.43000000000002,788.2486999999999,46.433524590163934,94.60778688524587,2418.9800000000005,13.755491803278666,6.669999999999959,0.044688257033956444,0.3258599492348013,8.339500903005945
Rice,IND_KARNATAKA_MANDYA,Karnataka,MANDYA,2002,Kharif,2.895687,110983.0,38327.0,0.03719392,76.815323,12.58214,exact_normalised,183,29.51715846994535,19.63349726775956,23.8072131147541,22.886600000000012,3.0853005464480856,550.4000000000001,529.4099999999999,934.7946,77.55797814207658,92.96071038251365,2526.720000000001,9.883661202185792,20.990000000000236,0.21783181357649437,0.3699636683130697,10.553935978562958
Rice,IND_KARNATAKA_MANDYA,Karnataka,MANDYA,2002,Rabi,2.088,4176.0,2000.0,0.0396385,76.815323,12.58214,exact_normalised,181,32.69806629834255,18.27828729281768,24.88541436464088,17.2094635359116,2.211381215469613,75.53999999999998,198.27000000000012,1061.2841,56.61033149171272,93.18386740331489,2694.26,14.419779005524873,-122.73000000000015,0.028037383177570083,0.3939055993111281,7.601402334583733
Rice,IND_KARNATAKA_MANDYA,Karnataka,MANDYA,2002,Summer,2.574544,7201.0,2797.0,0.0378674,76.815323,12.58214,exact_normalised,122,34.36581967213115,21.634508196721306,27.604016393442624,19.86491065573771,2.696311475409837,288.45999999999987,168.83999999999995,769.7193000000001,55.74262295081969,92.89254098360657,2147.689999999999,12.731311475409846,119.61999999999992,0.13431174890230899,0.35839404197067565,7.936660155225426
Rice,IND_KARNATAKA_RAICHUR,Karnataka,RAICHUR,2002,Kharif,3.318153,271989.0,81970.0,0.07954669,76.856624,16.041451,exact_normalised,183,33.12437158469945,21.82497267759564,26.850546448087425,23.661622404371574,3.5510928961748642,422.94000000000017,423.43999999999994,944.1204000000004,67.02349726775962,95.97306010928963,3083.649999999999,11.299398907103814,-0.4999999999997726,0.13715564347445405,0.30616976634832116,11.314120805157875
Rice,IND_KARNATAKA_RAICHUR,Karnataka,RAICHUR,2002,Summer,2.247733,13383.0,5954.0,0.08060869,76.856624,16.041451,exact_normalised,122,38.105655737704915,24.100737704918025,30.949344262295096,18.985245081967218,3.0666393442622977,156.23999999999992,140.20999999999998,783.9621999999995,43.6655737704918,95.87442622950815,2555.82,14.00491803278689,16.029999999999944,0.06113106556799771,0.30673607687552307,8.691986481789401
Rice,IND_KARNATAKA_UDUPI,Karnataka,UDUPI,2002,Kharif,2.106509,107809.0,51179.0,0.04966598,74.873401,13.413125,exact_normalised,183,27.37918032786887,22.71693989071037,24.685519125683065,26.897905464480885,1.8546994535519117,2284.449999999999,843.8200000000002,894.1403000000005,86.53918032786885,96.85158469945355,2687.4500000000003,4.6622404371584985,1440.6299999999987,0.8500437217436598,0.33270955738711433,10.84310410971378
Rice,IND_KARNATAKA_UDUPI,Karnataka,UDUPI,2002,Rabi,2.023478,23960.0,11841.0,0.23467972,74.873401,13.413125,exact_normalised,181,31.0457458563536,21.4049171270718,25.670220994475134,22.39526740331492,1.4147513812154695,96.42000000000003,507.59,1078.8923000000002,67.78535911602211,97.01165745856356,2836.309999999999,9.6408287292818,-411.16999999999996,0.0339948736210076,0.380385888707511,9.37940781309172
Rice,IND_KARNATAKA_UDUPI,Karnataka,UDUPI,2002,Summer,2.418803,1132.0,468.0,0.00633605,74.873401,13.413125,exact_normalised,122,31.798360655737717,24.153032786885248,27.298688524590172,26.544655737704925,1.8247540983606558,863.3500000000001,259.65,702.1492999999999,73.77254098360653,96.76491803278687,2110.4399999999996,7.645327868852469,603.7000000000002,0.40908530922461683,0.33270280131157487,6.150602768446279
Rice,IND_KARNATAKA_UTTARAKANNADA,Karnataka,UTTARA KANNADA,2002,Kharif,1.170623,96656.0,82568.0,0.08012701,74.525531,14.70572,exact_normalised,183,28.58934426229509,24.662622950819674,26.297431693989047,28.49688907103825,2.608251366120218,1602.4099999999999,860.6899999999993,880.7284,83.31754098360656,99.01092896174868,2982.4299999999994,3.926721311475415,741.7200000000006,0.537283356189416,0.2953056400317862,11.321389586401962
Rice,IND_KARNATAKA_UTTARAKANNADA,Karnataka,UTTARA KANNADA,2002,Rabi,1.694064,3710.0,2190.0,0.04340415,74.525531,14.70572,exact_normalised,181,31.057790055248628,23.256961325966856,26.71701657458564,23.76550055248618,2.042486187845304,50.440000000000005,582.9300000000005,1101.0027,67.44977900552485,99.22834254143643,3025.78,7.800828729281772,-532.4900000000005,0.016670081764041007,0.36387400934635034,7.692113339595466
Rice,IND_KARNATAKA_UTTARAKANNADA,Karnataka,UTTARA KANNADA,2002,Summer,2.329964,3227.0,1385.0,0.01875093,74.525531,14.70572,exact_normalised,122,31.431475409836057,25.870819672131162,28.166885245901636,28.620506557377052,2.3938524590163937,637.6600000000002,272.35999999999996,725.4496000000003,75.16262295081965,98.93196721311472,2216.36,5.560655737704895,365.30000000000024,0.28770596834449286,0.32731577902506825,7.234177179749849
Rice,IND_TAMILNADU_COIMBATORE,Tamil Nadu,COIMBATORE,2002,Kharif,3.368101,22152.0,6577.0,0.00433685,76.942425,10.900215,exact_normalised,183,28.72322404371586,20.805737704918037,24.02765027322404,24.700083606557374,2.5348087431693984,738.4300000000001,559.1100000000002,857.6831000000001,82.61765027322406,94.88224043715842,2567.06,7.917486338797822,179.31999999999982,0.2876559176645657,0.3341110453203276,8.791486026749002
Rice,IND_TAMILNADU_CUDDALORE,Tamil Nadu,CUDDALORE,2002,Kharif,2.752775,281708.0,102336.0,0.06748005,79.398376,11.549058,exact_normalised,183,34.24612021857926,25.116830601092897,29.214918032786876,26.684140437158465,2.9527322404371574,494.23000000000013,371.01000000000016,969.0946000000001,66.86945355191257,100.0896721311476,3516.329999999998,9.12928961748636,123.21999999999997,0.14055279225783712,0.2755983084636541,11.536026567878215
Rice,IND_TAMILNADU_DHARMAPURI,Tamil Nadu,DHARMAPURI,2002,Kharif,2.573494,77596.0,30152.0,0.01988214,78.208849,12.106543,exact_normalised,183,32.04704918032786,21.44377049180327,26.14508196721312,23.690202732240444,2.551584699453551,473.38000000000005,410.0100000000001,962.6609,70.20710382513666,95.42071038251369,2954.5500000000006,10.60327868852459,63.36999999999995,0.16022067658357447,0.32582318796432613,10.314039699692849
Rice,IND_TAMILNADU_DINDIGUL,Tamil Nadu,DINDIGUL,2002,Kharif,3.428897,52709.0,15372.0,0.01013625,77.770431,10.376407,exact_normalised,183,30.71191256830602,21.329945355191263,25.25431693989071,23.79057103825137,3.2971038251366114,504.78000000000003,393.5600000000002,974.976,74.1191803278688,95.11792349726781,2791.5399999999995,9.381967213114756,111.21999999999986,0.18082492101134146,0.3492609813937827,9.640368002912599
Rice,IND_TAMILNADU_ERODE,Tamil Nadu,ERODE,2002,Kharif,4.461746,74471.0,16691.0,0.011006,77.349132,11.479934,exact_normalised,183,32.75420765027321,22.104043715846988,26.71273224043717,23.608175409836072,2.0390163934426218,373.06000000000006,323.65,972.1980000000003,67.68972677595627,96.15360655737703,3058.4300000000007,10.650163934426221,49.41000000000008,0.12197761596636182,0.3178748573614567,9.722684841711443
Rice,IND_TAMILNADU_KANNIYAKUMARI,Tamil Nadu,KANNIYAKUMARI,2002,Kharif,3.77971,98469.0,26052.0,0.01717861,77.370026,8.292621,exact_normalised,183,29.362513661202197,22.790655737704917,25.450546448087437,27.249550819672127,3.353497267759565,1007.3699999999998,583.15,950.0664999999999,83.92535519125683,98.00846994535517,2827.45,6.57185792349728,424.2199999999998,0.3562821623724557,0.33601531415232805,10.16788820369854
Rice,IND_TAMILNADU_KARUR,Tamil Nadu,KARUR,2002,Kharif,2.922022,37510.0,12837.0,0.00846468,78.090802,10.786735,exact_normalised,183,33.93573770491802,23.3216393442623,27.96666666666666,25.095890163934435,3.110382513661201,369.29999999999967,313.32000000000005,1012.0517000000001,67.00043715846996,98.35180327868865,3287.9000000000005,10.614098360655717,55.97999999999962,0.11232093433498574,0.30781097356975573,9.460164801871723
Rice,IND_TAMILNADU_MADURAI,Tamil Nadu,MADURAI,2002,Kharif,2.551719,112171.0,43959.0,0.02898643,78.006559,9.898005,exact_normalised,183,33.48387978142078,23.233387978142083,27.738469945355188,25.428806557377055,2.217322404371586,582.8899999999999,450.3500000000001,1020.9324,69.04546448087433,98.3450819672131,3246.1400000000012,10.250491803278699,132.5399999999998,0.17956403605513,0.31450658320343533,10.691035408517557
Rice,IND_TAMILNADU_NAMAKKAL,Tamil Nadu,NAMAKKAL,2002,Kharif,3.703453,34968.0,9442.0,0.00622603,78.154921,11.347699,exact_normalised,183,33.50928961748633,22.658743169398917,27.480655737704932,24.379117486338792,2.5701092896174877,408.12999999999994,349.13000000000017,983.4434000000006,67.01918032786884,97.22841530054643,3198.9599999999996,10.850546448087414,58.99999999999977,0.12758208917898317,0.3074259759421814,9.15302900526307
Rice,IND_TAMILNADU_PERAMBALUR,Tamil Nadu,PERAMBALUR,2002,Kharif,1.686558,60512.0,35879.0,0.02365851,78.858963,11.25245,exact_normalised,183,33.40901639344262,23.03071038251367,27.63513661202185,24.617263387978145,2.819071038251366,424.99999999999994,354.6000000000001,983.4434000000006,67.33677595628414,97.50278688524594,3227.2300000000014,10.378306010928949,70.39999999999986,0.13169188437142682,0.3047329753379834,10.487935316172733
Rice,IND_TAMILNADU_PUDUKKOTTAI,Tamil Nadu,PUDUKKOTTAI,2002,Kharif,2.071831,158377.0,76443.0,0.05040629,78.872829,10.352982,exact_normalised,183,34.55874316939891,24.42918032786887,28.933989071038237,25.924171584699465,2.962896174863388,398.2200000000001,326.4200000000001,1012.0517000000001,65.83377049180329,99.69081967213116,3464.9199999999987,10.129562841530038,71.80000000000001,0.11492906041120725,0.2920851563672467,11.244313725608873
Rice,IND_TAMILNADU_RAMANATHAPURAM,Tamil Nadu,RAMANATHAPURAM,2002,Kharif,1.266662,159792.0,126152.0,0.08318425,78.817623,9.423787,exact_normalised,183,32.488852459016414,25.31781420765027,28.48573770491803,28.36469234972678,3.8032240437158444,566.46,419.71000000000004,1020.9324,73.4358469945355,100.51825136612018,3382.8900000000012,7.171038251366145,146.75,0.1674485425183792,0.3017929640041502,11.745250734999278
Rice,IND_TAMILNADU_SALEM,Tamil Nadu,SALEM,2002,Kharif,3.580394,39592.0,11058.0,0.00729161,78.256113,11.628258,exact_normalised,183,33.50928961748633,22.658743169398917,27.480655737704932,24.379117486338792,2.5701092896174877,408.12999999999994,349.13000000000017,983.4434000000006,67.01918032786884,97.22841530054643,3198.9599999999996,10.850546448087414,58.99999999999977,0.12758208917898317,0.3074259759421814,9.31099985507536
Rice,IND_TAMILNADU_SIVAGANGA,Tamil Nadu,SIVAGANGA,2002,Kharif,1.747329,139339.0,79744.0,0.05258296,78.568693,9.944223,exact_normalised,183,34.04136612021856,24.69655737704917,28.878306010928974,26.612728961748623,2.8348087431693996,470.84999999999997,370.99000000000024,1020.9324,67.80464480874313,99.93153005464484,3454.73,9.344808743169391,99.85999999999973,0.1362914033802931,0.2955172763139232,11.286589322756855
Rice,IND_TAMILNADU_THANJAVUR,Tamil Nadu,THANJAVUR,2002,Kharif,2.287048,318325.0,139186.0,0.09177884,79.260887,10.579191,exact_normalised,183,33.55453551912571,25.79666666666667,29.243333333333307,27.554217486338814,3.466284153005466,445.19000000000005,341.88,990.0758000000001,68.55950819672131,100.49256830601092,3521.529999999999,7.757868852459037,103.31000000000006,0.12641948244087092,0.28114932997873093,11.843573631716666
Rice,IND_TAMILNADU_THENILGIRIS,Tamil Nadu,THE NILGIRIS,2002,Kharif,3.370671,6229.0,1848.0,0.00121857,76.648605,11.435308,exact_normalised,183,28.26316939890711,19.502513661202187,23.09071038251365,22.583996174863383,2.440983606557377,613.3499999999996,487.82,875.3600000000001,79.94568306010927,92.24010928961748,2395.600000000001,8.760655737704923,125.52999999999957,0.25603189180163605,0.3654032392719986,7.522400231387125
Rice,IND_TAMILNADU_THENI,Tamil Nadu,THENI,2002,Kharif,3.987013,54953.0,13783.0,0.00908847,77.429172,9.916685,exact_normalised,183,28.68415300546447,19.88464480874316,23.583060109289622,22.93168196721312,2.0084699453551917,808.9300000000001,581.0899999999998,933.9396999999998,78.90874316939892,93.05857923497268,2485.7,8.799508196721309,227.84000000000026,0.3254334795027558,0.3757250271553284,9.531263778207766
Rice,IND_TAMILNADU_THIRUVALLUR,Tamil Nadu,THIRUVALLUR,2002,Kharif,3.185111,279519.0,87758.0,0.05786736,79.941464,13.24923,exact_normalised,183,32.92497267759563,25.711038251366116,28.924043715846995,28.000548633879784,3.2821857923497286,862.7300000000001,445.7800000000002,930.2326999999993,70.90601092896175,100.14579234972673,3463.1000000000013,7.2139344262295175,416.94999999999993,0.24912072998180815,0.268612716929918,11.38234970017134
Rice,IND_TAMILNADU_THIRUVARUR,Tamil Nadu,THIRUVARUR,2002,Kharif,0.855999,112183.0,131055.0,0.08641728,79.587842,10.561873,exact_normalised,183,33.55453551912571,25.79666666666667,29.243333333333307,27.554217486338814,3.466284153005466,445.19000000000005,341.88,990.0758000000001,68.55950819672131,100.49256830601092,3521.529999999999,7.757868852459037,103.31000000000006,0.12641948244087092,0.28114932997873093,11.783379991755384
Rice,IND_TAMILNADU_TIRUCHIRAPPALLI,Tamil Nadu,TIRUCHIRAPPALLI,2002,Kharif,2.994376,154947.0,51746.0,0.03412116,78.555677,10.845397,exact_normalised,183,34.25890710382513,23.879617486338784,28.474590163934412,25.418139344262286,3.119125683060109,384.44,321.2600000000001,1012.0517000000001,66.23021857923497,98.93475409836066,3380.850000000001,10.379289617486346,63.17999999999989,0.1137110489965541,0.29934829998373186,10.854121738432738
Rice,IND_TAMILNADU_TIRUNELVELI,Tamil Nadu,TIRUNELVELI,2002,Kharif,4.022189,266289.0,66205.0,0.04365538,77.568767,8.838215,exact_normalised,183,29.664480874316926,22.253661202185796,25.340491803278677,27.19850327868853,2.78879781420765,1056.6799999999998,648.2200000000003,950.0664999999999,84.24672131147543,98.09442622950822,2807.3100000000004,7.4108196721311295,408.4599999999996,0.37640303350894616,0.33842593087332706,11.100526372259134
Rice,IND_TAMILNADU_TIRUVANNAMALAI,Tamil Nadu,TIRUVANNAMALAI,2002,Kharif,2.631587,115453.0,43872.0,0.02892907,79.247289,12.432454,exact_normalised,183,33.75437158469943,23.786502732240443,28.20147540983605,26.103547540983605,2.6299453551912575,621.2299999999999,457.34999999999997,957.9924999999994,69.0816393442623,98.89185792349724,3330.870000000001,9.967868852458984,163.87999999999994,0.18650682854629563,0.2876102940072711,10.689054375683599
Rice,IND_TAMILNADU_VELLORE,Tamil Nadu,VELLORE,2002,Kharif,3.418534,89863.0,26287.0,0.01733357,79.042643,12.783542,exact_normalised,183,31.41633879781421,21.213770491803274,25.681530054644814,23.445867213114745,3.0551366120218573,508.65000000000003,471.1099999999999,957.9924999999994,71.38688524590167,94.8216393442623,2869.720000000001,10.202568306010935,37.540000000000134,0.17724725757216725,0.3338278647394167,10.17686784027705
Rice,IND_ANDHRAPRADESH_ADILABAD,Andhra Pradesh,ADILABAD,2003,Kharif,2.467996,184732.0,74851.0,0.03549284,78.785443,19.287834,historical_state_crosswalk,183,30.31841530054644,22.156775956284147,25.847431693989076,25.766045355191242,2.5717486338797815,951.0499999999996,666.25,876.6484000000006,78.88404371584701,96.82967213114755,2900.080000000001,8.161639344262294,284.7999999999996,0.3279392292626408,0.30228421284930085,11.22326810959768
Rice,IND_ANDHRAPRADESH_ADILABAD,Andhra Pradesh,ADILABAD,2003,Rabi,2.638985,16016.0,6069.0,0.00701024,78.785443,19.287834,historical_state_crosswalk,181,35.39005524861879,19.124640883977897,26.879834254143642,12.050995027624309,1.8224861878453036,44.55000000000001,92.46999999999997,1000.8533000000003,34.15513812154698,97.36900552486192,3055.250000000001,16.265414364640897,-47.91999999999996,0.014581458145814581,0.3275847475656657,8.711113884053544
Rice,IND_ANDHRAPRADESH_ANANTAPUR,Andhra Pradesh,ANANTAPUR,2003,Kharif,2.563003,44891.0,17515.0,0.00830526,77.464996,14.311236,exact_normalised,183,32.86054644808743,22.098743169398915,26.857814207650275,23.393021311475408,3.991311475409835,313.9399999999998,280.37999999999994,975.6666999999997,66.5463387978142,95.73874316939886,3084.9800000000014,10.761803278688518,33.55999999999989,0.1017640308851272,0.31626354141679985,9.770870027921289
Rice,IND_ANDHRAPRADESH_ANANTAPUR,Andhra Pradesh,ANANTAPUR,2003,Rabi,2.352023,25463.0,10826.0,0.012505,77.464996,14.311236,exact_normalised,181,34.572430939226535,19.865248618784527,26.76850828729283,17.038159116022097,2.6442541436464078,45.76,123.83,1070.4067,50.06563535911603,96.09386740331493,3035.0999999999985,14.707182320442008,-78.07,0.015076933214721103,0.3526759250107082,9.289798293310898
Rice,IND_ANDHRAPRADESH_CHITTOOR,Andhra Pradesh,CHITTOOR,2003,Kharif,2.084996,38562.0,18495.0,0.00876996,78.939397,13.333205,exact_normalised,183,30.454371584699476,20.859344262295078,25.006830601092876,22.93168688524589,3.1571038251366104,514.9599999999999,423.8700000000001,964.4651000000002,72.8278142076503,93.86650273224045,2746.249999999999,9.595027322404398,91.0899999999998,0.18751388256713705,0.35119348202093786,9.825309771472105
Rice,IND_ANDHRAPRADESH_CHITTOOR,Andhra Pradesh,CHITTOOR,2003,Rabi,1.712013,46714.0,27286.0,0.03151776,78.939397,13.333205,exact_normalised,181,32.213756906077364,18.171933701657462,24.31878453038673,18.69661878453037,2.529889502762429,108.23000000000003,214.17999999999995,1037.883,62.50309392265195,94.2515469613259,2591.699999999999,14.041823204419902,-105.94999999999992,0.04176023459505347,0.4004641740942241,10.21416567728217
Rice,IND_ANDHRAPRADESH_EASTGODAVARI,Andhra Pradesh,EAST GODAVARI,2003,Kharif,3.249002,762453.0,234673.0,0.11127723,82.14393,17.060053,exact_normalised,183,30.80404371584698,24.179071038251358,27.087814207650275,29.431379234972677,2.45327868852459,946.2799999999999,605.8299999999998,793.6770000000001,82.3621857923497,99.84683060109288,3127.0700000000015,6.624972677595622,340.45000000000005,0.30260915169791514,0.2538085172381814,12.3659525959838
Rice,IND_ANDHRAPRADESH_EASTGODAVARI,Andhra Pradesh,EAST GODAVARI,2003,Rabi,5.256997,869092.0,165321.0,0.1909605,82.14393,17.060053,exact_normalised,181,34.19911602209946,21.200939226519335,26.756077348066306,23.181211049723768,2.0255801104972386,86.15000000000003,234.72000000000014,970.8832000000002,65.9592817679558,100.48911602209942,3032.850000000001,12.998176795580125,-148.5700000000001,0.02840562507212688,0.32012239312857543,12.01565036630231
Rice,IND_ANDHRAPRADESH_GUNTUR,Andhra Pradesh,GUNTUR,2003,Kharif,2.833002,482990.0,170487.0,0.08084152,80.143541,16.120193,exact_normalised,183,32.810437158469945,24.52306010928962,28.205573770491807,27.56343715846993,2.835191256830601,625.1499999999997,509.6899999999998,870.9001999999998,72.94174863387978,99.75480874316942,3331.6200000000013,8.287377049180325,115.45999999999992,0.18764144770411978,0.26140442187284246,12.046420191997163
Rice,IND_ANDHRAPRADESH_GUNTUR,Andhra Pradesh,GUNTUR,2003,Rabi,2.917013,16837.0,5772.0,0.00666717,80.143541,16.120193,exact_normalised,181,33.814364640883994,21.274475138121552,26.69475138121546,23.407921546961344,2.466850828729282,104.08000000000001,261.8900000000001,966.7367000000005,67.3639779005525,100.33331491712705,3021.749999999999,12.539889502762442,-157.8100000000001,0.03444361710929099,0.31992610242409225,8.660947155060933
Rice,IND_ANDHRAPRADESH_KARIMNAGAR,Andhra Pradesh,KARIMNAGAR,2003,Kharif,3.221003,395726.0,122858.0,0.0582568,79.416208,18.512553,historical_state_crosswalk,183,31.0354644808743,22.781857923497256,26.503278688524606,26.243609289617496,2.444426229508197,892.5400000000002,639.8900000000002,895.0874000000001,77.3096721311475,97.74661202185784,3020.0999999999995,8.253606557377044,252.64999999999998,0.29553326048806344,0.29637674249197055,11.718792635339197
Rice,IND_ANDHRAPRADESH_KARIMNAGAR,Andhra Pradesh,KARIMNAGAR,2003,Rabi,3.188,206321.0,64718.0,0.07475506,79.416208,18.512553,historical_state_crosswalk,181,35.919226519337016,20.015193370165754,27.61602209944752,14.427560773480671,1.944309392265193,24.52,66.95000000000005,1011.3346000000001,38.940552486187826,98.29259668508291,3188.5000000000014,15.904033149171262,-42.43000000000005,0.007690136427787358,0.31718193507919074,11.077810100438713
Rice,IND_ANDHRAPRADESH_KHAMMAM,Andhra Pradesh,KHAMMAM,2003,Kharif,2.900998,377591.0,130159.0,0.06171879,80.659158,17.648369,historical_state_crosswalk,183,30.79737704918032,23.118852459016384,26.715792349726765,27.63577049180328,2.141912568306011,914.4799999999997,632.8500000000003,863.0492000000005,79.8809836065574,98.76655737704921,3058.9899999999975,7.678524590163935,281.6299999999994,0.2989483456958017,0.282135345326399,11.776519741892919
Rice,IND_ANDHRAPRADESH_KHAMMAM,Andhra Pradesh,KHAMMAM,2003,Rabi,2.919993,34891.0,11949.0,0.01380216,80.659158,17.648369,historical_state_crosswalk,181,35.38552486187846,20.006740331491724,27.104419889502747,20.096895580110495,1.9265745856353593,63.2,158.09000000000015,1003.4652000000001,56.40071823204422,99.35397790055251,3095.9,15.378784530386735,-94.89000000000014,0.02041409606253432,0.3241271358894021,9.388486557359657
Rice,IND_ANDHRAPRADESH_KRISHNA,Andhra Pradesh,KRISHNA,2003,Kharif,2.368,526565.0,222367.0,0.10544197,80.888919,16.541648,exact_normalised,183,32.20420765027321,24.262240437158464,27.811748633879763,28.48527595628416,2.4923497267759553,709.0999999999998,556.0699999999998,870.9001999999998,76.96546448087442,100.0785245901639,3259.5499999999997,7.941967213114747,153.02999999999997,0.2175453666917212,0.2671841818655949,12.312088946114054
Rice,IND_ANDHRAPRADESH_KRISHNA,Andhra Pradesh,KRISHNA,2003,Rabi,2.586027,19359.0,7486.0,0.008647,80.888919,16.541648,exact_normalised,181,34.50110497237568,21.1075138121547,26.929447513812157,23.381402209944767,2.15121546961326,102.58000000000001,261.58,966.7367000000005,66.35082872928177,100.67867403314915,3064.2299999999996,13.393591160220979,-158.99999999999997,0.03347659934143326,0.31549090636146787,8.920923462230686
Rice,IND_ANDHRAPRADESH_KURNOOL,Andhra Pradesh,KURNOOL,2003,Kharif,2.907014,100635.0,34618.0,0.01641516,77.878833,15.431734,exact_normalised,183,32.59497267759562,22.451311475409845,26.96120218579234,24.712852459016403,3.1636612021857924,518.79,466.23999999999984,970.8308000000002,70.17021857923498,96.80000000000001,3103.8999999999996,10.143661202185775,52.550000000000125,0.16714133831631175,0.3127777312413416,10.452157943275468
Rice,IND_ANDHRAPRADESH_KURNOOL,Andhra Pradesh,KURNOOL,2003,Rabi,2.290979,11377.0,4966.0,0.00573617,77.878833,15.431734,exact_normalised,181,35.13552486187846,19.7714364640884,26.9086187845304,18.57223867403314,2.3638121546961335,31.980000000000004,133.2600000000001,1053.1551,54.04060773480664,97.22668508287286,3060.4599999999987,15.36408839779006,-101.2800000000001,0.01044940956588226,0.34411660338641914,8.51057131510735
Rice,IND_ANDHRAPRADESH_MAHBUBNAGAR,Andhra Pradesh,MAHBUBNAGAR,2003,Kharif,2.430008,161231.0,66350.0,0.03146184,78.000858,16.644927,historical_state_crosswalk,183,31.185191256830592,21.699508196721315,25.926065573770487,24.353959562841535,3.076338797814208,612.5899999999996,540.8099999999998,948.6794,73.57158469945355,95.79557377049183,2914.4699999999993,9.485683060109277,71.77999999999975,0.21018915960706397,0.32550666158855646,11.10271411123683
Rice,IND_ANDHRAPRADESH_MAHBUBNAGAR,Andhra Pradesh,MAHBUBNAGAR,2003,Rabi,2.093013,69375.0,33146.0,0.03828659,78.000858,16.644927,historical_state_crosswalk,181,34.69966850828727,19.305690607734807,26.528287292817684,16.780481215469617,2.178453038674033,32.61,115.02999999999999,1023.1622999999998,49.52497237569062,96.23524861878448,2991.6200000000017,15.39397790055246,-82.41999999999999,0.010900448586384628,0.34200944638690717,10.408707493781284
Rice,IND_ANDHRAPRADESH_MEDAK,Andhra Pradesh,MEDAK,2003,Kharif,2.568997,164218.0,63923.0,0.03031101,78.103674,17.887066,historical_state_crosswalk,183,30.177759562841555,21.31688524590162,25.23967213114754,24.10447213114755,2.9107650273224053,774.6,632.1700000000004,934.1602000000001,76.09726775956291,94.9854644808743,2788.860000000001,8.860874316939935,142.4299999999996,0.27774789699016794,0.3349613103562028,11.065450156705
Rice,IND_ANDHRAPRADESH_MEDAK,Andhra Pradesh,MEDAK,2003,Rabi,2.313986,51787.0,22380.0,0.0258509,78.103674,17.887066,historical_state_crosswalk,181,34.57519337016575,19.261988950276237,26.473480662983434,13.47137569060773,2.109447513812155,41.019999999999996,88.76000000000003,1015.3026000000002,39.147458563535906,95.44939226519335,2981.7000000000003,15.313204419889512,-47.74000000000004,0.013757252574034944,0.34051131904618176,10.01596766362013
Rice,IND_ANDHRAPRADESH_NALGONDA,Andhra Pradesh,NALGONDA,2003,Kharif,2.994999,188631.0,62982.0,0.0298648,79.1666,17.113957,historical_state_crosswalk,183,32.12054644808745,23.271584699453562,27.228196721311463,26.155554644808745,2.695519125683061,652.0400000000001,556.2700000000001,901.7853000000001,73.52251366120215,98.16415300546454,3152.7599999999998,8.84896174863389,95.76999999999998,0.20681561552417568,0.28603043047996046,11.050620127690122
Rice,IND_ANDHRAPRADESH_NALGONDA,Andhra Pradesh,NALGONDA,2003,Rabi,2.823993,169513.0,60026.0,0.06933538,79.1666,17.113957,historical_state_crosswalk,181,35.26116022099447,20.314475138121548,27.17729281767955,19.152979005524866,2.0764088397790057,48.16000000000001,124.04999999999998,1009.8744999999997,53.781215469613265,98.70580110497242,3109.0900000000015,14.946685082872921,-75.88999999999997,0.015490063008790349,0.3248135306472309,11.002549739984602
Rice,IND_ANDHRAPRADESH_NIZAMABAD,Andhra Pradesh,NIZAMABAD,2003,Kharif,3.110998,229181.0,73668.0,0.03493189,78.037692,18.417719,historical_state_crosswalk,183,30.459289617486334,21.704590163934412,25.600983606557385,24.766573224043707,2.7622404371584697,831.3599999999998,647.8300000000002,916.7992999999998,76.5910382513661,95.84562841530055,2854.980000000001,8.754699453551922,183.52999999999963,0.29119643570182613,0.32112284499366,11.207337365538308
Rice,IND_ANDHRAPRADESH_NIZAMABAD,Andhra Pradesh,NIZAMABAD,2003,Rabi,3.004011,53177.0,17702.0,0.02044739,78.037692,18.417719,historical_state_crosswalk,181,35.24198895027624,19.628397790055246,27.013370165745858,12.789070165745853,1.9802762430939227,36.03,69.78000000000004,1007.6375,35.817182320441994,96.32464088397788,3079.420000000001,15.613591160220992,-33.75000000000004,0.011700255242870407,0.3272166511875612,9.781489395725279
Rice,IND_ANDHRAPRADESH_PRAKASAM,Andhra Pradesh,PRAKASAM,2003,Kharif,2.872033,41992.0,14621.0,0.00693299,79.729919,15.616436,exact_normalised,183,32.358032786885225,25.640327868852452,28.669999999999987,28.15105355191257,3.4889071038251376,634.6200000000002,478.1300000000003,894.3973,72.14825136612022,100.1512021857923,3416.609999999999,6.717704918032773,156.48999999999995,0.18574551968178996,0.26177916121535677,9.590282522853261
Rice,IND_ANDHRAPRADESH_PRAKASAM,Andhra Pradesh,PRAKASAM,2003,Rabi,2.517002,79278.0,31497.0,0.03638184,79.729919,15.616436,exact_normalised,181,31.693812154696136,22.881160220994484,26.673867403314915,24.561658563535907,3.111491712707182,135.9999999999999,310.1599999999998,995.3511999999997,70.34287292817675,100.72928176795578,3017.9700000000003,8.812651933701652,-174.1599999999999,0.0450634035460922,0.32980818232122905,10.357679330734525
Rice,IND_ANDHRAPRADESH_SRIKAKULAM,Andhra Pradesh,SRIKAKULAM,2003,Kharif,2.241001,421799.0,188219.0,0.08924968,84.07575,18.697258,exact_normalised,183,29.288907103825142,26.213169398907095,27.614316939890685,30.791597814207655,4.214426229508195,1309.9399999999996,598.1799999999998,816.0615999999998,82.8174316939891,99.84956284153004,3223.4199999999987,3.0757377049180477,711.7599999999998,0.4063820414342531,0.25316638849420803,12.145366770412778
Rice,IND_ANDHRAPRADESH_SRIKAKULAM,Andhra Pradesh,SRIKAKULAM,2003,Rabi,2.039927,4496.0,2204.0,0.00254582,84.07575,18.697258,exact_normalised,181,29.390883977900554,23.216850828729285,25.923646408839797,23.392530386740344,3.4554696132596683,87.49000000000001,214.02999999999997,937.3013999999996,68.94812154696135,100.59668508287292,2882.1800000000003,6.174033149171269,-126.53999999999996,0.030355494799075698,0.32520571234274037,7.6984827878809465
Rice,IND_ANDHRAPRADESH_VIZIANAGARAM,Andhra Pradesh,VIZIANAGARAM,2003,Kharif,2.100999,228366.0,108694.0,0.05154052,83.359673,18.506317,exact_normalised,183,28.32355191256827,21.36245901639345,24.4630601092896,25.377224590163923,2.294590163934426,1283.8200000000002,596.8700000000001,803.8158999999999,83.00218579234972,94.38076502732243,2646.7399999999993,6.961092896174819,686.95,0.48505708909828715,0.3037003634659997,11.59630107389128
Rice,IND_ANDHRAPRADESH_VIZIANAGARAM,Andhra Pradesh,VIZIANAGARAM,2003,Rabi,2.437015,10679.0,4382.0,0.0050616,83.359673,18.506317,exact_normalised,181,32.68917127071825,17.78823204419888,24.294475138121538,16.666886740331496,1.5911602209944755,74.71000000000001,167.79000000000005,936.1063999999994,54.97104972375693,95.01005524861878,2587.2999999999997,14.900939226519366,-93.08000000000004,0.02887566188690914,0.3618082170602557,8.38548870041881
Rice,IND_ANDHRAPRADESH_WARANGAL,Andhra Pradesh,WARANGAL,2003,Kharif,3.071003,381827.0,124333.0,0.05895622,79.850573,17.980621,historical_state_crosswalk,183,30.805191256830593,22.83639344262293,26.527540983606553,26.74433825136612,2.2335519125683083,925.6299999999998,649.1400000000004,901.7853000000001,78.54912568306011,98.07109289617478,3024.54,7.968797814207662,276.4899999999993,0.3060399267326601,0.2981561824277411,11.730726771873762
Rice,IND_ANDHRAPRADESH_WARANGAL,Andhra Pradesh,WARANGAL,2003,Rabi,2.809006,128939.0,45902.0,0.0530209,79.850573,17.980621,historical_state_crosswalk,181,35.63602209944753,19.817292817679558,27.333425414364644,17.151628176795576,1.9569613259668501,35.33,105.62000000000003,1009.8744999999997,47.30022099447515,98.63287292817687,3137.35,15.818729281767972,-70.29000000000003,0.011261096148023012,0.3218877396528917,10.734285753389923
Rice,IND_ANDHRAPRADESH_WESTGODAVARI,Andhra Pradesh,WEST GODAVARI,2003,Kharif,3.498999,812590.0,232235.0,0.11012118,81.315692,16.847574,exact_normalised,183,30.90174863387978,23.65928961748634,26.913387978142083,28.647273224043722,2.2500546448087433,889.84,602.3800000000002,830.0679000000001,81.31661202185795,99.36622950819672,3095.1499999999983,7.24245901639344,287.4599999999998,0.287494951779397,0.2681834159895322,12.355509374988351
Rice,IND_ANDHRAPRADESH_WESTGODAVARI,Andhra Pradesh,WEST GODAVARI,2003,Rabi,4.871999,867133.0,177983.0,0.20558624,81.315692,16.847574,exact_normalised,181,34.719447513812156,20.466795580110496,26.675027624309394,22.57100994475139,1.9445303867403314,90.00000000000001,227.81000000000017,969.2685,64.76337016574587,99.97911602209942,3018.18,14.25265193370166,-137.81000000000017,0.029819295071864507,0.32114337117070557,12.089448937593637
Rice,IND_KARNATAKA_BANGALORERURAL,Karnataka,BANGALORE RURAL,2003,Kharif,2.372308,13878.0,5850.0,0.00619525,77.614728,13.177348,exact_normalised,183,28.804699453551894,19.204371584699455,23.271803278688523,21.93441584699453,3.2849726775956283,539.55,447.8099999999999,977.6061999999998,76.86327868852462,91.57972677595629,2428.740000000001,9.600327868852439,91.74000000000007,0.2221522270807084,0.40251579008045296,8.674367865788236
Rice,IND_KARNATAKA_BANGALORERURAL,Karnataka,BANGALORE RURAL,2003,Rabi,2.9625,711.0,240.0,0.00439327,77.614728,13.177348,exact_normalised,181,32.196519337016575,17.32480662983425,24.117513812154684,16.482908287292812,2.5012707182320426,118.17000000000002,202.38000000000022,1059.6048999999996,55.69541436464091,91.84895027624306,2555.2700000000004,14.871712707182326,-84.2100000000002,0.04624560222598786,0.4146743396979573,5.484796933490655
Rice,IND_KARNATAKA_BANGALORERURAL,Karnataka,BANGALORE RURAL,2003,Summer,3.991684,1920.0,481.0,0.0064135,77.614728,13.177348,exact_normalised,122,34.62680327868853,21.037786885245897,27.480491803278685,19.072966393442616,3.0695081967213125,151.56999999999996,127.82999999999997,793.8785999999997,52.799918032786856,91.56360655737704,2132.6199999999994,13.58901639344263,23.739999999999995,0.07107220226763324,0.37225506653787355,6.1779441140506
Rice,IND_KARNATAKA_BIDAR,Karnataka,BIDAR,2003,Kharif,0.403285,3536.0,8768.0,0.00928546,77.219591,17.954256,exact_normalised,183,30.695027322404364,20.95120218579237,25.25513661202184,23.562577595628404,3.0092349726775933,712.9100000000003,610.7599999999999,929.7205000000002,74.15846994535518,94.56513661202183,2791.689999999998,9.743825136611996,102.15000000000043,0.25536861184443865,0.333031425408982,9.078978053779355
Rice,IND_KARNATAKA_CHITRADURGA,Karnataka,CHITRADURGA,2003,Kharif,1.983663,6921.0,3489.0,0.00369491,76.575818,14.279313,exact_normalised,183,31.839289617486333,21.196338797814203,25.748524590163917,23.140135519125682,4.213934426229508,302.4199999999999,277.07,979.9107999999999,69.98300546448084,94.5225136612022,2881.98,10.64295081967213,25.34999999999991,0.10493480176822875,0.3400130465860276,8.157657015196472
Rice,IND_KARNATAKA_CHITRADURGA,Karnataka,CHITRADURGA,2003,Rabi,3.34799,2665.0,796.0,0.01457102,76.575818,14.279313,exact_normalised,181,33.972983425414355,19.34198895027624,26.211878453038675,16.121096132596694,2.5085635359116027,43.86,124.5399999999999,1079.7794000000001,48.67248618784531,94.84320441988943,2934.350000000001,14.630994475138117,-80.67999999999991,0.014947092200998513,0.3679790754340824,6.680854678790215
Rice,IND_KARNATAKA_CHITRADURGA,Karnataka,CHITRADURGA,2003,Summer,2.882547,2626.0,911.0,0.01214699,76.575818,14.279313,exact_normalised,122,37.52221311475408,23.803278688524586,30.402295081967228,18.862207377049177,3.7120491803278695,63.47999999999997,58.629999999999995,811.3491999999999,44.20188524590163,94.4724590163934,2489.08,13.718934426229495,4.849999999999973,0.025503398846160014,0.3259634885178459,6.815639990074331
Rice,IND_KARNATAKA_DAKSHINAKANNADA,Karnataka,DAKSHINA KANNADA,2003,Kharif,2.406452,80414.0,33416.0,0.03538811,75.204445,12.828777,exact_normalised,183,28.15038251366121,24.239016393442622,25.953715846994545,28.755941530054642,1.9597814207650286,2976.580000000001,770.5099999999999,802.7544999999999,85.84005464480875,99.04748633879787,2919.53,3.911366120218588,2206.070000000001,1.0195408165012865,0.27496018194709415,10.4168200315133
Rice,IND_KARNATAKA_DAKSHINAKANNADA,Karnataka,DAKSHINA KANNADA,2003,Rabi,3.055541,71573.0,23424.0,0.42878325,75.204445,12.828777,exact_normalised,181,31.994972375690622,23.72696132596685,27.38955801104972,24.230295580110493,1.6287292817679555,109.46,407.65000000000003,1035.2592000000006,66.30397790055251,99.24176795580112,3147.51,8.268011049723771,-298.19000000000005,0.03477669649977283,0.32891371274436,10.061559107106623
Rice,IND_KARNATAKA_DAKSHINAKANNADA,Karnataka,DAKSHINA KANNADA,2003,Summer,3.629973,8211.0,2262.0,0.0301608,75.204445,12.828777,exact_normalised,122,32.84467213114754,26.152540983606542,28.94639344262295,27.975199180327866,2.170737704918034,1307.5600000000002,191.22000000000003,689.3251000000001,70.53024590163936,99.01139344262297,2311.46,6.692131147540998,1116.3400000000001,0.5656857570539833,0.29822064842134416,7.724446645633537
Rice,IND_KARNATAKA_DHARWAD,Karnataka,DHARWAD,2003,Kharif,0.222619,6476.0,29090.0,0.0308068,75.127326,15.336898,exact_normalised,183,29.826612021857915,20.565300546448075,24.421803278688518,23.7256568306011,3.342404371584698,542.8399999999998,480.3200000000001,930.3092,77.50142076502732,93.82961748633876,2639.19,9.26131147540984,62.5199999999997,0.20568431981024474,0.35249800128069597,10.278184126972656
Rice,IND_KARNATAKA_DHARWAD,Karnataka,DHARWAD,2003,Summer,3.884956,878.0,226.0,0.00301341,75.127326,15.336898,exact_normalised,122,36.631967213114734,22.183770491803287,28.711393442622946,21.15170737704919,2.8717213114754103,232.29000000000002,129.14000000000004,793.7962000000002,54.55532786885248,93.80500000000002,2282.7899999999986,14.448196721311447,103.14999999999998,0.10175706043919948,0.3477307154841228,5.424950017481403
Rice,IND_KARNATAKA_GADAG,Karnataka,GADAG,2003,Kharif,2.304662,2867.0,1244.0,0.00131742,75.653119,15.508228,exact_normalised,183,31.58765027322405,20.93404371584699,25.38480874316941,23.146097814207675,4.0007103825136605,308.0699999999999,299.4399999999999,930.3092,71.3646994535519,94.0238797814208,2815.419999999999,10.65360655737706,8.629999999999995,0.10942239523765547,0.3304335409992116,7.126890808898808
Rice,IND_KARNATAKA_GADAG,Karnataka,GADAG,2003,Summer,3.608696,1079.0,299.0,0.00398677,75.653119,15.508228,exact_normalised,122,37.345737704918044,22.849426229508186,29.746475409836062,19.904577868852446,3.319016393442621,133.88000000000002,112.11,793.7962000000002,48.390983606557384,93.98549180327872,2409.07,14.496311475409858,21.770000000000024,0.05557331252308983,0.32950316927279,5.703782474656201
Rice,IND_KARNATAKA_HASSAN,Karnataka,HASSAN,2003,Kharif,1.661262,63113.0,37991.0,0.04023311,76.105719,12.951423,exact_normalised,183,26.68628415300547,18.76076502732241,22.118032786885248,22.373042076502724,2.6721311475409846,1092.829999999999,652.7500000000002,928.4216,83.94633879781419,91.26792349726772,2217.6000000000004,7.92551912568306,440.0799999999988,0.4927985209235204,0.41866053391053387,10.545130890228958
Rice,IND_KARNATAKA_HASSAN,Karnataka,HASSAN,2003,Rabi,1.662043,1318.0,793.0,0.0145161,76.105719,12.951423,exact_normalised,181,31.206408839779012,17.348729281767962,23.723425414364648,16.81836132596685,1.5706077348066303,95.61999999999999,318.9199999999999,1057.6716999999994,57.95419889502769,91.49707182320445,2483.9400000000005,13.85767955801105,-223.2999999999999,0.038495293767160224,0.4258040451862763,6.677083461247136
Rice,IND_KARNATAKA_HASSAN,Karnataka,HASSAN,2003,Summer,4.3498,3258.0,749.0,0.00998693,76.105719,12.951423,exact_normalised,122,33.38163934426229,20.921147540983604,26.580327868852443,20.191422131147544,2.3582786885245905,450.40000000000003,158.10999999999993,764.7075,59.050901639344275,91.25270491803279,2022.7999999999988,12.460491803278686,292.2900000000001,0.22266165710895802,0.3780440478544594,6.620073206530356
Rice,IND_KARNATAKA_HAVERI,Karnataka,HAVERI,2003,Kharif,0.678937,24198.0,35641.0,0.03774442,75.395405,14.743146,exact_normalised,183,29.040655737704917,20.55874316939889,24.085519125683067,24.29110437158469,3.491092896174864,980.1999999999996,578.9599999999998,932.6826000000002,80.91890710382516,94.18721311475412,2577.6499999999996,8.481912568306026,401.2399999999998,0.3802688495334897,0.3618344616220202,10.481279996733045
Rice,IND_KARNATAKA_HAVERI,Karnataka,HAVERI,2003,Summer,3.670757,5385.0,1467.0,0.01956052,75.395405,14.743146,exact_normalised,122,36.248360655737685,22.66360655737705,28.821885245901647,21.84018442622951,3.130819672131148,374.43,134.85999999999993,793.6624999999998,56.199508196721325,94.14786885245903,2296.270000000001,13.584754098360634,239.57000000000008,0.1630600931075178,0.34563117577636754,7.291656209174461
Rice,IND_KARNATAKA_KODAGU,Karnataka,KODAGU,2003,Kharif,1.989587,71460.0,35917.0,0.03803671,75.777469,12.406712,exact_normalised,183,26.264098360655733,20.526338797814205,22.932349726775957,25.088879234972683,0.7456830601092899,2365.4800000000014,829.44,802.7544999999999,89.60945355191258,94.27398907103823,2366.6200000000003,5.7377595628415285,1536.0400000000013,0.9995183003608527,0.33919873067919637,10.488993841578681
Rice,IND_KARNATAKA_KODAGU,Karnataka,KODAGU,2003,Rabi,3.0,36.0,12.0,0.00021966,75.777469,12.406712,exact_normalised,181,31.034861878453025,19.131767955801106,24.332762430939216,20.967427624309394,0.5120441988950278,169.4200000000001,477.0099999999998,1035.2592000000006,69.00110497237567,94.45729281767959,2594.229999999998,11.90309392265192,-307.5899999999997,0.06530646858605452,0.3990622265566281,2.5649493574615367
Rice,IND_KARNATAKA_KODAGU,Karnataka,KODAGU,2003,Summer,3.836158,679.0,177.0,0.00236006,75.777469,12.406712,exact_normalised,122,32.43745901639343,22.15754098360656,26.419098360655745,24.27981229508197,0.6861475409836069,1071.46,223.34999999999994,689.3251000000001,71.16721311475408,94.25278688524594,2003.1300000000003,10.279918032786874,848.1100000000001,0.5348928926230448,0.34412399594634396,5.181783550292085
Rice,IND_KARNATAKA_KOLAR,Karnataka,KOLAR,2003,Kharif,2.270315,18998.0,8368.0,0.00886185,78.192771,13.111229,exact_normalised,183,29.017650273224053,19.550000000000004,23.57513661202186,22.194407650273224,3.330491803278688,575.6600000000001,469.7500000000003,964.4651000000002,76.49868852459016,92.062131147541,2484.250000000002,9.467650273224049,105.9099999999998,0.23172386032001596,0.38823190097614957,9.032289682032873
Rice,IND_KARNATAKA_KOLAR,Karnataka,KOLAR,2003,Summer,2.625181,1814.0,691.0,0.00921358,78.192771,13.111229,exact_normalised,122,34.94049180327871,21.157377049180333,27.603606557377045,19.445707377049175,3.1377868852459003,132.53000000000003,118.93999999999997,782.2808999999999,53.22795081967213,92.06139344262293,2147.640000000001,13.783114754098378,13.59000000000006,0.06170959751168724,0.3642514108509804,6.539585955617669
Rice,IND_KARNATAKA_KOPPAL,Karnataka,KOPPAL,2003,Kharif,4.106345,153179.0,37303.0,0.03950451,76.159107,15.65316,exact_normalised,183,32.32284153005466,21.417049180327865,26.054808743169406,23.19380546448086,4.013060109289618,297.6599999999999,288.86,960.1933999999995,68.86759562841529,94.66672131147543,2938.0299999999997,10.905792349726795,8.799999999999898,0.10131278441676904,0.3268153830968369,10.526855838488157
Rice,IND_KARNATAKA_KOPPAL,Karnataka,KOPPAL,2003,Summer,4.547386,26966.0,5930.0,0.07906878,76.159107,15.65316,exact_normalised,122,37.96721311475412,23.671721311475412,30.585491803278686,19.016072131147556,3.3063934426229524,103.91000000000001,95.84999999999997,807.9459999999999,44.12909836065574,94.6188524590164,2511.4300000000003,14.295491803278704,8.060000000000045,0.04137483425777346,0.32170755306737586,8.687948111838727
Rice,IND_KARNATAKA_MANDYA,Karnataka,MANDYA,2003,Kharif,3.215773,167381.0,52050.0,0.05512183,76.815323,12.58214,exact_normalised,183,29.282404371584697,19.73060109289618,23.75409836065574,23.03722841530055,3.05551912568306,547.02,480.7200000000002,928.4216,78.3526775956284,92.9433333333333,2516.999999999999,9.551803278688517,66.29999999999978,0.2173301549463648,0.3688603893524038,10.85997928615443
Rice,IND_KARNATAKA_MANDYA,Karnataka,MANDYA,2003,Rabi,2.964206,2650.0,894.0,0.01636493,76.815323,12.58214,exact_normalised,181,33.0121546961326,18.552541436464082,25.192375690607722,17.210218784530387,1.9898895027624313,132.89,213.00999999999996,1057.6716999999994,54.52812154696136,93.18928176795573,2749.8199999999993,14.459613259668515,-80.11999999999998,0.048326799572335655,0.384633066891651,6.796823718274855
Rice,IND_KARNATAKA_MANDYA,Karnataka,MANDYA,2003,Summer,4.218036,6829.0,1619.0,0.02158724,76.815323,12.58214,exact_normalised,122,34.82204918032787,21.94934426229507,27.868196721311474,20.594513934426228,2.6709016393442626,208.97999999999996,152.76999999999998,764.7075,55.7934426229508,92.91622950819668,2179.92,12.872704918032802,56.20999999999998,0.09586590333590221,0.35079613013321587,7.3901814282264295
Rice,IND_KARNATAKA_RAICHUR,Karnataka,RAICHUR,2003,Kharif,2.630726,172865.0,65710.0,0.069588,76.856624,16.041451,exact_normalised,183,33.06945355191255,22.044972677595627,26.913005464480868,23.744556830601102,3.578633879781419,395.38000000000017,385.0,956.8069999999998,67.39071038251367,95.94180327868854,3095.080000000001,11.024480874316925,10.380000000000166,0.1277446786512788,0.3091380513589308,11.093021618159923
Rice,IND_KARNATAKA_RAICHUR,Karnataka,RAICHUR,2003,Rabi,2.964012,20920.0,7058.0,0.12919878,76.856624,16.041451,exact_normalised,181,35.28265193370165,19.79270718232044,27.17397790055248,15.800273480662986,2.1490607734806635,49.26000000000001,102.98000000000002,1046.0307999999998,45.06176795580112,96.32596685082869,3108.4899999999984,15.48994475138121,-53.720000000000006,0.01584692246074462,0.33650769344601406,8.862058677395472
Rice,IND_KARNATAKA_RAICHUR,Karnataka,RAICHUR,2003,Summer,3.005775,18738.0,6234.0,0.08312222,76.856624,16.041451,exact_normalised,122,39.36999999999999,24.959672131147528,32.047540983606545,17.8048893442623,3.2793442622950817,103.01000000000003,83.63000000000001,806.1584,38.29262295081966,95.87803278688526,2689.7999999999997,14.410327868852463,19.380000000000024,0.038296527622871605,0.29970942077477886,8.737933858114136
Rice,IND_KARNATAKA_UDUPI,Karnataka,UDUPI,2003,Kharif,2.481354,126487.0,50975.0,0.05398339,74.873401,13.413125,exact_normalised,183,27.461693989071033,22.914371584699452,24.86491803278689,27.068947540983608,1.798797814207649,2771.8499999999995,774.9300000000002,851.4478000000003,86.144043715847,96.81398907103825,2720.28,4.547322404371581,1996.9199999999992,1.01895760730513,0.3130000588174747,10.839110212709775
Rice,IND_KARNATAKA_UDUPI,Karnataka,UDUPI,2003,Rabi,2.779894,30362.0,10922.0,0.19993044,74.873401,13.413125,exact_normalised,181,31.046795580110487,21.55640883977901,25.768397790055257,22.529556906077346,1.3551933701657461,78.69999999999999,511.50000000000006,1071.5571,67.69790055248619,97.0186740331492,2854.0800000000013,9.490386740331477,-432.80000000000007,0.02757455992824306,0.3754474646821391,9.298625936843543
Rice,IND_KARNATAKA_UDUPI,Karnataka,UDUPI,2003,Summer,3.902913,804.0,206.0,0.00274674,74.873401,13.413125,exact_normalised,122,32.47401639344262,24.531803278688525,27.79098360655736,26.353437704918033,1.8114754098360646,1189.0099999999998,224.99999999999997,728.3897000000001,71.00303278688529,96.79081967213116,2170.5000000000005,7.942213114754093,964.0099999999998,0.5478046533056897,0.3355861322275973,5.332718793265369
Rice,IND_KARNATAKA_UTTARAKANNADA,Karnataka,UTTARA KANNADA,2003,Kharif,1.569132,125609.0,80050.0,0.0847743,74.525531,14.70572,exact_normalised,183,28.856502732240436,25.035136612021844,26.66633879781421,28.747540437158445,2.6743169398907103,1635.609999999999,809.3800000000003,864.9486999999998,82.17846994535518,98.96666666666665,3049.9400000000014,3.821366120218592,826.2299999999987,0.5362761234647233,0.2835953166291794,11.290419210539214
Rice,IND_KARNATAKA_UTTARAKANNADA,Karnataka,UTTARA KANNADA,2003,Rabi,3.274135,7190.0,2196.0,0.04019843,74.525531,14.70572,exact_normalised,181,31.30944751381214,23.50314917127071,26.926795580110507,23.95614309392264,1.9659668508287285,67.28,586.2100000000004,1093.0249999999996,67.20226519337015,99.22640883977898,3063.7499999999995,7.806298342541432,-518.9300000000004,0.021960016319869446,0.3567605059159526,7.69484807238461
Rice,IND_KARNATAKA_UTTARAKANNADA,Karnataka,UTTARA KANNADA,2003,Summer,3.723565,4930.0,1324.0,0.0176538,74.525531,14.70572,exact_normalised,122,32.04549180327869,26.05811475409836,28.520409836065575,28.24163114754098,2.3910655737704913,653.47,251.53,750.4686999999999,72.59270491803277,98.95500000000007,2259.49,5.987377049180335,401.94000000000005,0.2892112821919991,0.33214074857600606,7.1891677384203225
Rice,IND_TAMILNADU_COIMBATORE,Tamil Nadu,COIMBATORE,2003,Kharif,2.912698,10643.0,3654.0,0.00261626,76.942425,10.900215,exact_normalised,183,28.364535519125674,20.843005464480875,23.92016393442622,24.872244808743172,2.5239344262295087,688.1299999999997,523.21,865.0013999999999,83.73273224043716,94.86568306010928,2547.3900000000003,7.521530054644799,164.91999999999962,0.27013138938285836,0.33956378881914423,8.203851372183879
Rice,IND_TAMILNADU_CUDDALORE,Tamil Nadu,CUDDALORE,2003,Kharif,3.049625,317655.0,104162.0,0.07457983,79.398376,11.549058,exact_normalised,183,33.08803278688527,24.79224043715847,28.464754098360668,27.819420218579218,2.881530054644811,721.2799999999999,478.37,943.0009999999999,72.24967213114756,100.09262295081963,3379.0500000000006,8.295792349726803,242.90999999999985,0.213456444858762,0.2790728163241147,11.553712258870949
Rice,IND_TAMILNADU_DHARMAPURI,Tamil Nadu,DHARMAPURI,2003,Kharif,2.42608,38810.0,15997.0,0.01145383,78.208849,12.106543,exact_normalised,183,31.133934426229498,21.389453551912556,25.684207650273223,24.41014043715848,2.2660655737704922,614.8999999999999,465.11999999999966,956.6288999999999,74.35327868852457,95.41327868852454,2870.209999999999,9.744480874316942,149.7800000000002,0.21423519533413934,0.3332957867194387,9.680218993408767
Rice,IND_TAMILNADU_DINDIGUL,Tamil Nadu,DINDIGUL,2003,Kharif,2.830987,32378.0,11437.0,0.00818887,77.770431,10.376407,exact_normalised,183,29.89431693989069,21.23420765027322,24.8650819672131,24.149937704918017,3.1119125683060123,601.4600000000002,434.7500000000001,952.9701,76.99901639344264,95.10754098360655,2720.3100000000004,8.66010928961747,166.71000000000004,0.22109980112560704,0.3503167286081365,9.344696424475261
Rice,IND_TAMILNADU_ERODE,Tamil Nadu,ERODE,2003,Kharif,4.095679,7962.0,1944.0,0.0013919,77.349132,11.479934,exact_normalised,183,32.16081967213116,22.051038251366112,26.373224043715823,24.199117486338803,1.9262295081967213,449.69000000000005,356.75,958.6541000000002,70.81486338797815,96.14306010928964,2996.2999999999993,10.10978142076505,92.94000000000005,0.1500817675132664,0.31994596669225395,7.573017256052546
Rice,IND_TAMILNADU_KANNIYAKUMARI,Tamil Nadu,KANNIYAKUMARI,2003,Kharif,3.054099,52897.0,17320.0,0.01240109,77.370026,8.292621,exact_normalised,183,28.604371584699457,22.816229508196717,25.18579234972677,27.537577049180324,3.2066666666666674,1079.9299999999994,586.1000000000003,947.8947999999997,86.10928961748634,97.99098360655739,2778.9999999999986,5.788142076502741,493.82999999999913,0.38860381432169844,0.34109204749910044,9.75967491717028
Rice,IND_TAMILNADU_KARUR,Tamil Nadu,KARUR,2003,Kharif,2.582341,24070.0,9321.0,0.00667382,78.090802,10.786735,exact_normalised,183,32.58661202185794,23.01754098360656,27.190163934426227,25.99191967213114,2.806284153005465,588.9199999999998,439.14000000000004,984.5076999999993,72.55950819672132,98.34841530054638,3145.7999999999993,9.56907103825138,149.7799999999998,0.1872083412804374,0.3129594061923833,9.140132476932687
Rice,IND_TAMILNADU_MADURAI,Tamil Nadu,MADURAI,2003,Kharif,2.716805,65024.0,23934.0,0.01713671,78.006559,9.898005,exact_normalised,183,31.894754098360636,22.885136612021856,26.860710382513663,26.630060655737704,1.9865027322404376,847.4099999999995,557.3899999999999,1010.4401999999998,75.76278688524589,98.34109289617487,3085.51,9.00961748633878,290.01999999999964,0.2746417934150268,0.32747915255500704,10.08309710182661
Rice,IND_TAMILNADU_NAMAKKAL,Tamil Nadu,NAMAKKAL,2003,Kharif,3.256853,24358.0,7479.0,0.00535495,78.154921,11.347699,exact_normalised,183,32.29459016393444,22.41732240437158,26.771967213114753,25.361832240437167,2.3378142076502737,592.79,447.71000000000004,966.2323000000002,72.56885245901641,97.2240983606558,3069.27,9.877267759562859,145.07999999999993,0.19313713032740684,0.3148085049539468,8.919988070968524
Rice,IND_TAMILNADU_PERAMBALUR,Tamil Nadu,PERAMBALUR,2003,Kharif,2.361333,85910.0,36382.0,0.02604946,78.858963,11.25245,exact_normalised,183,32.14087431693991,22.792732240437157,26.893497267759585,25.65429398907104,2.6353005464480863,627.2599999999999,454.78000000000003,966.2323000000002,72.96240437158467,97.50256830601093,3091.51,9.34814207650275,172.47999999999985,0.2028976131405041,0.3125438054542926,10.501856911563934
Rice,IND_TAMILNADU_PUDUKKOTTAI,Tamil Nadu,PUDUKKOTTAI,2003,Kharif,1.837867,146603.0,79768.0,0.05711377,78.872829,10.352982,exact_normalised,183,32.88666666666667,23.961475409836055,27.912349726775957,27.31171530054646,2.5951912568306015,682.04,482.4699999999998,984.5076999999993,73.19185792349727,99.69027322404365,3277.9600000000005,8.925191256830615,199.57000000000016,0.2080684328057694,0.30034158440005343,11.28689023678548
Rice,IND_TAMILNADU_RAMANATHAPURAM,Tamil Nadu,RAMANATHAPURAM,2003,Kharif,0.171617,20771.0,121031.0,0.08665801,78.817623,9.423787,exact_normalised,183,31.260874316939898,25.15409836065574,27.834918032786884,29.387675409836078,3.878688524590162,845.2700000000003,538.4000000000001,1010.4401999999998,78.71021857923498,100.51387978142075,3263.7900000000004,6.106775956284157,306.87000000000023,0.2589841870953708,0.3095910582482328,11.70381025242467
Rice,IND_TAMILNADU_SALEM,Tamil Nadu,SALEM,2003,Kharif,3.212735,43645.0,13585.0,0.00972684,78.256113,11.628258,exact_normalised,183,32.29459016393444,22.41732240437158,26.771967213114753,25.361832240437167,2.3378142076502737,592.79,447.71000000000004,966.2323000000002,72.56885245901641,97.2240983606558,3069.27,9.877267759562859,145.07999999999993,0.19313713032740684,0.3148085049539468,9.516795129751248
Rice,IND_TAMILNADU_SIVAGANGA,Tamil Nadu,SIVAGANGA,2003,Kharif,0.692558,49833.0,71955.0,0.05151967,78.568693,9.944223,exact_normalised,183,32.34491803278689,24.211857923497274,27.81409836065572,28.14522513661203,2.7302732240437155,778.9,522.8099999999998,1010.4401999999998,75.69999999999999,99.9304918032787,3259.979999999998,8.13306010928962,256.09000000000015,0.23892784618310553,0.3099528831465225,11.183810100082576
Rice,IND_TAMILNADU_THANJAVUR,Tamil Nadu,THANJAVUR,2003,Kharif,2.878809,354937.0,123293.0,0.0882776,79.260887,10.579191,exact_normalised,183,32.13573770491801,25.48191256830603,28.442896174863403,28.914371038251364,3.330382513661203,741.4599999999997,487.7500000000002,955.3082000000002,74.97142076502735,100.49136612021859,3375.0499999999993,6.653825136611978,253.70999999999947,0.21968859720596728,0.2830500881468424,11.722327026167925
Rice,IND_TAMILNADU_THENILGIRIS,Tamil Nadu,THE NILGIRIS,2003,Kharif,3.311315,5414.0,1635.0,0.00117066,76.648605,11.435308,exact_normalised,183,28.08475409836064,19.558251366120214,23.031311475409844,22.788096174863384,2.3850819672131145,562.9899999999999,447.30999999999995,881.9053000000005,80.95502732240438,92.22213114754095,2384.729999999999,8.526502732240427,115.67999999999995,0.2360812335149053,0.36981347993273905,7.400009517162692
Rice,IND_TAMILNADU_THENI,Tamil Nadu,THENI,2003,Kharif,3.882064,55234.0,14228.0,0.01018723,77.429172,9.916685,exact_normalised,183,27.836612021857924,19.761639344262296,23.195409836065576,23.303662841530038,1.7785792349726783,915.1300000000005,597.91,927.6474999999996,82.10464480874322,93.05092896174861,2414.7600000000016,8.074972677595628,317.2200000000005,0.37897347976610507,0.3841572247345488,9.563037414545692
Rice,IND_TAMILNADU_THIRUVALLUR,Tamil Nadu,THIRUVALLUR,2003,Kharif,2.609164,195536.0,74942.0,0.05365836,79.941464,13.24923,exact_normalised,183,32.10273224043716,25.52289617486339,28.413442622950825,28.611531693989072,3.1732240437158468,815.7499999999994,535.1699999999998,924.2242999999999,74.30349726775951,100.1431693989071,3369.6599999999994,6.579836065573772,280.5799999999996,0.2420867387214139,0.27427820610981524,11.22448310357204
Rice,IND_TAMILNADU_THIRUVARUR,Tamil Nadu,THIRUVARUR,2003,Kharif,1.395193,169428.0,121437.0,0.08694871,79.587842,10.561873,exact_normalised,183,32.13573770491801,25.48191256830603,28.442896174863403,28.914371038251364,3.330382513661203,741.4599999999997,487.7500000000002,955.3082000000002,74.97142076502735,100.49136612021859,3375.0499999999993,6.653825136611978,253.70999999999947,0.21968859720596728,0.2830500881468424,11.707159123455632
Rice,IND_TAMILNADU_TIRUCHIRAPPALLI,Tamil Nadu,TIRUCHIRAPPALLI,2003,Kharif,2.936964,126078.0,42928.0,0.03073638,78.555677,10.845397,exact_normalised,183,32.749453551912566,23.52879781420764,27.58289617486339,26.54938032786887,2.7974863387978157,629.9300000000003,458.5500000000001,984.5076999999993,72.5520218579235,98.93557377049186,3217.6699999999987,9.220655737704927,171.38000000000017,0.19577209595763412,0.3059691329440246,10.667302867213317
Rice,IND_TAMILNADU_TIRUNELVELI,Tamil Nadu,TIRUNELVELI,2003,Kharif,3.770401,197848.0,52474.0,0.0375713,77.568767,8.838215,exact_normalised,183,28.960163934426216,22.205409836065574,25.05568306010928,27.407809836065585,2.6277049180327867,1145.3400000000001,643.4999999999997,947.8947999999997,86.34229508196718,98.079781420765,2755.1900000000005,6.7547540983606424,501.8400000000005,0.4157027283054889,0.34403972139852407,10.868092144688834
Rice,IND_TAMILNADU_TIRUVANNAMALAI,Tamil Nadu,TIRUVANNAMALAI,2003,Kharif,2.8061,198453.0,70722.0,0.05063684,79.247289,12.432454,exact_normalised,183,32.9543169398907,23.75147540983608,27.786393442622934,26.692623497267782,2.427486338797816,721.7099999999997,513.8100000000002,948.9615999999992,72.22907103825132,98.88830601092897,3254.9099999999967,9.202841530054624,207.89999999999952,0.22172963307741242,0.29154772328574374,11.166526117226267
Rice,IND_TAMILNADU_VELLORE,Tamil Nadu,VELLORE,2003,Kharif,3.49966,108171.0,30909.0,0.0221308,79.042643,12.783542,exact_normalised,183,30.89038251366121,21.250163934426215,25.427868852459007,23.726995628415303,2.8758469945355203,578.3099999999998,479.25999999999993,948.9615999999992,73.4460655737705,94.8136612021858,2823.2999999999956,9.640218579234993,99.0499999999999,0.20483476782488602,0.3361178762441117,10.338835035126163
Rice,IND_ANDHRAPRADESH_ADILABAD,Andhra Pradesh,ADILABAD,2004,Kharif,1.519011,54133.0,35637.0,0.01608845,78.785443,19.287834,historical_state_crosswalk,183,31.79519125683061,21.98781420765028,26.38289617486339,24.73984699453552,2.5423497267759574,595.9799999999997,539.3700000000002,910.0487,71.77770491803278,96.90131147540981,2998.07,9.807377049180328,56.609999999999445,0.19878788687388874,0.3035448471850224,10.48116776328736
Rice,IND_ANDHRAPRADESH_ADILABAD,Andhra Pradesh,ADILABAD,2004,Rabi,2.196034,8749.0,3984.0,0.00457334,78.785443,19.287834,historical_state_crosswalk,182,33.750439560439546,17.78236263736264,25.237857142857138,13.94683076923077,1.7892857142857144,66.01,222.32000000000002,1034.3705,47.25670329670327,97.39307692307686,2773.290000000001,15.968076923076907,-156.31,0.023802054599410802,0.3729759599609127,8.290292591224315
Rice,IND_ANDHRAPRADESH_ANANTAPUR,Andhra Pradesh,ANANTAPUR,2004,Kharif,3.495007,85051.0,24335.0,0.01098612,77.464996,14.311236,exact_normalised,183,31.520874316939885,21.268196721311476,25.74836065573771,23.952140437158462,3.8804371584699435,305.77999999999975,389.7900000000002,993.7805999999999,72.23617486338794,95.81147540983605,2881.949999999999,10.252677595628409,-84.01000000000045,0.10610177137007924,0.344829230208713,10.099712014499074
Rice,IND_ANDHRAPRADESH_ANANTAPUR,Andhra Pradesh,ANANTAPUR,2004,Rabi,2.340043,21622.0,9240.0,0.01060685,77.464996,14.311236,exact_normalised,182,34.11835164835164,19.131538461538472,26.149835164835153,17.029995604395605,2.583901098901099,64.89,142.90000000000003,1097.367099999999,51.555439560439574,96.09527472527469,2939.270000000001,14.986813186813169,-78.01000000000003,0.022076910253226136,0.3733468174070428,9.13140538388804
Rice,IND_ANDHRAPRADESH_CHITTOOR,Andhra Pradesh,CHITTOOR,2004,Kharif,2.273996,43331.0,19055.0,0.00860245,78.939397,13.333205,exact_normalised,183,28.778415300546428,20.19513661202185,23.95010928961748,23.528845355191265,3.2037158469945353,626.9200000000003,585.4799999999999,969.3237999999997,79.25699453551908,93.92999999999999,2552.869999999997,8.583278688524576,41.440000000000396,0.24557458860028164,0.37969963217868546,9.855137291595081
Rice,IND_ANDHRAPRADESH_CHITTOOR,Andhra Pradesh,CHITTOOR,2004,Rabi,2.678995,69177.0,25822.0,0.02964179,78.939397,13.333205,exact_normalised,182,32.112142857142864,17.880549450549445,24.133076923076935,18.270618131868147,2.4071978021978024,94.25,211.00000000000009,1062.8891,62.165054945054926,94.23653846153854,2572.22,14.231593406593419,-116.75000000000009,0.03664150033822924,0.41321858161432545,10.15902084665199
Rice,IND_ANDHRAPRADESH_EASTGODAVARI,Andhra Pradesh,EAST GODAVARI,2004,Kharif,3.312002,743614.0,224521.0,0.10136082,82.14393,17.060053,exact_normalised,183,30.495300546448078,23.80366120218579,26.767759562841555,29.157708743169394,2.3061202185792364,884.1699999999998,623.7399999999997,861.3032999999999,82.68185792349723,99.9365027322404,3068.5000000000005,6.691639344262288,260.4300000000002,0.28814404432132956,0.2806919667590027,12.321728976908853
Rice,IND_ANDHRAPRADESH_EASTGODAVARI,Andhra Pradesh,EAST GODAVARI,2004,Rabi,4.704002,766296.0,162903.0,0.18700087,82.14393,17.060053,exact_normalised,182,32.779010989010985,20.517582417582418,25.888516483516494,23.233909890109896,1.9943406593406598,131.14000000000001,373.32999999999987,995.8115999999994,69.74626373626376,100.48763736263736,2891.7100000000014,12.261428571428567,-242.18999999999986,0.04535032904406042,0.34436772705423396,12.000916349230351
Rice,IND_ANDHRAPRADESH_GUNTUR,Andhra Pradesh,GUNTUR,2004,Kharif,3.468998,833961.0,240404.0,0.10853125,80.143541,16.120193,exact_normalised,183,32.696939890710375,24.1379781420765,28.000273224043728,27.195646448087423,2.8974316939890716,562.6699999999997,473.68000000000023,900.5516000000003,72.24382513661203,99.8408196721311,3294.049999999999,8.558961748633877,88.9899999999995,0.17081404350267906,0.27338734991879315,12.390080280095786
Rice,IND_ANDHRAPRADESH_GUNTUR,Andhra Pradesh,GUNTUR,2004,Rabi,3.337977,70922.0,21247.0,0.02439002,80.143541,16.120193,exact_normalised,182,33.80906593406593,20.920659340659338,26.53906593406593,22.808391208791207,2.4163186813186814,152.47999999999996,275.0600000000001,991.7801000000001,66.15098901098902,100.32467032967033,3010.110000000001,12.88840659340659,-122.58000000000015,0.05065595609462774,0.329483008926584,9.96401805227616
Rice,IND_ANDHRAPRADESH_KARIMNAGAR,Andhra Pradesh,KARIMNAGAR,2004,Kharif,2.260996,147989.0,65453.0,0.02954899,79.416208,18.512553,historical_state_crosswalk,183,32.379180327868866,22.683879781420757,27.01841530054646,25.425790710382522,2.5022950819672127,534.1000000000001,486.40000000000015,905.9735999999998,71.29508196721312,97.825519125683,3114.3700000000035,9.69530054644811,47.69999999999999,0.17149535861185394,0.290901081117529,11.089102884825811
Rice,IND_ANDHRAPRADESH_KARIMNAGAR,Andhra Pradesh,KARIMNAGAR,2004,Rabi,2.770982,50382.0,18182.0,0.02087162,79.416208,18.512553,historical_state_crosswalk,182,33.80263736263732,18.22087912087912,25.564065934065944,16.199338461538453,1.7880769230769233,96.29000000000002,255.20999999999998,1032.5151000000003,51.99620879120881,98.32230769230769,2832.66,15.581758241758202,-158.91999999999996,0.033992784167531584,0.3645037173540066,9.808242370619395
Rice,IND_ANDHRAPRADESH_KHAMMAM,Andhra Pradesh,KHAMMAM,2004,Kharif,2.844003,387848.0,136374.0,0.06156654,80.659158,17.648369,historical_state_crosswalk,183,30.90530054644807,22.75759562841528,26.459617486338786,27.422292349726774,2.079344262295082,793.5500000000002,634.8999999999997,899.3902,79.14262295081967,98.85792349726782,3012.109999999999,8.14770491803279,158.65000000000043,0.26345319394046046,0.29859141930407596,11.823163723135371
Rice,IND_ANDHRAPRADESH_KHAMMAM,Andhra Pradesh,KHAMMAM,2004,Rabi,3.288994,86244.0,26222.0,0.03010096,80.659158,17.648369,historical_state_crosswalk,182,33.25631868131867,18.55142857142856,25.50637362637363,20.27137692307692,1.7749450549450554,131.2,349.46000000000026,1023.4867000000006,63.448131868131846,99.36824175824168,2822.1600000000008,14.704890109890108,-218.26000000000028,0.04648921393542533,0.36266076338690945,10.174392167248598
Rice,IND_ANDHRAPRADESH_KRISHNA,Andhra Pradesh,KRISHNA,2004,Kharif,3.281,804849.0,245306.0,0.11074428,80.888919,16.541648,exact_normalised,183,32.13109289617485,23.87912568306012,27.585300546448092,28.084786338797816,2.406612021857924,672.4999999999995,554.5099999999999,900.5516000000003,76.24,100.165956284153,3218.1100000000024,8.251967213114728,117.98999999999967,0.20897359008859206,0.2798386630662096,12.410265766325358
Rice,IND_ANDHRAPRADESH_KRISHNA,Andhra Pradesh,KRISHNA,2004,Rabi,3.15304,31584.0,10017.0,0.01149879,80.888919,16.541648,exact_normalised,182,34.106758241758236,20.48351648351649,26.481098901098903,23.0162076923077,2.1021428571428564,155.82000000000002,306.4499999999998,991.7801000000001,66.9171978021978,100.67302197802199,2999.5599999999995,13.623241758241747,-150.6299999999998,0.051947618984117684,0.3306418608062517,9.212138753917563
Rice,IND_ANDHRAPRADESH_KURNOOL,Andhra Pradesh,KURNOOL,2004,Kharif,3.428,210702.0,61465.0,0.0277486,77.878833,15.431734,exact_normalised,183,32.08557377049182,21.845027322404373,26.418251366120213,24.645525136612015,3.318032786885243,385.6800000000001,420.0200000000002,986.4926999999999,71.5340983606557,96.87797814207651,3004.540000000002,10.240546448087446,-34.34000000000009,0.12836573984703145,0.32833402118127875,11.026239455390717
Rice,IND_ANDHRAPRADESH_KURNOOL,Andhra Pradesh,KURNOOL,2004,Rabi,3.114032,37549.0,12058.0,0.01384171,77.878833,15.431734,exact_normalised,182,34.715769230769254,19.16516483516484,26.340219780219776,18.15452802197803,2.278076923076924,120.37,172.37999999999997,1084.5408000000002,54.585714285714275,97.22450549450556,2973.9200000000014,15.550604395604413,-52.00999999999996,0.040475197718835725,0.3646839188680259,9.397566548103592
Rice,IND_ANDHRAPRADESH_MAHBUBNAGAR,Andhra Pradesh,MAHBUBNAGAR,2004,Kharif,2.268999,132716.0,58491.0,0.02640597,78.000858,16.644927,historical_state_crosswalk,183,31.35191256830601,21.396557377049195,25.817377049180344,24.021948087431696,3.2139890710382533,446.6400000000001,442.2700000000001,948.7493,71.96180327868855,95.87284153005456,2894.5800000000013,9.955355191256814,4.3700000000000045,0.15430217855440165,0.32776751722184205,10.976645271731769
Rice,IND_ANDHRAPRADESH_MAHBUBNAGAR,Andhra Pradesh,MAHBUBNAGAR,2004,Rabi,2.254997,57083.0,25314.0,0.02905864,78.000858,16.644927,historical_state_crosswalk,182,33.88197802197802,18.26269230769231,25.53170329670331,16.735584065934074,2.2231318681318677,131.44,198.59999999999997,1050.4185000000002,52.569615384615396,96.23928571428576,2826.770000000001,15.619285714285713,-67.15999999999997,0.04649830018006416,0.371596734081655,10.13915238440401
Rice,IND_ANDHRAPRADESH_MEDAK,Andhra Pradesh,MEDAK,2004,Kharif,1.936992,95546.0,49327.0,0.02226885,78.103674,17.887066,historical_state_crosswalk,183,30.685081967213083,21.055136612021865,25.392404371584686,23.602439890710375,2.9846448087431696,559.0300000000004,513.7600000000002,941.3366000000005,72.51158469945354,95.05928961748631,2816.8100000000004,9.629945355191218,45.27000000000021,0.1984620900948237,0.334185337314196,10.806247150125932
Rice,IND_ANDHRAPRADESH_MEDAK,Andhra Pradesh,MEDAK,2004,Rabi,2.202985,28934.0,13134.0,0.01507688,78.103674,17.887066,historical_state_crosswalk,182,33.0270879120879,17.66065934065934,24.755824175824173,14.65136428571429,2.07901098901099,111.29000000000002,249.06000000000003,1054.0384000000004,48.84593406593405,95.46912087912091,2685.56,15.36642857142856,-137.77,0.041440146561611,0.39248365331625445,9.48303570211964
Rice,IND_ANDHRAPRADESH_NALGONDA,Andhra Pradesh,NALGONDA,2004,Kharif,2.818,330836.0,117401.0,0.05300111,79.1666,17.113957,historical_state_crosswalk,183,32.546229508196724,23.01868852459016,27.263551912568293,25.652836065573766,2.7554098360655748,492.1399999999999,460.3500000000001,928.5376999999999,70.81092896174867,98.2493989071038,3159.2299999999996,9.527540983606563,31.789999999999793,0.1557784650057134,0.29391266226263996,11.673359222006154
Rice,IND_ANDHRAPRADESH_NALGONDA,Andhra Pradesh,NALGONDA,2004,Rabi,2.979001,224292.0,75291.0,0.08642862,79.1666,17.113957,historical_state_crosswalk,182,34.02818681318679,19.110384615384607,25.933956043956027,19.070876373626373,1.9197252747252749,126.27,250.08000000000013,1037.9429,58.14082417582412,98.71857142857141,2899.980000000001,14.917802197802185,-123.81000000000013,0.04354167959779032,0.35791381319871163,11.229129166444068
Rice,IND_ANDHRAPRADESH_NIZAMABAD,Andhra Pradesh,NIZAMABAD,2004,Kharif,2.246997,135422.0,60268.0,0.02720821,78.037692,18.417719,historical_state_crosswalk,183,31.33546448087433,21.526174863387972,25.967814207650267,24.03384207650273,2.8224043715846996,567.51,515.42,921.3266000000004,71.44672131147541,95.91672131147536,2922.1099999999983,9.809289617486357,52.09000000000003,0.19421240131275014,0.31529497520627253,11.006573154336786
Rice,IND_ANDHRAPRADESH_NIZAMABAD,Andhra Pradesh,NIZAMABAD,2004,Rabi,2.575988,33815.0,13127.0,0.01506885,78.037692,18.417719,historical_state_crosswalk,182,33.69945054945054,17.980549450549447,25.253791208791213,14.284457692307681,1.998186813186814,96.60000000000002,211.7299999999999,1038.5847999999999,46.58780219780221,96.34884615384617,2776.1900000000014,15.718901098901092,-115.12999999999988,0.034795889330341216,0.3741043660556372,9.482502632769927
Rice,IND_ANDHRAPRADESH_PRAKASAM,Andhra Pradesh,PRAKASAM,2004,Kharif,3.478987,95446.0,27435.0,0.01238563,79.729919,15.616436,exact_normalised,183,32.18218579234972,25.422568306010927,28.536338797814206,27.806614754098344,3.664262295081965,607.03,455.22999999999985,920.3749999999999,71.57983606557376,100.23398907103827,3392.1499999999983,6.759617486338794,151.80000000000013,0.1789514025028375,0.2713249708886695,10.219611298619212
Rice,IND_ANDHRAPRADESH_PRAKASAM,Andhra Pradesh,PRAKASAM,2004,Rabi,3.334004,220491.0,66134.0,0.07591705,79.729919,15.616436,exact_normalised,182,31.878516483516485,22.889230769230775,26.77873626373627,23.92946868131869,3.1960989010989014,158.89000000000001,292.1599999999999,1007.5832,67.99587912087914,100.71549450549445,3053.730000000002,8.98928571428571,-133.2699999999999,0.05203145006271017,0.32995163292105045,11.099453386460148
Rice,IND_ANDHRAPRADESH_SRIKAKULAM,Andhra Pradesh,SRIKAKULAM,2004,Kharif,2.35101,448561.0,190795.0,0.08613509,84.07575,18.697258,exact_normalised,183,29.124535519125686,25.995300546448075,27.447322404371594,30.143020218579235,3.7659562841530034,906.2899999999998,584.9799999999998,868.8371,81.74338797814212,99.94726775956282,3192.8600000000015,3.1292349726776116,321.31000000000006,0.28384896299869067,0.27211875873041713,12.158960073415981
Rice,IND_ANDHRAPRADESH_SRIKAKULAM,Andhra Pradesh,SRIKAKULAM,2004,Rabi,2.61283,5743.0,2198.0,0.00252315,84.07575,18.697258,exact_normalised,182,28.265714285714292,22.509120879120893,25.159725274725265,23.332143406593403,3.3580219780219784,169.06,450.96000000000015,972.8455000000004,71.94076923076922,100.59274725274724,2759.0700000000006,5.7565934065933995,-281.90000000000015,0.06127426995328135,0.35259906417742215,7.695757990554761
Rice,IND_ANDHRAPRADESH_VIZIANAGARAM,Andhra Pradesh,VIZIANAGARAM,2004,Kharif,2.327,291352.0,125205.0,0.05652425,83.359673,18.506317,exact_normalised,183,27.637049180327864,20.727486338797814,23.816557377049172,25.22622513661203,1.95295081967213,1135.0099999999995,659.7500000000001,864.3949000000001,84.68748633879775,94.4796174863388,2528.4299999999994,6.90956284153005,475.2599999999994,0.44889911921627246,0.34187021194970807,11.737715659822532
Rice,IND_ANDHRAPRADESH_VIZIANAGARAM,Andhra Pradesh,VIZIANAGARAM,2004,Rabi,1.678903,3979.0,2370.0,0.00272059,83.359673,18.506317,exact_normalised,182,29.643186813186794,16.488846153846158,22.416263736263744,16.82012747252747,1.5563186813186813,172.3,450.98000000000013,973.1081000000001,64.2065934065934,95.01543956043957,2259.7600000000007,13.154340659340637,-278.6800000000001,0.07624703508337166,0.43062453534888656,7.771067086065406
Rice,IND_ANDHRAPRADESH_WARANGAL,Andhra Pradesh,WARANGAL,2004,Kharif,2.691996,291842.0,108411.0,0.04894254,79.850573,17.980621,historical_state_crosswalk,183,31.67480874316942,22.64032786885246,26.691857923497253,26.24692131147541,2.2508196721311466,638.1999999999997,560.5200000000001,928.5376999999999,74.88830601092896,98.15606557377048,3054.61,9.034480874316962,77.67999999999961,0.20893010891734123,0.30397913317903097,11.593694062967778
Rice,IND_ANDHRAPRADESH_WARANGAL,Andhra Pradesh,WARANGAL,2004,Rabi,2.91699,63920.0,21913.0,0.02515454,79.850573,17.980621,historical_state_crosswalk,182,33.060879120879115,17.947307692307696,25.202857142857145,18.140227472527474,1.756538461538462,113.63,341.16999999999996,1037.9429,58.72697802197805,98.65840659340658,2766.9199999999996,15.113571428571419,-227.53999999999996,0.04106732395587874,0.37512573547482403,9.99488098096534
Rice,IND_ANDHRAPRADESH_WESTGODAVARI,Andhra Pradesh,WEST GODAVARI,2004,Kharif,3.447999,842122.0,244235.0,0.11026077,81.315692,16.847574,exact_normalised,183,30.671530054644826,23.245027322404383,26.575792349726775,28.39030163934428,2.1253551912568294,837.54,622.7599999999996,895.0838999999993,81.44311475409836,99.4561202185792,3033.37,7.4265027322404435,214.7800000000003,0.2761087503337872,0.2950790375061398,12.40589024994088
Rice,IND_ANDHRAPRADESH_WESTGODAVARI,Andhra Pradesh,WEST GODAVARI,2004,Rabi,4.594,807446.0,175761.0,0.20176092,81.315692,16.847574,exact_normalised,182,33.461978021978034,19.660329670329673,25.81807692307691,22.48731318681317,1.829340659340659,141.55000000000004,340.29999999999995,996.7950000000001,68.0359340659341,99.97950549450552,2878.889999999999,13.80164835164836,-198.74999999999991,0.049168255820819864,0.3462428227546035,12.076886086147141
Rice,IND_KARNATAKA_BANGALORERURAL,Karnataka,BANGALORE RURAL,2004,Kharif,2.774043,23768.0,8568.0,0.00812086,77.614728,13.177348,exact_normalised,183,26.858032786885232,18.67508196721311,22.184699453551914,22.260100546448086,3.271693989071037,707.5699999999995,636.6299999999998,976.6324000000004,83.14672131147543,91.63382513661199,2229.8,8.182950819672122,70.93999999999971,0.31732442371513114,0.4379910305857029,9.055906318669118
Rice,IND_KARNATAKA_BANGALORERURAL,Karnataka,BANGALORE RURAL,2004,Rabi,3.4,17.0,5.0,0.000114,77.614728,13.177348,exact_normalised,182,32.014780219780235,16.947802197802194,23.81538461538462,16.204133516483516,2.4476923076923076,89.45000000000003,203.85000000000014,1095.5657000000003,56.168791208791205,91.83598901098898,2514.399999999999,15.066978021978041,-114.4000000000001,0.03557508749602293,0.4357165526566977,1.791759469228055
Rice,IND_KARNATAKA_BANGALORERURAL,Karnataka,BANGALORE RURAL,2004,Summer,4.47375,3579.0,800.0,0.00382305,77.614728,13.177348,exact_normalised,122,32.404344262295076,20.286229508196715,25.938442622950813,19.706024590163928,3.109262295081967,316.22999999999996,207.10000000000005,780.5268999999995,60.73959016393443,91.57270491803278,1944.490000000001,12.118114754098361,109.12999999999991,0.1626287612690216,0.40140442995335496,6.68586094706836
Rice,IND_KARNATAKA_BIDAR,Karnataka,BIDAR,2004,Kharif,0.437055,3496.0,7999.0,0.00758155,77.219591,17.954256,exact_normalised,183,30.523551912568294,20.567377049180326,25.036994535519135,23.407666666666668,3.0295628415300544,619.5399999999996,565.8699999999999,922.7490999999998,73.27737704918027,94.63879781420768,2751.7700000000004,9.956174863387968,53.66999999999973,0.22514236291550513,0.33532929714329307,8.987196820661973
Rice,IND_KARNATAKA_CHITRADURGA,Karnataka,CHITRADURGA,2004,Kharif,1.947546,6943.0,3565.0,0.00337895,76.575818,14.279313,exact_normalised,183,30.693715846994543,20.656174863387985,24.938688524590166,23.257958469945365,4.1640983606557365,307.69000000000005,373.4500000000002,974.4024999999999,73.52999999999999,94.58579234972674,2733.7799999999984,10.037540983606558,-65.76000000000016,0.11255111969507431,0.35643047355676044,8.179199798423086
Rice,IND_KARNATAKA_CHITRADURGA,Karnataka,CHITRADURGA,2004,Rabi,4.127962,2613.0,633.0,0.01443196,76.575818,14.279313,exact_normalised,182,33.64620879120876,18.41280219780219,25.552472527472542,16.15782802197802,2.5069780219780236,71.25,137.65999999999994,1115.7924,50.132417582417574,94.84137362637364,2830.5499999999997,15.233406593406567,-66.40999999999994,0.02517178640193602,0.39419632226952367,6.452048954437226
Rice,IND_KARNATAKA_CHITRADURGA,Karnataka,CHITRADURGA,2004,Summer,3.217304,1599.0,497.0,0.00237507,76.575818,14.279313,exact_normalised,122,34.54213114754099,22.18360655737704,28.030983606557363,20.83238524590163,3.5905737704918033,239.07000000000005,195.88999999999996,794.0596999999999,56.50081967213116,94.50459016393444,2199.78,12.358524590163952,43.18000000000009,0.10867904972315415,0.3609723245051777,6.210600077024653
Rice,IND_KARNATAKA_DAKSHINAKANNADA,Karnataka,DAKSHINA KANNADA,2004,Kharif,2.270514,76396.0,33647.0,0.03189105,75.204445,12.828777,exact_normalised,183,27.885901639344265,24.000765027322394,25.716065573770493,28.20878797814209,2.312896174863386,2576.0800000000004,832.4000000000004,825.7812,85.35502732240435,99.1060655737705,2876.040000000001,3.8851366120218707,1743.6799999999998,0.8957038149678028,0.2871243793549463,10.42370889794248
Rice,IND_KARNATAKA_DAKSHINAKANNADA,Karnataka,DAKSHINA KANNADA,2004,Rabi,3.298574,76108.0,23073.0,0.5260482,75.204445,12.828777,exact_normalised,182,32.263131868131865,23.30505494505494,27.275824175824173,23.738656593406596,1.6567032967032975,77.53999999999999,356.85,1066.3971000000004,65.33428571428571,99.22642857142858,3144.199999999999,8.958076923076923,-279.31000000000006,0.024661281088989257,0.3391632529737296,10.046461721487235
Rice,IND_KARNATAKA_DAKSHINAKANNADA,Karnataka,DAKSHINA KANNADA,2004,Summer,3.226157,6833.0,2118.0,0.01012153,75.204445,12.828777,exact_normalised,122,31.514590163934447,25.523606557377043,28.00868852459016,28.397389344262297,2.3689344262295076,1391.4599999999998,294.03000000000003,643.4216999999998,75.8901639344262,99.01270491803282,2197.06,5.990983606557403,1097.4299999999998,0.633328174924672,0.29285577089383075,7.6586995582682995
Rice,IND_KARNATAKA_DHARWAD,Karnataka,DHARWAD,2004,Kharif,0.655505,15485.0,23623.0,0.02239017,75.127326,15.336898,exact_normalised,183,28.54546448087432,20.00366120218579,23.567267759562835,23.412445355191263,3.4109289617486342,681.7299999999997,631.2700000000003,931.5584999999999,80.31158469945352,93.89153005464483,2482.81,8.54180327868853,50.459999999999354,0.27458001216363703,0.37520329787619666,10.07001842342376
Rice,IND_KARNATAKA_DHARWAD,Karnataka,DHARWAD,2004,Summer,4.450495,899.0,202.0,0.00096532,75.127326,15.336898,exact_normalised,122,34.51401639344265,21.60713114754097,27.46475409836066,21.118457377049186,2.906393442622951,360.1800000000001,196.94,770.5785,59.653114754098375,93.81360655737706,2130.7000000000007,12.906885245901684,163.24000000000012,0.16904303749941332,0.36165508987656625,5.313205979041787
Rice,IND_KARNATAKA_GADAG,Karnataka,GADAG,2004,Kharif,2.061856,1400.0,679.0,0.00064356,75.653119,15.508228,exact_normalised,183,30.290382513661186,20.380983606557358,24.536120218579224,22.97287650273226,4.005573770491803,415.72999999999956,441.1599999999998,931.5584999999999,74.34650273224041,94.0875956284153,2660.110000000001,9.909398907103828,-25.430000000000234,0.15628301085293442,0.35019548063801853,6.522092798170152
Rice,IND_KARNATAKA_GADAG,Karnataka,GADAG,2004,Summer,4.040663,2683.0,664.0,0.00317313,75.653119,15.508228,exact_normalised,122,35.29155737704917,22.084262295081963,28.250163934426222,20.131946721311472,3.4091803278688526,224.94999999999993,166.35999999999999,770.5785,54.25770491803282,94.00393442622955,2226.52,13.20729508196721,58.58999999999995,0.10103210391103602,0.3460909850349424,6.499787040655854
Rice,IND_KARNATAKA_HASSAN,Karnataka,HASSAN,2004,Kharif,2.498502,128438.0,51406.0,0.04872325,76.105719,12.951423,exact_normalised,183,25.78983606557377,18.45546448087433,21.563606557377057,22.330183060109295,2.746939890710383,1093.7599999999995,740.3200000000007,920.0099999999994,86.54469945355193,91.31300546448091,2116.14,7.33437158469944,353.4399999999988,0.5168656138062697,0.4347585698488755,10.847529628941109
Rice,IND_KARNATAKA_HASSAN,Karnataka,HASSAN,2004,Rabi,4.110791,2857.0,695.0,0.01584551,76.105719,12.951423,exact_normalised,182,31.43763736263735,16.68631868131867,23.44615384615386,15.973054945054942,1.6763736263736262,67.73000000000005,281.8600000000002,1089.2518000000005,56.01554945054947,91.48269230769228,2447.2,14.75131868131868,-214.13000000000014,0.0276765282772148,0.4451012585812359,6.54534966033442
Rice,IND_KARNATAKA_HASSAN,Karnataka,HASSAN,2004,Summer,3.732225,4042.0,1083.0,0.00517545,76.105719,12.951423,exact_normalised,122,30.997950819672127,20.11680327868853,25.078770491803283,20.267590163934425,2.4836885245901623,624.5000000000001,259.1499999999999,727.0305999999999,65.67950819672132,91.2534426229508,1839.609999999999,10.881147540983598,365.3500000000002,0.3394741276683647,0.39520909323171777,6.988413181999592
Rice,IND_KARNATAKA_HAVERI,Karnataka,HAVERI,2004,Kharif,1.291994,43973.0,34035.0,0.0322588,75.395405,14.743146,exact_normalised,183,28.279999999999998,20.163989071038262,23.551475409836073,23.938007103825125,3.5968306010929,1087.98,660.4100000000007,937.9159000000001,82.28464480874311,94.24251366120212,2479.92,8.116010928961735,427.56999999999937,0.4387157650246782,0.3782040952933966,10.435174066969449
Rice,IND_KARNATAKA_HAVERI,Karnataka,HAVERI,2004,Summer,4.473459,14664.0,3278.0,0.01566495,75.395405,14.743146,exact_normalised,122,33.624098360655736,21.789344262295085,27.153606557377053,21.93411229508197,3.1880327868852465,555.4899999999999,242.43,760.9922999999999,63.1490163934426,94.16040983606558,2092.74,11.834754098360651,313.0599999999999,0.26543670021120636,0.3636344218584248,8.095293776844649
Rice,IND_KARNATAKA_KODAGU,Karnataka,KODAGU,2004,Kharif,2.337014,84247.0,36049.0,0.03416769,75.777469,12.406712,exact_normalised,183,25.722732240437175,20.227759562841523,22.53918032786885,24.722919672131166,0.7911475409836067,2161.36,871.4499999999999,825.7812,90.38622950819672,94.32240437158465,2294.6700000000005,5.494972677595651,1289.9100000000003,0.9419045004292554,0.35986926224685895,10.492662142713096
Rice,IND_KARNATAKA_KODAGU,Karnataka,KODAGU,2004,Rabi,3.36,84.0,25.0,0.00056998,75.777469,12.406712,exact_normalised,182,31.713516483516468,18.84510989010989,24.492747252747236,19.87774120879121,0.5304395604395606,102.93999999999998,384.3100000000001,1066.3971000000004,64.89412087912088,94.43785714285714,2637.680000000001,12.86840659340658,-281.3700000000001,0.03902672045130567,0.4042935837554214,3.258096538021482
Rice,IND_KARNATAKA_KODAGU,Karnataka,KODAGU,2004,Summer,4.323224,4989.0,1154.0,0.00551475,75.777469,12.406712,exact_normalised,122,30.741885245901617,21.664590163934413,25.47122950819672,24.156076229508198,0.7071311475409838,1281.7800000000004,304.37,643.4216999999998,75.67073770491803,94.24918032786888,1887.4900000000002,9.077295081967204,977.4100000000004,0.679092339562064,0.3408874749005291,7.051855622955894
Rice,IND_KARNATAKA_KOLAR,Karnataka,KOLAR,2004,Kharif,2.375072,16559.0,6972.0,0.00660815,78.192771,13.111229,exact_normalised,183,27.300109289617513,19.07065573770491,22.616994535519108,22.555752459016386,3.4060655737704897,729.3499999999998,624.3499999999998,969.3237999999997,82.1866120218579,92.11693989071046,2308.9100000000008,8.229453551912602,105.0,0.3158849846897452,0.4198187889523625,8.84980082722101
Rice,IND_KARNATAKA_KOLAR,Karnataka,KOLAR,2004,Summer,4.472934,1570.0,351.0,0.00167736,78.192771,13.111229,exact_normalised,122,32.66377049180327,20.531721311475422,26.127704918032777,20.218386885245895,3.1621311475409826,324.11999999999995,220.3100000000001,779.3156000000004,61.259754098360645,92.06975409836066,1967.5800000000002,12.132049180327847,103.80999999999986,0.16473027780318966,0.39607822807713045,5.863631175598097
Rice,IND_KARNATAKA_KOPPAL,Karnataka,KOPPAL,2004,Kharif,3.106499,125369.0,40357.0,0.03825087,76.159107,15.65316,exact_normalised,183,31.148797814207633,20.796557377049176,25.239890710382507,23.15076885245902,3.969890710382512,362.5499999999999,395.3799999999998,965.2832999999996,71.82928961748631,94.73502732240438,2788.900000000001,10.352240437158457,-32.82999999999993,0.12999749004984035,0.3461161389795257,10.60554491922583
Rice,IND_KARNATAKA_KOPPAL,Karnataka,KOPPAL,2004,Summer,5.168733,114229.0,22100.0,0.10561176,76.159107,15.65316,exact_normalised,122,35.73122950819672,22.45344262295082,28.71475409836065,20.287728688524588,3.378196721311475,207.83,175.61000000000004,791.5890999999999,52.960245901639354,94.64885245901641,2283.199999999999,13.277786885245899,32.21999999999997,0.09102575332866157,0.34670160301331476,10.003378135350923
Rice,IND_KARNATAKA_MANDYA,Karnataka,MANDYA,2004,Kharif,3.382003,243927.0,72125.0,0.06836098,76.815323,12.58214,exact_normalised,183,27.417759562841518,19.249890710382513,22.72775956284153,23.168186885245905,3.026885245901639,703.3800000000001,670.6700000000004,920.0099999999994,83.70928961748633,92.99786885245902,2329.179999999999,8.167868852459005,32.709999999999695,0.30198610669849496,0.394993087696099,11.186169868532309
Rice,IND_KARNATAKA_MANDYA,Karnataka,MANDYA,2004,Rabi,4.135294,703.0,170.0,0.00387588,76.815323,12.58214,exact_normalised,182,33.2901098901099,18.126153846153848,25.069835164835176,16.55463846153846,2.0360439560439563,84.69000000000001,166.4700000000001,1089.2518000000005,52.9152197802198,93.17434065934066,2742.710000000001,15.163956043956055,-81.7800000000001,0.030878218987789443,0.39714435722333025,5.14166355650266
Rice,IND_KARNATAKA_MANDYA,Karnataka,MANDYA,2004,Summer,4.830744,95156.0,19698.0,0.09413305,76.815323,12.58214,exact_normalised,122,32.62106557377047,21.19196721311475,26.45,20.793059836065574,2.7038524590163933,379.85999999999973,241.41999999999993,727.0305999999999,62.43696721311477,92.922131147541,2006.9,11.429098360655722,138.4399999999998,0.18927699436942533,0.3622654840799242,9.888323152016355
Rice,IND_KARNATAKA_RAICHUR,Karnataka,RAICHUR,2004,Kharif,2.679004,240663.0,89833.0,0.08514484,76.856624,16.041451,exact_normalised,183,32.24382513661201,21.439781420765033,26.27169398907103,23.723249180327862,3.598087431693984,385.1699999999998,408.73999999999995,961.5109000000001,69.23475409836067,96.01693989071042,2977.7200000000007,10.804043715846976,-23.570000000000164,0.1293506441169753,0.32290171674972795,11.40571880178582
Rice,IND_KARNATAKA_RAICHUR,Karnataka,RAICHUR,2004,Rabi,3.372973,1872.0,555.0,0.01265361,76.856624,16.041451,exact_normalised,182,34.86747252747252,18.77582417582417,26.41565934065934,15.555941208791207,2.2192857142857143,82.36999999999999,118.91000000000007,1084.2921999999999,46.31335164835164,96.33043956043954,2987.650000000001,16.091648351648352,-36.54000000000008,0.02757016384114604,0.362924773651532,6.320768294250582
Rice,IND_KARNATAKA_RAICHUR,Karnataka,RAICHUR,2004,Summer,3.032383,53376.0,17602.0,0.08411666,76.856624,16.041451,exact_normalised,122,36.69352459016394,23.177540983606562,29.702622950819666,20.40373934426229,3.146229508196721,212.90999999999988,197.85999999999999,793.0796999999998,50.3893442622951,95.92237704918031,2403.72,13.515983606557377,15.049999999999898,0.08857520842693821,0.329938470370925,9.775824621045972
Rice,IND_KARNATAKA_UDUPI,Karnataka,UDUPI,2004,Kharif,2.422495,124492.0,51390.0,0.04870808,74.873401,13.413125,exact_normalised,183,27.127978142076504,22.610437158469967,24.55415300546447,26.54525792349726,2.014426229508197,2472.2800000000007,822.7199999999998,879.2317999999999,86.02491803278689,96.87032786885248,2663.4099999999994,4.517540983606537,1649.5600000000009,0.9282386114041778,0.3301150780390552,10.847218338835674
Rice,IND_KARNATAKA_UDUPI,Karnataka,UDUPI,2004,Rabi,3.185023,34153.0,10723.0,0.24447687,74.873401,13.413125,exact_normalised,182,31.332417582417573,21.017307692307693,25.653186813186814,21.87281813186813,1.3582967032967035,61.44000000000001,481.03000000000003,1106.5875999999998,66.15417582417584,96.9998901098901,2848.8799999999997,10.31510989010988,-419.59000000000003,0.021566369941871902,0.3884289966583359,9.28023949935585
Rice,IND_KARNATAKA_UDUPI,Karnataka,UDUPI,2004,Summer,4.474576,792.0,177.0,0.00084585,74.873401,13.413125,exact_normalised,122,31.146885245901654,23.948032786885232,26.957049180327864,26.537341803278682,1.9331147540983606,1274.82,322.69999999999993,690.9160999999999,75.47459016393445,96.78540983606563,2068.7599999999998,7.198852459016422,952.12,0.6162242116050195,0.3339759566116901,5.181783550292085
Rice,IND_KARNATAKA_UTTARAKANNADA,Karnataka,UTTARA KANNADA,2004,Kharif,1.776499,139814.0,78702.0,0.07459474,74.525531,14.70572,exact_normalised,183,28.088907103825125,24.425355191256816,25.997377049180304,28.07043224043715,2.7132786885245905,1670.2399999999993,891.0300000000002,881.2250999999999,83.4710928961748,99.03699453551913,2927.5200000000004,3.663551912568309,779.2099999999991,0.5705306880909435,0.301014203148057,11.273436553119883
Rice,IND_KARNATAKA_UTTARAKANNADA,Karnataka,UTTARA KANNADA,2004,Rabi,3.142788,6493.0,2066.0,0.04710335,74.525531,14.70572,exact_normalised,182,31.422857142857154,23.105714285714278,26.779890109890108,23.49303516483517,1.9784065934065926,46.46,530.31,1125.5077000000003,66.30912087912093,99.21208791208792,3053.94,8.317142857142876,-483.84999999999997,0.015213134508209068,0.3685428331925317,7.633853559681768
Rice,IND_KARNATAKA_UTTARAKANNADA,Karnataka,UTTARA KANNADA,2004,Summer,3.218334,4599.0,1429.0,0.00682892,74.525531,14.70572,exact_normalised,122,31.08647540983606,25.646885245901633,27.883688524590173,28.61159590163934,2.493114754098362,803.7599999999996,346.6099999999998,719.0504999999999,76.5056557377049,98.95188524590169,2181.8099999999995,5.439590163934426,457.14999999999986,0.3683913814676804,0.32956604837268144,7.265429723253953
Rice,IND_TAMILNADU_COIMBATORE,Tamil Nadu,COIMBATORE,2004,Kharif,3.378091,24454.0,7239.0,0.00386529,76.942425,10.900215,exact_normalised,183,27.062950819672103,20.314316939890723,23.130655737704927,24.679680874316944,2.5775956284152994,934.9099999999999,688.4799999999998,845.9215000000004,87.08502732240434,94.91661202185787,2402.9100000000017,6.74863387978138,246.43000000000006,0.38907408101010826,0.35204044262997775,8.887376485379763
Rice,IND_TAMILNADU_CUDDALORE,Tamil Nadu,CUDDALORE,2004,Kharif,2.754841,315702.0,114599.0,0.06119055,79.398376,11.549058,exact_normalised,183,32.177595628415304,24.15999999999999,27.731967213114743,27.8588426229508,2.95103825136612,937.3499999999997,599.6,939.7199000000003,75.50387978142079,100.15868852459019,3244.9500000000035,8.017595628415314,337.74999999999966,0.28886423519622756,0.2895945700241912,11.649203083262776
Rice,IND_TAMILNADU_DHARMAPURI,Tamil Nadu,DHARMAPURI,2004,Kharif,2.771685,38568.0,13915.0,0.00742996,78.208849,12.106543,exact_normalised,183,29.463224043715826,20.627650273224067,24.570054644808735,24.564563934426264,2.37846994535519,806.4699999999999,619.1999999999999,940.8478,79.79890710382512,95.47628415300542,2666.3199999999997,8.83557377049176,187.26999999999998,0.3024655705241681,0.3528637972936482,9.540794536271832
Rice,IND_TAMILNADU_DINDIGUL,Tamil Nadu,DINDIGUL,2004,Kharif,3.530312,74246.0,21031.0,0.01122958,77.770431,10.376407,exact_normalised,183,28.54622950819672,20.6468306010929,23.975081967213104,24.065496721311458,3.2122950819672114,785.8000000000002,550.1400000000001,925.6059999999998,80.89803278688525,95.15994535519125,2557.4399999999987,7.899398907103819,235.66000000000008,0.30726038538538564,0.36192677052052064,9.953800366409718
Rice,IND_TAMILNADU_ERODE,Tamil Nadu,ERODE,2004,Kharif,3.907113,216247.0,55347.0,0.02955273,77.349132,11.479934,exact_normalised,183,30.50202185792349,21.191530054644808,25.195956284153027,24.401390710382504,1.8806010928961745,639.8699999999997,541.4800000000001,943.9641000000001,76.48109289617481,96.20754098360659,2780.8600000000006,9.310491803278683,98.38999999999953,0.23009788338859186,0.33945042181195745,10.921395803789276
Rice,IND_TAMILNADU_KANNIYAKUMARI,Tamil Nadu,KANNIYAKUMARI,2004,Kharif,3.928325,86486.0,22016.0,0.01175552,77.370026,8.292621,exact_normalised,183,27.432513661202194,22.361092896174856,24.444808743169407,27.597029508196712,3.268032786885246,1279.8,751.9299999999998,924.8977000000001,90.0215300546448,98.04103825136613,2643.4000000000005,5.071420765027337,527.8700000000001,0.4841492017855791,0.3498894227131724,9.999570161213173
Rice,IND_TAMILNADU_KARUR,Tamil Nadu,KARUR,2004,Kharif,2.97691,54278.0,18233.0,0.00973558,78.090802,10.786735,exact_normalised,183,31.506338797814216,22.274754098360663,26.30459016393443,26.002190163934422,2.899016393442623,738.9499999999997,537.2300000000001,971.6474999999992,76.44202185792349,98.41224043715854,2983.74,9.231584699453553,201.71999999999957,0.2476589783292109,0.3256475095014979,9.811043262144848
Rice,IND_TAMILNADU_KRISHNAGIRI,Tamil Nadu,KRISHNAGIRI,2004,Kharif,2.568331,45254.0,17620.0,0.00940826,78.043393,12.472753,exact_normalised,183,28.20426229508197,19.844043715846993,23.500054644808728,23.655371584699445,3.0469945355191257,799.2900000000003,640.8799999999995,940.8478,81.79601092896178,93.84803278688524,2470.51,8.360218579234978,158.41000000000076,0.3235323880494312,0.38083140728027814,9.77684665156873
Rice,IND_TAMILNADU_MADURAI,Tamil Nadu,MADURAI,2004,Kharif,3.256411,196583.0,60368.0,0.03223371,78.006559,9.898005,exact_normalised,183,30.7683606557377,22.300655737704908,26.002459016393438,26.429180874316934,2.1365573770491815,1009.3599999999998,639.0199999999999,985.6644000000001,79.00081967213114,98.40224043715847,2928.4500000000007,8.46770491803279,370.3399999999999,0.34467380354795185,0.3365822875582646,11.008231007134478
Rice,IND_TAMILNADU_NAMAKKAL,Tamil Nadu,NAMAKKAL,2004,Kharif,3.184362,28793.0,9042.0,0.00482801,78.154921,11.347699,exact_normalised,183,30.96568306010927,21.582732240437156,25.75245901639344,25.441190163934415,2.3759562841530064,764.8499999999999,577.9300000000001,941.1352999999993,77.2313661202186,97.28863387978141,2882.6999999999985,9.382950819672114,186.91999999999985,0.2653241752523677,0.32647701807333396,9.10974625674048
Rice,IND_TAMILNADU_PERAMBALUR,Tamil Nadu,PERAMBALUR,2004,Kharif,2.336865,108510.0,46434.0,0.0247936,78.858963,11.25245,exact_normalised,183,30.940382513661188,22.072404371584703,25.999289617486337,25.76346830601093,2.7116939890710396,806.65,578.2399999999996,941.1352999999993,77.21120218579232,97.56584699453552,2927.869999999997,8.867978142076485,228.41000000000042,0.2755074508089501,0.321440262033492,10.745808764210109
Rice,IND_TAMILNADU_PUDUKKOTTAI,Tamil Nadu,PUDUKKOTTAI,2004,Kharif,2.948751,277277.0,94032.0,0.05020872,78.872829,10.352982,exact_normalised,183,32.01540983606558,23.364590163934437,27.190655737704926,27.10512732240436,2.7980327868852464,821.6800000000006,538.07,971.6474999999992,75.85677595628415,99.75431693989073,3145.8900000000017,8.650819672131142,283.6100000000006,0.26119158648268065,0.30886251585401864,11.45140106347344
Rice,IND_TAMILNADU_RAMANATHAPURAM,Tamil Nadu,RAMANATHAPURAM,2004,Kharif,2.011737,254700.0,126607.0,0.06760226,78.817623,9.423787,exact_normalised,183,30.380163934426257,24.570437158469947,27.113989071038244,29.359168306010943,3.8157377049180328,978.56,609.1199999999998,985.6644000000001,81.99732240437156,100.57404371584697,3131.86,5.80972677595631,369.44000000000017,0.3124533025103293,0.314721730856424,11.748850977848974
Rice,IND_TAMILNADU_SALEM,Tamil Nadu,SALEM,2004,Kharif,3.538895,96626.0,27304.0,0.01457907,78.256113,11.628258,exact_normalised,183,30.96568306010927,21.582732240437156,25.75245901639344,25.441190163934415,2.3759562841530064,764.8499999999999,577.9300000000001,941.1352999999993,77.2313661202186,97.28863387978141,2882.6999999999985,9.382950819672114,186.91999999999985,0.2653241752523677,0.32647701807333396,10.214825114586255
Rice,IND_TAMILNADU_SIVAGANGA,Tamil Nadu,SIVAGANGA,2004,Kharif,2.108679,179535.0,85141.0,0.04546134,78.568693,9.944223,exact_normalised,183,31.500382513661187,23.6651912568306,27.138852459016398,27.913836065573765,2.7667213114754072,915.5299999999996,568.1300000000002,985.6644000000001,78.17245901639345,99.99284153005466,3136.41,7.835191256830587,347.3999999999994,0.2919038008423643,0.31426516303672036,11.352075729827407
Rice,IND_TAMILNADU_THANJAVUR,Tamil Nadu,THANJAVUR,2004,Kharif,2.735374,439323.0,160608.0,0.08575722,79.260887,10.579191,exact_normalised,183,31.49710382513662,24.95540983606557,27.89994535519126,28.550398907103826,3.4150273224043723,902.1299999999999,536.1099999999999,941.5592000000006,76.58459016393445,100.55234972677594,3275.6900000000014,6.5416939890710495,366.02,0.27540151845870625,0.28743843281873444,11.986728118775185
Rice,IND_TAMILNADU_THENILGIRIS,Tamil Nadu,THE NILGIRIS,2004,Kharif,3.300762,4763.0,1443.0,0.0007705,76.648605,11.435308,exact_normalised,183,26.38076502732241,18.971202185792354,22.057868852459006,22.699721857923503,2.389945355191255,786.1999999999997,639.7300000000002,861.3946000000001,85.48912568306011,92.27136612021852,2206.59,7.409562841530057,146.46999999999946,0.35629636679219956,0.3903736534653017,7.275172319452771
Rice,IND_TAMILNADU_THENI,Tamil Nadu,THENI,2004,Kharif,4.033303,67094.0,16635.0,0.00888232,77.429172,9.916685,exact_normalised,183,26.54218579234972,19.271639344262304,22.3675956284153,23.083820765027323,1.9580327868852456,1120.94,701.3799999999998,881.1475999999999,85.3974863387978,93.09398907103824,2263.269999999998,7.270546448087416,419.5600000000003,0.4952745364008717,0.38932500320332997,9.719324300862802
Rice,IND_TAMILNADU_THIRUVALLUR,Tamil Nadu,THIRUVALLUR,2004,Kharif,2.995265,199886.0,66734.0,0.03563286,79.941464,13.24923,exact_normalised,183,31.558360655737726,24.975136612021867,27.923879781420748,28.731176502732247,3.2259016393442637,1035.2,591.0499999999998,927.9652000000002,76.61584699453552,100.21169398907107,3280.07,6.583224043715859,444.1500000000002,0.31560302066724183,0.2829101817949008,11.108484831908251
Rice,IND_TAMILNADU_THIRUVARUR,Tamil Nadu,THIRUVARUR,2004,Kharif,1.613675,239805.0,148608.0,0.07934977,79.587842,10.561873,exact_normalised,183,31.49710382513662,24.95540983606557,27.89994535519126,28.550398907103826,3.4150273224043723,902.1299999999999,536.1099999999999,941.5592000000006,76.58459016393445,100.55234972677594,3275.6900000000014,6.5416939890710495,366.02,0.27540151845870625,0.28743843281873444,11.909073974707702
Rice,IND_TAMILNADU_TIRUCHIRAPPALLI,Tamil Nadu,TIRUCHIRAPPALLI,2004,Kharif,3.303371,205397.0,62178.0,0.03320017,78.555677,10.845397,exact_normalised,183,31.77300546448086,22.868852459016384,26.785737704918027,26.515128961748626,2.958633879781422,783.8599999999999,547.2900000000004,971.6474999999992,75.94863387978145,98.99852459016391,3071.79,8.904153005464476,236.56999999999948,0.2551802043759501,0.31631312687390717,11.037772601141834
Rice,IND_TAMILNADU_TIRUNELVELI,Tamil Nadu,TIRUNELVELI,2004,Kharif,4.133499,358920.0,86832.0,0.04636426,77.568767,8.838215,exact_normalised,183,27.82311475409839,21.806338797814206,24.36169398907102,27.327428961748637,2.698852459016394,1355.3799999999997,782.9100000000004,924.8977000000001,89.57961748633876,98.13081967213118,2628.189999999999,6.016775956284185,572.4699999999992,0.5157085294442183,0.35191432126292255,11.371742012728488
Rice,IND_TAMILNADU_TIRUVANNAMALAI,Tamil Nadu,TIRUVANNAMALAI,2004,Kharif,2.829028,330487.0,116820.0,0.06237646,79.247289,12.432454,exact_normalised,183,31.51639344262296,23.011420765027317,26.772349726775946,27.245284699453553,2.5042076502732233,946.9700000000001,641.6099999999993,941.7517,77.91213114754102,98.95967213114751,3069.339999999999,8.504972677595642,305.3600000000008,0.30852561136921963,0.30682547388037834,11.668398127735713
Rice,IND_TAMILNADU_VELLORE,Tamil Nadu,VELLORE,2004,Kharif,3.066261,90145.0,29399.0,0.0156977,79.042643,12.783542,exact_normalised,183,29.106612021857924,20.610655737704917,24.338360655737706,24.3206775956284,2.930000000000001,743.34,647.6400000000002,941.7517,80.08459016393438,94.87754098360654,2623.919999999999,8.495956284153007,95.69999999999982,0.283293697978597,0.3589102182993385,10.288749953326773
Rice,IND_ANDHRAPRADESH_ADILABAD,Andhra Pradesh,ADILABAD,2005,Kharif,2.571994,178198.0,69284.0,0.02742717,78.785443,19.287834,historical_state_crosswalk,183,30.34180327868854,21.738306010928977,25.761530054644815,25.23364972677596,2.442459016393443,1083.7199999999993,698.03,869.9062,77.29737704918031,96.8016393442623,2884.3600000000015,8.603497267759565,385.6899999999994,0.37572286399755883,0.30159418380507275,11.145983711532816
Rice,IND_ANDHRAPRADESH_ADILABAD,Andhra Pradesh,ADILABAD,2005,Rabi,2.386013,22586.0,9466.0,0.00650297,78.785443,19.287834,historical_state_crosswalk,181,34.48773480662984,18.20149171270719,25.855027624309397,13.112316574585632,1.8166850828729293,94.89,125.12000000000005,1001.0464000000004,40.42651933701657,97.41530386740335,2869.7599999999998,16.28624309392265,-30.230000000000047,0.033065482827832296,0.34882582515611077,9.15556734612889
Rice,IND_ANDHRAPRADESH_ANANTAPUR,Andhra Pradesh,ANANTAPUR,2005,Kharif,2.797985,69972.0,25008.0,0.00989981,77.464996,14.311236,exact_normalised,183,29.396721311475396,21.333224043715838,24.89524590163934,25.01524590163936,3.411311475409834,712.4499999999998,539.1099999999999,925.4753000000003,79.3918032786885,95.72311475409839,2725.8300000000017,8.063497267759558,173.33999999999992,0.2613699313603561,0.3395205497041267,10.126991039065885
Rice,IND_ANDHRAPRADESH_ANANTAPUR,Andhra Pradesh,ANANTAPUR,2005,Rabi,2.401996,55587.0,23142.0,0.01589813,77.464996,14.311236,exact_normalised,181,34.35972375690607,19.496906077348065,26.488066298342552,17.18008729281768,2.596961325966851,45.0,74.24999999999999,1075.0893999999998,50.80149171270719,96.12022099447519,2984.3399999999992,14.862817679558006,-29.249999999999986,0.015078710870745294,0.3602436049511785,10.049447637979663
Rice,IND_ANDHRAPRADESH_CHITTOOR,Andhra Pradesh,CHITTOOR,2005,Kharif,2.288978,37173.0,16240.0,0.00642886,78.939397,13.333205,exact_normalised,183,28.55956284153005,20.5031693989071,24.08081967213115,23.935455737704924,3.0306557377049175,963.8600000000001,544.7400000000001,905.8628,80.02994535519129,93.83158469945351,2576.7900000000013,8.056393442622948,419.12,0.37405454072702843,0.35154700227802793,9.695294188174604
Rice,IND_ANDHRAPRADESH_CHITTOOR,Andhra Pradesh,CHITTOOR,2005,Rabi,2.917997,193612.0,66351.0,0.04558192,78.939397,13.333205,exact_normalised,181,31.24381215469612,17.894198895027618,23.653425414364637,19.257407734806627,2.364696132596684,139.05999999999995,270.61999999999995,1032.3932000000004,66.86867403314913,94.2740883977901,2471.2700000000013,13.349613259668502,-131.56,0.05627066245290877,0.4177581567372241,11.102729182486163
Rice,IND_ANDHRAPRADESH_EASTGODAVARI,Andhra Pradesh,EAST GODAVARI,2005,Kharif,1.603999,348727.0,217411.0,0.0860656,82.14393,17.060053,exact_normalised,183,30.6783606557377,24.234535519125682,27.093661202185817,29.460627868852438,2.4344262295081958,1306.3300000000002,579.4399999999999,788.2871999999998,82.24322404371587,99.82961748633882,3128.1399999999994,6.443825136612016,726.8900000000002,0.41760598950174876,0.25199869571055,12.289549449937992
Rice,IND_ANDHRAPRADESH_EASTGODAVARI,Andhra Pradesh,EAST GODAVARI,2005,Rabi,4.711003,800927.0,170012.0,0.11679512,82.14393,17.060053,exact_normalised,181,33.86591160220996,21.20977900552486,26.665303867403324,23.185425414364627,1.9928729281767954,34.830000000000005,224.9100000000001,973.3746000000001,66.42204419889505,100.51944751381215,3016.42,12.6561325966851,-190.0800000000001,0.01154680051186506,0.32269199912479035,12.043630183696907
Rice,IND_ANDHRAPRADESH_GUNTUR,Andhra Pradesh,GUNTUR,2005,Kharif,3.09,892636.0,288879.0,0.11435734,80.143541,16.120193,exact_normalised,183,31.580819672131124,24.118251366120216,27.515355191256834,28.102033879781427,2.8981967213114754,950.9400000000003,514.6300000000003,851.8126000000002,77.01289617486337,99.74071038251368,3205.3100000000004,7.462568306010908,436.30999999999995,0.2966764525116136,0.2657504578340317,12.573766655951339
Rice,IND_ANDHRAPRADESH_GUNTUR,Andhra Pradesh,GUNTUR,2005,Rabi,3.548992,111559.0,31434.0,0.02159458,80.143541,16.120193,exact_normalised,181,34.33254143646409,21.49701657458563,27.058563535911595,23.082804972375698,2.430994475138123,76.37000000000002,186.62000000000006,969.7584000000002,64.80618784530381,100.35337016574583,3087.6,12.835524861878461,-110.25000000000004,0.024734421557196535,0.31408161678973967,10.355677200817162
Rice,IND_ANDHRAPRADESH_KARIMNAGAR,Andhra Pradesh,KARIMNAGAR,2005,Kharif,3.412998,501639.0,146979.0,0.05818397,79.416208,18.512553,historical_state_crosswalk,183,30.544426229508186,22.27732240437159,26.101748633879776,26.237920218579223,2.461147540983607,1087.2,674.1600000000001,880.7795000000002,78.32289617486337,97.72546448087435,2946.6200000000003,8.267103825136598,413.03999999999996,0.36896511935709386,0.2989118040330956,11.898051802082863
Rice,IND_ANDHRAPRADESH_KARIMNAGAR,Andhra Pradesh,KARIMNAGAR,2005,Rabi,3.438999,410675.0,119417.0,0.08203729,79.416208,18.512553,historical_state_crosswalk,181,35.109668508287314,19.28104972375691,26.69342541436465,15.480598342541429,1.8114364640883962,69.88000000000002,104.98999999999997,1002.7119999999996,44.89265193370167,98.33767955801106,3021.510000000002,15.828618784530402,-35.10999999999994,0.023127509093135545,0.33185791210355053,11.690385222347276
Rice,IND_ANDHRAPRADESH_KHAMMAM,Andhra Pradesh,KHAMMAM,2005,Kharif,2.573,410342.0,159480.0,0.06313269,80.659158,17.648369,historical_state_crosswalk,183,30.383934426229505,22.93169398907104,26.35153005464481,27.893216393442618,2.23448087431694,1205.7599999999995,625.2799999999997,851.6928000000003,81.48010928961747,98.75207650273232,2992.330000000001,7.452240437158466,580.4799999999998,0.40295020936861886,0.2846252919965378,11.979680071854364
Rice,IND_ANDHRAPRADESH_KHAMMAM,Andhra Pradesh,KHAMMAM,2005,Rabi,2.970008,120615.0,40611.0,0.02789901,80.659158,17.648369,historical_state_crosswalk,181,34.681049723756914,19.736629834254142,26.533535911602208,20.09220000000001,1.8727071823204422,47.93,190.3900000000001,997.3922999999999,58.624143646408875,99.39143646408839,2992.5699999999997,14.944419889502772,-142.4600000000001,0.01601633378667834,0.3332895471116799,10.611818868421114
Rice,IND_ANDHRAPRADESH_KRISHNA,Andhra Pradesh,KRISHNA,2005,Kharif,2.734998,697203.0,254919.0,0.10091374,80.888919,16.541648,exact_normalised,183,31.37901639344264,24.07546448087431,27.37896174863388,28.75458469945353,2.5063387978142084,1113.0099999999998,548.52,851.8126000000002,79.46530054644809,100.06377049180327,3180.3500000000013,7.303551912568331,564.4899999999998,0.34996462653481514,0.2678361186661845,12.44870504942823
Rice,IND_ANDHRAPRADESH_KRISHNA,Andhra Pradesh,KRISHNA,2005,Rabi,3.924002,409399.0,104332.0,0.07167417,80.888919,16.541648,exact_normalised,181,35.07806629834255,21.236795580110485,27.274475138121538,22.98173314917126,2.132375690607734,43.809999999999995,177.55,969.7584000000002,63.67906077348062,100.69988950276243,3126.6800000000007,13.841270718232064,-133.74,0.014011667327644653,0.31015594816226794,11.555342985960898
Rice,IND_ANDHRAPRADESH_KURNOOL,Andhra Pradesh,KURNOOL,2005,Kharif,3.304003,292586.0,88555.0,0.0350559,77.878833,15.431734,exact_normalised,183,29.783551912568303,21.650710382513655,25.350819672131163,25.9703469945355,2.910327868852459,849.4899999999999,611.9000000000001,916.5835000000002,80.14551912568307,96.78950819672133,2809.1999999999985,8.132841530054648,237.5899999999998,0.3023956998433719,0.32627918980492693,11.391390399244116
Rice,IND_ANDHRAPRADESH_KURNOOL,Andhra Pradesh,KURNOOL,2005,Rabi,3.28602,65980.0,20079.0,0.0137939,77.878833,15.431734,exact_normalised,181,34.94453038674034,19.459116022099426,26.627845303867407,18.52664088397789,2.316243093922652,62.50000000000001,99.98999999999997,1059.9535,54.025580110497245,97.25259668508284,3009.6399999999976,15.485414364640913,-37.48999999999996,0.020766603314682174,0.35218614186414354,9.907479573805665
Rice,IND_ANDHRAPRADESH_MAHBUBNAGAR,Andhra Pradesh,MAHBUBNAGAR,2005,Kharif,2.462994,181402.0,73651.0,0.02915592,78.000858,16.644927,historical_state_crosswalk,183,29.273715846994545,21.098579234972693,24.72617486338799,25.23904535519128,3.0005464480874298,943.0799999999994,626.6000000000001,886.8214000000003,80.72644808743169,95.78092896174866,2694.8899999999994,8.175136612021852,316.4799999999992,0.34995120394524437,0.3290751756101364,11.20710657698711
Rice,IND_ANDHRAPRADESH_MAHBUBNAGAR,Andhra Pradesh,MAHBUBNAGAR,2005,Rabi,2.553009,139139.0,54500.0,0.0374405,78.000858,16.644927,historical_state_crosswalk,181,34.26364640883976,18.743646408839783,25.991657458563523,16.574839226519323,2.217292817679559,76.56,112.09999999999994,1023.9372000000002,49.844751381215445,96.26602209944748,2894.4900000000002,15.519999999999978,-35.539999999999935,0.026450255485422302,0.3537539255620161,10.905974329106854
Rice,IND_ANDHRAPRADESH_MEDAK,Andhra Pradesh,MEDAK,2005,Kharif,2.885,171519.0,59452.0,0.02353502,78.103674,17.887066,historical_state_crosswalk,183,29.069945355191262,20.930765027322405,24.558688524590163,24.380480874316937,2.949180327868854,1100.0899999999997,665.87,893.4241999999995,79.29530054644812,94.9638797814208,2664.24,8.139180327868857,434.2199999999997,0.4129094976428549,0.33533923370266927,10.992941363419327
Rice,IND_ANDHRAPRADESH_MEDAK,Andhra Pradesh,MEDAK,2005,Rabi,2.935982,75810.0,25821.0,0.01773855,78.103674,17.887066,historical_state_crosswalk,181,33.83403314917125,18.38900552486188,25.631270718232045,13.913419889502764,2.1509944751381216,81.03,124.06000000000003,1021.6699999999998,42.70662983425411,95.48756906077344,2829.2599999999998,15.445027624309368,-43.03000000000003,0.028639997737924406,0.36110855842163675,10.158982120734663
Rice,IND_ANDHRAPRADESH_NALGONDA,Andhra Pradesh,NALGONDA,2005,Kharif,2.845003,456145.0,160332.0,0.06346997,79.1666,17.113957,historical_state_crosswalk,183,30.706284153005473,22.77174863387979,26.347158469945374,26.77533825136611,2.739016393442623,956.0100000000003,615.6599999999999,890.7569,78.29420765027321,98.15131147540977,2991.5299999999997,7.934535519125685,340.3500000000005,0.3195722590112753,0.2977596413875174,11.985008181415548
Rice,IND_ANDHRAPRADESH_NALGONDA,Andhra Pradesh,NALGONDA,2005,Rabi,3.208998,482521.0,150365.0,0.10329799,79.1666,17.113957,historical_state_crosswalk,181,34.875359116022096,20.024475138121534,26.82977900552486,18.975053038674037,1.9814917127071816,69.27999999999997,126.82,1010.6079999999998,54.16016574585636,98.73928176795583,3046.19,14.850883977900562,-57.54000000000002,0.022743164411937525,0.3317613149540901,11.92082760111181
Rice,IND_ANDHRAPRADESH_NIZAMABAD,Andhra Pradesh,NIZAMABAD,2005,Kharif,3.482005,344130.0,98831.0,0.03912382,78.037692,18.417719,historical_state_crosswalk,183,29.659125683060083,21.356557377049178,25.103551912568314,24.83253934426229,2.7339344262295096,1115.4199999999996,693.8000000000003,899.5287000000006,78.46224043715848,95.82163934426228,2763.9500000000003,8.302568306010905,421.6199999999993,0.4035601222887532,0.32545042421172615,11.50117671793568
Rice,IND_ANDHRAPRADESH_NIZAMABAD,Andhra Pradesh,NIZAMABAD,2005,Rabi,3.192001,161860.0,50708.0,0.03483546,78.037692,18.417719,historical_state_crosswalk,181,34.4246408839779,18.647016574585635,26.071823204419893,13.433611049723762,2.0239779005524854,80.02999999999999,107.56999999999998,1006.8430999999999,40.180994475138135,96.366408839779,2908.9999999999995,15.777624309392266,-27.539999999999992,0.027511172224132005,0.3461131316603644,10.833858688618287
Rice,IND_ANDHRAPRADESH_PRAKASAM,Andhra Pradesh,PRAKASAM,2005,Kharif,2.653999,144351.0,54390.0,0.02153115,79.729919,15.616436,exact_normalised,183,31.62606557377048,25.376994535519135,28.294316939890727,28.54891639344262,3.653989071038249,928.5899999999999,440.0699999999999,873.7798000000003,74.58338797814213,100.1315846994536,3347.86,6.249071038251344,488.52000000000004,0.2773682292568984,0.26099651717813777,10.903953977980663
Rice,IND_ANDHRAPRADESH_PRAKASAM,Andhra Pradesh,PRAKASAM,2005,Rabi,3.588003,340932.0,95020.0,0.06527699,79.729919,15.616436,exact_normalised,181,31.95878453038673,23.176408839779,26.962817679558015,24.419613812154708,3.111160220994477,120.04000000000008,248.56,993.4667,68.65082872928178,100.74944751381216,3070.269999999999,8.78237569060773,-128.51999999999992,0.03909753865295238,0.3235763304204517,11.461853198785724
Rice,IND_ANDHRAPRADESH_SRIKAKULAM,Andhra Pradesh,SRIKAKULAM,2005,Kharif,1.767999,271425.0,153521.0,0.06077373,84.07575,18.697258,exact_normalised,183,29.42622950819674,26.2691256830601,27.687322404371592,30.57304426229507,4.087868852459017,1462.56,527.0900000000003,782.1942999999998,81.78426229508194,99.842786885246,3236.779999999999,3.157103825136641,935.4699999999997,0.4518564746445543,0.2416581602703922,11.941599158215274
Rice,IND_ANDHRAPRADESH_SRIKAKULAM,Andhra Pradesh,SRIKAKULAM,2005,Rabi,2.384942,10105.0,4237.0,0.00291074,84.07575,18.697258,exact_normalised,181,29.23458563535912,23.41204419889503,26.029337016574573,23.804654696132598,3.1634806629834276,90.37999999999997,262.2799999999999,960.5264999999998,69.87558011049721,100.62839779005522,2901.31,5.822541436464093,-171.89999999999995,0.031151445381569005,0.33106648376078385,8.351846738828245
Rice,IND_ANDHRAPRADESH_VIZIANAGARAM,Andhra Pradesh,VIZIANAGARAM,2005,Kharif,1.39,131127.0,94336.0,0.0373444,83.359673,18.506317,exact_normalised,183,28.109999999999996,21.220928961748623,24.27338797814208,25.143766666666675,2.180819672131148,1547.7999999999997,586.3100000000001,782.9640999999997,82.65229508196721,94.38196721311486,2612.0300000000025,6.889071038251373,961.4899999999997,0.5925659353070211,0.2997531039076883,11.454628756459826
Rice,IND_ANDHRAPRADESH_VIZIANAGARAM,Andhra Pradesh,VIZIANAGARAM,2005,Rabi,2.541067,9529.0,3750.0,0.00257618,83.359673,18.506317,exact_normalised,181,30.947458563535907,17.29563535911602,23.330552486187855,17.41451712707182,1.508950276243094,80.3,309.9299999999999,946.2325000000001,61.356298342541464,95.05281767955803,2412.8299999999995,13.651823204419888,-229.62999999999988,0.033280421745419286,0.39216708180849885,8.229777750081887
Rice,IND_ANDHRAPRADESH_WARANGAL,Andhra Pradesh,WARANGAL,2005,Kharif,3.163998,440805.0,139319.0,0.05515164,79.850573,17.980621,historical_state_crosswalk,183,30.30628415300546,22.447431693989078,26.068633879781412,26.938866120218574,2.3474316939890714,1140.0099999999993,661.55,890.7569,80.23300546448085,98.05377049180323,2940.5599999999986,7.858852459016383,478.45999999999935,0.3876846587044644,0.30292083820768845,11.844528724479938
Rice,IND_ANDHRAPRADESH_WARANGAL,Andhra Pradesh,WARANGAL,2005,Rabi,3.282994,205371.0,62556.0,0.04297482,79.850573,17.980621,historical_state_crosswalk,181,34.86281767955801,19.315911602209948,26.53690607734808,17.61919226519338,1.8916022099447514,60.870000000000005,135.57999999999993,1010.6079999999998,51.41138121546962,98.67530386740333,2993.1799999999994,15.546906077348066,-74.70999999999992,0.020336231031879145,0.33763689454025486,11.04383342010517
Rice,IND_ANDHRAPRADESH_WESTGODAVARI,Andhra Pradesh,WEST GODAVARI,2005,Kharif,1.877,475859.0,253521.0,0.10036032,81.315692,16.847574,exact_normalised,183,30.65683060109289,23.669234972677586,26.808797814207672,28.783225683060092,2.247049180327869,1268.1999999999998,577.4600000000003,848.1986999999996,81.88918032786886,99.35,3076.009999999998,6.987595628415303,690.7399999999996,0.41228734627000585,0.2757464052457567,12.443205883257635
Rice,IND_ANDHRAPRADESH_WESTGODAVARI,Andhra Pradesh,WEST GODAVARI,2005,Rabi,4.609999,887411.0,192497.0,0.1322419,81.315692,16.847574,exact_normalised,181,34.636408839779016,20.476519337016565,26.651988950276245,22.338469613259672,1.9001104972375695,36.109999999999985,199.9800000000001,978.7023000000008,64.1932596685083,100.00790055248613,3014.01,14.15988950276245,-163.87000000000012,0.011980716719586193,0.3247176684881605,12.167841043045614
Rice,IND_KARNATAKA_BANGALORERURAL,Karnataka,BANGALORE RURAL,2005,Kharif,2.279885,22181.0,9729.0,0.00904188,77.614728,13.177348,exact_normalised,183,26.688797814207646,18.99830601092896,22.304535519125682,22.7527606557377,3.13879781420765,1054.7800000000002,590.2399999999999,915.0916000000001,84.30016393442628,91.54568306010933,2251.7299999999996,7.690491803278686,464.5400000000003,0.46843093976631317,0.40639490525062966,9.18296917518005
Rice,IND_KARNATAKA_BANGALORERURAL,Karnataka,BANGALORE RURAL,2005,Rabi,2.222222,40.0,18.0,0.0004005,77.614728,13.177348,exact_normalised,181,30.85403314917128,16.79392265193371,23.082154696132598,17.134066850828727,2.3771270718232045,129.68000000000004,299.65000000000003,1067.1807000000001,61.90176795580109,91.87513812154697,2367.87,14.06011049723757,-169.97,0.05476652012145939,0.45069226773429294,2.9444389791664403
Rice,IND_KARNATAKA_BANGALORERURAL,Karnataka,BANGALORE RURAL,2005,Summer,3.10936,6511.0,2094.0,0.00574889,77.614728,13.177348,exact_normalised,122,32.91040983606558,20.65385245901639,26.345491803278687,20.65802459016394,2.548934426229507,302.97999999999996,214.23999999999992,782.0944999999998,61.184508196721325,91.59901639344262,1994.1499999999996,12.256557377049191,88.74000000000004,0.15193440814382067,0.39219441867462324,7.647308832356238
Rice,IND_KARNATAKA_BIDAR,Karnataka,BIDAR,2005,Kharif,0.545858,4059.0,7436.0,0.00691083,77.219591,17.954256,exact_normalised,183,29.082021857923497,20.52300546448087,24.307486338797823,24.020753005464492,3.0172677595628428,1103.3899999999996,685.1600000000001,879.2458000000003,79.19595628415303,94.54628415300543,2618.2700000000004,8.559016393442626,418.22999999999956,0.4214194869131142,0.3358117382852036,8.9142228207033
Rice,IND_KARNATAKA_BIDAR,Karnataka,BIDAR,2005,Rabi,1.607143,180.0,112.0,0.00249199,77.219591,17.954256,exact_normalised,181,34.0645856353591,17.9453591160221,25.48795580110497,13.21375966850829,2.093259668508286,78.23,121.96999999999998,1031.2648,40.89337016574586,95.04392265193373,2803.3199999999993,16.119226519337,-43.73999999999998,0.02790619693791648,0.3678726652683248,4.727387818712341
Rice,IND_KARNATAKA_CHITRADURGA,Karnataka,CHITRADURGA,2005,Kharif,2.718688,9616.0,3537.0,0.0032872,76.575818,14.279313,exact_normalised,183,28.476065573770512,20.65448087431694,24.016174863387974,24.32804644808744,3.7044262295081984,725.2,547.92,904.4460999999997,81.22098360655735,94.50180327868857,2564.9599999999996,7.821584699453574,177.2800000000001,0.28273345393300486,0.3526160641881354,8.17131687471973
Rice,IND_KARNATAKA_CHITRADURGA,Karnataka,CHITRADURGA,2005,Rabi,3.099141,4689.0,1513.0,0.03366412,76.575818,14.279313,exact_normalised,181,33.74828729281768,18.80895027624309,25.851436464088387,16.369928729281767,2.475801104972375,73.99,85.47999999999999,1085.6727999999998,49.72613259668508,94.86607734806633,2869.109999999999,14.93933701657459,-11.489999999999995,0.025788484930867068,0.3784005492992601,7.322510433997394
Rice,IND_KARNATAKA_CHITRADURGA,Karnataka,CHITRADURGA,2005,Summer,2.956378,17011.0,5754.0,0.0157971,76.575818,14.279313,exact_normalised,122,35.3745081967213,22.819590163934446,28.847295081967225,20.754032786885247,3.1640983606557382,191.92000000000002,155.10999999999999,794.7977999999998,53.41573770491805,94.52155737704915,2299.3700000000013,12.554918032786855,36.81000000000003,0.08346634078030066,0.34565894136219893,8.657824321155983
Rice,IND_KARNATAKA_DAKSHINAKANNADA,Karnataka,DAKSHINA KANNADA,2005,Kharif,2.412068,77109.0,31968.0,0.02971023,75.204445,12.828777,exact_normalised,183,27.712131147540973,24.17704918032788,25.70825136612021,28.83671584699454,2.254535519125682,3217.0199999999995,765.4000000000001,765.8007000000001,87.17038251366121,99.01688524590166,2874.609999999997,3.5350819672130918,2451.6199999999994,1.1191152886826397,0.2664015988255801,10.372521962240313
Rice,IND_KARNATAKA_DAKSHINAKANNADA,Karnataka,DAKSHINA KANNADA,2005,Rabi,2.161834,48985.0,22659.0,0.50416073,75.204445,12.828777,exact_normalised,181,32.022651933701674,23.260552486187848,27.153425414364644,23.853882320441986,1.7009944751381225,152.32000000000002,365.28999999999985,1050.2081,66.14972375690611,99.2581215469613,3104.7700000000004,8.762099447513826,-212.96999999999983,0.04905999478222219,0.3382563281660155,10.028356534581997
Rice,IND_KARNATAKA_DAKSHINAKANNADA,Karnataka,DAKSHINA KANNADA,2005,Summer,1.951548,3907.0,2002.0,0.00549632,75.204445,12.828777,exact_normalised,122,32.14040983606556,25.6572131147541,28.342213114754095,28.12579836065571,2.2010655737704936,1044.17,231.73000000000002,697.6462000000001,73.33401639344264,99.03254098360652,2237.7500000000005,6.483196721311458,812.44,0.46661602055636237,0.31176235057535473,7.602401335665818
Rice,IND_KARNATAKA_DHARWAD,Karnataka,DHARWAD,2005,Kharif,1.728849,39091.0,22611.0,0.02101408,75.127326,15.336898,exact_normalised,183,27.314808743169394,19.999781420765046,23.077595628415313,24.343870491803276,3.2354644808743176,1218.2399999999998,740.4099999999995,870.8749000000001,85.5815300546448,93.80256830601094,2393.2000000000003,7.315027322404347,477.83000000000027,0.5090422864783551,0.3638955791408992,10.026236017795181
Rice,IND_KARNATAKA_DHARWAD,Karnataka,DHARWAD,2005,Summer,3.099315,905.0,292.0,0.00080166,75.127326,15.336898,exact_normalised,122,34.83114754098362,21.61483606557377,27.68303278688525,20.973588524590166,2.6411475409836074,409.7799999999999,175.59000000000006,769.3015000000001,57.84475409836066,93.84483606557377,2157.3300000000004,13.216311475409853,234.18999999999986,0.18994775949901027,0.35659889771152303,5.680172609017068
Rice,IND_KARNATAKA_GADAG,Karnataka,GADAG,2005,Kharif,4.446129,8212.0,1847.0,0.00171655,75.653119,15.508228,exact_normalised,183,28.44349726775957,20.18693989071038,23.657650273224057,24.06429453551914,3.648743169398908,746.2299999999997,629.9899999999998,870.8749000000001,81.71163934426227,94.00147540983605,2499.3500000000017,8.256557377049191,116.2399999999999,0.2985696281033065,0.3484405545441813,7.521859252201629
Rice,IND_KARNATAKA_GADAG,Karnataka,GADAG,2005,Summer,4.049678,4402.0,1087.0,0.00298426,75.653119,15.508228,exact_normalised,122,35.21721311475409,22.156393442622953,28.380163934426232,20.0720606557377,3.039180327868853,282.30000000000007,172.10999999999999,769.3015000000001,53.32139344262295,94.0327049180328,2242.3799999999997,13.060819672131135,110.19000000000008,0.1258930243758864,0.3430736538856038,6.992096427415888
Rice,IND_KARNATAKA_HASSAN,Karnataka,HASSAN,2005,Kharif,2.286337,105878.0,46309.0,0.04303838,76.105719,12.951423,exact_normalised,183,25.579453551912565,18.891639344262295,21.723278688524594,22.859951912568302,2.6661748633879783,1523.8700000000001,695.0799999999991,864.1038999999995,87.6392896174863,91.22868852459018,2145.36,6.68781420765027,828.790000000001,0.7103096916135287,0.4027780419137112,10.743113199474797
Rice,IND_KARNATAKA_HASSAN,Karnataka,HASSAN,2005,Rabi,1.725038,1123.0,651.0,0.01448469,76.105719,12.951423,exact_normalised,181,30.871988950276236,16.858121546961335,23.184198895027624,17.010509944751384,1.5878453038674045,113.12000000000002,335.62999999999994,1057.7748000000001,60.68596685082875,91.51370165745858,2386.339999999999,14.0138674033149,-222.50999999999993,0.04740313618344413,0.44326240183712323,6.480044561926653
Rice,IND_KARNATAKA_HASSAN,Karnataka,HASSAN,2005,Summer,2.235284,12455.0,5572.0,0.01529744,76.105719,12.951423,exact_normalised,122,32.317704918032774,20.535737704918027,25.90467213114753,20.749524590163933,2.047213114754099,434.18,199.5,738.9368999999998,63.138852459016384,91.27491803278686,1940.37,11.781967213114747,234.68,0.22376144755897073,0.3808226781490127,8.625688787569537
Rice,IND_KARNATAKA_HAVERI,Karnataka,HAVERI,2005,Kharif,2.067473,55400.0,26796.0,0.02490351,75.395405,14.743146,exact_normalised,183,26.933497267759552,20.210109289617492,23.062622950819662,24.828088524590157,3.3824590163934425,1655.0500000000004,727.4299999999997,850.8042000000002,87.57120218579229,94.15683060109288,2390.4600000000005,6.7233879781420605,927.6200000000007,0.692356282891159,0.3559165181596847,10.196045219934657
Rice,IND_KARNATAKA_HAVERI,Karnataka,HAVERI,2005,Summer,3.173988,14667.0,4621.0,0.01268655,75.395405,14.743146,exact_normalised,122,34.50827868852459,22.075983606557376,27.776147540983597,21.8911655737705,2.863360655737705,485.51999999999987,172.99999999999994,766.0683999999999,60.1039344262295,94.18336065573763,2168.6899999999996,12.432295081967215,312.5199999999999,0.22387708708944107,0.3532401588055462,8.438582790834326
Rice,IND_KARNATAKA_KODAGU,Karnataka,KODAGU,2005,Kharif,2.304761,78998.0,34276.0,0.03185523,75.777469,12.406712,exact_normalised,183,25.723989071038254,20.605901639344268,22.73426229508196,25.348966120218577,0.7872131147540977,2653.449999999999,803.4699999999998,765.8007000000001,91.46874316939892,94.23945355191256,2330.369999999999,5.118087431693986,1849.979999999999,1.1386389285821565,0.32861764440839886,10.442229854296327
Rice,IND_KARNATAKA_KODAGU,Karnataka,KODAGU,2005,Rabi,2.215385,144.0,65.0,0.00144624,75.777469,12.406712,exact_normalised,181,31.28740331491712,18.894585635359128,24.295193370165748,20.44594530386739,0.5329834254143646,167.54000000000002,410.79,1050.2081,67.56696132596689,94.46729281767956,2587.429999999999,12.392817679557993,-243.25,0.06475151018578283,0.40588850712869545,4.189654742026425
Rice,IND_KARNATAKA_KODAGU,Karnataka,KODAGU,2005,Summer,2.149223,2074.0,965.0,0.00264932,75.777469,12.406712,exact_normalised,122,31.93606557377049,21.897704918032783,26.05237704918034,24.437627868852463,0.6522950819672131,903.2700000000001,237.7,697.6462000000001,73.27393442622954,94.26434426229507,1958.3900000000008,10.038360655737709,665.5700000000002,0.46123090906305675,0.3562345600212419,6.873163834212518
Rice,IND_KARNATAKA_KOLAR,Karnataka,KOLAR,2005,Kharif,2.248189,14584.0,6487.0,0.00602885,78.192771,13.111229,exact_normalised,183,27.470601092896175,19.411803278688524,22.899945355191246,22.89281366120219,3.2650273224043684,1015.4899999999996,552.4800000000001,905.8628,81.98016393442623,92.02371584699452,2360.6899999999982,8.05879781420765,463.0099999999994,0.4301666038319306,0.38372797783698864,8.77770959579525
Rice,IND_KARNATAKA_KOLAR,Karnataka,KOLAR,2005,Rabi,2.2,55.0,25.0,0.00055625,78.192771,13.111229,exact_normalised,181,30.25718232044198,16.902762430939227,22.748342541436468,18.15324143646409,2.3499447513812157,196.68999999999994,333.8399999999999,1032.3932000000004,66.60883977900554,92.4081215469613,2307.4500000000003,13.354419889502754,-137.14999999999998,0.08524128366811845,0.44741736549004324,3.258096538021482
Rice,IND_KARNATAKA_KOLAR,Karnataka,KOLAR,2005,Summer,4.408953,45108.0,10231.0,0.02808831,78.192771,13.111229,exact_normalised,122,32.89918032786885,20.675409836065572,26.268278688524607,21.59635327868852,2.594344262295082,282.87999999999994,228.78,761.0840999999998,63.81278688524592,92.0990983606557,1984.7300000000007,12.223770491803275,54.09999999999994,0.14252820282859624,0.3834698422455445,9.23327534325868
Rice,IND_KARNATAKA_KOPPAL,Karnataka,KOPPAL,2005,Kharif,3.21928,134083.0,41650.0,0.03870843,76.159107,15.65316,exact_normalised,183,28.871420765027327,20.576939890710378,24.13185792349727,24.360184699453555,3.560710382513662,688.0200000000002,599.8599999999997,902.6111999999998,80.47240437158473,94.65218579234978,2586.1300000000006,8.29448087431695,88.16000000000054,0.26604231032469366,0.34902004152923466,10.637080656910605
Rice,IND_KARNATAKA_KOPPAL,Karnataka,KOPPAL,2005,Summer,3.642302,135541.0,37213.0,0.10216503,76.159107,15.65316,exact_normalised,122,35.64860655737704,22.718606557377047,28.939918032786885,20.024989344262295,2.9759836065573766,247.70000000000002,175.55000000000015,786.9250999999999,51.548524590163936,94.67442622950821,2310.6700000000005,12.929999999999996,72.14999999999986,0.10719834506874627,0.34056143889001883,10.524440313547586
Rice,IND_KARNATAKA_MANDYA,Karnataka,MANDYA,2005,Kharif,2.964595,180615.0,60924.0,0.05662119,76.815323,12.58214,exact_normalised,183,27.329617486338776,19.574098360655732,22.939234972677596,23.61049398907104,2.9514207650273225,973.3700000000001,627.4399999999999,864.1038999999995,84.159781420765,92.90852459016389,2367.8799999999997,7.755519125683044,345.9300000000002,0.4110723516394413,0.36492723448823405,11.017398878493408
Rice,IND_KARNATAKA_MANDYA,Karnataka,MANDYA,2005,Rabi,2.5,30.0,12.0,0.000267,76.815323,12.58214,exact_normalised,181,32.232154696132596,18.020276243093907,24.39270718232045,17.725495580110483,2.031546961325968,124.50000000000003,253.80000000000015,1057.7748000000001,59.06138121546962,93.21204419889506,2605.0799999999995,14.21187845303869,-129.30000000000013,0.04779123865677831,0.4060431157584413,2.5649493574615367
Rice,IND_KARNATAKA_MANDYA,Karnataka,MANDYA,2005,Summer,3.326921,76100.0,22874.0,0.06279856,76.815323,12.58214,exact_normalised,122,33.62229508196722,21.627049180327873,27.149672131147547,21.548865573770485,2.2777868852459013,291.74000000000007,209.54,738.9368999999998,60.9650819672131,92.94,2092.2599999999993,11.99524590163935,82.20000000000007,0.1394377371837153,0.3531764216684351,10.037799890143722
Rice,IND_KARNATAKA_RAICHUR,Karnataka,RAICHUR,2005,Kharif,2.721421,273862.0,100632.0,0.09352477,76.856624,16.041451,exact_normalised,183,29.849562841530044,21.074316939890704,24.95688524590164,25.144607103825102,3.189398907103823,754.6300000000005,633.9700000000003,911.1920999999994,79.1371038251366,95.93513661202178,2737.1100000000006,8.775245901639341,120.6600000000002,0.2757032052054906,0.33290298891896897,11.51923551466625
Rice,IND_KARNATAKA_RAICHUR,Karnataka,RAICHUR,2005,Summer,2.002605,155308.0,77553.0,0.21291497,76.856624,16.041451,exact_normalised,122,36.97647540983605,23.708524590163936,30.16672131147543,20.105354098360657,2.819918032786884,234.27000000000012,188.87999999999997,786.8061999999998,48.298114754098364,95.94090163934426,2460.3400000000006,13.267950819672112,45.39000000000016,0.0952185470300853,0.31979571929082956,11.25872974690055
Rice,IND_KARNATAKA_UDUPI,Karnataka,UDUPI,2005,Kharif,2.563403,132551.0,51709.0,0.048057,74.873401,13.413125,exact_normalised,183,26.9871038251366,22.786557377049178,24.57442622950819,27.09828469945356,2.0149180327868863,3170.2000000000003,764.5999999999997,841.7314999999996,87.55349726775952,96.78300546448092,2667.1200000000003,4.200546448087422,2405.6000000000004,1.1886229341012027,0.3155956612375894,10.853406465390266
Rice,IND_KARNATAKA_UDUPI,Karnataka,UDUPI,2005,Rabi,2.105041,22966.0,10910.0,0.24274653,74.873401,13.413125,exact_normalised,181,30.956022099447505,21.017348066298336,25.44745856353591,22.141362430939232,1.3981767955801105,125.81999999999996,478.5899999999998,1085.2122,67.79745856353594,97.03392265193378,2795.9900000000016,9.93867403314917,-352.76999999999987,0.0450001609447816,0.38813164567827474,9.297526733655099
Rice,IND_KARNATAKA_UDUPI,Karnataka,UDUPI,2005,Summer,2.315068,338.0,146.0,0.00040083,74.873401,13.413125,exact_normalised,122,31.80754098360656,24.05811475409836,27.249016393442613,26.335550819672125,1.7883606557377045,957.7300000000002,248.31999999999996,718.8647000000002,73.19434426229508,96.81090163934427,2104.3799999999987,7.749426229508202,709.4100000000003,0.4551126697649668,0.3416040353928476,4.990432586778736
Rice,IND_KARNATAKA_UTTARAKANNADA,Karnataka,UTTARA KANNADA,2005,Kharif,2.011923,157443.0,78255.0,0.07272817,74.525531,14.70572,exact_normalised,183,27.80781420765029,24.512513661202185,25.94284153005463,28.762120218579255,2.794535519125684,2413.0999999999995,860.4400000000004,821.9286999999997,85.63300546448089,98.94295081967203,2917.5399999999986,3.2953005464481038,1552.659999999999,0.8271009137835301,0.28171977076578214,11.26774078277914
Rice,IND_KARNATAKA_UTTARAKANNADA,Karnataka,UTTARA KANNADA,2005,Rabi,2.176355,4418.0,2030.0,0.04516732,74.525531,14.70572,exact_normalised,181,30.74276243093921,22.78154696132596,26.318729281767943,23.342247513812165,2.024198895027624,95.11000000000003,572.7699999999998,1097.5131999999996,67.76657458563535,99.24922651933701,2953.69,7.961215469613247,-477.65999999999974,0.03220040017740522,0.3715735909997324,7.616283561580385
Rice,IND_KARNATAKA_UTTARAKANNADA,Karnataka,UTTARA KANNADA,2005,Summer,2.363592,4791.0,2027.0,0.00556495,74.525531,14.70572,exact_normalised,122,31.274754098360653,25.647295081967208,27.987213114754084,28.261412295081968,2.3470491803278692,738.89,268.6699999999999,743.9663999999998,74.8777868852459,98.98286885245903,2194.4399999999996,5.627459016393445,470.2200000000001,0.33671004903301077,0.33902334992070865,7.614805364711073
Rice,IND_TAMILNADU_COIMBATORE,Tamil Nadu,COIMBATORE,2005,Kharif,2.790305,20665.0,7406.0,0.00361188,76.942425,10.900215,exact_normalised,183,27.446284153005475,20.774644808743176,23.55928961748634,25.146675409836078,2.6192896174863383,1034.9499999999994,598.5000000000001,804.4907,86.43180327868856,94.82644808743174,2481.3500000000004,6.671639344262299,436.44999999999925,0.4170915026094663,0.32421492332802704,8.91018077801329
Rice,IND_TAMILNADU_CUDDALORE,Tamil Nadu,CUDDALORE,2005,Kharif,1.91043,218345.0,114291.0,0.05573934,79.398376,11.549058,exact_normalised,183,33.308032786885235,25.107595628415307,28.832459016393454,27.368107650273224,3.038251366120218,1073.22,398.22999999999996,936.2623000000002,70.24989071038253,100.03748633879789,3446.3400000000006,8.200437158469928,674.99,0.3114086248019638,0.27166858174178987,11.646511856082306
Rice,IND_TAMILNADU_DHARMAPURI,Tamil Nadu,DHARMAPURI,2005,Kharif,2.942149,85390.0,29023.0,0.01415442,78.208849,12.106543,exact_normalised,183,30.376120218579235,21.39032786885246,25.39896174863388,24.522479234972685,2.4266120218579212,990.5499999999996,482.6600000000001,901.7371,76.03060109289622,95.37448087431696,2818.0099999999998,8.985792349726776,507.88999999999953,0.3515069144538166,0.31999073814500306,10.275878352914862
Rice,IND_TAMILNADU_DINDIGUL,Tamil Nadu,DINDIGUL,2005,Kharif,3.172699,75304.0,23735.0,0.01157548,77.770431,10.376407,exact_normalised,183,29.090109289617477,21.219890710382504,24.55060109289617,24.348662295081965,3.323825136612023,856.3499999999996,451.5499999999997,929.3867000000001,79.0743169398907,95.0651912568306,2662.7599999999975,7.870218579234972,404.79999999999984,0.32160239751235575,0.34903134341810793,10.074748161970657
Rice,IND_TAMILNADU_ERODE,Tamil Nadu,ERODE,2005,Kharif,4.12421,179564.0,43539.0,0.02123382,77.349132,11.479934,exact_normalised,183,31.009999999999994,21.910710382513667,25.83316939890711,24.574421857923486,2.0085245901639346,764.51,424.39000000000004,918.3648000000002,74.2519672131147,96.1047540983607,2897.4700000000003,9.099289617486328,340.11999999999995,0.26385432808622694,0.31695403231094715,10.681435334788539
Rice,IND_TAMILNADU_KANNIYAKUMARI,Tamil Nadu,KANNIYAKUMARI,2005,Kharif,3.801327,82523.0,21709.0,0.01058741,77.370026,8.292621,exact_normalised,183,27.76573770491804,22.671857923497267,24.747540983606562,27.87347322404371,3.269125683060108,1331.3900000000003,715.9799999999999,924.3980999999998,89.25409836065572,97.96508196721314,2698.8,5.093879781420771,615.4100000000004,0.4933266637023863,0.3425218986216095,9.985528262872338
Rice,IND_TAMILNADU_KARUR,Tamil Nadu,KARUR,2005,Kharif,2.621209,48225.0,18398.0,0.00897264,78.090802,10.786735,exact_normalised,183,32.43879781420765,23.239180327868844,27.305027322404374,25.78700765027323,3.0980327868852466,818.5699999999997,346.6500000000002,989.2403999999999,71.75956284153008,98.30508196721307,3166.8199999999993,9.19961748633881,471.9199999999995,0.25848327344149646,0.3123765796603533,9.820051594294094
Rice,IND_TAMILNADU_KRISHNAGIRI,Tamil Nadu,KRISHNAGIRI,2005,Kharif,2.629527,57797.0,21980.0,0.01071957,78.043393,12.472753,exact_normalised,183,28.75579234972677,20.29185792349727,24.005245901639338,23.864344808743162,2.9873770491803278,1044.73,547.0900000000001,901.7371,80.07693989071036,93.74945355191254,2562.9600000000023,8.463934426229503,497.6399999999999,0.4076263382963445,0.3518342463401689,9.997933722828073
Rice,IND_TAMILNADU_MADURAI,Tamil Nadu,MADURAI,2005,Kharif,3.30289,234492.0,70996.0,0.03462451,78.006559,9.898005,exact_normalised,183,31.86672131147541,22.95081967213114,26.869945355191266,26.335240437158465,2.2103825136612016,1101.6699999999996,519.5700000000002,995.7989000000003,74.84677595628415,98.29890710382521,3087.1999999999985,8.91590163934427,582.0999999999995,0.3568508681005442,0.3225573011142786,11.17039290160962
Rice,IND_TAMILNADU_NAMAKKAL,Tamil Nadu,NAMAKKAL,2005,Kharif,3.655764,68849.0,18833.0,0.00918479,78.154921,11.347699,exact_normalised,183,31.966338797814203,22.569071038251373,26.770163934426208,25.213956284153,2.524371584699452,887.99,400.89999999999986,937.1618000000002,72.43300546448087,97.18185792349726,3068.94,9.39726775956283,487.09000000000015,0.2893474619901334,0.30536986712024355,9.84341902607001
Rice,IND_TAMILNADU_PERAMBALUR,Tamil Nadu,PERAMBALUR,2005,Kharif,2.49308,114562.0,45952.0,0.02241064,78.858963,11.25245,exact_normalised,183,31.984699453551926,22.933005464480864,27.003387978142076,25.462695628415304,2.7950819672131155,940.4799999999999,408.3099999999999,937.1618000000002,72.36808743169397,97.45426229508203,3111.619999999999,9.051693989071062,532.1700000000001,0.3022477037684551,0.3011813139136529,10.73537441400955
Rice,IND_TAMILNADU_PUDUKKOTTAI,Tamil Nadu,PUDUKKOTTAI,2005,Kharif,2.422937,232568.0,95986.0,0.04681205,78.872829,10.352982,exact_normalised,183,33.253715846994545,24.312349726775956,28.307322404371583,26.6916524590164,3.0029508196721326,898.4800000000001,355.37,989.2403999999999,70.36180327868853,99.64234972677592,3350.2399999999993,8.94136612021859,543.1100000000001,0.26818377190887827,0.2952744877978891,11.471968044613641
Rice,IND_TAMILNADU_RAMANATHAPURAM,Tamil Nadu,RAMANATHAPURAM,2005,Kharif,1.939472,247079.0,127395.0,0.06213011,78.817623,9.423787,exact_normalised,183,31.166830601092904,25.04109289617486,27.730054644808746,29.327126229508185,4.03704918032787,1068.7200000000003,482.10000000000036,995.7989000000003,79.02546448087429,100.47683060109291,3244.5999999999995,6.125737704918045,586.6199999999999,0.32938420760648474,0.3069096036491403,11.755055624453044
Rice,IND_TAMILNADU_SALEM,Tamil Nadu,SALEM,2005,Kharif,3.677963,137291.0,37328.0,0.01820474,78.256113,11.628258,exact_normalised,183,31.966338797814203,22.569071038251373,26.770163934426208,25.213956284153,2.524371584699452,887.99,400.89999999999986,937.1618000000002,72.43300546448087,97.18185792349726,3068.94,9.39726775956283,487.09000000000015,0.2893474619901334,0.30536986712024355,10.52752578344374
Rice,IND_TAMILNADU_SIVAGANGA,Tamil Nadu,SIVAGANGA,2005,Kharif,2.143343,192738.0,89924.0,0.04385563,78.568693,9.944223,exact_normalised,183,32.67284153005465,24.410218579234986,28.09732240437158,27.59106010928961,2.9882513661202172,1003.6000000000003,409.7900000000001,995.7989000000003,73.30366120218582,99.88480874316947,3311.8099999999995,8.262622950819662,593.8100000000002,0.3030367080237092,0.30068116830373737,11.406731268563824
Rice,IND_TAMILNADU_THANJAVUR,Tamil Nadu,THANJAVUR,2005,Kharif,2.578957,399483.0,154901.0,0.0755447,79.260887,10.579191,exact_normalised,183,32.63360655737707,25.77786885245902,28.877759562841522,28.257526229508187,3.6076502732240407,1009.8000000000001,375.37000000000006,961.7371999999992,71.88978142076505,100.43808743169397,3454.63,6.855737704918052,634.4300000000001,0.2923033725753554,0.2783907972778559,11.950547937877449
Rice,IND_TAMILNADU_THENILGIRIS,Tamil Nadu,THE NILGIRIS,2005,Kharif,3.297902,4716.0,1430.0,0.00069741,76.648605,11.435308,exact_normalised,183,26.825191256830593,19.447923497267762,22.531857923497263,23.122375956284163,2.443005464480873,900.9700000000001,544.7600000000001,800.3336000000002,84.57448087431692,92.18251366120225,2293.329999999999,7.37726775956283,356.21000000000004,0.39286539660668135,0.34898318166160147,7.266128779556451
Rice,IND_TAMILNADU_THENI,Tamil Nadu,THENI,2005,Kharif,4.15987,65285.0,15694.0,0.00765391,77.429172,9.916685,exact_normalised,183,27.207213114754115,19.81819672131147,22.974371584699455,23.47493387978142,2.0096721311475414,1232.29,638.8400000000003,901.3322999999999,83.69038251366119,93.00147540983606,2374.3099999999995,7.389016393442645,593.4499999999997,0.5190097333541114,0.3796186260429346,9.661097469276054
Rice,IND_TAMILNADU_THIRUVALLUR,Tamil Nadu,THIRUVALLUR,2005,Kharif,2.799988,271582.0,96994.0,0.04730365,79.941464,13.24923,exact_normalised,183,32.174480874316934,25.576775956284138,28.578306010928937,28.515764480874314,3.213387978142076,1375.9500000000003,438.8500000000001,879.1015,73.55765027322404,100.09289617486341,3399.8299999999977,6.597704918032797,937.1000000000001,0.40471141204119065,0.2585721933155483,11.482414709765207
Rice,IND_TAMILNADU_THIRUVARUR,Tamil Nadu,THIRUVARUR,2005,Kharif,1.559597,243450.0,156098.0,0.07612847,79.587842,10.561873,exact_normalised,183,32.63360655737707,25.77786885245902,28.877759562841522,28.257526229508187,3.6076502732240407,1009.8000000000001,375.37000000000006,961.7371999999992,71.88978142076505,100.43808743169397,3454.63,6.855737704918052,634.4300000000001,0.2923033725753554,0.2783907972778559,11.9582457003331
Rice,IND_TAMILNADU_TIRUCHIRAPPALLI,Tamil Nadu,TIRUCHIRAPPALLI,2005,Kharif,2.975018,236740.0,79576.0,0.03880895,78.555677,10.845397,exact_normalised,183,32.926994535519135,23.843934426229495,27.900546448087436,26.137190163934417,3.121311475409836,875.14,356.22999999999985,989.2403999999999,70.58464480874319,98.88677595628411,3275.800000000002,9.08306010928964,518.9100000000001,0.2671530618474875,0.30198437023017255,11.284480385356286
Rice,IND_TAMILNADU_TIRUNELVELI,Tamil Nadu,TIRUNELVELI,2005,Kharif,3.577265,309065.0,86397.0,0.04213553,77.568767,8.838215,exact_normalised,183,28.214262295081948,22.18956284153005,24.71786885245902,27.723291803278688,2.73344262295082,1450.2299999999998,751.3000000000001,924.3980999999998,88.9286338797814,98.04606557377048,2693.37,6.0246994535518965,698.9299999999997,0.5384444023658094,0.3432124438899965,11.366719806376077
Rice,IND_TAMILNADU_TIRUVANNAMALAI,Tamil Nadu,TIRUVANNAMALAI,2005,Kharif,2.756879,393528.0,142744.0,0.06961577,79.247289,12.432454,exact_normalised,183,32.41972677595629,23.7248087431694,27.64344262295084,26.87910054644811,2.5532240437158467,1169.9500000000003,470.81000000000023,914.2508,73.55245901639343,98.84464480874313,3228.7500000000023,8.694918032786891,699.1400000000001,0.3623538521099495,0.2831593650793649,11.86881510063512
Rice,IND_TAMILNADU_VELLORE,Tamil Nadu,VELLORE,2005,Kharif,2.878995,167451.0,58163.0,0.0283659,79.042643,12.783542,exact_normalised,183,29.32306010928961,20.989180327868855,24.695683060109285,24.52960928961748,2.8389071038251363,1050.7199999999998,583.3499999999998,914.2508,79.10415300546448,94.77601092896178,2689.3099999999986,8.333879781420755,467.37,0.3907024478397806,0.3399573868390035,10.971021885633377
Rice,IND_ANDHRAPRADESH_ADILABAD,Andhra Pradesh,ADILABAD,2006,Kharif,2.398993,155318.0,64743.0,0.02451578,78.785443,19.287834,historical_state_crosswalk,183,30.405737704918018,22.039617486338802,25.894426229508195,26.043833333333346,2.4874316939890715,1134.4199999999994,706.9300000000002,855.3619999999996,78.45202185792344,96.86158469945356,2908.68,8.366120218579216,427.4899999999992,0.39001196418994166,0.29407222520180964,11.078196311175537
Rice,IND_ANDHRAPRADESH_ADILABAD,Andhra Pradesh,ADILABAD,2006,Rabi,2.500055,22548.0,9019.0,0.0067456,78.785443,19.287834,historical_state_crosswalk,181,32.52933701657458,16.58889502762431,24.18878453038673,13.641764640883977,1.6107734806629825,95.54000000000002,332.61999999999983,1031.4067999999997,48.008176795580106,97.36850828729284,2568.1700000000005,15.940441988950269,-237.0799999999998,0.03720158712234782,0.40161157555769267,9.10719961305667
Rice,IND_ANDHRAPRADESH_ANANTAPUR,Andhra Pradesh,ANANTAPUR,2006,Kharif,3.017003,67427.0,22349.0,0.00846274,77.464996,14.311236,exact_normalised,183,31.997540983606545,21.77732240437157,26.227868852459004,24.238545355191263,3.956448087431694,390.7399999999997,387.7399999999999,973.0016000000004,71.36825136612022,95.76852459016388,2969.7000000000007,10.220218579234974,2.9999999999998295,0.1315755800249182,0.3276430615887127,10.014581600041716
Rice,IND_ANDHRAPRADESH_ANANTAPUR,Andhra Pradesh,ANANTAPUR,2006,Rabi,2.947999,31974.0,10846.0,0.00811207,77.464996,14.311236,exact_normalised,181,32.14668508287292,18.283646408839783,24.68773480662983,17.796426519337025,2.272154696132597,110.24000000000004,321.19,1078.8268999999991,59.8681767955801,96.06392265193372,2658.48,13.863038674033138,-210.94999999999996,0.041467304625199375,0.40580591164876134,9.291643823040218
Rice,IND_ANDHRAPRADESH_CHITTOOR,Andhra Pradesh,CHITTOOR,2006,Kharif,2.493988,42520.0,17049.0,0.00645583,78.939397,13.333205,exact_normalised,183,30.78256830601093,20.859617486338802,25.11693989071039,23.2416743169399,3.338633879781421,478.8600000000002,423.0900000000001,971.5598,73.17158469945358,93.88693989071037,2766.4000000000015,9.922950819672128,55.770000000000095,0.17309861191440137,0.3512000433776748,9.743905482711662
Rice,IND_ANDHRAPRADESH_CHITTOOR,Andhra Pradesh,CHITTOOR,2006,Rabi,2.918015,85101.0,29164.0,0.02181269,78.939397,13.333205,exact_normalised,181,29.274640883977884,17.262983425414365,22.52220994475139,19.175014364640873,2.1804419889502773,233.26000000000002,501.59000000000003,1001.9695999999999,71.70707182320444,94.18977900552491,2266.519999999999,12.01165745856352,-268.33000000000004,0.10291548276653201,0.44207401655401246,10.280724639187738
Rice,IND_ANDHRAPRADESH_EASTGODAVARI,Andhra Pradesh,EAST GODAVARI,2006,Kharif,2.403001,547716.0,227930.0,0.08630868,82.14393,17.060053,exact_normalised,183,30.723989071038254,24.171530054644805,27.082841530054665,29.385789071038236,2.345409836065575,1350.0999999999995,648.99,820.1655999999999,82.27344262295084,99.90322404371585,3126.16,6.552459016393449,701.1099999999994,0.4318716892289581,0.26235560559920157,12.336798230555454
Rice,IND_ANDHRAPRADESH_EASTGODAVARI,Andhra Pradesh,EAST GODAVARI,2006,Rabi,5.006001,845829.0,168963.0,0.12637283,82.14393,17.060053,exact_normalised,181,32.69138121546962,20.339392265193364,25.769337016574596,22.739881767955804,1.810055248618783,98.36000000000003,403.1400000000002,985.9395,68.85353591160218,100.41906077348068,2854.2500000000014,12.351988950276255,-304.7800000000002,0.034460891652798455,0.34542857142857125,12.037440953462227
Rice,IND_ANDHRAPRADESH_GUNTUR,Andhra Pradesh,GUNTUR,2006,Kharif,2.716001,783941.0,288638.0,0.10929656,80.143541,16.120193,exact_normalised,183,32.605573770491816,24.43956284153006,28.093606557377026,27.8592480874317,2.928688524590162,996.6899999999999,526.2500000000001,881.7349,73.90612021857919,99.80344262295075,3311.1299999999987,8.166010928961757,470.4399999999998,0.30101204120647646,0.2662942560394791,12.572932051327113
Rice,IND_ANDHRAPRADESH_GUNTUR,Andhra Pradesh,GUNTUR,2006,Rabi,3.488992,100947.0,28933.0,0.02163992,80.143541,16.120193,exact_normalised,181,32.41176795580109,19.89640883977901,25.52856353591161,22.35576629834254,2.13707182320442,133.33000000000007,405.44000000000005,976.4573999999999,69.21740331491716,100.27558011049726,2810.670000000001,12.51535911602208,-272.11,0.04743708795411771,0.3474109020269187,10.272772653189536
Rice,IND_ANDHRAPRADESH_KARIMNAGAR,Andhra Pradesh,KARIMNAGAR,2006,Kharif,3.125001,521094.0,166750.0,0.06314207,79.416208,18.512553,historical_state_crosswalk,183,31.242404371584698,22.61573770491804,26.586830601092903,26.43322568306009,2.411256830601092,986.4999999999994,632.1399999999995,883.1444999999995,76.43863387978143,97.78672131147532,3035.389999999999,8.626666666666658,354.3599999999999,0.3249994234678245,0.29094926846303104,12.024256960761388
Rice,IND_ANDHRAPRADESH_KARIMNAGAR,Andhra Pradesh,KARIMNAGAR,2006,Rabi,3.288998,548470.0,166759.0,0.12472439,79.416208,18.512553,historical_state_crosswalk,181,32.835027624309376,17.512596685082876,24.801270718232047,15.60820220994475,1.5645856353591165,91.06000000000003,345.0100000000001,1035.9291,52.07237569060776,98.28453038674027,2679.0300000000007,15.3224309392265,-253.95000000000007,0.03398991426001202,0.38668066427027686,12.024310931994734
Rice,IND_ANDHRAPRADESH_KHAMMAM,Andhra Pradesh,KHAMMAM,2006,Kharif,2.460001,383000.0,155691.0,0.05895444,80.659158,17.648369,historical_state_crosswalk,183,30.808142076502723,23.089836065573774,26.657377049180333,27.956803278688525,2.07306010928962,1200.3300000000002,673.7300000000002,867.1204999999995,80.32142076502728,98.81852459016392,3048.2999999999997,7.7183060109289485,526.5999999999999,0.3937702981989962,0.2844603549519403,11.955634975641418
Rice,IND_ANDHRAPRADESH_KHAMMAM,Andhra Pradesh,KHAMMAM,2006,Rabi,2.892981,65121.0,22510.0,0.01683595,80.659158,17.648369,historical_state_crosswalk,181,32.52298342541435,18.23104972375691,25.094033149171278,19.746254143646404,1.5282320441988955,98.99000000000001,425.54,1025.4382999999993,62.95480662983425,99.31469613259664,2732.0200000000004,14.291933701657442,-326.55,0.036233263299683016,0.3753407002876989,10.021759357614163
Rice,IND_ANDHRAPRADESH_KRISHNA,Andhra Pradesh,KRISHNA,2006,Kharif,2.073002,521221.0,251433.0,0.0952084,80.888919,16.541648,exact_normalised,183,31.999945355191272,24.225136612021867,27.732349726775954,28.603967213114757,2.4725136612021856,1255.7299999999998,597.8000000000002,881.7349,77.47016393442627,100.13016393442625,3245.0200000000023,7.774808743169405,657.9299999999996,0.386971420823292,0.2717194038865706,12.434935808635032
Rice,IND_ANDHRAPRADESH_KRISHNA,Andhra Pradesh,KRISHNA,2006,Rabi,3.749004,355638.0,94862.0,0.07095032,80.888919,16.541648,exact_normalised,181,32.99337016574585,19.79193370165747,25.750662983425407,22.565593370165736,1.7944198895027623,103.47000000000001,417.17999999999995,976.4573999999999,68.94519337016571,100.61845303867405,2850.8699999999994,13.201436464088381,-313.7099999999999,0.03629418388071011,0.34251207526123606,11.460189024484942
Rice,IND_ANDHRAPRADESH_KURNOOL,Andhra Pradesh,KURNOOL,2006,Kharif,3.349006,270238.0,80692.0,0.03055508,77.878833,15.431734,exact_normalised,183,31.666120218579238,22.101256830601084,26.343497267759567,25.53706338797815,3.2410382513661227,572.6399999999998,537.8799999999999,950.5918000000004,74.62524590163936,96.84103825136616,2990.8599999999988,9.564863387978153,34.75999999999988,0.19146332492995324,0.31783226229245126,11.298407109479712
Rice,IND_ANDHRAPRADESH_KURNOOL,Andhra Pradesh,KURNOOL,2006,Rabi,2.947014,36764.0,12475.0,0.00933045,77.878833,15.431734,exact_normalised,181,33.10662983425416,18.218397790055242,25.091104972375696,18.2182861878453,2.0071270718232053,91.98000000000002,315.64,1074.3732000000002,59.56143646408845,97.19055248618781,2731.4899999999993,14.888232044198915,-223.65999999999997,0.033673928881306554,0.3933286228395493,9.431562077727694
Rice,IND_ANDHRAPRADESH_MAHBUBNAGAR,Andhra Pradesh,MAHBUBNAGAR,2006,Kharif,2.439999,181697.0,74466.0,0.02819753,78.000858,16.644927,historical_state_crosswalk,183,30.240983606557364,21.43792349726776,25.35109289617487,25.258487978142075,3.1614754098360685,673.1600000000001,592.1700000000004,918.7087000000002,78.1395628415301,95.83961748633881,2809.2499999999986,8.803060109289603,80.98999999999967,0.23962267509121665,0.3270298834208421,11.218111353214848
Rice,IND_ANDHRAPRADESH_MAHBUBNAGAR,Andhra Pradesh,MAHBUBNAGAR,2006,Rabi,2.453008,86287.0,35176.0,0.02630925,78.000858,16.644927,historical_state_crosswalk,181,32.1713812154696,17.368011049723766,24.136243093922648,16.617571270718237,2.0112707182320446,89.30999999999999,349.2,1049.8773999999996,57.245414364640915,96.20867403314918,2558.6599999999994,14.803370165745836,-259.89,0.03490498933035261,0.41032313789249053,10.468147738930524
Rice,IND_ANDHRAPRADESH_MEDAK,Andhra Pradesh,MEDAK,2006,Kharif,2.614997,166136.0,63532.0,0.02405722,78.103674,17.887066,historical_state_crosswalk,183,29.604262295081952,21.085464480874315,24.891202185792356,24.747439890710382,2.897103825136612,873.88,654.4800000000005,894.0171000000001,78.68366120218573,95.02191256830608,2725.090000000001,8.518797814207637,219.39999999999952,0.3206793170133829,0.3280688344238171,11.059314734930648
Rice,IND_ANDHRAPRADESH_MEDAK,Andhra Pradesh,MEDAK,2006,Rabi,2.838007,109110.0,38446.0,0.02875499,78.103674,17.887066,historical_state_crosswalk,181,31.348066298342548,16.954143646408834,23.493480662983433,14.696152486187838,1.837016574585636,103.39,405.37999999999965,1054.3658,53.1603314917127,95.44198895027627,2442.3199999999997,14.393922651933714,-301.98999999999967,0.04233270005568476,0.4317066559664582,10.557035948482783
Rice,IND_ANDHRAPRADESH_NALGONDA,Andhra Pradesh,NALGONDA,2006,Kharif,2.591001,414568.0,160003.0,0.06058723,79.1666,17.113957,historical_state_crosswalk,183,31.478797814207663,23.02704918032788,26.853934426229497,26.863283060109296,2.7157923497267764,789.7499999999997,611.9999999999997,893.3134999999999,76.36513661202186,98.21398907103833,3084.2700000000023,8.451748633879784,177.75,0.2560573490647703,0.2896353107866689,11.98295409390347
Rice,IND_ANDHRAPRADESH_NALGONDA,Andhra Pradesh,NALGONDA,2006,Rabi,3.149003,391336.0,124273.0,0.09294775,79.1666,17.113957,historical_state_crosswalk,181,32.3432596685083,18.451215469613267,24.927679558011054,18.629349723756903,1.7305524861878454,99.10999999999999,410.28999999999996,1039.4795999999997,60.47248618784532,98.6782320441989,2701.909999999999,13.892044198895036,-311.17999999999995,0.036681458671828454,0.38472029046119227,11.730244084259809
Rice,IND_ANDHRAPRADESH_NIZAMABAD,Andhra Pradesh,NIZAMABAD,2006,Kharif,3.162997,361714.0,114358.0,0.04330315,78.037692,18.417719,historical_state_crosswalk,183,30.143879781420765,21.500655737704932,25.382131147540985,25.30061584699452,2.710163934426229,952.9599999999996,663.3100000000001,884.2625999999997,78.16874316939894,95.87972677595631,2814.93,8.643224043715833,289.6499999999995,0.33853772562728013,0.3141330690283594,11.647097902081821
Rice,IND_ANDHRAPRADESH_NIZAMABAD,Andhra Pradesh,NIZAMABAD,2006,Rabi,3.324007,177143.0,53292.0,0.03985879,78.037692,18.417719,historical_state_crosswalk,181,32.38756906077346,17.260220994475137,24.165966850828724,14.166286187845314,1.7423756906077341,99.4,338.76,1043.3695000000002,49.33309392265194,96.32232044198899,2564.040000000001,15.127348066298321,-239.35999999999999,0.038766945913480275,0.40692403394642823,10.883560269446571
Rice,IND_ANDHRAPRADESH_PRAKASAM,Andhra Pradesh,PRAKASAM,2006,Kharif,3.030007,124809.0,41191.0,0.01559751,79.729919,15.616436,exact_normalised,183,32.41464480874319,25.64939890710383,28.718907103825153,28.26963661202186,3.6987978142076496,982.22,464.9000000000002,912.2331000000003,72.21333333333332,100.1960655737705,3425.5599999999995,6.765245901639361,517.3199999999998,0.2867326802041127,0.2663018893261249,10.625999341725977
Rice,IND_ANDHRAPRADESH_PRAKASAM,Andhra Pradesh,PRAKASAM,2006,Rabi,3.721002,297215.0,79875.0,0.05974107,79.729919,15.616436,exact_normalised,181,30.87458563535913,21.85850828729282,25.929723756906075,23.71912209944751,2.864861878453039,199.33,420.30999999999983,1000.6956999999996,71.00513812154696,100.66198895027627,2883.2799999999984,9.016077348066307,-220.97999999999982,0.06913307066951532,0.3470685122499376,11.288230711163282
Rice,IND_ANDHRAPRADESH_SRIKAKULAM,Andhra Pradesh,SRIKAKULAM,2006,Kharif,2.535001,491775.0,193994.0,0.07345837,84.07575,18.697258,exact_normalised,183,29.14683060109289,26.0898907103825,27.507486338797804,30.701473770491823,3.7454644808743187,1351.4400000000005,638.1699999999998,821.7368999999999,83.24907103825136,99.9031147540984,3203.869999999999,3.056939890710389,713.2700000000007,0.4218148676444428,0.2564825976085172,12.175587664517455
Rice,IND_ANDHRAPRADESH_SRIKAKULAM,Andhra Pradesh,SRIKAKULAM,2006,Rabi,2.108905,7223.0,3425.0,0.00256167,84.07575,18.697258,exact_normalised,181,28.56055248618783,22.60895027624309,25.325303867403317,23.041589502762438,3.279613259668508,100.86,432.90999999999997,949.3507000000003,70.42386740331493,100.52867403314906,2773.8800000000006,5.951602209944742,-332.04999999999995,0.03636062122370109,0.3422464922779645,8.139148678884066
Rice,IND_ANDHRAPRADESH_VIZIANAGARAM,Andhra Pradesh,VIZIANAGARAM,2006,Kharif,2.396996,281532.0,117452.0,0.04447474,83.359673,18.506317,exact_normalised,183,27.79961748633881,21.005409836065574,24.05557377049179,25.436866120218564,2.0970491803278684,1406.14,693.3100000000002,816.5669000000005,84.76382513661197,94.44103825136608,2572.1699999999983,6.794207650273236,712.8299999999999,0.5466745977132154,0.3174622594929577,11.67379353254501
Rice,IND_ANDHRAPRADESH_VIZIANAGARAM,Andhra Pradesh,VIZIANAGARAM,2006,Rabi,1.803,1803.0,1000.0,0.00074793,83.359673,18.506317,exact_normalised,181,29.784198895027632,16.60806629834255,22.513093922651947,16.33453425414365,1.4722651933701663,138.08000000000004,441.9300000000001,958.9247999999997,61.18685082872928,94.96198895027626,2264.870000000001,13.176132596685083,-303.8500000000001,0.060965971556866394,0.4233906581834716,6.90875477931522
Rice,IND_ANDHRAPRADESH_WARANGAL,Andhra Pradesh,WARANGAL,2006,Kharif,2.909001,408002.0,140255.0,0.05310939,79.850573,17.980621,historical_state_crosswalk,183,30.908251366120197,22.75267759562841,26.530491803278693,27.04354918032788,2.18830601092896,1062.2,663.5599999999996,893.3134999999999,78.36633879781421,98.11825136612023,3025.0799999999986,8.155573770491788,398.64000000000044,0.35113120975313067,0.29530243828262404,11.851224603218535
Rice,IND_ANDHRAPRADESH_WARANGAL,Andhra Pradesh,WARANGAL,2006,Rabi,2.641002,181384.0,68680.0,0.05136797,79.850573,17.980621,historical_state_crosswalk,181,32.1589502762431,17.52707182320442,24.63756906077348,17.609498342541443,1.5093922651933696,93.01,433.57000000000005,1039.4795999999997,58.35541436464087,98.61243093922648,2649.4000000000005,14.631878453038677,-340.56000000000006,0.03510606174983014,0.3923452857250696,11.13722787518497
Rice,IND_ANDHRAPRADESH_WESTGODAVARI,Andhra Pradesh,WEST GODAVARI,2006,Kharif,2.780999,682001.0,245236.0,0.09286182,81.315692,16.847574,exact_normalised,183,30.78218579234972,23.580983606557375,26.840273224043717,28.68660109289618,2.181530054644809,1347.0900000000001,644.2100000000002,857.4286999999999,81.57683060109291,99.42071038251359,3081.770000000002,7.201202185792344,702.88,0.43711568351953567,0.2782260519117259,12.409980368887105
Rice,IND_ANDHRAPRADESH_WESTGODAVARI,Andhra Pradesh,WEST GODAVARI,2006,Rabi,4.635002,875107.0,188804.0,0.14121255,81.315692,16.847574,exact_normalised,181,33.20624309392266,19.47088397790055,25.63773480662984,21.946362983425416,1.598287292817679,98.44000000000003,377.8400000000001,967.6761999999998,67.12143646408843,99.91685082872937,2830.4300000000003,13.73535911602211,-279.4000000000001,0.034779167829623064,0.3418831061004864,12.148470015393714
Rice,IND_KARNATAKA_BANGALORERURAL,Karnataka,BANGALORE RURAL,2006,Kharif,2.032561,14919.0,7340.0,0.00687922,77.614728,13.177348,exact_normalised,183,29.12289617486339,19.357103825136615,23.43054644808744,22.088518579234975,3.5786885245901665,415.1099999999999,420.29999999999984,966.3335000000001,76.65437158469942,91.59836065573771,2457.79,9.765792349726773,-5.189999999999941,0.1688956338824716,0.39317171117141825,8.901230352110781
Rice,IND_KARNATAKA_BANGALORERURAL,Karnataka,BANGALORE RURAL,2006,Rabi,2.307692,30.0,13.0,0.00029503,77.614728,13.177348,exact_normalised,181,28.83563535911602,15.774088397790049,21.673756906077333,17.66955856353591,2.163425414364641,194.19000000000008,550.99,1065.3018000000004,69.42690607734805,91.80143646408843,2112.9500000000003,13.06154696132597,-356.79999999999995,0.09190468302610097,0.5041774769871508,2.6390573296152584
Rice,IND_KARNATAKA_BANGALORERURAL,Karnataka,BANGALORE RURAL,2006,Summer,0.771955,545.0,706.0,0.0024804,77.614728,13.177348,exact_normalised,122,32.38934426229509,20.2061475409836,25.835901639344254,20.69133688524591,2.689672131147542,367.08000000000004,284.54,786.2174,63.28704918032787,91.54778688524593,1931.9799999999996,12.18319672131149,82.54000000000002,0.1900019668940673,0.4069490367395108,6.561030665896573
Rice,IND_KARNATAKA_BIDAR,Karnataka,BIDAR,2006,Kharif,0.628656,4449.0,7077.0,0.00663273,77.219591,17.954256,exact_normalised,183,29.580874316939905,20.68010928961748,24.62267759562842,24.476089617486323,2.9597814207650277,872.0599999999995,674.81,867.4325000000001,78.92863387978139,94.60240437158471,2675.95,8.900765027322425,197.24999999999955,0.3258880023916738,0.32415870999084445,8.864746660905409
Rice,IND_KARNATAKA_BIDAR,Karnataka,BIDAR,2006,Rabi,1.71875,110.0,64.0,0.00145247,77.219591,17.954256,exact_normalised,181,31.82696132596684,16.555414364640882,23.494530386740323,14.012608287292819,1.8539226519337018,92.08000000000001,355.92999999999984,1062.3831999999998,51.13005524861881,94.99999999999996,2442.5099999999998,15.271546961325956,-263.8499999999998,0.037698924467044155,0.4349555170705544,4.174387269895637
Rice,IND_KARNATAKA_CHITRADURGA,Karnataka,CHITRADURGA,2006,Kharif,2.356945,10215.0,4334.0,0.00406193,76.575818,14.279313,exact_normalised,183,30.910983606557366,21.02868852459017,25.218087431693974,23.78020218579236,4.2749726775956285,395.8999999999999,383.26999999999987,953.4948000000003,74.18557377049179,94.54770491803282,2784.910000000002,9.882295081967197,12.630000000000052,0.1421589925706754,0.3423790355882235,8.374476889214643
Rice,IND_KARNATAKA_CHITRADURGA,Karnataka,CHITRADURGA,2006,Rabi,1.561656,1735.0,1111.0,0.0252139,76.575818,14.279313,exact_normalised,181,31.813204419889512,17.541878453038677,24.13436464088397,16.98041049723756,2.2859668508287294,96.96000000000002,299.25000000000006,1097.2298999999998,58.69403314917125,94.8103314917127,2558.3199999999997,14.271325966850835,-202.29000000000002,0.037899871790862766,0.4288868867069014,7.013915474810528
Rice,IND_KARNATAKA_CHITRADURGA,Karnataka,CHITRADURGA,2006,Summer,2.574361,6145.0,2387.0,0.00838627,76.575818,14.279313,exact_normalised,122,35.36262295081966,22.512049180327878,28.655573770491795,21.008149180327866,3.146721311475411,237.58,191.15999999999994,794.2644999999999,54.83967213114755,94.46147540983608,2275.9799999999996,12.850573770491785,46.42000000000007,0.10438580303869105,0.3489769242260477,7.778211474512493
Rice,IND_KARNATAKA_DAKSHINAKANNADA,Karnataka,DAKSHINA KANNADA,2006,Kharif,2.573587,85160.0,33090.0,0.03101274,75.204445,12.828777,exact_normalised,183,27.774153005464488,24.34759562841531,25.81890710382515,29.02864098360657,2.196284153005465,3197.5300000000007,814.0700000000003,796.4845000000003,87.31480874316946,99.07710382513658,2894.859999999999,3.4265573770491784,2383.4600000000005,1.1045542789634046,0.27513748505972674,10.40701662106948
Rice,IND_KARNATAKA_DAKSHINAKANNADA,Karnataka,DAKSHINA KANNADA,2006,Rabi,2.140284,46930.0,21927.0,0.4976284,75.204445,12.828777,exact_normalised,181,31.57569060773482,22.930331491712714,26.836906077348058,23.388690055248617,1.6403867403314918,117.64999999999999,401.7899999999999,1055.9645,66.19116022099446,99.19281767955806,3047.4800000000023,8.645359116022107,-284.13999999999993,0.03860566763358575,0.3465041608148369,9.995519637982621
Rice,IND_KARNATAKA_DAKSHINAKANNADA,Karnataka,DAKSHINA KANNADA,2006,Summer,2.280299,3970.0,1741.0,0.00611667,75.204445,12.828777,exact_normalised,122,31.791885245901643,25.331557377049197,28.033196721311462,27.555214754098365,2.305409836065574,1434.79,219.02000000000004,684.1972999999997,73.27606557377052,99.00459016393441,2200.05,6.4603278688524455,1215.77,0.6521624508533896,0.31099170473398313,7.462789157412448
Rice,IND_KARNATAKA_DHARWAD,Karnataka,DHARWAD,2006,Kharif,1.32531,32376.0,24429.0,0.02289544,75.127326,15.336898,exact_normalised,183,27.704316939890703,20.39579234972677,23.469125683060106,24.538237704918036,3.429234972677596,1014.9999999999992,751.3799999999993,889.3742999999997,84.82868852459019,93.85333333333331,2464.8499999999995,7.308524590163934,263.6199999999999,0.4117897640830068,0.3608228898310242,10.103567164251785
Rice,IND_KARNATAKA_DHARWAD,Karnataka,DHARWAD,2006,Summer,2.856115,397.0,139.0,0.00048835,75.127326,15.336898,exact_normalised,122,35.00934426229507,21.31221311475411,27.49106557377048,21.342466393442617,2.7383606557377056,460.63,184.87,775.2976999999998,59.72254098360658,93.78114754098358,2133.9099999999994,13.697131147540965,275.76,0.21586196231331223,0.36332258623840746,4.941642422609304
Rice,IND_KARNATAKA_GADAG,Karnataka,GADAG,2006,Kharif,2.757191,4122.0,1495.0,0.00140115,75.653119,15.508228,exact_normalised,183,29.55278688524589,20.6739344262295,24.374043715846994,24.07225628415299,4.010273224043717,606.12,549.4000000000001,889.3742999999997,78.86213114754098,94.04939890710374,2630.4500000000003,8.87885245901639,56.719999999999914,0.23042445208994655,0.33810728202398815,7.310550158534422
Rice,IND_KARNATAKA_GADAG,Karnataka,GADAG,2006,Summer,1.539071,1359.0,883.0,0.00310225,75.653119,15.508228,exact_normalised,122,35.70745901639345,22.035983606557384,28.509426229508193,20.272306557377046,3.089754098360656,307.35999999999996,173.77000000000004,775.2976999999998,53.71647540983608,93.96409836065574,2258.15,13.671475409836066,133.58999999999992,0.1361114186391515,0.3433331266744901,6.784457062637643
Rice,IND_KARNATAKA_HASSAN,Karnataka,HASSAN,2006,Kharif,2.419688,117396.0,48517.0,0.04547129,76.105719,12.951423,exact_normalised,183,26.095300546448087,18.9564480874317,21.976010928961752,22.716411475409846,2.8408196721311474,1274.9699999999993,729.6700000000004,907.9598000000001,86.03174863387981,91.2874316939891,2191.6099999999997,7.1388524590163875,545.2999999999989,0.5817504026720081,0.4142889473948377,10.789690142092997
Rice,IND_KARNATAKA_HASSAN,Karnataka,HASSAN,2006,Rabi,2.530831,944.0,373.0,0.00846515,76.105719,12.951423,exact_normalised,181,29.46624309392265,16.02718232044199,22.091215469613253,17.29776243093923,1.6213259668508289,114.48000000000003,463.32999999999987,1056.2252000000003,66.2143093922652,91.44817679558011,2188.5099999999993,13.439060773480659,-348.84999999999985,0.05230956221356085,0.48262297179359503,5.924255797414532
Rice,IND_KARNATAKA_HASSAN,Karnataka,HASSAN,2006,Summer,2.863158,8160.0,2850.0,0.01001293,76.105719,12.951423,exact_normalised,122,32.01565573770492,20.27,25.64516393442623,20.848113114754092,2.2376229508196728,616.04,247.82,748.4725999999999,64.67860655737705,91.22565573770494,1908.7099999999998,11.745655737704919,368.21999999999997,0.3227520157593349,0.39213531652267763,7.955425088912672
Rice,IND_KARNATAKA_HAVERI,Karnataka,HAVERI,2006,Kharif,1.895781,68978.0,36385.0,0.03410089,75.395405,14.743146,exact_normalised,183,27.851584699453554,20.53896174863389,23.57846994535518,24.761756830601094,3.660655737704918,1400.6299999999999,729.2899999999996,887.2912000000002,85.10371584699452,94.20683060109288,2484.8600000000006,7.312622950819662,671.3400000000003,0.5636655586230208,0.35707895012193847,10.50193936425675
Rice,IND_KARNATAKA_HAVERI,Karnataka,HAVERI,2006,Summer,3.379256,10719.0,3172.0,0.01114421,75.395405,14.743146,exact_normalised,122,34.71975409836067,21.73622950819673,27.606885245901637,22.314909016393443,3.0380327868852457,605.47,193.57000000000008,775.2857000000001,61.987459016393444,94.12688524590165,2148.0399999999995,12.983524590163938,411.9,0.28187091488054233,0.3609270311539824,8.062432791583195
Rice,IND_KARNATAKA_KODAGU,Karnataka,KODAGU,2006,Kharif,2.465916,84576.0,34298.0,0.0321449,75.777469,12.406712,exact_normalised,183,25.818415300546455,20.66185792349726,22.816502732240426,25.346314207650277,0.7654644808743172,2744.4099999999994,871.1800000000004,796.4845000000003,91.2240983606558,94.30125683060112,2345.4199999999996,5.156557377049197,1873.229999999999,1.1701145210665893,0.3395914164627233,10.44287147821008
Rice,IND_KARNATAKA_KODAGU,Karnataka,KODAGU,2006,Rabi,2.266667,34.0,15.0,0.00034042,75.777469,12.406712,exact_normalised,181,30.539005524861857,18.3317679558011,23.73104972375691,20.213791160221003,0.5385082872928176,159.63,465.28000000000014,1055.9645,69.16209944751387,94.40044198895028,2485.32,12.207237569060755,-305.65000000000015,0.06422915358987977,0.4248806994672718,2.772588722239781
Rice,IND_KARNATAKA_KODAGU,Karnataka,KODAGU,2006,Summer,2.302932,707.0,307.0,0.00107859,75.777469,12.406712,exact_normalised,122,31.697131147540983,21.602459016393432,25.8327049180328,24.008049180327873,0.7058196721311473,1301.9599999999996,247.02999999999997,684.1972999999997,73.11221311475408,94.23139344262296,1931.59,10.09467213114755,1054.9299999999996,0.6740353801790233,0.3542145589902618,5.730099782973574
Rice,IND_KARNATAKA_KOLAR,Karnataka,KOLAR,2006,Kharif,1.863879,18143.0,9734.0,0.00912294,78.192771,13.111229,exact_normalised,183,29.244699453551895,19.670874316939894,23.702021857923494,22.3611306010929,3.6013114754098354,519.0900000000003,450.01,971.5598,76.49087431693984,92.07885245901637,2507.469999999998,9.573825136612001,69.08000000000027,0.2070174319134429,0.38746617108081083,9.1834829178063
Rice,IND_KARNATAKA_KOLAR,Karnataka,KOLAR,2006,Summer,2.704415,1409.0,521.0,0.00183043,78.192771,13.111229,exact_normalised,122,33.10073770491804,20.619016393442624,26.256721311475424,20.921894262295083,2.822049180327868,296.3499999999999,240.30999999999997,769.4359999999999,62.41114754098357,92.04114754098359,1983.3200000000008,12.481721311475415,56.039999999999935,0.14942117257931134,0.38795353246072223,6.257667587882639
Rice,IND_KARNATAKA_KOPPAL,Karnataka,KOPPAL,2006,Kharif,3.553483,141720.0,39882.0,0.03737836,76.159107,15.65316,exact_normalised,183,30.591202185792362,21.093606557377054,25.096830601092886,24.182518032786867,3.9933879781420782,508.9899999999999,472.82000000000016,923.4293000000009,75.9257923497268,94.6962841530055,2762.7199999999984,9.497595628415308,36.16999999999973,0.18423510163896456,0.3342464310534551,10.593705446923497
Rice,IND_KARNATAKA_KOPPAL,Karnataka,KOPPAL,2006,Summer,2.71036,98424.0,36314.0,0.12758228,76.159107,15.65316,exact_normalised,122,36.117704918032786,22.691475409836062,29.174098360655744,20.171717213114746,2.8954918032786887,272.12,179.55000000000004,775.0563999999997,51.546803278688515,94.60262295081966,2339.2400000000002,13.426229508196723,92.56999999999996,0.11632838015765803,0.3313282946598039,10.499986158040269
Rice,IND_KARNATAKA_MANDYA,Karnataka,MANDYA,2006,Kharif,3.016231,170969.0,56683.0,0.05312466,76.815323,12.58214,exact_normalised,183,28.91595628415301,19.848360655737704,23.65081967213115,23.289393442622945,3.21934426229508,580.2999999999996,533.2499999999999,907.9598000000001,79.73393442622944,92.96295081967212,2498.100000000001,9.067595628415305,47.04999999999973,0.23229654537448438,0.3634601497137824,10.945247262944761
Rice,IND_KARNATAKA_MANDYA,Karnataka,MANDYA,2006,Rabi,2.846154,37.0,13.0,0.00029503,76.815323,12.58214,exact_normalised,181,30.488563535911585,17.132044198895024,23.209226519337015,18.321518232044202,1.913370165745855,176.85,439.68,1056.2252000000003,66.08801104972376,93.14397790055253,2390.869999999999,13.356519337016561,-262.83000000000004,0.07396888998565379,0.441774416844078,2.6390573296152584
Rice,IND_KARNATAKA_MANDYA,Karnataka,MANDYA,2006,Summer,3.009573,38667.0,12848.0,0.04513899,76.815323,12.58214,exact_normalised,122,33.3411475409836,21.37352459016394,26.921967213114755,21.546683606557384,2.4618852459016387,394.1099999999999,254.30000000000007,748.4725999999999,62.232049180327884,92.89122950819676,2064.4799999999996,11.96762295081966,139.80999999999983,0.1909003720065101,0.36254776021080376,9.461021266283481
Rice,IND_KARNATAKA_RAICHUR,Karnataka,RAICHUR,2006,Kharif,3.49648,285068.0,81530.0,0.07641186,76.856624,16.041451,exact_normalised,183,31.45896174863389,21.626775956284163,25.940491803278686,24.935119672131147,3.5266120218579218,538.3200000000002,523.6799999999997,920.8153,74.49661202185794,95.98027322404376,2917.1099999999983,9.832185792349726,14.640000000000441,0.1845388072441562,0.3156601225185202,11.308738595005508
Rice,IND_KARNATAKA_RAICHUR,Karnataka,RAICHUR,2006,Summer,2.317045,130306.0,56238.0,0.19758144,76.856624,16.041451,exact_normalised,122,37.12073770491803,23.876475409836065,30.34131147540983,20.1615844262295,2.749180327868853,274.39,189.53999999999994,773.0404999999995,48.6861475409836,95.87442622950817,2481.6400000000003,13.244262295081963,84.85000000000005,0.1105680114762818,0.3115038845279732,10.93736574538763
Rice,IND_KARNATAKA_UDUPI,Karnataka,UDUPI,2006,Kharif,2.565729,131763.0,51355.0,0.04813113,74.873401,13.413125,exact_normalised,183,27.003060109289613,22.94699453551912,24.65814207650272,27.308657377049187,1.9557377049180333,3007.919999999999,820.1199999999997,862.0828,88.00240437158467,96.84387978142068,2682.44,4.056065573770493,2187.7999999999993,1.1213372899300633,0.3213800867866569,10.846537053710975
Rice,IND_KARNATAKA_UDUPI,Karnataka,UDUPI,2006,Rabi,2.216276,24184.0,10912.0,0.24764542,74.873401,13.413125,exact_normalised,181,30.546795580110498,20.66397790055248,25.092154696132592,21.713855248618785,1.395303867403315,80.44999999999999,511.7699999999998,1097.583,67.94232044198891,96.9681215469613,2731.679999999998,9.882817679558016,-431.3199999999998,0.029450740935980806,0.40179779476366223,9.29771001811309
Rice,IND_KARNATAKA_UDUPI,Karnataka,UDUPI,2006,Summer,2.525,404.0,160.0,0.00056213,74.873401,13.413125,exact_normalised,122,31.476475409836052,23.713032786885254,26.905901639344282,25.96905491803278,1.8977868852459019,1303.9999999999998,262.85999999999996,723.6769999999998,73.73065573770496,96.77819672131146,2062.5200000000004,7.763442622950798,1041.1399999999999,0.6322362934662449,0.3508702945910826,5.081404364984463
Rice,IND_KARNATAKA_UTTARAKANNADA,Karnataka,UTTARA KANNADA,2006,Kharif,1.985314,154515.0,77829.0,0.07294319,74.525531,14.70572,exact_normalised,183,27.936994535519148,24.677759562841512,26.081092896174873,29.01528306010929,2.6731147540983615,2115.9700000000003,893.24,843.4554999999999,85.91551912568302,98.99830601092901,2942.8399999999997,3.2592349726776355,1222.7300000000002,0.7190231205230323,0.28661276182191353,11.262282239953434
Rice,IND_KARNATAKA_UTTARAKANNADA,Karnataka,UTTARA KANNADA,2006,Rabi,2.504443,4791.0,1913.0,0.04341511,74.525531,14.70572,exact_normalised,181,29.847790055248616,22.18662983425416,25.673701657458576,23.31832596685082,2.124143646408838,38.84,670.7600000000003,1112.9364,70.4495580110497,99.19077348066301,2836.939999999999,7.661160220994457,-631.9200000000003,0.013690807701255584,0.3923017053585907,7.5569505720129
Rice,IND_KARNATAKA_UTTARAKANNADA,Karnataka,UTTARA KANNADA,2006,Summer,2.57767,3717.0,1442.0,0.00506619,74.525531,14.70572,exact_normalised,122,30.666311475409856,25.016967213114743,27.331885245901645,27.843495081967212,2.433196721311475,887.9400000000002,310.7200000000001,744.1582,76.67319672131151,98.94721311475405,2114.4899999999984,5.649344262295113,577.22,0.419931047202872,0.35193271190689035,7.274479558773871
Rice,IND_TAMILNADU_COIMBATORE,Tamil Nadu,COIMBATORE,2006,Kharif,3.859347,24009.0,6221.0,0.00322098,76.942425,10.900215,exact_normalised,183,27.31519125683061,20.731748633879775,23.453497267759577,25.17747213114755,2.585245901639343,1017.7200000000001,662.24,827.5509999999998,87.22142076502735,94.89027322404377,2461.990000000002,6.583442622950834,355.48000000000013,0.4133729219046378,0.3361309347316598,8.735846677457582
Rice,IND_TAMILNADU_CUDDALORE,Tamil Nadu,CUDDALORE,2006,Kharif,3.721396,392384.0,105440.0,0.05459261,79.398376,11.549058,exact_normalised,183,33.69448087431694,25.074316939890704,28.90131147540982,27.189834972677588,3.0513114754098347,726.3600000000001,417.8399999999999,946.7615000000002,69.51606557377046,100.11568306010922,3458.94,8.620163934426234,308.5200000000002,0.2099949695571476,0.27371434601351863,11.56590683375813
Rice,IND_TAMILNADU_DHARMAPURI,Tamil Nadu,DHARMAPURI,2006,Kharif,3.611813,76072.0,21062.0,0.01090506,78.208849,12.106543,exact_normalised,183,31.590546448087444,21.56043715846994,25.91535519125682,24.26503661202185,2.6095628415300545,574.1500000000001,435.8000000000002,949.8734999999998,73.11442622950817,95.43437158469945,2912.5099999999993,10.030109289617503,138.3499999999999,0.1971323703609602,0.3261357042550927,9.955273225685358
Rice,IND_TAMILNADU_DINDIGUL,Tamil Nadu,DINDIGUL,2006,Kharif,4.366529,81248.0,18607.0,0.00963396,77.770431,10.376407,exact_normalised,183,29.383333333333315,21.038415300546454,24.504918032786883,24.231303278688507,3.3162841530054634,740.6000000000004,494.48,929.0559999999999,78.97781420765028,95.13125683060109,2654.400000000002,8.344918032786861,246.12000000000035,0.27900843881856535,0.3500060277275464,9.831346874758445
Rice,IND_TAMILNADU_ERODE,Tamil Nadu,ERODE,2006,Kharif,4.19215,161599.0,38548.0,0.01995861,77.349132,11.479934,exact_normalised,183,31.823825136612022,21.98612021857923,26.150382513661203,24.369297267759556,2.0724590163934433,466.8099999999999,372.13000000000005,943.5544000000008,72.3393989071038,96.17071038251368,2955.52,9.837704918032792,94.67999999999984,0.1579451331745344,0.31925156994369885,10.559685438317794
Rice,IND_TAMILNADU_KANNIYAKUMARI,Tamil Nadu,KANNIYAKUMARI,2006,Kharif,4.397365,94130.0,21406.0,0.01108317,77.370026,8.292621,exact_normalised,183,27.84103825136614,22.535792349726773,24.731803278688524,27.782750273224043,2.9948633879781417,1710.6299999999997,705.3999999999997,924.9614999999998,89.15404371584698,98.02530054644808,2695.920000000001,5.305245901639367,1005.2299999999999,0.6345255052078693,0.34309679070595545,9.971473250327222
Rice,IND_TAMILNADU_KARUR,Tamil Nadu,KARUR,2006,Kharif,3.511968,48272.0,13745.0,0.00711661,78.090802,10.786735,exact_normalised,183,32.84863387978144,23.079617486338805,27.294699453551928,25.863184153005456,3.106393442622951,553.5799999999998,400.6700000000001,986.7051999999999,71.98508196721313,98.3761748633879,3164.930000000003,9.769016393442634,152.90999999999974,0.17491066153121848,0.311762092684514,9.52850315168155
Rice,IND_TAMILNADU_KRISHNAGIRI,Tamil Nadu,KRISHNAGIRI,2006,Kharif,2.852823,51037.0,17890.0,0.00926273,78.043393,12.472753,exact_normalised,183,30.343387978142072,20.574918032786872,24.732131147540976,23.453772677595644,3.2514754098360648,556.3499999999995,455.3200000000001,949.8734999999998,75.54196721311473,93.80743169398909,2695.9799999999996,9.7684699453552,101.02999999999935,0.20636280684574795,0.3523295795962878,9.792053072089823
Rice,IND_TAMILNADU_MADURAI,Tamil Nadu,MADURAI,2006,Kharif,3.979146,267518.0,67230.0,0.034809,78.006559,9.898005,exact_normalised,183,31.714699453551912,22.699180327868845,26.62109289617486,26.338319672131146,2.1900000000000004,953.5200000000002,580.3500000000003,1015.6944999999996,76.13590163934428,98.37551912568307,3041.6599999999994,9.015519125683067,373.16999999999996,0.3134867144914292,0.3339276908004181,11.115889729664524
Rice,IND_TAMILNADU_NAMAKKAL,Tamil Nadu,NAMAKKAL,2006,Kharif,3.789121,57678.0,15222.0,0.00788134,78.154921,11.347699,exact_normalised,183,32.71633879781422,22.55726775956283,26.99163934426232,25.145015300546433,2.6372131147540983,559.4599999999999,412.5099999999998,951.8875999999996,71.34185792349724,97.24857923497271,3109.4700000000007,10.159071038251387,146.9500000000001,0.1799213370767365,0.30612535255204243,9.630562721059254
Rice,IND_TAMILNADU_PERAMBALUR,Tamil Nadu,PERAMBALUR,2006,Kharif,3.147699,131983.0,41930.0,0.02170967,78.858963,11.25245,exact_normalised,183,32.74573770491802,22.992950819672135,27.246338797814186,25.303615300546443,2.9050273224043717,580.6500000000002,412.98000000000013,951.8875999999996,70.96316939890707,97.52573770491799,3156.079999999997,9.752786885245886,167.67000000000007,0.18397822615396336,0.3016043953258474,10.643780689153017
Rice,IND_TAMILNADU_PUDUKKOTTAI,Tamil Nadu,PUDUKKOTTAI,2006,Kharif,3.041664,283985.0,93365.0,0.04834066,78.872829,10.352982,exact_normalised,183,33.30322404371583,24.09426229508196,28.12163934426227,26.802024043715843,2.972568306010928,630.2399999999999,417.0,986.7051999999999,71.47633879781422,99.7233879781421,3316.2600000000016,9.208961748633868,213.2399999999999,0.19004541260335425,0.2975355370206194,11.444282532247565
Rice,IND_TAMILNADU_RAMANATHAPURAM,Tamil Nadu,RAMANATHAPURAM,2006,Kharif,1.711291,223190.0,130422.0,0.06752729,78.817623,9.423787,exact_normalised,183,31.082568306010938,24.972841530054637,27.632295081967207,29.245545901639357,3.8862295081967186,988.1500000000001,521.1600000000002,1015.6944999999996,79.34054644808744,100.55562841530055,3226.7100000000005,6.1097267759563,466.9899999999999,0.3062407219737751,0.31477712592702767,11.7785382932896
Rice,IND_TAMILNADU_SALEM,Tamil Nadu,SALEM,2006,Kharif,3.631736,99811.0,27483.0,0.0142296,78.256113,11.628258,exact_normalised,183,32.71633879781422,22.55726775956283,26.99163934426232,25.145015300546433,2.6372131147540983,559.4599999999999,412.5099999999998,951.8875999999996,71.34185792349724,97.24857923497271,3109.4700000000007,10.159071038251387,146.9500000000001,0.1799213370767365,0.30612535255204243,10.221359296150967
Rice,IND_TAMILNADU_SIVAGANGA,Tamil Nadu,SIVAGANGA,2006,Kharif,1.344842,109450.0,81385.0,0.04213789,78.568693,9.944223,exact_normalised,183,32.60442622950818,24.2584699453552,27.931366120218563,27.617275956284175,2.9524590163934423,786.35,466.6299999999998,1015.6944999999996,74.23437158469945,99.96672131147541,3281.4399999999996,8.34595628415298,319.7200000000002,0.23963564776439616,0.30952706738505037,11.306958547026635
Rice,IND_TAMILNADU_THANJAVUR,Tamil Nadu,THANJAVUR,2006,Kharif,3.641921,598160.0,164243.0,0.08503845,79.260887,10.579191,exact_normalised,183,32.6577049180328,25.613278688524602,28.737213114754077,28.14032677595629,3.632459016393442,691.84,403.06000000000006,971.5414999999997,72.23398907103827,100.52284153005459,3428.9100000000008,7.044426229508197,288.78,0.2017667422008743,0.2833382911770794,12.009108405999267
Rice,IND_TAMILNADU_THENILGIRIS,Tamil Nadu,THE NILGIRIS,2006,Kharif,3.198559,3995.0,1249.0,0.00064668,76.648605,11.435308,exact_normalised,183,26.93054644808743,19.422568306010927,22.494153005464483,23.072633879781417,2.5184699453551915,817.2400000000001,584.1099999999997,835.0322000000002,84.74327868852461,92.24551912568302,2286.429999999999,7.507978142076503,233.13000000000045,0.3574305795497787,0.3652122304203499,7.1308988302963465
Rice,IND_TAMILNADU_THENI,Tamil Nadu,THENI,2006,Kharif,4.304995,64209.0,14915.0,0.00772239,77.429172,9.916685,exact_normalised,183,27.213333333333324,19.54846994535518,22.77415300546449,23.20882786885246,2.0105464480874313,1236.8700000000003,695.5999999999999,904.0357000000004,83.87327868852455,93.07038251366119,2337.67,7.664863387978144,541.2700000000004,0.5291037657154347,0.38672511517878927,9.610189741298711
Rice,IND_TAMILNADU_THIRUVALLUR,Tamil Nadu,THIRUVALLUR,2006,Kharif,3.551675,318468.0,89667.0,0.04642598,79.941464,13.24923,exact_normalised,183,32.429672131147555,25.41781420765026,28.519125683060103,28.463268306010928,3.1365027322404373,1118.7,502.5599999999998,941.2523,73.64918032786883,100.16934426229508,3388.999999999999,7.0118579234972955,616.1400000000003,0.330097373856595,0.27773747418117445,11.403869239693787
Rice,IND_TAMILNADU_THIRUVARUR,Tamil Nadu,THIRUVARUR,2006,Kharif,3.314726,586375.0,176900.0,0.09159173,79.587842,10.561873,exact_normalised,183,32.6577049180328,25.613278688524602,28.737213114754077,28.14032677595629,3.632459016393442,691.84,403.06000000000006,971.5414999999997,72.23398907103827,100.52284153005459,3428.9100000000008,7.044426229508197,288.78,0.2017667422008743,0.2833382911770794,12.083345533043149
Rice,IND_TAMILNADU_TIRUCHIRAPPALLI,Tamil Nadu,TIRUCHIRAPPALLI,2006,Kharif,3.938039,282444.0,71722.0,0.03713478,78.555677,10.845397,exact_normalised,183,33.235573770491804,23.690437158469933,27.843715846994535,26.19872513661201,3.1418032786885255,576.0600000000002,402.9500000000001,986.7051999999999,70.97650273224045,98.96371584699453,3265.3999999999987,9.54513661202187,173.11000000000007,0.1764133031175355,0.3021697801188217,11.180566756180555
Rice,IND_TAMILNADU_TIRUNELVELI,Tamil Nadu,TIRUNELVELI,2006,Kharif,4.193091,385278.0,91884.0,0.04757385,77.568767,8.838215,exact_normalised,183,28.200054644808752,21.98677595628415,24.631803278688523,27.58565300546446,2.5379781420765046,1763.9900000000011,753.9499999999999,924.9614999999998,89.04721311475404,98.11338797814216,2677.62,6.213278688524603,1010.0400000000012,0.6587902689702053,0.34544166087794376,11.428293074129524
Rice,IND_TAMILNADU_TIRUVANNAMALAI,Tamil Nadu,TIRUVANNAMALAI,2006,Kharif,3.284176,366051.0,111459.0,0.05770901,79.247289,12.432454,exact_normalised,183,33.402404371584694,23.835409836065566,27.999344262295107,26.571449726775942,2.593989071038252,824.5300000000001,471.6200000000001,948.7074999999994,71.24125683060106,98.91382513661202,3293.8800000000006,9.566994535519129,352.90999999999997,0.2503218089305014,0.2880212697487459,11.621421061123527
Rice,IND_TAMILNADU_VELLORE,Tamil Nadu,VELLORE,2006,Kharif,3.09912,129193.0,41687.0,0.02158386,79.042643,12.783542,exact_normalised,183,31.35737704918035,21.356994535519124,25.647814207650246,23.839360109289633,3.1107103825136604,508.1499999999999,447.9399999999999,948.7074999999994,72.80327868852461,94.83475409836066,2863.5499999999993,10.000382513661226,60.210000000000036,0.17745455815334116,0.331304674267954,10.637968596589051
Rice,IND_ANDHRAPRADESH_ADILABAD,Andhra Pradesh,ADILABAD,2007,Kharif,2.4,96000.0,40000.0,0.0155159,78.785443,19.287834,historical_state_crosswalk,183,30.381857923497268,21.409071038251373,25.497595628415308,25.27049125683062,2.319016393442623,843.3099999999997,679.6899999999998,898.4297999999991,76.61098360655741,96.77366120218578,2836.0599999999995,8.972786885245895,163.6199999999999,0.29735266531737686,0.31678800871631746,10.596659732783579
Rice,IND_ANDHRAPRADESH_ADILABAD,Andhra Pradesh,ADILABAD,2007,Rabi,2.333333,28000.0,12000.0,0.00853485,78.785443,19.287834,historical_state_crosswalk,181,33.667348066298324,18.309779005524856,25.683812154696145,13.775716022099445,1.6741988950276239,36.779999999999994,201.48999999999992,991.3881999999996,45.00325966850827,97.40856353591164,2838.7700000000004,15.357569060773468,-164.70999999999992,0.012956315587384673,0.34923160382841845,9.392745258631441
Rice,IND_ANDHRAPRADESH_ANANTAPUR,Andhra Pradesh,ANANTAPUR,2007,Kharif,3.166667,95000.0,30000.0,0.01163693,77.464996,14.311236,exact_normalised,183,29.800710382513653,21.020928961748627,24.87398907103825,24.6322005464481,3.30360655737705,733.9099999999997,593.9900000000002,938.0537000000003,78.04825136612021,95.67540983606558,2721.9400000000005,8.779781420765026,139.9199999999995,0.2696275450597734,0.34462688376672523,10.308985993422082
Rice,IND_ANDHRAPRADESH_ANANTAPUR,Andhra Pradesh,ANANTAPUR,2007,Rabi,2.642857,37000.0,14000.0,0.00995733,77.464996,14.311236,exact_normalised,181,33.74823204419889,19.222375690607727,26.01762430939227,17.416564088397788,2.6376795580110497,120.17000000000003,140.86999999999992,1061.2696999999994,53.68320441988949,96.11414364640888,2899.1899999999996,14.525856353591166,-20.69999999999989,0.04144950831094204,0.3660573125597148,9.546884034617925
Rice,IND_ANDHRAPRADESH_CHITTOOR,Andhra Pradesh,CHITTOOR,2007,Kharif,2.8,42000.0,15000.0,0.00581846,78.939397,13.333205,exact_normalised,183,28.399672131147533,20.243551912568307,23.81841530054645,23.652615846994532,2.8020765027322407,823.4399999999997,588.6200000000003,941.1583999999999,80.10765027322407,93.79677595628416,2528.769999999999,8.156120218579225,234.81999999999937,0.3256286653195032,0.3721803090039823,9.61587214452889
Rice,IND_ANDHRAPRADESH_CHITTOOR,Andhra Pradesh,CHITTOOR,2007,Rabi,3.135135,116000.0,37000.0,0.02631579,78.939397,13.333205,exact_normalised,181,31.679558011049707,17.76723756906078,23.86541436464088,18.990094475138125,2.4524861878453024,172.65,215.1900000000001,1020.0597000000002,65.18767955801104,94.26016574585636,2509.6399999999985,13.912320441988928,-42.540000000000106,0.06879472753064189,0.4064565834143546,10.518700218288165
Rice,IND_ANDHRAPRADESH_EASTGODAVARI,Andhra Pradesh,EAST GODAVARI,2007,Kharif,2.954545,715000.0,242000.0,0.09387122,82.14393,17.060053,exact_normalised,183,30.00032786885247,23.8375956284153,26.616229508196735,29.53350655737705,2.3067213114754095,1164.86,651.3199999999999,823.3192000000001,84.44464480874316,99.79497267759565,3040.7699999999986,6.162732240437169,513.54,0.3830806012950668,0.2707601035264096,12.396697137361691
Rice,IND_ANDHRAPRADESH_EASTGODAVARI,Andhra Pradesh,EAST GODAVARI,2007,Rabi,4.751479,803000.0,169000.0,0.12019915,82.14393,17.060053,exact_normalised,181,32.410994475138125,20.70276243093923,25.77779005524861,23.612301657458566,1.8982320441988954,103.90000000000002,371.0300000000002,960.1505999999996,71.6868508287293,100.5251933701657,2855.7799999999993,11.708232044198894,-267.13000000000017,0.03638235438304073,0.33621308364089664,12.037659911047468
Rice,IND_ANDHRAPRADESH_GUNTUR,Andhra Pradesh,GUNTUR,2007,Kharif,3.448763,976000.0,283000.0,0.10977502,80.143541,16.120193,exact_normalised,183,30.859398907103838,23.456721311475416,26.849453551912568,28.103037158469956,2.7215300546448087,949.9700000000004,631.9599999999999,866.0440000000003,79.41245901639347,99.70688524590169,3083.45,7.402677595628422,318.01000000000045,0.3080867210429877,0.28086850767808796,12.553205710188037
Rice,IND_ANDHRAPRADESH_GUNTUR,Andhra Pradesh,GUNTUR,2007,Rabi,3.541667,85000.0,24000.0,0.0170697,80.143541,16.120193,exact_normalised,181,32.70508287292817,20.907127071823197,26.073093922651946,23.572780110497238,2.2918784530386738,173.64999999999992,336.6499999999999,953.9680000000006,70.4741988950276,100.36259668508289,2909.230000000001,11.797955801104976,-163.0,0.05968933360373702,0.3279108217638345,10.085850775128717
Rice,IND_ANDHRAPRADESH_KARIMNAGAR,Andhra Pradesh,KARIMNAGAR,2007,Kharif,3.392308,441000.0,130000.0,0.05042669,79.416208,18.512553,historical_state_crosswalk,183,30.960218579234933,22.054480874316948,26.094098360655728,25.838005464480897,2.316065573770492,749.6799999999998,621.6,904.3380999999999,75.94021857923497,97.69316939890707,2945.2199999999975,8.905737704917986,128.0799999999998,0.2545412566803161,0.3070528177861079,11.775297421715827
Rice,IND_ANDHRAPRADESH_KARIMNAGAR,Andhra Pradesh,KARIMNAGAR,2007,Rabi,3.585526,545000.0,152000.0,0.10810811,79.416208,18.512553,historical_state_crosswalk,181,34.29419889502761,19.088563535911586,26.340220994475132,16.348736464088397,1.7480110497237569,50.56999999999997,178.14000000000019,994.2970000000003,50.02066298342546,98.33292817679559,2957.58,15.205635359116027,-127.57000000000022,0.017098438588305294,0.3361860034217165,11.931642378754141
Rice,IND_ANDHRAPRADESH_KHAMMAM,Andhra Pradesh,KHAMMAM,2007,Kharif,3.082192,450000.0,146000.0,0.05663305,80.659158,17.648369,historical_state_crosswalk,183,30.104316939890705,22.478907103825154,26.036721311475418,27.679777595628387,2.079672131147543,1039.3300000000002,676.3199999999999,874.5652000000002,81.88245901639344,98.71754098360653,2934.7200000000007,7.6254098360655505,363.0100000000002,0.35414962926616506,0.298006351542907,11.891368749982085
Rice,IND_ANDHRAPRADESH_KHAMMAM,Andhra Pradesh,KHAMMAM,2007,Rabi,3.266667,98000.0,30000.0,0.02133713,80.659158,17.648369,historical_state_crosswalk,181,33.024088397790045,19.4024861878453,25.80734806629836,21.123062983425417,1.7003867403314916,94.57000000000002,338.62000000000006,993.7222000000005,65.12812154696131,99.39613259668506,2861.1299999999987,13.621602209944744,-244.05000000000004,0.03305337401655991,0.34731808760874233,10.308985993422082
Rice,IND_ANDHRAPRADESH_KRISHNA,Andhra Pradesh,KRISHNA,2007,Kharif,3.616858,944000.0,261000.0,0.10124127,80.888919,16.541648,exact_normalised,183,30.628469945355203,23.426120218579232,26.739617486338783,28.820033879781413,2.3549180327868844,1040.4199999999998,646.31,866.0440000000003,81.97978142076504,100.02994535519127,3063.3499999999985,7.202349726775971,394.1099999999999,0.3396347136305027,0.28271141071049694,12.472279517715116
Rice,IND_ANDHRAPRADESH_KRISHNA,Andhra Pradesh,KRISHNA,2007,Rabi,3.776596,355000.0,94000.0,0.06685633,80.888919,16.541648,exact_normalised,181,33.14635359116023,20.643093922651925,26.157624309392247,23.70518950276242,1.982320441988949,138.2100000000001,362.79999999999984,953.9680000000006,70.67745856353596,100.71116022099446,2924.529999999999,12.503259668508303,-224.58999999999975,0.04725887578516895,0.32619532027368536,11.451060699493427
Rice,IND_ANDHRAPRADESH_KURNOOL,Andhra Pradesh,KURNOOL,2007,Kharif,3.688889,332000.0,90000.0,0.03491078,77.878833,15.431734,exact_normalised,183,30.02202185792348,21.316065573770498,25.1864480874317,25.493997267759582,2.8769398907103847,1018.85,656.6999999999996,930.9538,79.17185792349731,96.74562841530057,2779.1200000000003,8.705956284152983,362.15000000000043,0.36660885460145654,0.3349815049368145,11.407576060361786
Rice,IND_ANDHRAPRADESH_KURNOOL,Andhra Pradesh,KURNOOL,2007,Rabi,2.684211,51000.0,19000.0,0.01351351,77.878833,15.431734,exact_normalised,181,34.36259668508287,19.19657458563535,26.245635359115997,18.680512707182324,2.3014917127071812,109.40000000000006,147.5400000000002,1043.7734000000005,56.65585635359118,97.25055248618781,2940.46,15.16602209944752,-38.14000000000013,0.037205063153384184,0.3549694265523083,9.852246888342531
Rice,IND_ANDHRAPRADESH_MAHBUBNAGAR,Andhra Pradesh,MAHBUBNAGAR,2007,Kharif,2.911765,297000.0,102000.0,0.03956555,78.000858,16.644927,historical_state_crosswalk,183,29.303825136612023,20.73803278688525,24.53644808743169,24.833013114754117,2.9237158469945346,973.59,635.5799999999998,920.2108000000002,79.94426229508204,95.73726775956281,2660.170000000001,8.565792349726774,338.0100000000002,0.3659878879921207,0.3459218019900983,11.532737896139919
Rice,IND_ANDHRAPRADESH_MAHBUBNAGAR,Andhra Pradesh,MAHBUBNAGAR,2007,Rabi,2.782609,128000.0,46000.0,0.03271693,78.000858,16.644927,historical_state_crosswalk,181,33.65469613259666,18.726353591160223,25.702817679558002,17.351119889502755,2.165745856353592,92.15999999999998,156.61000000000018,1012.5561000000001,54.46254143646409,96.26138121546964,2842.2099999999987,14.92834254143644,-64.4500000000002,0.03242547172798633,0.35625661017306975,10.736418414365376
Rice,IND_ANDHRAPRADESH_MEDAK,Andhra Pradesh,MEDAK,2007,Kharif,2.827586,164000.0,58000.0,0.02249806,78.103674,17.887066,historical_state_crosswalk,183,29.432950819672108,20.73918032786885,24.577650273224044,23.934075956284154,2.7669945355191254,790.9099999999996,627.0199999999999,910.3843999999996,76.88590163934428,94.92081967213115,2667.71,8.693770491803257,163.88999999999976,0.2964752540568501,0.3412606317778168,10.968215530759236
Rice,IND_ANDHRAPRADESH_MEDAK,Andhra Pradesh,MEDAK,2007,Rabi,3.371429,118000.0,35000.0,0.02489331,78.103674,17.887066,historical_state_crosswalk,181,32.92453038674033,18.232928176795568,25.132596685082877,14.808639779005523,1.9871823204419878,73.15999999999998,202.79999999999995,1006.6953999999997,49.105138121546965,95.48397790055247,2739.0000000000005,14.691602209944762,-129.64,0.026710478276743325,0.367541219423147,10.463131911491967
Rice,IND_ANDHRAPRADESH_NALGONDA,Andhra Pradesh,NALGONDA,2007,Kharif,3.165644,516000.0,163000.0,0.06322731,79.1666,17.113957,historical_state_crosswalk,183,30.813497267759583,22.311748633879784,26.159726775956276,26.400093989071042,2.5574316939890704,796.4199999999995,623.5700000000002,912.4188,77.46267759562842,98.11207650273225,2957.23,8.5017486338798,172.84999999999934,0.2693128366748611,0.3085383280975778,12.001511614739405
Rice,IND_ANDHRAPRADESH_NALGONDA,Andhra Pradesh,NALGONDA,2007,Rabi,3.202703,474000.0,148000.0,0.10526316,79.1666,17.113957,historical_state_crosswalk,181,33.54784530386742,19.705082872928173,26.088618784530397,20.136808839779007,1.9280110497237557,86.58,237.90000000000003,999.5601999999998,61.26436464088396,98.74386740331494,2912.0399999999986,13.842762430939246,-151.32000000000005,0.02973173445419707,0.3432508482026347,11.904974309480183
Rice,IND_ANDHRAPRADESH_NIZAMABAD,Andhra Pradesh,NIZAMABAD,2007,Kharif,3.577465,254000.0,71000.0,0.02754073,78.037692,18.417719,historical_state_crosswalk,183,29.938196721311463,21.12874316939892,25.048087431694,24.476921311475405,2.566885245901639,790.5899999999998,641.3000000000003,914.2106,76.36311475409836,95.78163934426225,2753.800000000003,8.809453551912544,149.2899999999995,0.28709056576367165,0.3319814801365383,11.170449240431308
Rice,IND_ANDHRAPRADESH_NIZAMABAD,Andhra Pradesh,NIZAMABAD,2007,Rabi,3.491228,199000.0,57000.0,0.04054054,78.037692,18.417719,historical_state_crosswalk,181,33.70535911602213,18.536353591160232,25.69530386740333,14.246211602209952,1.8574033149171283,62.089999999999996,169.43000000000015,998.5416000000001,45.7775138121547,96.36215469613259,2840.85,15.169005524861898,-107.34000000000015,0.021856134607599838,0.35149395427424895,10.950824090522445
Rice,IND_ANDHRAPRADESH_PRAKASAM,Andhra Pradesh,PRAKASAM,2007,Kharif,3.680851,173000.0,47000.0,0.01823119,79.729919,15.616436,exact_normalised,183,30.813005464480863,24.754644808743176,27.55185792349727,28.59032896174864,3.4478142076502736,976.0599999999998,585.24,894.4796999999998,77.52393442622949,100.10098360655739,3211.9900000000007,6.058360655737687,390.8199999999998,0.3038801490664665,0.2784814709883902,10.757924157061597
Rice,IND_ANDHRAPRADESH_PRAKASAM,Andhra Pradesh,PRAKASAM,2007,Rabi,3.5875,287000.0,80000.0,0.056899,79.729919,15.616436,exact_normalised,181,30.911270718232043,22.689337016574584,26.26740331491714,24.518614917127074,2.9609392265193373,232.60000000000005,362.35,975.5929,71.84933701657457,100.75414364640882,2944.3999999999983,8.22193370165746,-129.74999999999997,0.07899741882896352,0.3313384390707786,11.289794413577894
Rice,IND_ANDHRAPRADESH_SRIKAKULAM,Andhra Pradesh,SRIKAKULAM,2007,Kharif,3.049751,613000.0,201000.0,0.07796742,84.07575,18.697258,exact_normalised,183,29.086120218579218,26.097650273224037,27.4875956284153,30.620013114754094,3.923169398907102,1261.9799999999998,634.0400000000002,866.2941000000001,82.8765573770492,99.81049180327865,3200.2299999999987,2.988469945355181,627.9399999999996,0.39434040678326254,0.2706974498707907,12.211065162153215
Rice,IND_ANDHRAPRADESH_SRIKAKULAM,Andhra Pradesh,SRIKAKULAM,2007,Rabi,3.0,6000.0,2000.0,0.00142248,84.07575,18.697258,exact_normalised,181,28.530000000000026,23.00204419889504,25.487182320441985,23.660737569060778,3.048618784530386,150.58999999999995,374.4900000000001,943.2557000000002,71.80154696132594,100.62977900552482,2803.179999999998,5.527955801104987,-223.90000000000018,0.053721131001220064,0.33649487367917896,7.601402334583733
Rice,IND_ANDHRAPRADESH_VIZIANAGARAM,Andhra Pradesh,VIZIANAGARAM,2007,Kharif,2.919355,362000.0,124000.0,0.0480993,83.359673,18.506317,exact_normalised,183,27.724699453551906,20.855956284153002,23.95546448087432,25.29135956284151,2.1068306010928954,1293.6200000000003,671.7099999999997,842.6792999999997,84.42923497267758,94.35131147540986,2553.85,6.868743169398904,621.9100000000007,0.5065371889500168,0.3299642892104077,11.728044909070785
Rice,IND_ANDHRAPRADESH_VIZIANAGARAM,Andhra Pradesh,VIZIANAGARAM,2007,Rabi,2.333333,7000.0,3000.0,0.00213371,83.359673,18.506317,exact_normalised,181,30.302375690607743,17.168895027624302,23.030939226519347,17.672346961325964,1.4510497237569062,144.10999999999996,358.21000000000004,944.5468,64.05121546961325,95.04143646408838,2358.600000000001,13.133480662983441,-214.10000000000008,0.0610998049690494,0.40046926142626965,8.006700845440367
Rice,IND_ANDHRAPRADESH_WARANGAL,Andhra Pradesh,WARANGAL,2007,Kharif,3.078261,354000.0,115000.0,0.04460822,79.850573,17.980621,historical_state_crosswalk,183,30.469289617486336,22.130327868852454,25.979071038251373,26.57446448087431,2.1636065573770513,857.6200000000001,659.1899999999999,912.4188,78.78715846994538,98.01934426229512,2924.1700000000023,8.338961748633881,198.43000000000018,0.2932866420214965,0.3120265921611942,11.652696102959753
Rice,IND_ANDHRAPRADESH_WARANGAL,Andhra Pradesh,WARANGAL,2007,Rabi,2.847222,205000.0,72000.0,0.0512091,79.850573,17.980621,historical_state_crosswalk,181,33.27502762430938,18.994917127071822,25.78502762430939,18.888339779005534,1.7169613259668501,64.93999999999998,286.75999999999993,999.5601999999998,59.11408839779002,98.67729281767956,2857.089999999999,14.280110497237558,-221.81999999999994,0.02272942049427915,0.3498525422720321,11.184435286790631
Rice,IND_ANDHRAPRADESH_WESTGODAVARI,Andhra Pradesh,WEST GODAVARI,2007,Kharif,3.248031,825000.0,254000.0,0.09852599,81.315692,16.847574,exact_normalised,183,29.949890710382498,23.126775956284153,26.259562841530066,28.76596939890708,2.142295081967212,1141.6799999999992,654.0500000000001,859.932,84.02322404371584,99.31497267759565,2975.4999999999995,6.823114754098345,487.6299999999991,0.3836934968912786,0.28900420097462615,12.445093483000798
Rice,IND_ANDHRAPRADESH_WESTGODAVARI,Andhra Pradesh,WEST GODAVARI,2007,Rabi,4.239583,814000.0,192000.0,0.13655761,81.315692,16.847574,exact_normalised,181,33.041049723756906,19.997348066298336,25.767900552486186,22.980723756906094,1.7868508287292821,111.91999999999997,338.58000000000004,956.5042999999996,70.08535911602212,100.0145856353591,2853.9900000000007,13.04370165745857,-226.66000000000008,0.039215274054919584,0.3351463389850698,12.165255859329688
Rice,IND_KARNATAKA_BANGALORERURAL,Karnataka,BANGALORE RURAL,2007,Kharif,2.978894,5928.0,1990.0,0.0018926,77.614728,13.177348,exact_normalised,183,26.906338797814207,18.6595081967213,22.230710382513664,22.23957540983608,3.0208196721311467,836.9699999999997,592.3500000000003,941.3460000000001,82.67453551912566,91.50245901639343,2238.22,8.246830601092906,244.61999999999944,0.37394447373359174,0.42057795927120667,7.596392304064196
Rice,IND_KARNATAKA_BANGALORERURAL,Karnataka,BANGALORE RURAL,2007,Rabi,2.1875,35.0,16.0,0.00039678,77.614728,13.177348,exact_normalised,181,31.95502762430939,16.929005524861875,23.73430939226519,16.708297237569052,2.598950276243094,173.93000000000004,167.49000000000007,1065.9934,57.81408839779006,91.85243093922652,2485.909999999999,15.026022099447516,6.439999999999969,0.069966330237217,0.42881415658652183,2.833213344056216
Rice,IND_KARNATAKA_BANGALORERURAL,Karnataka,BANGALORE RURAL,2007,Summer,3.05,305.0,100.0,0.00030814,77.614728,13.177348,exact_normalised,122,33.14663934426228,20.33713114754098,26.417786885245903,20.037897540983625,2.7390163934426224,276.73,194.38999999999996,784.9632000000003,59.222377049180345,91.55270491803276,2002.9699999999996,12.809508196721303,82.34000000000006,0.138159832648517,0.3918996290508597,4.61512051684126
Rice,IND_KARNATAKA_BIDAR,Karnataka,BIDAR,2007,Kharif,0.619935,4223.0,6812.0,0.00647857,77.219591,17.954256,exact_normalised,183,29.55459016393443,20.397431693989063,24.3904918032787,23.647010928961745,2.8418032786885243,834.5999999999997,657.3599999999998,904.5276999999994,76.725737704918,94.49726775956285,2633.4599999999987,9.157158469945369,177.2399999999999,0.31692146453714887,0.34347501006280706,8.826587830773668
Rice,IND_KARNATAKA_BIDAR,Karnataka,BIDAR,2007,Rabi,1.730769,45.0,26.0,0.00064476,77.219591,17.954256,exact_normalised,181,33.21646408839778,17.98127071823205,25.092486187845314,13.949887845303861,1.9461878453038668,86.28999999999998,185.5400000000002,1015.6003999999998,46.73292817679555,95.04038674033151,2731.7400000000016,15.235193370165728,-99.25000000000021,0.031587925644461015,0.3717778412293993,3.295836866004329
Rice,IND_KARNATAKA_CHITRADURGA,Karnataka,CHITRADURGA,2007,Kharif,2.513563,6857.0,2728.0,0.00259447,76.575818,14.279313,exact_normalised,183,29.014153005464483,20.408469945355183,24.12060109289617,23.897827868852467,3.647595628415305,658.7499999999995,563.2,915.7103000000001,79.09469945355194,94.44950819672128,2584.0699999999997,8.6056830601093,95.5499999999995,0.2549273046008814,0.35436745134613234,7.911690520708339
Rice,IND_KARNATAKA_CHITRADURGA,Karnataka,CHITRADURGA,2007,Rabi,2.165138,944.0,436.0,0.01081215,76.575818,14.279313,exact_normalised,181,33.10618784530387,18.710828729281758,25.3699447513812,16.64002596685082,2.559226519337017,144.71999999999997,154.05999999999995,1071.4723000000004,52.78856353591161,94.85878453038677,2781.96,14.395359116022114,-9.339999999999975,0.05202087736703618,0.38515014594027247,6.07993319509559
Rice,IND_KARNATAKA_CHITRADURGA,Karnataka,CHITRADURGA,2007,Summer,2.495726,8760.0,3510.0,0.01081581,76.575818,14.279313,exact_normalised,122,35.192950819672134,22.751639344262294,28.655245901639347,20.635451639344257,3.230983606557377,325.5899999999999,201.80999999999997,775.0541999999998,53.84172131147539,94.47262295081968,2275.9399999999987,12.44131147540984,123.77999999999994,0.14305737409597796,0.3405424571825269,8.163656176168432
Rice,IND_KARNATAKA_DAKSHINAKANNADA,Karnataka,DAKSHINA KANNADA,2007,Kharif,2.337007,77189.0,33029.0,0.03141233,75.204445,12.828777,exact_normalised,183,27.674699453551906,23.98229508196722,25.62546448087433,28.513168306010947,2.2454644808743156,3820.379999999999,759.2400000000002,758.5357000000001,86.52967213114752,98.9609836065574,2859.46,3.6924043715846864,3061.139999999999,1.336049463884789,0.26527235911675634,10.405171518384835
Rice,IND_KARNATAKA_DAKSHINAKANNADA,Karnataka,DAKSHINA KANNADA,2007,Rabi,2.187497,46714.0,21355.0,0.52957223,75.204445,12.828777,exact_normalised,181,31.18022099447514,23.07541436464087,26.705359116022095,24.345319337016587,1.611325966850828,246.79999999999995,463.4199999999997,1032.9197999999997,69.25624309392259,99.25270718232048,3023.6700000000005,8.104806629834268,-216.61999999999972,0.08162266384889882,0.3416112869459959,9.969088009620076
Rice,IND_KARNATAKA_DAKSHINAKANNADA,Karnataka,DAKSHINA KANNADA,2007,Summer,2.278027,3556.0,1561.0,0.00481011,75.204445,12.828777,exact_normalised,122,31.79024590163934,25.640983606557374,28.212786885245905,28.370754098360656,2.1185245901639345,1435.77,248.45999999999995,681.7603999999999,74.54508196721314,98.9962295081967,2221.960000000001,6.149262295081968,1187.31,0.646172748384309,0.30682838574951826,7.3537223303996315
Rice,IND_KARNATAKA_DHARWAD,Karnataka,DHARWAD,2007,Kharif,1.743705,44801.0,25693.0,0.02443541,75.127326,15.336898,exact_normalised,183,27.402896174863397,19.957049180327875,23.114480874316953,24.226137704918038,3.193060109289616,1274.3399999999997,739.5399999999997,862.9346000000003,84.95737704918037,93.74409836065577,2399.9500000000007,7.445846994535522,534.8,0.5309860622096291,0.35956357424113,10.154012780591556
Rice,IND_KARNATAKA_DHARWAD,Karnataka,DHARWAD,2007,Summer,3.054054,791.0,259.0,0.00079809,75.127326,15.336898,exact_normalised,122,35.3415573770492,22.224918032786878,28.084180327868857,21.702521311475405,2.7777868852459013,466.78999999999996,161.34999999999997,755.2480000000002,58.50278688524588,93.7850819672131,2206.2700000000013,13.116639344262321,305.44,0.21157428601213799,0.34231893648556144,5.560681631015528
Rice,IND_KARNATAKA_GADAG,Karnataka,GADAG,2007,Kharif,2.515275,3705.0,1473.0,0.0014009,75.653119,15.508228,exact_normalised,183,28.751967213114767,20.110327868852462,23.77311475409836,23.831033333333338,3.6475956284152997,773.7200000000001,614.85,862.9346000000003,80.35382513661202,93.94393442622953,2520.4800000000005,8.641639344262305,158.87000000000012,0.306973274931759,0.3423691519075732,7.295735072749282
Rice,IND_KARNATAKA_GADAG,Karnataka,GADAG,2007,Summer,2.365571,1223.0,517.0,0.0015931,75.653119,15.508228,exact_normalised,122,35.92508196721311,22.818278688524593,28.95590163934426,20.4776893442623,3.1373770491803277,280.6100000000001,155.47000000000006,755.2480000000002,52.635819672131134,93.9701639344262,2312.6200000000003,13.106803278688517,125.14000000000007,0.12133856837699236,0.3265767830426097,6.249975242259483
Rice,IND_KARNATAKA_HASSAN,Karnataka,HASSAN,2007,Kharif,2.467284,113954.0,46186.0,0.04392534,76.105719,12.951423,exact_normalised,183,25.453005464480878,18.46579234972678,21.491748633879773,22.3957349726776,2.5503278688524578,1563.4500000000012,717.6300000000003,880.2365000000001,86.9279234972677,91.1825136612022,2102.99,6.987213114754098,845.8200000000008,0.7434414809390446,0.418564282283796,10.740453652192178
Rice,IND_KARNATAKA_HASSAN,Karnataka,HASSAN,2007,Rabi,2.027273,446.0,220.0,0.00545567,76.105719,12.951423,exact_normalised,181,30.430773480662978,16.762320441988955,22.948232044198896,16.977246408839783,1.571381215469613,183.08000000000007,385.2799999999997,1059.3245000000002,61.441436464088376,91.49629834254145,2343.629999999999,13.668453038674024,-202.19999999999962,0.07811813298174206,0.4520015958150393,5.3981627015177525
Rice,IND_KARNATAKA_HASSAN,Karnataka,HASSAN,2007,Summer,2.367337,14249.0,6019.0,0.01854711,76.105719,12.951423,exact_normalised,122,31.93409836065573,20.432622950819656,25.67426229508199,20.671824590163936,2.0502459016393444,610.9200000000002,237.88000000000002,751.7489000000004,64.03745901639346,91.23262295081966,1912.2600000000002,11.501475409836075,373.0400000000002,0.31947538514637136,0.3931206530492717,8.702842538302868
Rice,IND_KARNATAKA_HAVERI,Karnataka,HAVERI,2007,Kharif,2.438182,92017.0,37740.0,0.03589274,75.395405,14.743146,exact_normalised,183,26.999617486338803,20.067650273224054,23.020710382513663,24.57647704918032,3.3443169398907084,1843.6900000000003,732.7599999999998,850.2265000000004,86.81054644808744,94.10191256830598,2382.79,6.931967213114749,1110.9300000000005,0.7737526177296364,0.3568197365273484,10.538502315656821
Rice,IND_KARNATAKA_HAVERI,Karnataka,HAVERI,2007,Summer,3.003392,12395.0,4127.0,0.01271705,75.395405,14.743146,exact_normalised,122,34.60221311475411,22.20073770491803,27.773278688524595,22.581359836065577,2.874590163934427,663.14,191.55999999999997,756.6908,61.95303278688527,94.13360655737709,2168.3400000000006,12.401475409836078,471.58000000000004,0.30582842174197766,0.3489723936283054,8.325548307161398
Rice,IND_KARNATAKA_KODAGU,Karnataka,KODAGU,2007,Kharif,2.564677,94257.0,36752.0,0.0349531,75.777469,12.406712,exact_normalised,183,25.668633879781414,20.203224043715856,22.527267759562854,24.8920868852459,0.7469398907103824,3439.750000000001,827.6699999999996,758.5357000000001,90.82775956284146,94.18775956284153,2292.4900000000002,5.465409836065557,2612.0800000000013,1.5004427500229012,0.33087852073509594,10.511975133962281
Rice,IND_KARNATAKA_KODAGU,Karnataka,KODAGU,2007,Rabi,2.16,54.0,25.0,0.00061996,75.777469,12.406712,exact_normalised,181,30.28138121546963,18.64602209944751,23.757679558011056,20.79502983425414,0.5249723756906078,265.86999999999995,504.7700000000002,1032.9197999999997,70.79563535911605,94.45767955801111,2490.1400000000003,11.63535911602212,-238.90000000000026,0.10676909731982938,0.4148039066076604,3.258096538021482
Rice,IND_KARNATAKA_KODAGU,Karnataka,KODAGU,2007,Summer,2.767221,1165.0,421.0,0.00129728,75.777469,12.406712,exact_normalised,122,31.503770491803294,21.836639344262302,25.842704918032783,24.561445081967214,0.6483606557377051,1296.0399999999997,266.8,681.7603999999999,74.63868852459017,94.22901639344259,1932.8099999999995,9.667131147540992,1029.2399999999998,0.670547027384999,0.3527301700632758,6.045005314036012
Rice,IND_KARNATAKA_KOLAR,Karnataka,KOLAR,2007,Kharif,1.517756,7223.0,4759.0,0.00452606,78.192771,13.111229,exact_normalised,183,27.376010928961747,19.082131147540988,22.681256830601082,22.462275956284167,3.0760109289617477,817.8499999999997,576.5399999999997,941.1583999999999,81.38568306010932,91.9864480874317,2320.6699999999983,8.29387978142076,241.30999999999995,0.3524197753235058,0.4055546027655809,8.468002947225466
Rice,IND_KARNATAKA_KOLAR,Karnataka,KOLAR,2007,Summer,3.007491,2409.0,801.0,0.00246822,78.192771,13.111229,exact_normalised,122,33.662459016393456,20.56098360655738,26.6455737704918,20.56778934426231,2.7730327868852456,217.14,169.1,766.6804000000008,59.45827868852459,92.05245901639343,2030.7600000000002,13.101475409836077,48.03999999999999,0.10692548602493646,0.3775337312139301,6.687108607866515
Rice,IND_KARNATAKA_KOPPAL,Karnataka,KOPPAL,2007,Kharif,3.770376,145069.0,38476.0,0.03659272,76.159107,15.65316,exact_normalised,183,29.31251366120218,20.4143169398907,24.26622950819671,24.034196721311474,3.5473770491803265,715.2799999999997,597.58,919.1062000000003,78.72874316939885,94.59568306010928,2610.7200000000003,8.898196721311479,117.6999999999997,0.2739780596923453,0.3520508518722805,10.55781593916244
Rice,IND_KARNATAKA_KOPPAL,Karnataka,KOPPAL,2007,Summer,3.70785,136130.0,36714.0,0.1131315,76.159107,15.65316,exact_normalised,122,36.25352459016394,23.272540983606547,29.48188524590164,20.16126721311475,3.0506557377049184,285.4600000000001,166.39000000000004,771.0206999999998,50.2454918032787,94.61106557377047,2376.79,12.980983606557395,119.07000000000005,0.12010316435192006,0.32439580274235413,10.510940669885711
Rice,IND_KARNATAKA_MANDYA,Karnataka,MANDYA,2007,Kharif,3.24178,209714.0,64691.0,0.06152458,76.815323,12.58214,exact_normalised,183,27.299453551912578,19.190819672131134,22.750218579234982,23.183994535519126,2.784535519125682,875.7899999999997,639.0600000000002,880.2365000000001,83.45710382513657,92.86431693989068,2333.29,8.108633879781443,236.72999999999956,0.3753455421314966,0.3772512203798071,11.077392825239668
Rice,IND_KARNATAKA_MANDYA,Karnataka,MANDYA,2007,Rabi,2.528302,134.0,53.0,0.00131432,76.815323,12.58214,exact_normalised,181,32.76519337016575,18.17508287292818,24.804972375690596,17.158702762430956,2.0720994475138124,179.67999999999998,206.25999999999993,1059.3245000000002,55.91917127071824,93.19077348066301,2679.699999999999,14.590110497237568,-26.579999999999956,0.06705228197186254,0.3953145874538197,3.9889840465642745
Rice,IND_KARNATAKA_MANDYA,Karnataka,MANDYA,2007,Summer,3.102698,68188.0,21977.0,0.06772051,76.815323,12.58214,exact_normalised,122,33.68885245901639,21.422049180327864,27.175163934426234,20.773863114754096,2.376639344262294,316.9099999999999,216.35999999999996,751.7489000000004,59.151475409836095,92.89762295081964,2095.37,12.266803278688524,100.54999999999995,0.1512429785670311,0.35876666173515914,9.997797232006869
Rice,IND_KARNATAKA_RAICHUR,Karnataka,RAICHUR,2007,Kharif,2.972966,286365.0,96323.0,0.09160829,76.856624,16.041451,exact_normalised,183,30.418524590163937,20.887595628415298,25.09672131147541,24.66742240437157,3.163005464480872,821.5300000000002,624.2800000000002,940.7934,76.86568306010928,95.87923497267761,2762.7,9.53092896174864,197.25,0.2973648966590655,0.3405340427842328,11.475472787919577
Rice,IND_KARNATAKA_RAICHUR,Karnataka,RAICHUR,2007,Summer,2.746448,175509.0,63904.0,0.19691549,76.856624,16.041451,exact_normalised,122,37.50196721311476,24.25409836065575,30.74737704918033,19.76009016393444,3.00483606557377,378.99999999999994,155.36999999999995,774.1032999999998,46.056721311475386,95.8772950819672,2531.18,13.24786885245901,223.63,0.14973253581333607,0.30582704509359265,11.065152884565816
Rice,IND_KARNATAKA_RAMANAGARA,Karnataka,RAMANAGARA,2007,Kharif,2.749136,15901.0,5784.0,0.00550089,77.313748,12.727066,exact_normalised,183,27.716721311475414,19.295300546448093,22.9816393442623,22.967593442622945,2.722786885245901,784.5499999999998,585.0199999999998,901.6174000000005,81.65710382513656,92.79650273224041,2375.6400000000003,8.421420765027321,199.5300000000001,0.3302478490006902,0.37952610664915576,8.663023639627777
Rice,IND_KARNATAKA_RAMANAGARA,Karnataka,RAMANAGARA,2007,Summer,3.12069,905.0,290.0,0.00089361,77.313748,12.727066,exact_normalised,122,33.94581967213115,21.11614754098361,27.132540983606564,20.832236065573777,2.4049180327868847,248.66,191.07000000000002,770.1900000000003,58.93368852459014,92.8400819672131,2090.1699999999996,12.82967213114754,57.589999999999975,0.11896639986221219,0.36848198950324634,5.673323267171493
Rice,IND_KARNATAKA_UDUPI,Karnataka,UDUPI,2007,Kharif,2.422195,124387.0,51353.0,0.04883943,74.873401,13.413125,exact_normalised,183,26.85967213114756,22.55459016393443,24.427158469945347,26.841290710382502,1.9907650273224047,3601.73,761.4800000000006,790.5746999999999,87.38852459016401,96.72688524590164,2640.1700000000005,4.305081967213127,2840.2499999999995,1.364203820208547,0.2994408314616103,10.846498109109664
Rice,IND_KARNATAKA_UDUPI,Karnataka,UDUPI,2007,Rabi,2.198858,23099.0,10505.0,0.26050837,74.873401,13.413125,exact_normalised,181,30.285911602209925,20.927900552486182,25.10972375690608,22.644582320441998,1.331823204419889,194.8,557.1800000000003,1053.6414000000002,70.66674033149172,97.02243093922652,2734.86,9.358011049723743,-362.3800000000003,0.07122850895475454,0.38526337728439486,9.259701801513907
Rice,IND_KARNATAKA_UDUPI,Karnataka,UDUPI,2007,Summer,2.415493,343.0,142.0,0.00043756,74.873401,13.413125,exact_normalised,122,31.267704918032766,24.05680327868852,27.02975409836067,26.737701639344248,1.7573770491803282,1341.29,292.45,703.4169999999998,75.24819672131147,96.77213114754102,2077.6300000000006,7.210901639344247,1048.84,0.645586557760525,0.33856702107689995,4.962844630259907
Rice,IND_KARNATAKA_UTTARAKANNADA,Karnataka,UTTARA KANNADA,2007,Kharif,2.00835,155370.0,77362.0,0.07357537,74.525531,14.70572,exact_normalised,183,27.72442622950818,24.479344262295072,25.899289617486343,28.747106557377045,2.7302185792349714,3130.8500000000004,842.03,778.3067000000004,85.74530054644809,98.88245901639351,2909.5700000000006,3.245081967213107,2288.8200000000006,1.0760524751080056,0.2674988744041217,11.256263909106389
Rice,IND_KARNATAKA_UTTARAKANNADA,Karnataka,UTTARA KANNADA,2007,Rabi,2.134625,4075.0,1909.0,0.04734036,74.525531,14.70572,exact_normalised,181,29.97806629834254,22.880055248618778,26.06430939226519,24.291945303867386,1.9611049723756924,117.66000000000004,661.0199999999999,1068.6036000000004,71.57602209944751,99.23933701657458,2907.64,7.0980110497237625,-543.3599999999998,0.040465807321401565,0.3675157859982668,7.554858521040676
Rice,IND_KARNATAKA_UTTARAKANNADA,Karnataka,UTTARA KANNADA,2007,Summer,2.254982,3847.0,1706.0,0.00525691,74.525531,14.70572,exact_normalised,122,30.99393442622952,25.697131147540983,27.86147540983606,28.739909016393455,2.2704918032786887,1062.6,318.9,721.7992999999999,76.71991803278685,98.93729508196722,2179.100000000001,5.296803278688536,743.6999999999999,0.48763250883392206,0.3312373456931759,7.442492722794441
Rice,IND_TAMILNADU_COIMBATORE,Tamil Nadu,COIMBATORE,2007,Kharif,3.774657,24456.0,6479.0,0.00362123,76.942425,10.900215,exact_normalised,183,26.89584699453553,20.36907103825136,23.1602732240437,24.807614754098353,2.3326775956284154,1173.3800000000006,673.7600000000001,800.4489000000003,87.24857923497271,94.78524590163929,2408.3299999999986,6.526775956284169,499.62000000000046,0.4872172833457214,0.3323667852827481,8.776475789346321
Rice,IND_TAMILNADU_CUDDALORE,Tamil Nadu,CUDDALORE,2007,Kharif,3.259976,335119.0,102798.0,0.05745569,79.398376,11.549058,exact_normalised,183,32.84185792349727,24.496557377049204,28.256284153005474,27.189957923497275,2.7734972677595637,703.9699999999998,446.2800000000001,947.6211999999996,71.55737704918037,100.02038251366118,3340.900000000001,8.345300546448069,257.6899999999997,0.21071268221138004,0.28364249154419446,11.54053090432943
Rice,IND_TAMILNADU_DHARMAPURI,Tamil Nadu,DHARMAPURI,2007,Kharif,3.744216,70395.0,18801.0,0.01050822,78.208849,12.106543,exact_normalised,183,30.0848087431694,20.94994535519126,25.041639344262315,24.1775049180328,2.2047540983606537,693.0300000000002,504.36000000000007,916.3810000000003,76.36234972677595,95.34180327868852,2752.62,9.13486338797814,188.67000000000013,0.25177103995466144,0.33291227993693295,9.841718526138497
Rice,IND_TAMILNADU_DINDIGUL,Tamil Nadu,DINDIGUL,2007,Kharif,3.926661,67837.0,17276.0,0.00965587,77.770431,10.376407,exact_normalised,183,29.42371584699453,20.920765027322403,24.510491803278676,23.72042513661203,3.040601092896174,601.6399999999998,441.0799999999997,924.8240999999999,77.0828961748634,95.0280327868852,2655.42,8.502950819672126,160.56000000000006,0.22657056134246173,0.34827789954131544,9.757131416174783
Rice,IND_TAMILNADU_ERODE,Tamil Nadu,ERODE,2007,Kharif,4.349844,166860.0,38360.0,0.02144011,77.349132,11.479934,exact_normalised,183,30.978469945355194,21.42508196721312,25.56366120218578,24.204122404371585,1.842896174863389,537.3699999999999,434.7900000000003,928.409,73.97316939890712,96.07043715847,2848.149999999999,9.553387978142073,102.57999999999959,0.18867334936713306,0.3259691378614189,10.554796597479278
Rice,IND_TAMILNADU_KANNIYAKUMARI,Tamil Nadu,KANNIYAKUMARI,2007,Kharif,4.433142,90210.0,20349.0,0.01137343,77.370026,8.292621,exact_normalised,183,27.775846994535513,22.39590163934427,24.651420765027318,27.391402732240437,3.0282513661202164,1043.1199999999997,662.3200000000005,906.5144999999998,88.20606557377053,97.92284153005461,2681.21,5.379945355191243,380.79999999999916,0.38904822822531604,0.3380990299155977,9.920836190870741
Rice,IND_TAMILNADU_KARUR,Tamil Nadu,KARUR,2007,Kharif,3.239685,40279.0,12433.0,0.00694903,78.090802,10.786735,exact_normalised,183,32.45016393442624,22.744426229508186,26.99628415300547,25.411334426229526,2.7917486338797803,491.4299999999999,380.29999999999995,983.2757,71.57557377049179,98.27316939890711,3110.3199999999974,9.705737704918057,111.12999999999994,0.15799981995421702,0.3161332917513313,9.428189934829282
Rice,IND_TAMILNADU_KRISHNAGIRI,Tamil Nadu,KRISHNAGIRI,2007,Kharif,3.181952,47672.0,14982.0,0.00837372,78.043393,12.472753,exact_normalised,183,28.57606557377049,19.94065573770492,23.752349726775957,23.422827322404363,2.7492896174863395,789.1499999999999,567.5900000000001,916.3810000000003,79.69311475409832,93.7151912568306,2516.6799999999994,8.63540983606557,221.55999999999972,0.3135678751370854,0.36412297153392587,9.614671504043145
Rice,IND_TAMILNADU_MADURAI,Tamil Nadu,MADURAI,2007,Kharif,3.473426,214880.0,61864.0,0.03457693,78.006559,9.898005,exact_normalised,183,32.644043715847005,22.8449180327869,27.12699453551913,25.480431147540983,2.1010382513661185,558.45,432.5500000000001,996.3488999999997,71.26530054644809,98.26267759562836,3134.2400000000002,9.799125683060105,125.89999999999992,0.1781771657562918,0.3178917058042778,11.032709870648077
Rice,IND_TAMILNADU_NAMAKKAL,Tamil Nadu,NAMAKKAL,2007,Kharif,3.711594,45300.0,12205.0,0.0068216,78.154921,11.347699,exact_normalised,183,31.730765027322423,22.02617486338798,26.35273224043716,24.96738469945356,2.3169398907103815,567.2599999999998,428.4899999999999,927.4152999999999,73.06300546448084,97.15229508196721,2992.5500000000025,9.704590163934444,138.76999999999987,0.1895574008788489,0.3099080382950992,9.40968291310444
Rice,IND_TAMILNADU_PERAMBALUR,Tamil Nadu,PERAMBALUR,2007,Kharif,2.503292,95428.0,38121.0,0.02130653,78.858963,11.25245,exact_normalised,183,31.67989071038249,22.3887431693989,26.518469945355193,25.250997267759573,2.5452459016393436,601.91,434.96,927.4152999999999,73.33366120218577,97.42967213114754,3022.88,9.29114754098359,166.95,0.1991180595987932,0.3067985828084475,10.548546822289019
Rice,IND_TAMILNADU_PUDUKKOTTAI,Tamil Nadu,PUDUKKOTTAI,2007,Kharif,1.799492,159552.0,88665.0,0.0495565,78.872829,10.352982,exact_normalised,183,33.33038251366121,23.904371584699472,28.104590163934414,26.210841530054644,2.612076502732241,508.62000000000006,382.22,983.2757,69.47109289617482,99.6121857923497,3313.139999999998,9.426010928961741,126.40000000000003,0.15351599992756126,0.29678060691670155,11.392631780270468
Rice,IND_TAMILNADU_RAMANATHAPURAM,Tamil Nadu,RAMANATHAPURAM,2007,Kharif,0.241405,29879.0,123771.0,0.06917789,78.817623,9.423787,exact_normalised,183,31.842185792349717,25.099726775956277,28.07710382513661,28.229836065573764,3.9753005464480893,541.6099999999998,388.85999999999984,996.3488999999997,74.49005464480868,100.43825136612028,3308.1100000000024,6.74245901639344,152.74999999999994,0.1637218834923867,0.30118372726420795,11.726196442408119
Rice,IND_TAMILNADU_SALEM,Tamil Nadu,SALEM,2007,Kharif,3.320114,72083.0,21711.0,0.01213468,78.256113,11.628258,exact_normalised,183,31.730765027322423,22.02617486338798,26.35273224043716,24.96738469945356,2.3169398907103815,567.2599999999998,428.4899999999999,927.4152999999999,73.06300546448084,97.15229508196721,2992.5500000000025,9.704590163934444,138.76999999999987,0.1895574008788489,0.3099080382950992,9.98562038207465
Rice,IND_TAMILNADU_SIVAGANGA,Tamil Nadu,SIVAGANGA,2007,Kharif,1.028749,78939.0,76733.0,0.04288748,78.568693,9.944223,exact_normalised,183,33.06486338797812,24.242677595628415,28.182021857923495,26.865168306010943,2.7592349726775973,531.4499999999999,393.4700000000001,996.3488999999997,70.77759562841528,99.85076502732238,3327.309999999999,8.822185792349707,137.97999999999985,0.15972362058239242,0.29944576850368615,11.248100174661374
Rice,IND_TAMILNADU_THANJAVUR,Tamil Nadu,THANJAVUR,2007,Kharif,3.192767,479643.0,150228.0,0.08396519,79.260887,10.579191,exact_normalised,183,32.44677595628414,25.40404371584699,28.583114754098375,27.74750437158469,3.2144808743169393,620.1799999999996,406.2199999999998,972.0088000000001,71.46114754098356,100.41344262295085,3400.709999999997,7.042732240437154,213.9599999999998,0.18236779966536404,0.2858252541381067,11.919916075574221
Rice,IND_TAMILNADU_THENILGIRIS,Tamil Nadu,THE NILGIRIS,2007,Kharif,3.862162,4287.0,1110.0,0.0006204,76.648605,11.435308,exact_normalised,183,26.16890710382514,18.98535519125684,22.066830601092896,22.81236284153006,2.157650273224043,981.4099999999999,628.5000000000001,806.7637000000007,85.70295081967214,92.14316939890706,2208.23,7.183551912568301,352.90999999999974,0.44443287157587746,0.3653440538349722,7.01301578963963
Rice,IND_TAMILNADU_THENI,Tamil Nadu,THENI,2007,Kharif,4.282083,61662.0,14400.0,0.00804842,77.429172,9.916685,exact_normalised,183,27.564043715847,19.512021857923504,22.939836065573765,22.764114754098365,1.8531147540983604,831.7199999999997,578.6200000000003,870.9816999999997,81.29262295081965,92.96928961748637,2367.989999999999,8.052021857923496,253.09999999999934,0.3512345913622946,0.3678147711772432,9.575052927597383
Rice,IND_TAMILNADU_THIRUVALLUR,Tamil Nadu,THIRUVALLUR,2007,Kharif,3.633588,286007.0,78712.0,0.04399358,79.941464,13.24923,exact_normalised,183,31.356120218579232,24.990983606557375,27.836174863387956,28.65735573770491,3.0031147540983616,1032.4499999999996,577.5100000000003,911.3318999999999,76.73693989071039,100.07590163934428,3264.0200000000004,6.365136612021857,454.93999999999926,0.3163124000465682,0.27920536638868626,11.273563605008045
Rice,IND_TAMILNADU_THIRUVARUR,Tamil Nadu,THIRUVARUR,2007,Kharif,2.053077,311306.0,151629.0,0.08474824,79.587842,10.561873,exact_normalised,183,32.44677595628414,25.40404371584699,28.583114754098375,27.74750437158469,3.2144808743169393,620.1799999999996,406.2199999999998,972.0088000000001,71.46114754098356,100.41344262295085,3400.709999999997,7.042732240437154,213.9599999999998,0.18236779966536404,0.2858252541381067,11.929198621794985
Rice,IND_TAMILNADU_TIRUCHIRAPPALLI,Tamil Nadu,TIRUCHIRAPPALLI,2007,Kharif,3.709181,227332.0,61289.0,0.03425555,78.555677,10.845397,exact_normalised,183,32.75781420765028,23.30027322404373,27.491256830601092,25.819405464480866,2.7709289617486323,521.1299999999998,389.95000000000016,983.2757,70.86502732240434,98.86114754098358,3200.8999999999983,9.457540983606549,131.1799999999996,0.1628073354369084,0.3071872598331721,11.023371976479778
Rice,IND_TAMILNADU_TIRUNELVELI,Tamil Nadu,TIRUNELVELI,2007,Kharif,3.86979,323944.0,83711.0,0.04678762,77.568767,8.838215,exact_normalised,183,28.153934426229497,21.861256830601103,24.566174863387957,27.176628415300534,2.547486338797813,1119.7899999999997,695.7599999999998,906.5144999999998,87.94797814207648,98.00901639344269,2665.6099999999983,6.292677595628394,424.03,0.4200877097549906,0.3400776932859647,11.335137615376816
Rice,IND_TAMILNADU_TIRUVANNAMALAI,Tamil Nadu,TIRUVANNAMALAI,2007,Kharif,3.441114,385914.0,112148.0,0.06268158,79.247289,12.432454,exact_normalised,183,31.933497267759556,23.20120218579236,27.084262295081974,26.773843715846976,2.292185792349727,864.5000000000005,561.8199999999997,937.6741,75.32885245901639,98.8214207650273,3126.4199999999996,8.732295081967195,302.68000000000075,0.2765143518785066,0.2999194286116389,11.627583623279087
Rice,IND_TAMILNADU_VELLORE,Tamil Nadu,VELLORE,2007,Kharif,3.347178,148367.0,44326.0,0.02477462,79.042643,12.783542,exact_normalised,183,29.181475409836075,20.69322404371585,24.43377049180328,24.17334644808743,2.6355191256830617,833.1999999999998,603.8399999999997,937.6741,79.02278688524586,94.7445901639344,2641.379999999999,8.488251366120224,229.36000000000013,0.31544117090308854,0.3549940182783243,10.69934925118787
Rice,IND_ANDHRAPRADESH_ADILABAD,Andhra Pradesh,ADILABAD,2008,Kharif,2.440997,133049.0,54506.0,0.01944507,78.785443,19.287834,historical_state_crosswalk,183,30.455519125683047,21.605956284152988,25.632950819672136,25.458744262295077,2.222513661202185,872.1999999999998,671.8000000000002,849.7747000000003,77.15775956284155,96.83207650273228,2860.8300000000017,8.849562841530059,200.39999999999964,0.3048765568034449,0.29703781769626286,10.90608441277055
Rice,IND_ANDHRAPRADESH_ADILABAD,Andhra Pradesh,ADILABAD,2008,Rabi,2.866991,65333.0,22788.0,0.01438509,78.785443,19.287834,historical_state_crosswalk,182,33.29813186813185,17.327142857142864,24.838076923076912,13.429457692307698,1.7274725274725267,99.80000000000003,218.8599999999999,989.0635,44.221703296703296,97.31829670329672,2700.5299999999993,15.970989010988983,-119.05999999999987,0.036955708694219304,0.36624792170425813,10.03403324238277
Rice,IND_ANDHRAPRADESH_ANANTAPUR,Andhra Pradesh,ANANTAPUR,2008,Kharif,3.121989,94615.0,30306.0,0.01081169,77.464996,14.311236,exact_normalised,183,30.81781420765025,21.105792349726773,25.407650273224036,24.09985300546448,3.418251366120217,571.2400000000001,511.90000000000015,978.1843,74.10912568306007,95.71781420765028,2819.5999999999995,9.712021857923478,59.339999999999975,0.20259611292381907,0.34692307419492135,10.319133987918043
Rice,IND_ANDHRAPRADESH_ANANTAPUR,Andhra Pradesh,ANANTAPUR,2008,Rabi,2.704985,49815.0,18416.0,0.01162524,77.464996,14.311236,exact_normalised,182,32.60983516483516,18.55901098901099,25.01791208791209,18.22442142857143,2.457582417582417,126.81000000000002,266.14,1042.8397999999997,58.74395604395604,96.02368131868127,2733.2599999999998,14.050824175824172,-139.32999999999998,0.046395147186875756,0.3815369924558951,9.821029430095606
Rice,IND_ANDHRAPRADESH_CHITTOOR,Andhra Pradesh,CHITTOOR,2008,Kharif,2.627984,46242.0,17596.0,0.00627739,78.939397,13.333205,exact_normalised,183,28.914644808743155,20.332185792349723,24.14081967213115,23.305248633879785,2.820819672131148,804.46,576.7999999999997,945.7396000000002,77.60710382513662,93.83879781420761,2587.7700000000013,8.582459016393432,227.6600000000003,0.31086997685265677,0.3654650915653245,9.775483711951761
Rice,IND_ANDHRAPRADESH_CHITTOOR,Andhra Pradesh,CHITTOOR,2008,Rabi,3.128009,118636.0,37927.0,0.0239417,78.939397,13.333205,exact_normalised,182,29.82060439560441,17.532857142857143,22.834505494505486,19.476347802197814,2.2830769230769232,201.24000000000004,426.3699999999999,994.4228000000003,70.77912087912084,94.15956043956042,2335.880000000001,12.287747252747266,-225.12999999999985,0.08615168587427434,0.4257165607822319,10.543444904581953
Rice,IND_ANDHRAPRADESH_EASTGODAVARI,Andhra Pradesh,EAST GODAVARI,2008,Kharif,2.983,716609.0,240231.0,0.08570264,82.14393,17.060053,exact_normalised,183,30.783387978142073,23.95459016393442,26.923387978142088,29.246361748633902,2.2857923497267763,939.2299999999997,663.1200000000002,791.5109999999995,82.27825136612024,99.85759562841535,3096.9800000000014,6.828797814207654,276.10999999999945,0.3032728658241252,0.2555751086542371,12.389360402069453
Rice,IND_ANDHRAPRADESH_EASTGODAVARI,Andhra Pradesh,EAST GODAVARI,2008,Rabi,4.689999,796648.0,169861.0,0.107226,82.14393,17.060053,exact_normalised,182,32.49923076923076,20.583351648351655,25.715769230769236,23.18905824175825,1.794780219780221,162.75999999999996,433.5599999999998,949.1835000000004,70.10027472527476,100.39274725274733,2860.27,11.915879120879108,-270.79999999999984,0.05690371887968617,0.3318510140651059,12.042741621667131
Rice,IND_ANDHRAPRADESH_GUNTUR,Andhra Pradesh,GUNTUR,2008,Kharif,3.407999,959321.0,281491.0,0.10042218,80.143541,16.120193,exact_normalised,183,32.29038251366121,24.18912568306009,27.83431693989071,27.306466120218577,2.7457923497267767,808.6600000000002,551.21,878.4229999999998,73.6092349726776,99.75382513661208,3263.68,8.101256830601116,257.45000000000016,0.24777551720756943,0.2691510809883321,12.5478593069751
Rice,IND_ANDHRAPRADESH_GUNTUR,Andhra Pradesh,GUNTUR,2008,Rabi,3.653997,187662.0,51358.0,0.03242011,80.143541,16.120193,exact_normalised,182,32.69005494505494,20.574065934065953,25.929340659340642,23.055484615384607,2.1602747252747245,170.96000000000004,377.3299999999997,959.1823000000003,69.09197802197801,100.23945054945055,2899.1400000000003,12.115989010988987,-206.36999999999966,0.058969211559290004,0.33085063156660255,10.846595467769308
Rice,IND_ANDHRAPRADESH_KARIMNAGAR,Andhra Pradesh,KARIMNAGAR,2008,Kharif,3.386002,543135.0,160406.0,0.05722499,79.416208,18.512553,historical_state_crosswalk,183,31.084371584699472,22.345628415300546,26.315519125683043,26.092097267759556,2.1237704918032785,892.3599999999997,642.5100000000006,881.2451999999996,76.08065573770492,97.75229508196719,2985.7400000000002,8.738743169398926,249.8499999999991,0.2988739809896373,0.2951513527634689,11.98546961436007
Rice,IND_ANDHRAPRADESH_KARIMNAGAR,Andhra Pradesh,KARIMNAGAR,2008,Rabi,3.604998,632861.0,175551.0,0.11081786,79.416208,18.512553,historical_state_crosswalk,182,33.77120879120878,18.21527472527471,25.54384615384615,15.907205494505503,1.6642307692307698,156.48000000000002,256.45000000000005,992.8007000000001,49.12208791208789,98.23521978021982,2828.9799999999996,15.555934065934068,-99.97000000000003,0.05531322243352729,0.35093945521000514,12.075690574297274
Rice,IND_ANDHRAPRADESH_KHAMMAM,Andhra Pradesh,KHAMMAM,2008,Kharif,3.018,477686.0,158279.0,0.05646618,80.659158,17.648369,historical_state_crosswalk,183,30.652950819672146,22.700163934426236,26.33043715846994,27.580843715847003,1.9462841530054646,995.6400000000001,693.3400000000004,870.7921000000001,80.31628415300545,98.7787431693989,2988.4700000000007,7.95278688524591,302.2999999999997,0.333160446649958,0.29138391886149095,11.97212089549936
Rice,IND_ANDHRAPRADESH_KHAMMAM,Andhra Pradesh,KHAMMAM,2008,Rabi,3.228998,117923.0,36520.0,0.02305352,80.659158,17.648369,historical_state_crosswalk,182,32.74763736263737,18.593186813186815,25.18032967032966,20.67225109890109,1.6105494505494502,173.98999999999998,409.9400000000001,986.9156999999998,64.7795054945055,99.28115384615384,2762.82,14.154450549450555,-235.95000000000013,0.06297551052909707,0.3572131734966446,10.505642716590316
Rice,IND_ANDHRAPRADESH_KRISHNA,Andhra Pradesh,KRISHNA,2008,Kharif,3.503001,959395.0,273878.0,0.09770623,80.888919,16.541648,exact_normalised,183,31.6621857923497,23.88983606557376,27.386284153005466,28.31897377049181,2.2967759562841534,977.7300000000001,640.8599999999996,878.4229999999998,78.10224043715847,100.08251366120226,3181.6899999999996,7.772349726775939,336.8700000000006,0.3072989511863193,0.2760869223588721,12.520441681994216
Rice,IND_ANDHRAPRADESH_KRISHNA,Andhra Pradesh,KRISHNA,2008,Rabi,3.877999,467900.0,120655.0,0.07616435,80.888919,16.541648,exact_normalised,182,32.94840659340659,20.27862637362637,25.871098901098886,23.313008791208777,1.8239010989010997,181.22,427.31,959.1823000000003,70.01153846153845,100.58609890109899,2888.54,12.669780219780218,-246.09,0.06273757676888671,0.33206474551157344,11.700698800442428
Rice,IND_ANDHRAPRADESH_KURNOOL,Andhra Pradesh,KURNOOL,2008,Kharif,3.329003,279856.0,84066.0,0.02999062,77.878833,15.431734,exact_normalised,183,31.705956284152993,21.818087431693996,26.231530054644796,24.818955737704925,3.0534426229508194,569.2499999999997,496.55000000000024,950.2879999999993,72.88639344262289,96.7860655737705,2970.369999999999,9.887868852458997,72.69999999999942,0.19164279197541043,0.31992243390554026,11.339369378944044
Rice,IND_ANDHRAPRADESH_KURNOOL,Andhra Pradesh,KURNOOL,2008,Rabi,3.54501,97073.0,27383.0,0.01728572,77.878833,15.431734,exact_normalised,182,33.48692307692307,18.691813186813178,25.459615384615383,18.9459510989011,2.1519230769230777,140.91999999999993,251.45000000000005,1043.4623000000001,58.9457142857143,97.15263736263739,2813.6500000000015,14.795109890109892,-110.53000000000011,0.05008440993016184,0.37085717839816595,10.217714180210022
Rice,IND_ANDHRAPRADESH_MAHBUBNAGAR,Andhra Pradesh,MAHBUBNAGAR,2008,Kharif,2.961996,285569.0,96411.0,0.03439471,78.000858,16.644927,historical_state_crosswalk,183,30.59054644808743,21.313169398907103,25.491912568306,24.21472404371586,3.0419125683060106,664.82,528.1999999999998,925.4867999999992,74.42125683060111,95.78535519125684,2835.0199999999995,9.277377049180327,136.62000000000023,0.2345027548306538,0.32644806738576776,11.47638595417928
Rice,IND_ANDHRAPRADESH_MAHBUBNAGAR,Andhra Pradesh,MAHBUBNAGAR,2008,Rabi,2.807003,135640.0,48322.0,0.03050362,78.000858,16.644927,historical_state_crosswalk,182,32.37741758241758,17.75703296703296,24.500329670329663,17.5103620879121,2.035384615384614,182.03999999999996,306.37000000000006,1013.0328000000004,57.37412087912087,96.17005494505489,2639.0600000000004,14.62038461538462,-124.3300000000001,0.06897910619690342,0.383861223314362,10.78566291677415
Rice,IND_ANDHRAPRADESH_MEDAK,Andhra Pradesh,MEDAK,2008,Kharif,2.624997,206477.0,78658.0,0.02806132,78.103674,17.887066,historical_state_crosswalk,183,29.768469945355204,21.09612021857924,24.954371584699455,23.8698349726776,2.6830601092896176,935.0499999999997,620.17,904.0330000000006,75.72704918032784,94.9781420765027,2736.6499999999983,8.672349726775963,314.87999999999977,0.3416768677032139,0.3303429375331157,11.272877332963215
Rice,IND_ANDHRAPRADESH_MEDAK,Andhra Pradesh,MEDAK,2008,Rabi,3.335992,150967.0,45254.0,0.02856692,78.103674,17.887066,historical_state_crosswalk,182,32.04615384615384,17.328956043956055,24.07840659340659,15.069786813186806,1.9384065934065942,202.85999999999999,332.55000000000007,1006.8283999999999,50.886043956043956,95.39346153846152,2562.2699999999995,14.717197802197788,-129.69000000000008,0.07917198421711999,0.3929439130146316,10.72006844026127
Rice,IND_ANDHRAPRADESH_NALGONDA,Andhra Pradesh,NALGONDA,2008,Kharif,3.111002,602657.0,193718.0,0.06910908,79.1666,17.113957,historical_state_crosswalk,183,31.631092896174877,22.93377049180328,26.84628415300547,25.924394535519106,2.5140437158469933,782.4499999999999,583.7000000000002,899.4384999999999,73.82437158469946,98.16721311475409,3082.869999999998,8.697322404371597,198.74999999999977,0.2538057070197577,0.29175362567996715,12.174163934414228
Rice,IND_ANDHRAPRADESH_NALGONDA,Andhra Pradesh,NALGONDA,2008,Rabi,3.257999,547650.0,168094.0,0.10611057,79.1666,17.113957,historical_state_crosswalk,182,32.94406593406594,19.004560439560432,25.402912087912078,19.600756043956032,1.7710439560439564,202.29,352.8800000000001,992.5513999999995,60.641923076923085,98.6362087912088,2803.3299999999995,13.939505494505507,-150.59000000000012,0.07216060899002259,0.35406156249888515,12.032284574754458
Rice,IND_ANDHRAPRADESH_NIZAMABAD,Andhra Pradesh,NIZAMABAD,2008,Kharif,3.650998,407769.0,111687.0,0.03984444,78.037692,18.417719,historical_state_crosswalk,183,30.2828961748634,21.378852459016397,25.35825136612021,24.53441693989071,2.48103825136612,935.4899999999993,635.6100000000002,891.2139000000001,75.77579234972677,95.83994535519125,2810.5599999999986,8.904043715847003,299.8799999999991,0.33284825799840595,0.31709477826482996,11.623464548668483
Rice,IND_ANDHRAPRADESH_NIZAMABAD,Andhra Pradesh,NIZAMABAD,2008,Rabi,3.469996,271836.0,78339.0,0.04945207,78.037692,18.417719,historical_state_crosswalk,182,32.907967032967036,17.6378021978022,24.69576923076923,14.429817032967028,1.8477472527472525,169.97000000000003,271.31,1004.3020000000004,47.0520879120879,96.27225274725272,2674.6299999999987,15.270164835164838,-101.33999999999997,0.06354897686782848,0.37549193720252927,11.268813607219823
Rice,IND_ANDHRAPRADESH_PRAKASAM,Andhra Pradesh,PRAKASAM,2008,Kharif,3.536999,167774.0,47434.0,0.01692212,79.729919,15.616436,exact_normalised,183,32.16344262295083,25.53054644808744,28.57469945355193,27.836895081967207,3.532185792349727,777.3899999999998,469.03000000000003,899.1768000000001,71.73693989071037,100.14262295081967,3399.170000000002,6.632896174863394,308.35999999999973,0.22869994734008575,0.26452834074200454,10.767115631826977
Rice,IND_ANDHRAPRADESH_PRAKASAM,Andhra Pradesh,PRAKASAM,2008,Rabi,3.746001,314503.0,83957.0,0.05299847,79.729919,15.616436,exact_normalised,182,31.01807692307692,22.435000000000002,26.23895604395605,24.23305659340659,2.8490109890109876,166.80000000000004,387.5899999999997,975.9472000000003,71.02862637362635,100.62928571428574,2955.4900000000007,8.583076923076916,-220.78999999999965,0.05643734203127062,0.3302150235663122,11.338071952783768
Rice,IND_ANDHRAPRADESH_SRIKAKULAM,Andhra Pradesh,SRIKAKULAM,2008,Kharif,2.010001,408376.0,203172.0,0.0724818,84.07575,18.697258,exact_normalised,183,29.245737704918028,26.015628415300544,27.494316939890716,30.383265027322395,3.9845355191256835,1037.85,622.7499999999999,814.1402,82.45098360655734,99.87027322404374,3201.4600000000014,3.2301092896174843,415.1,0.3241802177756397,0.254302786853498,12.22181311184218
Rice,IND_ANDHRAPRADESH_SRIKAKULAM,Andhra Pradesh,SRIKAKULAM,2008,Rabi,2.32096,6190.0,2667.0,0.00168356,84.07575,18.697258,exact_normalised,182,28.308296703296705,22.63576923076924,25.208461538461535,23.222888461538453,3.1315384615384607,215.46999999999989,459.90000000000015,946.1873000000003,71.55395604395605,100.50549450549454,2767.9400000000023,5.672527472527463,-244.43000000000026,0.07784489548183837,0.34183808175032676,7.889084407035514
Rice,IND_ANDHRAPRADESH_VIZIANAGARAM,Andhra Pradesh,VIZIANAGARAM,2008,Kharif,2.388,307966.0,128964.0,0.04600803,83.359673,18.506317,exact_normalised,183,27.94409836065572,20.74158469945355,23.931092896174857,25.00728196721314,2.1011475409836073,1005.4000000000001,636.8100000000003,802.9982999999995,83.60092896174862,94.41054644808743,2549.390000000001,7.202513661202168,368.5899999999998,0.3943688490187848,0.3149766414710967,11.767296328701011
Rice,IND_ANDHRAPRADESH_VIZIANAGARAM,Andhra Pradesh,VIZIANAGARAM,2008,Rabi,2.385251,4043.0,1695.0,0.00106998,83.359673,18.506317,exact_normalised,182,29.553681318681328,16.45521978021978,22.21637362637363,17.221463736263757,1.498461538461539,241.74999999999994,481.3900000000001,943.7495000000001,64.71423076923075,94.93692307692308,2223.379999999999,13.098461538461546,-239.64000000000016,0.10873085122651101,0.4244661281472355,7.4360278163518485
Rice,IND_ANDHRAPRADESH_WARANGAL,Andhra Pradesh,WARANGAL,2008,Kharif,3.009002,459932.0,152852.0,0.05453009,79.850573,17.980621,historical_state_crosswalk,183,30.692240437158446,22.423989071038253,26.224863387978147,26.648767759562848,1.9842076502732244,952.2699999999998,678.3,899.4384999999999,78.12994535519127,98.08005464480871,2969.1499999999996,8.268251366120193,273.9699999999998,0.3207214185878113,0.30292794234040044,11.93723195421175
Rice,IND_ANDHRAPRADESH_WARANGAL,Andhra Pradesh,WARANGAL,2008,Rabi,2.949004,230040.0,78006.0,0.04924186,79.850573,17.980621,historical_state_crosswalk,182,33.050879120879124,18.096098901098905,25.1951098901099,18.20517747252747,1.64478021978022,172.87999999999997,348.6899999999999,992.5513999999995,57.15406593406592,98.57000000000001,2765.5099999999993,14.954780219780218,-175.80999999999992,0.062512881891586,0.3589035657075909,11.264553845234758
Rice,IND_ANDHRAPRADESH_WESTGODAVARI,Andhra Pradesh,WEST GODAVARI,2008,Kharif,3.047999,778593.0,255444.0,0.09112989,81.315692,16.847574,exact_normalised,183,30.84448087431694,23.321366120218578,26.641693989071015,28.48985245901638,2.0665027322404375,973.65,671.7900000000001,845.3294999999999,81.5173224043716,99.3756830601093,3045.4299999999985,7.523114754098362,301.8599999999999,0.31970854690470657,0.2775731177534865,12.450762401265369
Rice,IND_ANDHRAPRADESH_WESTGODAVARI,Andhra Pradesh,WEST GODAVARI,2008,Rabi,4.214,821789.0,195014.0,0.12310402,81.315692,16.847574,exact_normalised,182,32.86609890109889,19.678956043956052,25.48538461538461,22.615723076923086,1.637252747252747,172.07999999999998,420.5800000000001,959.5873,69.37115384615383,99.88851648351648,2818.3399999999992,13.187142857142835,-248.5000000000001,0.0610572180787272,0.3404796085639065,12.180831757664379
Rice,IND_KARNATAKA_BANGALORERURAL,Karnataka,BANGALORE RURAL,2008,Kharif,4.35073,7753.0,1782.0,0.00157715,77.614728,13.177348,exact_normalised,183,27.131584699453562,18.61633879781422,22.320000000000014,22.013901092896184,2.9380327868852465,885.1899999999997,625.3400000000004,951.9147999999998,81.47459016393445,91.54273224043713,2254.5600000000004,8.515245901639343,259.84999999999934,0.3926220637286209,0.4222175502093533,7.48605261786314
Rice,IND_KARNATAKA_BANGALORERURAL,Karnataka,BANGALORE RURAL,2008,Rabi,2.166667,26.0,12.0,0.00029281,77.614728,13.177348,exact_normalised,182,29.32362637362637,16.105714285714285,21.958131868131865,17.777420329670328,2.3675274725274735,203.19999999999993,464.3800000000003,1036.3516,68.0976923076923,91.76598901098905,2176.3799999999997,13.217912087912087,-261.18000000000035,0.09336604820849298,0.47618136538655936,2.5649493574615367
Rice,IND_KARNATAKA_BANGALORERURAL,Karnataka,BANGALORE RURAL,2008,Summer,3.020501,1326.0,439.0,0.00127943,77.614728,13.177348,exact_normalised,122,32.54336065573769,19.58483606557379,25.448852459016386,19.7656918032787,3.1154918032786862,269.64000000000004,222.38000000000002,776.7824999999997,61.26467213114753,91.54319672131146,1884.7599999999995,12.958524590163904,47.26000000000002,0.143063307795157,0.41213868078694366,6.0867747269123065
Rice,IND_KARNATAKA_BIDAR,Karnataka,BIDAR,2008,Kharif,0.74105,4078.0,5503.0,0.00487042,77.219591,17.954256,exact_normalised,183,29.976229508196745,20.778743169398915,24.85295081967213,23.411818579234968,2.8418579234972667,939.5999999999996,616.8100000000002,886.0816000000001,74.8364480874317,94.55535519125684,2718.0899999999992,9.19748633879783,322.7899999999994,0.34568391775106777,0.3259942091689386,8.61323037961318
Rice,IND_KARNATAKA_CHITRADURGA,Karnataka,CHITRADURGA,2008,Kharif,2.137512,11254.0,5265.0,0.00465977,76.575818,14.279313,exact_normalised,183,30.017595628415297,20.484207650273216,24.597486338797804,23.431604371584708,3.6763387978142075,529.54,498.30000000000007,947.8642000000002,75.50027322404368,94.49322404371578,2671.3399999999997,9.53338797814208,31.239999999999895,0.19823010174668892,0.35482724026144197,8.569026340056254
Rice,IND_KARNATAKA_CHITRADURGA,Karnataka,CHITRADURGA,2008,Rabi,1.71558,947.0,552.0,0.01346933,76.575818,14.279313,exact_normalised,182,31.96291208791209,17.681703296703297,24.242087912087914,17.551251648351645,2.4085714285714284,147.40999999999997,278.9200000000001,1060.1352000000006,58.71401098901098,94.7713736263736,2592.0600000000013,14.281208791208794,-131.5100000000001,0.05686982554416174,0.40899331034003844,6.315358001522335
Rice,IND_KARNATAKA_CHITRADURGA,Karnataka,CHITRADURGA,2008,Summer,2.098596,5981.0,2850.0,0.00830608,76.575818,14.279313,exact_normalised,122,34.563360655737704,21.507131147540985,27.626803278688524,20.666369672131147,3.6604098360655732,259.74999999999994,212.58,781.9108,56.74278688524592,94.47598360655739,2150.4700000000003,13.056229508196719,47.16999999999993,0.12078754876840872,0.36359995721865446,7.955425088912672
Rice,IND_KARNATAKA_DAKSHINAKANNADA,Karnataka,DAKSHINA KANNADA,2008,Kharif,2.53649,83311.0,32845.0,0.02906938,75.204445,12.828777,exact_normalised,183,28.235355191256826,24.081475409836074,25.930163934426222,28.195493442622944,2.093989071038252,2885.0099999999998,810.9000000000001,820.8090999999997,84.21234972677593,98.99480874316936,2915.2200000000007,4.153879781420752,2074.1099999999997,0.9896371457385718,0.2815599165757643,10.399585250897506
Rice,IND_KARNATAKA_DAKSHINAKANNADA,Karnataka,DAKSHINA KANNADA,2008,Rabi,2.248004,47026.0,20919.0,0.51044361,75.204445,12.828777,exact_normalised,182,30.88225274725276,22.71521978021977,26.368681318681315,23.931156043956044,1.6458241758241758,309.53000000000003,522.8499999999999,1025.2554,69.48681318681324,99.15461538461535,2979.1000000000004,8.167032967032991,-213.31999999999988,0.10390050686448928,0.3441493739720049,9.94846091817886
Rice,IND_KARNATAKA_DAKSHINAKANNADA,Karnataka,DAKSHINA KANNADA,2008,Summer,2.243781,3608.0,1608.0,0.00468638,75.204445,12.828777,exact_normalised,122,30.84409836065573,25.00467213114753,27.439262295081953,28.034243442622955,2.0522131147540987,1356.3600000000001,356.12,667.1624,76.91467213114754,98.99090163934433,2127.59,5.839426229508202,1000.2400000000001,0.6375100465785232,0.3135765819542299,7.3833681469923835
Rice,IND_KARNATAKA_DHARWAD,Karnataka,DHARWAD,2008,Kharif,0.8455,27647.0,32699.0,0.02894016,75.127326,15.336898,exact_normalised,183,28.64262295081965,20.02202185792351,23.679344262295075,23.56440819672131,3.23688524590164,794.9100000000001,625.1100000000004,890.2561999999997,80.18814207650273,93.79207650273219,2503.320000000001,8.620601092896141,169.79999999999973,0.31754230382052623,0.3556302030902958,10.395130356885344
Rice,IND_KARNATAKA_DHARWAD,Karnataka,DHARWAD,2008,Summer,3.022222,408.0,135.0,0.00039345,75.127326,15.336898,exact_normalised,122,33.28590163934427,20.81524590163934,26.373524590163935,21.794223770491797,2.8264754098360654,385.1599999999999,266.98000000000013,764.4444000000003,64.1099180327869,93.79959016393445,1997.5699999999997,12.470655737704927,118.17999999999978,0.19281426933724474,0.3826871649053602,4.912654885736052
Rice,IND_KARNATAKA_GADAG,Karnataka,GADAG,2008,Kharif,1.596364,1756.0,1100.0,0.00097355,75.653119,15.508228,exact_normalised,183,30.410382513661194,20.383333333333326,24.622404371584697,23.090300000000013,3.7839344262295076,477.7600000000001,436.95,890.2561999999997,74.25071038251363,93.98874316939887,2675.899999999998,10.027049180327868,40.810000000000116,0.17854179902089035,0.3326941216039465,7.00397413672268
Rice,IND_KARNATAKA_GADAG,Karnataka,GADAG,2008,Summer,1.125466,906.0,805.0,0.0023461,75.653119,15.508228,exact_normalised,122,33.95057377049181,21.00803278688524,27.009590163934423,21.23175491803278,3.339016393442624,311.9099999999999,261.67,764.4444000000003,60.15803278688523,93.98950819672129,2075.1699999999996,12.942540983606566,50.239999999999895,0.15030575808247035,0.36837675949440307,6.692083742506628
Rice,IND_KARNATAKA_HASSAN,Karnataka,HASSAN,2008,Kharif,2.450999,115969.0,47315.0,0.04187602,76.105719,12.951423,exact_normalised,183,26.009945355191242,18.402240437158476,21.697431693989078,22.05399234972677,2.499453551912568,1271.5699999999993,726.4000000000003,912.0912,84.64639344262298,91.22245901639344,2140.6300000000006,7.607704918032766,545.1699999999989,0.5940167147054833,0.42608540476401796,10.764603783665628
Rice,IND_KARNATAKA_HASSAN,Karnataka,HASSAN,2008,Rabi,2.013333,604.0,300.0,0.00732029,76.105719,12.951423,exact_normalised,182,28.75983516483517,15.901483516483509,21.668681318681326,17.823267032967035,1.6891758241758237,246.64000000000001,534.17,1030.5820999999999,68.93027472527473,91.41329670329672,2123.699999999999,12.858351648351661,-287.53,0.11613693082827148,0.4852766869143478,5.707110264748875
Rice,IND_KARNATAKA_HASSAN,Karnataka,HASSAN,2008,Summer,2.664798,14739.0,5531.0,0.01611963,76.105719,12.951423,exact_normalised,122,30.635655737704937,19.272049180327866,24.288934426229524,20.801531967213112,2.40344262295082,589.2000000000002,316.23999999999995,730.1942,68.83000000000001,91.22918032786885,1743.2499999999995,11.363606557377071,272.9600000000002,0.3379893876380326,0.4188694679477988,8.61830469278465
Rice,IND_KARNATAKA_HAVERI,Karnataka,HAVERI,2008,Kharif,1.2065,56650.0,46954.0,0.04155652,75.395405,14.743146,exact_normalised,183,28.41601092896176,20.11628415300544,23.656775956284157,23.941678688524593,3.3318032786885228,1210.7400000000002,654.3399999999996,900.6216,81.67480874316936,94.14387978142072,2499.1900000000023,8.29972677595632,556.4000000000007,0.4844529627599339,0.3603653983890777,10.756944975238714
Rice,IND_KARNATAKA_HAVERI,Karnataka,HAVERI,2008,Summer,3.20912,15131.0,4715.0,0.01374147,75.395405,14.743146,exact_normalised,122,33.00663934426232,21.000409836065575,26.359016393442634,22.214905737704917,3.1351639344262288,522.47,273.3100000000002,762.4661000000002,65.38081967213117,94.14221311475409,1995.8000000000002,12.006229508196743,249.15999999999985,0.26178474797073853,0.38203532418077973,8.458716261657262
Rice,IND_KARNATAKA_KODAGU,Karnataka,KODAGU,2008,Kharif,2.393997,83505.0,34881.0,0.03087134,75.777469,12.406712,exact_normalised,183,26.04491803278688,20.059398907103827,22.628142076502726,24.597006010928965,0.7295081967213115,2563.8200000000006,862.53,820.8090999999997,89.32601092896175,94.22366120218584,2310.95,5.985519125683055,1701.2900000000006,1.1094225318591924,0.35518254397542126,10.459726215828614
Rice,IND_KARNATAKA_KODAGU,Karnataka,KODAGU,2008,Rabi,2.2,44.0,20.0,0.00048802,75.777469,12.406712,exact_normalised,182,29.659560439560433,18.171813186813186,23.217142857142875,20.43654615384615,0.5293406593406595,350.73000000000013,595.4799999999998,1025.2554,71.81329670329667,94.36335164835165,2405.52,11.487747252747248,-244.74999999999966,0.14580215504340024,0.4262094682230869,3.044522437723423
Rice,IND_KARNATAKA_KODAGU,Karnataka,KODAGU,2008,Summer,2.520607,1162.0,461.0,0.00134355,75.777469,12.406712,exact_normalised,122,29.964672131147545,20.9332786885246,24.689836065573775,24.02184262295082,0.6469672131147541,1200.1499999999996,390.1799999999999,667.1624,77.70622950819678,94.22295081967208,1792.1600000000003,9.031393442622946,809.9699999999998,0.6696667708240333,0.3722672082849745,6.135564891081739
Rice,IND_KARNATAKA_KOLAR,Karnataka,KOLAR,2008,Kharif,1.57705,6212.0,3939.0,0.0034862,78.192771,13.111229,exact_normalised,183,27.683551912568298,19.094699453551904,22.847103825136603,22.25501584699453,3.0472677595628412,871.5599999999997,593.6799999999998,945.7396000000002,79.9208196721312,92.02786885245901,2351.02,8.588852459016394,277.8799999999999,0.37071568936036264,0.4022677816437122,8.27893600229198
Rice,IND_KARNATAKA_KOLAR,Karnataka,KOLAR,2008,Summer,2.137615,466.0,218.0,0.00063534,78.192771,13.111229,exact_normalised,122,32.79827868852458,20.015655737704922,25.745737704918028,20.00335573770492,3.1091803278688532,245.45,216.89000000000007,762.7110999999994,61.00196721311473,92.03622950819674,1920.9800000000005,12.782622950819661,28.559999999999917,0.12777332403252503,0.3970427073681138,5.389071729816501
Rice,IND_KARNATAKA_KOPPAL,Karnataka,KOPPAL,2008,Kharif,3.704999,149430.0,40332.0,0.03569573,76.159107,15.65316,exact_normalised,183,31.010819672131156,20.754754098360653,25.131530054644823,23.3449349726776,3.7051912568306022,463.9199999999996,429.89000000000004,925.2878000000004,72.81185792349727,94.6398907103825,2769.0700000000006,10.256065573770503,34.029999999999575,0.1675363930850428,0.3341511048835891,10.604925271413808
Rice,IND_KARNATAKA_KOPPAL,Karnataka,KOPPAL,2008,Summer,3.286062,114654.0,34891.0,0.10168686,76.159107,15.65316,exact_normalised,122,34.64368852459016,21.473196721311478,27.68795081967214,20.940921311475403,3.336803278688525,287.81999999999994,253.69999999999996,776.5895999999999,57.15639344262294,94.62983606557376,2157.9300000000003,13.170491803278683,34.119999999999976,0.13337782041122737,0.35987710444731746,10.46001285555311
Rice,IND_KARNATAKA_MANDYA,Karnataka,MANDYA,2008,Kharif,3.192001,217653.0,68187.0,0.06034873,76.815323,12.58214,exact_normalised,183,27.757540983606553,19.16169398907103,22.883770491803265,22.867913661202184,2.725464480874317,833.4799999999998,648.64,912.0912,81.73480874316942,92.90590163934424,2357.7299999999973,8.595846994535524,184.8399999999998,0.3535095197499293,0.3868514206461304,11.130023875270815
Rice,IND_KARNATAKA_MANDYA,Karnataka,MANDYA,2008,Rabi,3.142857,44.0,14.0,0.00034161,76.815323,12.58214,exact_normalised,182,30.381593406593396,17.028186813186814,23.00076923076922,18.629045604395614,2.039615384615383,248.88000000000008,440.5000000000002,1030.5820999999999,66.79340659340654,93.11175824175828,2366.1400000000003,13.353406593406582,-191.62000000000015,0.10518397051738276,0.43555415148723226,2.70805020110221
Rice,IND_KARNATAKA_MANDYA,Karnataka,MANDYA,2008,Summer,3.22145,68153.0,21156.0,0.06165737,76.815323,12.58214,exact_normalised,122,32.70368852459015,20.255000000000003,25.786065573770493,21.39800245901638,2.7404098360655738,334.86,265.47000000000014,730.1942,64.8116393442623,92.89811475409834,1925.8999999999994,12.448688524590146,69.38999999999987,0.1738719559686381,0.37914440002076966,9.959726098983317
Rice,IND_KARNATAKA_RAICHUR,Karnataka,RAICHUR,2008,Kharif,3.543501,334588.0,94423.0,0.08356883,76.856624,16.041451,exact_normalised,183,31.807650273224034,21.330273224043722,25.999125683060115,24.010622950819673,3.3602185792349726,520.45,464.69000000000005,923.9641,71.3222950819672,95.9247540983607,2927.840000000001,10.477377049180312,55.75999999999999,0.17775903054811734,0.31557875430351373,11.455550557108905
Rice,IND_KARNATAKA_RAICHUR,Karnataka,RAICHUR,2008,Summer,2.669499,188205.0,70502.0,0.20547211,76.856624,16.041451,exact_normalised,122,36.43967213114755,22.604098360655744,29.237704918032772,20.262177868852458,3.3098360655737715,236.27999999999997,223.48000000000005,777.7676999999998,51.09729508196721,95.89254098360657,2346.9999999999995,13.83557377049181,12.799999999999926,0.10067319982956967,0.3313880272688538,11.163410541086488
Rice,IND_KARNATAKA_RAMANAGARA,Karnataka,RAMANAGARA,2008,Kharif,2.644114,16531.0,6252.0,0.00553332,77.313748,12.727066,exact_normalised,183,27.959617486338797,19.213278688524593,23.0412568306011,22.74525245901639,2.661311475409836,860.3600000000002,624.1699999999997,924.9511000000001,80.63814207650273,92.8344262295082,2386.550000000001,8.746338797814204,236.1900000000005,0.36050365590496736,0.38756828895267215,8.740816627567298
Rice,IND_KARNATAKA_RAMANAGARA,Karnataka,RAMANAGARA,2008,Summer,3.138889,1130.0,360.0,0.00104919,77.313748,12.727066,exact_normalised,122,33.090245901639356,20.25360655737704,26.007377049180313,20.99278196721312,2.7264754098360657,270.5899999999998,233.1399999999999,746.7831,62.73647540983605,92.83163934426233,1952.8999999999996,12.836639344262316,37.4499999999999,0.13855804188642523,0.38239699933432336,5.8888779583328805
Rice,IND_KARNATAKA_UDUPI,Karnataka,UDUPI,2008,Kharif,2.308503,117826.0,51040.0,0.04517282,74.873401,13.413125,exact_normalised,183,27.488743169398916,22.661748633879775,24.760655737704923,26.50520874316938,1.8603825136612027,2647.6899999999996,813.6899999999998,860.3296000000003,84.80295081967215,96.76333333333335,2701.2000000000003,4.826994535519141,1833.9999999999998,0.980190285798904,0.3184990374648305,10.840384510303231
Rice,IND_KARNATAKA_UDUPI,Karnataka,UDUPI,2008,Rabi,2.189765,22594.0,10318.0,0.25176907,74.873401,13.413125,exact_normalised,182,29.730824175824193,20.544175824175827,24.65456043956044,22.235255494505495,1.3935714285714287,260.89,620.8199999999998,1059.4255000000005,71.29741758241758,96.9296153846154,2667.1299999999997,9.186648351648365,-359.92999999999984,0.09781675433893362,0.3972155462988308,9.241742135115715
Rice,IND_KARNATAKA_UDUPI,Karnataka,UDUPI,2008,Summer,2.181818,336.0,154.0,0.00044882,74.873401,13.413125,exact_normalised,122,30.32131147540985,23.446475409836076,26.311721311475413,26.22598606557376,1.7095901639344266,1190.2400000000002,382.36,699.1147999999998,76.80237704918028,96.7661475409836,1990.0300000000009,6.874836065573774,807.8800000000002,0.5981015361577462,0.3513086737385866,5.043425116919247
Rice,IND_KARNATAKA_UTTARAKANNADA,Karnataka,UTTARA KANNADA,2008,Kharif,1.491502,115402.0,77373.0,0.06847877,74.525531,14.70572,exact_normalised,183,28.290983606557386,24.53879781420766,26.172677595628407,28.369811475409836,2.5576502732240445,2114.0300000000016,875.8899999999998,853.1109999999996,83.44579234972676,98.9239344262295,2959.600000000001,3.752185792349728,1238.1400000000017,0.7142958507906477,0.2882521286660358,11.256406085832298
Rice,IND_KARNATAKA_UTTARAKANNADA,Karnataka,UTTARA KANNADA,2008,Rabi,2.323253,4456.0,1918.0,0.04680103,74.525531,14.70572,exact_normalised,182,29.103681318681318,22.22186813186813,25.340384615384604,23.90890329670329,2.021593406593406,192.56999999999996,775.0900000000003,1072.5478000000003,73.54813186813185,99.15390109890112,2791.9500000000003,6.881813186813186,-582.5200000000003,0.06897329823241818,0.3841572377728828,7.5595594960077
Rice,IND_KARNATAKA_UTTARAKANNADA,Karnataka,UTTARA KANNADA,2008,Summer,2.210175,2650.0,1199.0,0.00349438,74.525531,14.70572,exact_normalised,122,30.36295081967214,25.218196721311482,27.359508196721332,28.06861475409836,2.267540983606558,820.6099999999997,398.36999999999995,721.4106999999998,77.08467213114758,98.93500000000003,2117.86,5.144754098360657,422.2399999999997,0.3874713153843973,0.3406319114577922,7.090076835776092
Rice,IND_TAMILNADU_COIMBATORE,Tamil Nadu,COIMBATORE,2008,Kharif,9.886125,25437.0,2573.0,0.00135709,76.942425,10.900215,exact_normalised,183,28.048469945355187,20.294426229508197,23.575683060109295,24.308280327868847,2.2944262295081965,859.79,604.4600000000002,857.9550999999999,83.46540983606559,94.81814207650274,2484.35,7.75404371584699,255.3299999999998,0.3460824763016483,0.34534389276873223,7.853216388156072
Rice,IND_TAMILNADU_CUDDALORE,Tamil Nadu,CUDDALORE,2008,Kharif,2.0765,223882.0,107817.0,0.05686644,79.398376,11.549058,exact_normalised,183,33.249344262295075,24.56158469945355,28.49431693989073,26.98316502732242,2.7540437158469944,994.4600000000003,447.4200000000002,963.7163000000004,70.11781420765031,100.05032786885245,3384.4600000000005,8.687759562841524,547.0400000000001,0.29383121679677116,0.2847474338594636,11.588199899399374
Rice,IND_TAMILNADU_DHARMAPURI,Tamil Nadu,DHARMAPURI,2008,Kharif,3.816133,77727.0,20368.0,0.01074279,78.208849,12.106543,exact_normalised,183,30.4616393442623,20.885628415300538,25.184207650273216,23.99858688524592,2.1516393442622976,886.5900000000001,539.0300000000003,935.6678000000004,75.2062295081967,95.37557377049183,2778.71,9.576010928961761,347.55999999999983,0.3190653216780449,0.3367274022837937,9.92176941621414
Rice,IND_TAMILNADU_DINDIGUL,Tamil Nadu,DINDIGUL,2008,Kharif,3.70002,72661.0,19638.0,0.01035776,77.770431,10.376407,exact_normalised,183,30.163278688524606,20.91426229508195,24.847158469945363,23.39546120218579,2.934918032786885,621.2999999999998,414.39000000000004,939.492,74.62693989071037,95.057868852459,2717.03,9.249016393442655,206.9099999999998,0.22866880380415372,0.34577903077993244,9.885272664115224
Rice,IND_TAMILNADU_ERODE,Tamil Nadu,ERODE,2008,Kharif,5.159146,196321.0,38053.0,0.02007048,77.349132,11.479934,exact_normalised,183,31.541202185792336,21.364098360655742,25.809344262295067,23.82662076502732,1.791420765027322,629.3199999999997,442.0700000000001,945.2610999999999,71.88956284153006,96.10338797814212,2893.1099999999983,10.177103825136594,187.2499999999996,0.21752370286646552,0.32672836497748114,10.546761482600346
Rice,IND_TAMILNADU_KANNIYAKUMARI,Tamil Nadu,KANNIYAKUMARI,2008,Kharif,4.599824,83657.0,18187.0,0.00959246,77.370026,8.292621,exact_normalised,183,28.85928961748635,22.365956284153004,25.101092896174848,27.055589617486348,2.9413661202185786,900.1299999999999,587.46,936.9050999999994,84.944480874317,97.94158469945354,2763.499999999998,6.4933333333333465,312.66999999999985,0.32572100597068954,0.33902844219287137,9.8085173149449
Rice,IND_TAMILNADU_KARUR,Tamil Nadu,KARUR,2008,Kharif,3.849373,60158.0,15628.0,0.00824275,78.090802,10.786735,exact_normalised,183,32.73344262295082,22.660710382513656,27.139781420765036,25.237809836065573,2.6766120218579226,764.5899999999997,422.5799999999999,989.9482999999996,70.66333333333333,98.30153005464486,3136.5800000000004,10.072732240437162,342.00999999999976,0.24376550255373675,0.3156139170689093,9.656883441842194
Rice,IND_TAMILNADU_KRISHNAGIRI,Tamil Nadu,KRISHNAGIRI,2008,Kharif,3.577252,52303.0,14621.0,0.00771162,78.043393,12.472753,exact_normalised,183,28.910710382513667,19.90863387978143,23.89344262295082,23.234520218579235,2.7241530054644802,916.9099999999994,596.3999999999994,935.6678000000004,78.44191256830602,93.7534972677596,2542.500000000002,9.002076502732237,320.51,0.36063323500491595,0.36801093411996055,9.590282522853261
Rice,IND_TAMILNADU_MADURAI,Tamil Nadu,MADURAI,2008,Kharif,4.006477,267228.0,66699.0,0.03517937,78.006559,9.898005,exact_normalised,183,32.907540983606594,22.86950819672131,27.32229508196723,25.142450819672142,2.031967213114755,775.6099999999998,441.07000000000005,1001.6525999999996,69.78491803278686,98.28978142076504,3169.9799999999996,10.038032786885285,334.53999999999974,0.24467346797140674,0.3159807317396323,11.107960231903714
Rice,IND_TAMILNADU_NAMAKKAL,Tamil Nadu,NAMAKKAL,2008,Kharif,4.838666,67301.0,13909.0,0.00733609,78.154921,11.347699,exact_normalised,183,32.105628415300565,21.972404371584695,26.53393442622949,24.740829508196736,2.215136612021858,811.5699999999997,466.2199999999999,954.6100000000005,71.77426229508193,97.18213114754101,3025.709999999999,10.13322404371587,345.3499999999998,0.26822464809912383,0.3154995025960851,9.540363284917488
Rice,IND_TAMILNADU_PERAMBALUR,Tamil Nadu,PERAMBALUR,2008,Kharif,9.177676,113794.0,12399.0,0.00653966,78.858963,11.25245,exact_normalised,183,31.994590163934443,22.383715846994537,26.70896174863389,25.042608196721304,2.475464480874318,859.5500000000001,471.3,954.6100000000005,72.08382513661205,97.4606557377049,3057.7400000000007,9.610874316939906,388.25000000000006,0.28110630727269154,0.3121946274045538,9.425451751593128
Rice,IND_TAMILNADU_PUDUKKOTTAI,Tamil Nadu,PUDUKKOTTAI,2008,Kharif,1.865105,179770.0,96386.0,0.05083733,78.872829,10.352982,exact_normalised,183,33.41366120218581,23.803442622950822,28.122240437158496,26.162083606557385,2.556994535519125,781.6899999999998,422.55999999999983,989.9482999999996,69.46546448087427,99.64060109289622,3316.3699999999985,9.610218579234985,359.13,0.23570651043158639,0.2985035746916056,11.476126616733131
Rice,IND_TAMILNADU_RAMANATHAPURAM,Tamil Nadu,RAMANATHAPURAM,2008,Kharif,1.576063,202989.0,128795.0,0.06793096,78.817623,9.423787,exact_normalised,183,32.329781420764995,25.246284153005462,28.397267759562816,27.967698907103838,3.9334426229508193,640.08,381.08,1001.6525999999996,72.56092896174864,100.4612021857924,3366.7000000000003,7.083497267759533,259.00000000000006,0.1901208898921793,0.29751762853833114,11.765985036269525
Rice,IND_TAMILNADU_SALEM,Tamil Nadu,SALEM,2008,Kharif,4.022286,120383.0,29929.0,0.0157856,78.256113,11.628258,exact_normalised,183,32.105628415300565,21.972404371584695,26.53393442622949,24.740829508196736,2.215136612021858,811.5699999999997,466.2199999999999,954.6100000000005,71.77426229508193,97.18213114754101,3025.709999999999,10.13322404371587,345.3499999999998,0.26822464809912383,0.3154995025960851,10.306616600846745
Rice,IND_TAMILNADU_SIVAGANGA,Tamil Nadu,SIVAGANGA,2008,Kharif,1.634716,132139.0,80833.0,0.04263414,78.568693,9.944223,exact_normalised,183,33.24693989071041,24.24191256830601,28.293989071038258,26.67634153005464,2.712513661202185,738.3199999999999,409.04999999999995,1001.6525999999996,70.0162295081967,99.87830601092897,3347.799999999999,9.005027322404398,329.27,0.22053886134177675,0.2991972638747834,11.300152948080235
Rice,IND_TAMILNADU_THANJAVUR,Tamil Nadu,THANJAVUR,2008,Kharif,2.016788,357161.0,177094.0,0.09340554,79.260887,10.579191,exact_normalised,183,32.54737704918033,25.387868852459018,28.611147540983623,27.792003278688533,3.260601092896176,859.51,426.02999999999986,983.7895000000002,71.45316939890712,100.4428415300546,3405.84,7.159508196721308,433.48000000000013,0.252363587250135,0.288853704225683,12.084441590735448
Rice,IND_TAMILNADU_THENILGIRIS,Tamil Nadu,THE NILGIRIS,2008,Kharif,3.930323,3046.0,775.0,0.00040876,76.648605,11.435308,exact_normalised,183,27.355409836065572,18.983114754098363,22.501530054644782,22.313674863387984,2.1651912568306004,778.1299999999997,560.84,853.4239999999998,81.72819672131152,92.1775956284153,2287.78,8.37229508196721,217.28999999999962,0.34012448749442675,0.37303586883354156,6.654152520183219
Rice,IND_TAMILNADU_THENI,Tamil Nadu,THENI,2008,Kharif,5.153861,80292.0,15579.0,0.00821691,77.429172,9.916685,exact_normalised,183,28.42655737704918,19.515628415300544,23.32180327868854,22.432675956284147,1.7601639344262292,765.0199999999998,530.2600000000002,910.2578000000002,78.38289617486333,93.00016393442624,2437.8900000000017,8.910928961748635,234.75999999999954,0.313804150310309,0.37337935673881906,9.65374331942474
Rice,IND_TAMILNADU_THIRUVALLUR,Tamil Nadu,THIRUVALLUR,2008,Kharif,3.840759,315864.0,82240.0,0.04337624,79.941464,13.24923,exact_normalised,183,32.220109289617476,25.323551912568313,28.42071038251366,28.012223497267758,3.0845901639344264,1170.32,451.9200000000001,921.8881000000003,72.66431693989072,100.11398907103826,3370.989999999997,6.896557377049163,718.3999999999999,0.3471739755976734,0.27347696077413497,11.31740924014814
Rice,IND_TAMILNADU_THIRUVARUR,Tamil Nadu,THIRUVARUR,2008,Kharif,1.160475,206611.0,178040.0,0.09390449,79.587842,10.561873,exact_normalised,183,32.54737704918033,25.387868852459018,28.611147540983623,27.792003278688533,3.260601092896176,859.51,426.02999999999986,983.7895000000002,71.45316939890712,100.4428415300546,3405.84,7.159508196721308,433.48000000000013,0.252363587250135,0.288853704225683,12.089769139829361
Rice,IND_TAMILNADU_TIRUCHIRAPPALLI,Tamil Nadu,TIRUCHIRAPPALLI,2008,Kharif,3.617593,262384.0,72530.0,0.03825484,78.555677,10.845397,exact_normalised,183,32.99863387978143,23.235027322404378,27.609508196721325,25.71797103825136,2.7100546448087433,808.0200000000003,435.8500000000001,989.9482999999996,70.29442622950818,98.88956284153,3222.5400000000013,9.763606557377052,372.17000000000024,0.2507400994246774,0.3071950386961835,11.19176933566073
Rice,IND_TAMILNADU_TIRUNELVELI,Tamil Nadu,TIRUNELVELI,2008,Kharif,4.097832,374214.0,91320.0,0.04816534,77.568767,8.838215,exact_normalised,183,29.136284153005462,21.765956284152995,24.937267759562843,26.835366666666655,2.5015846994535513,955.0500000000001,628.0500000000003,936.9050999999994,85.0597267759563,98.03054644808743,2733.5200000000004,7.370327868852467,326.9999999999998,0.34938467616845675,0.3427467514413647,11.422136051087499
Rice,IND_TAMILNADU_TIRUVANNAMALAI,Tamil Nadu,TIRUVANNAMALAI,2008,Kharif,3.120586,317944.0,101886.0,0.05373822,79.247289,12.432454,exact_normalised,183,32.39950819672133,23.282459016393457,27.379726775956268,26.41807267759564,2.291311475409835,1066.4199999999998,515.0299999999997,945.2457999999995,73.05071038251369,98.85918032786883,3180.49,9.117049180327871,551.3900000000001,0.3353005354520844,0.29720131174756076,11.531619635017343
Rice,IND_TAMILNADU_VELLORE,Tamil Nadu,VELLORE,2008,Kharif,3.624713,171873.0,47417.0,0.02500938,79.042643,12.783542,exact_normalised,183,29.43765027322404,20.72841530054645,24.61612021857924,23.993087431693986,2.620819672131146,898.9099999999997,614.1899999999999,945.2457999999995,77.71437158469948,94.78639344262297,2674.7499999999986,8.709234972677589,284.7199999999998,0.3360725301430041,0.3533959435461258,10.76675718243303
Rice,IND_ANDHRAPRADESH_ADILABAD,Andhra Pradesh,ADILABAD,2009,Kharif,1.987011,75264.0,37878.0,0.0183618,78.785443,19.287834,historical_state_crosswalk,183,31.747103825136612,22.425081967213114,26.63081967213115,25.494029508196725,2.4190163934426243,823.13,666.6200000000002,908.2800000000001,73.428087431694,96.81333333333336,3043.440000000001,9.322021857923499,156.50999999999976,0.27046040007360084,0.29843860894251234,10.542152147796324
Rice,IND_ANDHRAPRADESH_ADILABAD,Andhra Pradesh,ADILABAD,2009,Rabi,2.269043,23235.0,10240.0,0.00743178,78.785443,19.287834,historical_state_crosswalk,181,34.954806629834266,18.711436464088386,26.467790055248603,11.946733149171274,1.647734806629835,18.999999999999996,141.70999999999995,995.8411000000003,37.91845303867401,97.32348066298344,2980.669999999999,16.24337016574588,-122.70999999999995,0.006374405754410921,0.33409974938520554,9.234154550075438
Rice,IND_ANDHRAPRADESH_ANANTAPUR,Andhra Pradesh,ANANTAPUR,2009,Kharif,3.150003,101512.0,32226.0,0.01562192,77.464996,14.311236,exact_normalised,183,31.185409836065592,21.59803278688524,25.776393442622947,24.47000054644809,3.91568306010929,506.8299999999998,482.55000000000007,969.4482,73.91863387978144,95.74125683060115,2887.08,9.58737704918035,24.279999999999745,0.1755510758274796,0.3357884783241199,10.380559889496727
Rice,IND_ANDHRAPRADESH_ANANTAPUR,Andhra Pradesh,ANANTAPUR,2009,Rabi,2.41399,46899.0,19428.0,0.01410006,77.464996,14.311236,exact_normalised,181,34.24712707182319,19.216906077348074,26.211988950276243,16.55027127071822,2.604972375690609,83.41000000000001,146.27,1066.9182000000005,51.095580110497224,96.0362983425415,2934.370000000001,15.030220994475119,-62.86,0.028425181555154937,0.3635936163469502,9.874522074243114
Rice,IND_ANDHRAPRADESH_CHITTOOR,Andhra Pradesh,CHITTOOR,2009,Kharif,2.844013,56192.0,19758.0,0.00957792,78.939397,13.333205,exact_normalised,183,30.04442622950822,20.730109289617488,24.754371584699435,23.37379344262295,3.3851366120218582,616.1800000000001,530.2199999999999,971.6562,75.25508196721307,93.85628415300545,2700.049999999999,9.31431693989073,85.96000000000015,0.2282105886928021,0.3598660024814357,9.891364362733817
Rice,IND_ANDHRAPRADESH_CHITTOOR,Andhra Pradesh,CHITTOOR,2009,Rabi,3.24099,113937.0,35155.0,0.02551409,78.939397,13.333205,exact_normalised,181,31.139889502762415,17.558397790055253,23.552154696132593,18.183661325966852,2.311270718232045,164.49999999999997,316.08999999999986,1029.4179000000001,64.59469613259664,94.18535911602216,2452.94,13.581491712707162,-151.5899999999999,0.06706238228411619,0.41966697106329554,10.467550579684536
Rice,IND_ANDHRAPRADESH_EASTGODAVARI,Andhra Pradesh,EAST GODAVARI,2009,Kharif,3.050002,616567.0,202153.0,0.097996,82.14393,17.060053,exact_normalised,183,32.36508196721313,24.745464480874308,28.08142076502731,28.989171038251385,2.272732240437159,664.5500000000002,541.9399999999998,826.6624000000003,76.42918032786883,99.83628415300541,3308.899999999999,7.6196174863388215,122.61000000000035,0.20083713620840773,0.24982997370727447,12.21678506215982
Rice,IND_ANDHRAPRADESH_EASTGODAVARI,Andhra Pradesh,EAST GODAVARI,2009,Rabi,4.371997,456537.0,104423.0,0.07578603,82.14393,17.060053,exact_normalised,181,34.614806629834256,21.59872928176795,27.128121546961324,23.365131491712695,1.9384530386740342,113.58000000000004,213.0399999999999,945.1386,65.52364640883978,100.39027624309394,3100.1900000000005,13.016077348066304,-99.45999999999987,0.036636464216709304,0.30486473409694237,11.556214813068626
Rice,IND_ANDHRAPRADESH_GUNTUR,Andhra Pradesh,GUNTUR,2009,Kharif,3.585999,683226.0,190526.0,0.09235967,80.143541,16.120193,exact_normalised,183,33.070874316939864,24.66333333333332,28.467431693989084,27.52485409836065,3.009617486338797,682.5299999999999,511.0999999999998,899.1598000000001,71.53568306010925,99.73950819672127,3379.5400000000004,8.407540983606545,171.43000000000006,0.20195943826674628,0.2660598187919066,12.157549195789287
Rice,IND_ANDHRAPRADESH_GUNTUR,Andhra Pradesh,GUNTUR,2009,Rabi,3.412998,383423.0,112342.0,0.08153333,80.143541,16.120193,exact_normalised,181,34.13403314917129,21.309171270718227,26.963425414364668,23.067951381215465,2.2474033149171264,167.83999999999995,239.11000000000004,952.2828000000003,65.77696132596684,100.245635359116,3070.3800000000015,12.82486187845306,-71.2700000000001,0.05466424351383212,0.31015144705215636,11.62931197037647
Rice,IND_ANDHRAPRADESH_KARIMNAGAR,Andhra Pradesh,KARIMNAGAR,2009,Kharif,3.230003,274182.0,84886.0,0.04114947,79.416208,18.512553,historical_state_crosswalk,183,32.44715846994536,23.039289617486336,27.238797814207643,26.269881420765014,2.3834426229508208,739.6899999999995,603.6599999999997,935.1083999999998,72.84344262295083,97.72863387978144,3154.700000000001,9.407868852459021,136.02999999999975,0.23447237455225511,0.2964175357403238,11.349076239255973
Rice,IND_ANDHRAPRADESH_KARIMNAGAR,Andhra Pradesh,KARIMNAGAR,2009,Rabi,3.088999,239209.0,77439.0,0.05620213,79.416208,18.512553,historical_state_crosswalk,181,35.43060773480662,19.67138121546962,27.252872928176792,14.40925027624309,1.5206629834254142,33.339999999999996,142.01000000000013,998.5450999999999,42.29066298342542,98.23392265193367,3122.769999999998,15.759226519337002,-108.67000000000013,0.010676418692378887,0.31976261460178,11.257258721950459
Rice,IND_ANDHRAPRADESH_KHAMMAM,Andhra Pradesh,KHAMMAM,2009,Kharif,2.256998,109408.0,48475.0,0.02349881,80.659158,17.648369,historical_state_crosswalk,183,31.81710382513659,23.346502732240435,27.189398907103826,27.81398743169399,2.043770491803279,744.73,614.0899999999999,900.2461000000001,77.06677595628418,98.75486338797816,3145.6599999999994,8.470601092896157,130.6400000000001,0.23674840891895504,0.2861867143937998,10.788824109088377
Rice,IND_ANDHRAPRADESH_KHAMMAM,Andhra Pradesh,KHAMMAM,2009,Rabi,3.608,197087.0,54625.0,0.03964464,80.659158,17.648369,historical_state_crosswalk,181,34.89320441988948,19.955138121546963,27.018618784530393,19.96620276243093,1.5263535911602215,87.53,225.10999999999981,996.1604999999996,57.70232044198893,99.27497237569061,3080.37,14.938066298342516,-137.5799999999998,0.028415417628401784,0.3233898849813495,10.908265238866482
Rice,IND_ANDHRAPRADESH_KRISHNA,Andhra Pradesh,KRISHNA,2009,Kharif,3.437002,784310.0,228196.0,0.11062064,80.888919,16.541648,exact_normalised,183,32.9328961748634,24.52912568306011,28.299617486338796,28.31974535519125,2.4470491803278693,699.0799999999997,559.6800000000001,899.1598000000001,74.02546448087429,100.05989071038249,3348.83,8.403770491803293,139.39999999999964,0.20875350495546197,0.26849968496459964,12.337964569960858
Rice,IND_ANDHRAPRADESH_KRISHNA,Andhra Pradesh,KRISHNA,2009,Rabi,3.918998,424984.0,108442.0,0.07870286,80.888919,16.541648,exact_normalised,181,34.68077348066298,21.210607734806626,27.13342541436465,23.414674033149176,1.8887845303867403,160.16999999999996,269.7900000000001,952.2828000000003,66.15707182320439,100.58662983425411,3101.1499999999983,13.470165745856352,-109.62000000000012,0.051648581977653464,0.30707408541992515,11.593979968298171
Rice,IND_ANDHRAPRADESH_KURNOOL,Andhra Pradesh,KURNOOL,2009,Kharif,3.131001,256454.0,81908.0,0.03970585,77.878833,15.431734,exact_normalised,183,31.744153005464483,22.29475409836064,26.46136612021857,25.368839344262298,3.3286338797814206,622.5399999999996,554.4599999999998,956.0853000000006,73.6660655737705,96.80027322404372,3012.43,9.449398907103841,68.07999999999981,0.2066570841480133,0.31738008849998195,11.313364153913575
Rice,IND_ANDHRAPRADESH_KURNOOL,Andhra Pradesh,KURNOOL,2009,Rabi,3.527003,157911.0,44772.0,0.03249373,77.878833,15.431734,exact_normalised,181,35.39861878453038,19.53204419889504,26.902541436464073,17.60296685082873,2.2717679558011064,61.73,108.11000000000008,1041.4613999999997,51.919779005524866,97.1586187845304,3059.360000000001,15.866574585635338,-46.38000000000009,0.020177422728936762,0.34041806129386515,10.709360558147916
Rice,IND_ANDHRAPRADESH_MAHBUBNAGAR,Andhra Pradesh,MAHBUBNAGAR,2009,Kharif,2.271999,216726.0,95390.0,0.0462414,78.000858,16.644927,historical_state_crosswalk,183,30.857814207650264,21.743497267759565,25.79852459016394,24.85624426229508,3.2081967213114737,630.1699999999997,557.2699999999999,938.9659,74.8230054644809,95.79311475409838,2891.1300000000006,9.1143169398907,72.89999999999986,0.21796667738911762,0.3247747074673224,11.465739513363474
Rice,IND_ANDHRAPRADESH_MAHBUBNAGAR,Andhra Pradesh,MAHBUBNAGAR,2009,Rabi,2.692995,184384.0,68468.0,0.04969133,78.000858,16.644927,historical_state_crosswalk,181,34.55044198895029,19.08303867403316,26.283977900552493,16.158718232044208,2.0681215469613257,60.040000000000006,138.73000000000002,1000.3922999999998,49.66226519337018,96.17425414364648,2947.3999999999987,15.467403314917131,-78.69000000000001,0.020370496030399685,0.33941517948021993,11.134136367071987
Rice,IND_ANDHRAPRADESH_MEDAK,Andhra Pradesh,MEDAK,2009,Kharif,2.693996,133272.0,49470.0,0.02398115,78.103674,17.887066,historical_state_crosswalk,183,30.82382513661201,21.57191256830601,25.720491803278687,24.13316120218578,2.9774863387978123,742.5299999999994,584.3799999999998,942.5380000000002,73.03021857923498,94.97387978142078,2876.8500000000013,9.251912568306,158.14999999999964,0.2581052192502213,0.32762848254166876,10.809141918288724
Rice,IND_ANDHRAPRADESH_MEDAK,Andhra Pradesh,MEDAK,2009,Rabi,2.955001,99421.0,33645.0,0.02441819,78.103674,17.887066,historical_state_crosswalk,181,33.524419889502745,18.717403314917128,25.60574585635358,13.82013756906077,1.8980110497237561,62.21000000000001,228.20000000000007,1003.6738999999997,45.404585635359126,95.40646408839777,2824.64,14.807016574585617,-165.99000000000007,0.022024045542086784,0.3553280772062988,10.423649457279106
Rice,IND_ANDHRAPRADESH_NALGONDA,Andhra Pradesh,NALGONDA,2009,Kharif,3.234998,319262.0,98690.0,0.04784111,79.1666,17.113957,historical_state_crosswalk,183,32.47147540983608,23.53010928961749,27.593551912568316,26.214998360655752,2.8170491803278694,634.4400000000003,525.07,931.6268999999994,71.40726775956287,98.15032786885244,3219.6199999999967,8.941366120218593,109.37000000000023,0.1970543107571704,0.2893592722122488,11.499749035853597
Rice,IND_ANDHRAPRADESH_NALGONDA,Andhra Pradesh,NALGONDA,2009,Rabi,3.432002,599708.0,174740.0,0.1268193,79.1666,17.113957,historical_state_crosswalk,181,34.70558011049721,20.151878453038677,26.933370165745863,18.74903314917127,1.7667403314917125,78.66000000000001,196.30999999999997,1003.1578999999992,55.013812154696126,98.63602209944753,3064.940000000001,14.553701657458532,-117.64999999999996,0.025664450201308992,0.32730099121026807,12.071060156623853
Rice,IND_ANDHRAPRADESH_NIZAMABAD,Andhra Pradesh,NIZAMABAD,2009,Kharif,3.248006,245978.0,75732.0,0.03671196,78.037692,18.417719,historical_state_crosswalk,183,31.45060109289618,21.97393442622951,26.208251366120187,24.739451366120218,2.72912568306011,762.7099999999996,618.4499999999994,942.2466,72.68792349726779,95.82961748633883,2966.109999999998,9.47666666666667,144.26000000000022,0.2571415085752046,0.3176708213788432,11.234969275742886
Rice,IND_ANDHRAPRADESH_NIZAMABAD,Andhra Pradesh,NIZAMABAD,2009,Rabi,3.141991,143080.0,45538.0,0.03304966,78.037692,18.417719,historical_state_crosswalk,181,34.598839779005544,19.07558011049724,26.326187845303867,13.017086740331488,1.8075690607734798,46.980000000000004,160.58000000000007,999.2209000000005,40.8378453038674,96.28116022099445,2955.04,15.523259668508306,-113.60000000000007,0.01589826195246088,0.3381412434349452,10.726324380659024
Rice,IND_ANDHRAPRADESH_PRAKASAM,Andhra Pradesh,PRAKASAM,2009,Kharif,3.572014,117730.0,32959.0,0.01597725,79.729919,15.616436,exact_normalised,183,32.72743169398909,25.865300546448104,29.03158469945352,28.07855409836066,3.7667213114754095,718.2000000000004,457.08999999999986,933.7366000000001,70.56229508196722,100.13480874316949,3482.7799999999984,6.862131147540985,261.1100000000005,0.20621457571250573,0.2681009423506511,10.403049984023408
Rice,IND_ANDHRAPRADESH_PRAKASAM,Andhra Pradesh,PRAKASAM,2009,Rabi,3.858998,371390.0,96240.0,0.06984714,79.729919,15.616436,exact_normalised,181,31.945801104972375,22.896629834254142,26.872817679557993,24.25747790055249,2.9032044198895024,211.91,280.83000000000015,974.6626999999999,68.86143646408841,100.63856353591159,3053.979999999999,9.049171270718233,-68.92000000000016,0.06938814268593771,0.3191450828099726,11.47461074128452
Rice,IND_ANDHRAPRADESH_SRIKAKULAM,Andhra Pradesh,SRIKAKULAM,2009,Kharif,2.100001,371822.0,177058.0,0.08583091,84.07575,18.697258,exact_normalised,183,29.910928961748624,26.484699453551908,28.055628415300543,30.248859016393435,3.8566120218579254,846.5300000000001,549.7900000000002,831.5120000000001,79.33721311475409,99.85732240437154,3304.1800000000017,3.426229508196716,296.7399999999999,0.2561997227753935,0.25165457087688914,12.084238289346086
Rice,IND_ANDHRAPRADESH_SRIKAKULAM,Andhra Pradesh,SRIKAKULAM,2009,Rabi,2.365953,6407.0,2708.0,0.00196536,84.07575,18.697258,exact_normalised,181,29.829944751381213,23.59292817679559,26.342707182320456,24.205487292817658,3.038232044198896,28.06000000000001,227.25999999999996,921.4154000000002,70.12524861878455,100.49712707182319,2958.0299999999993,6.237016574585624,-199.19999999999996,0.009486043075966104,0.3114962999023,7.904334842085095
Rice,IND_ANDHRAPRADESH_VIZIANAGARAM,Andhra Pradesh,VIZIANAGARAM,2009,Kharif,2.198001,229801.0,104550.0,0.05068182,83.359673,18.506317,exact_normalised,183,28.80836065573769,21.370437158469933,24.653661202185802,25.06238196721312,2.137049180327869,901.3200000000002,631.4299999999995,830.3728999999996,80.48874316939894,94.4009289617486,2681.6200000000013,7.437923497267757,269.89000000000067,0.3361102617074752,0.30965345574689895,11.557430269612567
Rice,IND_ANDHRAPRADESH_VIZIANAGARAM,Andhra Pradesh,VIZIANAGARAM,2009,Rabi,2.521043,9285.0,3683.0,0.00267297,83.359673,18.506317,exact_normalised,181,32.42160220994476,18.057127071823217,24.34723756906077,16.268830939226515,1.466187845303867,37.04,197.17000000000007,930.9833999999994,55.46966850828729,94.94066298342541,2596.8499999999995,14.364475138121541,-160.13000000000008,0.0142634345456996,0.35850488091341415,8.211754397375197
Rice,IND_ANDHRAPRADESH_WARANGAL,Andhra Pradesh,WARANGAL,2009,Kharif,2.481006,209253.0,84342.0,0.04088576,79.850573,17.980621,historical_state_crosswalk,183,31.94240437158468,23.074972677595635,27.077978142076507,26.884878142076506,2.1777049180327874,746.6499999999996,609.0,931.6268999999994,75.07437158469943,98.05677595628417,3125.2699999999995,8.867431693989044,137.64999999999964,0.2389073584042338,0.2980948526047348,11.34264709697859
Rice,IND_ANDHRAPRADESH_WARANGAL,Andhra Pradesh,WARANGAL,2009,Rabi,2.670991,107072.0,40087.0,0.02909354,79.850573,17.980621,historical_state_crosswalk,181,34.839779005524875,19.499889502762432,26.92845303867403,17.091745856353583,1.4888950276243094,48.650000000000006,207.2500000000001,1003.1578999999992,50.59668508287293,98.56508287292822,3064.0500000000006,15.339889502762443,-158.6000000000001,0.01587767823632121,0.327396060769243,10.59883231663956
Rice,IND_ANDHRAPRADESH_WESTGODAVARI,Andhra Pradesh,WEST GODAVARI,2009,Kharif,3.101002,660163.0,212887.0,0.10319943,81.315692,16.847574,exact_normalised,183,32.155245901639354,24.025956284153022,27.62278688524592,28.39312459016393,2.105628415300549,687.4900000000001,566.3099999999997,881.8932000000004,76.83131147540983,99.35262295081968,3224.9700000000007,8.129289617486332,121.1800000000004,0.2131771768419551,0.27345779960743827,12.268521484802662
Rice,IND_ANDHRAPRADESH_WESTGODAVARI,Andhra Pradesh,WEST GODAVARI,2009,Rabi,3.931999,454893.0,115690.0,0.08396317,81.315692,16.847574,exact_normalised,181,35.06298342541438,20.78276243093923,27.007845303867413,22.650361325966845,1.7053591160220998,124.65000000000003,220.27000000000018,945.8296000000001,64.295138121547,99.88773480662988,3078.42,14.280220994475151,-95.62000000000015,0.040491550860506376,0.3072451452368423,11.658678122775015
Rice,IND_KARNATAKA_BANGALORERURAL,Karnataka,BANGALORE RURAL,2009,Kharif,4.426885,6751.0,1525.0,0.00138357,77.614728,13.177348,exact_normalised,183,27.938907103825155,18.94153005464482,22.773934426229513,22.22461366120218,3.44049180327869,623.74,561.6999999999998,956.1722000000002,80.18612021857928,91.57551912568307,2337.6299999999997,8.997377049180336,62.04000000000019,0.2668258022013749,0.4090348772046904,7.330405211844402
Rice,IND_KARNATAKA_BANGALORERURAL,Karnataka,BANGALORE RURAL,2009,Rabi,2.333333,7.0,3.0,7.948e-05,77.614728,13.177348,exact_normalised,181,30.446464088397786,16.123756906077343,22.66149171270718,16.426001104972382,2.3675138121546975,135.95000000000002,359.91999999999985,1072.7267000000002,61.72883977900555,91.79607734806628,2291.7299999999996,14.322707182320443,-223.96999999999983,0.05932199691935788,0.46808598744180174,1.3862943611198906
Rice,IND_KARNATAKA_BANGALORERURAL,Karnataka,BANGALORE RURAL,2009,Summer,3.057554,425.0,139.0,0.00040114,77.614728,13.177348,exact_normalised,122,33.16155737704918,20.231721311475418,26.318934426229504,19.000391803278692,2.729918032786886,309.11999999999983,191.01,788.1147000000004,56.825573770491815,91.54016393442627,1990.91,12.92983606557376,118.10999999999984,0.1552656825270855,0.3958565178737363,4.941642422609304
Rice,IND_KARNATAKA_BIDAR,Karnataka,BIDAR,2009,Kharif,0.769597,3878.0,5039.0,0.00457168,77.219591,17.954256,exact_normalised,183,30.807431693989077,21.104153005464486,25.433442622950825,23.79384535519126,3.0802732240437174,749.5299999999999,601.2700000000002,922.7069999999999,73.16103825136612,94.55666666666666,2824.3199999999997,9.703278688524591,148.25999999999965,0.26538423408112394,0.32670058633582594,8.525161361065415
Rice,IND_KARNATAKA_CHITRADURGA,Karnataka,CHITRADURGA,2009,Kharif,1.966537,11107.0,5648.0,0.0051242,76.575818,14.279313,exact_normalised,183,29.793114754098372,20.83601092896175,24.679453551912562,24.04655683060111,4.06699453551913,576.92,519.0500000000001,935.8328000000001,77.35907103825136,94.52295081967213,2686.34,8.957103825136624,57.86999999999989,0.21476060364659721,0.348367220828339,8.639233817325263
Rice,IND_KARNATAKA_CHITRADURGA,Karnataka,CHITRADURGA,2009,Rabi,1.74548,2510.0,1438.0,0.03809574,76.575818,14.279313,exact_normalised,181,33.701325966850824,18.585469613259676,25.572541436464086,15.871100000000004,2.5307734806629822,87.74999999999999,144.51,1071.9736999999998,50.35149171270718,94.78629834254146,2818.6300000000015,15.115856353591148,-56.760000000000005,0.031132145758755118,0.38031728180002317,7.271703706887368
Rice,IND_KARNATAKA_CHITRADURGA,Karnataka,CHITRADURGA,2009,Summer,2.141389,8542.0,3989.0,0.01151193,76.575818,14.279313,exact_normalised,122,35.530819672131145,22.86204918032787,28.855081967213117,19.3454155737705,3.3704918032786866,195.92,137.62,788.7085999999997,50.369999999999976,94.46188524590168,2300.3200000000006,12.668770491803276,58.29999999999998,0.08517075885094245,0.34286907908464886,8.29154650988391
Rice,IND_KARNATAKA_DAKSHINAKANNADA,Karnataka,DAKSHINA KANNADA,2009,Kharif,2.270509,73980.0,32583.0,0.02956122,75.204445,12.828777,exact_normalised,183,27.984480874316965,24.299562841530072,25.91420765027323,28.9432961748634,2.2533333333333325,3711.209999999999,809.2400000000001,777.7266999999994,86.58901639344256,99.04311475409834,2912.2999999999997,3.684918032786893,2901.969999999999,1.2743227002712632,0.26704896473577566,10.391576649328249
Rice,IND_KARNATAKA_DAKSHINAKANNADA,Karnataka,DAKSHINA KANNADA,2009,Rabi,2.251002,47154.0,20948.0,0.55495801,75.204445,12.828777,exact_normalised,181,31.909558011049718,23.375469613259654,27.226629834254126,23.991550828729284,1.5888950276243092,111.61000000000001,363.19,1029.5181999999998,66.20928176795577,99.1840331491713,3118.019999999999,8.534088397790065,-251.57999999999998,0.03579515205162252,0.33018332146682833,9.949846191514146
Rice,IND_KARNATAKA_DAKSHINAKANNADA,Karnataka,DAKSHINA KANNADA,2009,Summer,2.152047,2944.0,1368.0,0.00394794,75.204445,12.828777,exact_normalised,122,31.857049180327873,25.646229508196722,28.261803278688532,28.02108278688526,2.0383606557377045,888.5199999999999,232.27999999999994,675.5686999999998,73.49311475409836,98.99040983606551,2227.9400000000014,6.2108196721311515,656.2399999999999,0.3988078673572894,0.3032257152347008,7.221835825288449
Rice,IND_KARNATAKA_DHARWAD,Karnataka,DHARWAD,2009,Kharif,1.149507,30670.0,26681.0,0.02420658,75.127326,15.336898,exact_normalised,183,27.82218579234973,20.449344262295085,23.568142076502724,24.523720765027313,3.291256830601091,1110.1299999999999,710.13,877.4170999999999,84.15409836065575,93.82928961748635,2482.97,7.372841530054647,399.9999999999999,0.44709762904908235,0.3533740238504694,10.191744459738752
Rice,IND_KARNATAKA_DHARWAD,Karnataka,DHARWAD,2009,Summer,3.054152,846.0,277.0,0.0007994,75.127326,15.336898,exact_normalised,122,35.204262295081996,22.07155737704917,27.97704918032789,21.19991475409835,2.6572131147540974,276.44999999999993,154.33999999999997,770.3487999999999,57.539836065573766,93.79057377049179,2193.2000000000016,13.132704918032825,122.10999999999996,0.12604869596935972,0.35124420937442974,5.627621113690637
Rice,IND_KARNATAKA_GADAG,Karnataka,GADAG,2009,Kharif,0.883621,820.0,928.0,0.00084194,75.653119,15.508228,exact_normalised,183,29.476612021857925,20.711256830601112,24.38551912568307,24.07741530054645,3.86426229508197,677.3899999999999,558.2699999999998,877.4170999999999,78.69196721311478,94.02382513661209,2632.5500000000006,8.765355191256813,119.12000000000012,0.25731325141022954,0.3332955119560881,6.834108738813838
Rice,IND_KARNATAKA_GADAG,Karnataka,GADAG,2009,Summer,2.674354,2899.0,1084.0,0.00312834,75.653119,15.508228,exact_normalised,122,35.82040983606556,22.647540983606557,28.79016393442622,19.9206631147541,3.049508196721312,217.19,151.57,770.3487999999999,51.81729508196719,93.9729508196721,2292.399999999999,13.172868852459,65.62,0.09474350026173446,0.3360446693421742,6.98933526597456
Rice,IND_KARNATAKA_HASSAN,Karnataka,HASSAN,2009,Kharif,2.698001,112021.0,41520.0,0.0376694,76.105719,12.951423,exact_normalised,183,25.78524590163934,18.684043715847007,21.745792349726763,22.603034426229502,2.799234972677596,1521.9300000000005,735.8899999999999,901.8943999999997,86.72775956284154,91.26060109289618,2149.4799999999996,7.1012021857923315,786.0400000000006,0.7080456668589616,0.4195872490090626,10.633954602328156
Rice,IND_KARNATAKA_HASSAN,Karnataka,HASSAN,2009,Rabi,2.031532,2255.0,1110.0,0.02940631,76.105719,12.951423,exact_normalised,181,30.490883977900545,16.35386740331492,22.84342541436463,16.339053591160223,1.6715469613259675,97.12999999999998,352.6,1057.7926999999993,60.11044198895026,91.44237569060772,2324.6600000000003,14.137016574585626,-255.47000000000003,0.041782454208357335,0.4550311443393869,7.01301578963963
Rice,IND_KARNATAKA_HASSAN,Karnataka,HASSAN,2009,Summer,2.735136,13755.0,5029.0,0.01451329,76.105719,12.951423,exact_normalised,122,32.08040983606558,20.323360655737712,25.675491803278682,19.847824590163935,2.144016393442623,421.81,194.51999999999992,740.3861000000002,61.67704918032786,91.22688524590166,1912.41,11.757049180327865,227.29000000000008,0.2205646278779132,0.3871482056671949,8.523175263093785
Rice,IND_KARNATAKA_HAVERI,Karnataka,HAVERI,2009,Kharif,1.083007,47583.0,43936.0,0.03986133,75.395405,14.743146,exact_normalised,183,27.632732240437157,20.507049180327858,23.508142076502725,24.858058469945355,3.480546448087432,1667.8,735.2900000000001,866.5976000000003,85.67377049180324,94.18273224043713,2471.9899999999984,7.125683060109299,932.5099999999999,0.6746791046889352,0.3505667903187314,10.690512068687417
Rice,IND_KARNATAKA_HAVERI,Karnataka,HAVERI,2009,Summer,2.088133,12652.0,6059.0,0.01748579,75.395405,14.743146,exact_normalised,122,34.573852459016386,22.14540983606556,27.72024590163935,21.895179508196705,2.9061475409836057,441.79000000000013,185.20999999999992,767.7859999999996,60.474918032786874,94.13245901639347,2161.8700000000003,12.428442622950826,256.5800000000002,0.20435548853538837,0.3551490145105855,8.70946507906336
Rice,IND_KARNATAKA_KODAGU,Karnataka,KODAGU,2009,Kharif,2.441499,84554.0,34632.0,0.0314202,75.777469,12.406712,exact_normalised,183,25.912185792349725,20.462076502732234,22.770327868852462,25.12987486338799,0.7768306010928964,3243.080000000001,868.3599999999994,777.7266999999994,90.67797814207653,94.27120218579239,2336.9700000000007,5.45010928961749,2374.720000000001,1.3877285544957787,0.3327927615673283,10.452562263733816
Rice,IND_KARNATAKA_KODAGU,Karnataka,KODAGU,2009,Rabi,2.2,22.0,10.0,0.00026492,75.777469,12.406712,exact_normalised,181,30.95613259668508,18.58182320441989,24.094088397790046,20.213551933701666,0.5250276243093923,122.65000000000002,423.32000000000016,1029.5181999999998,67.51049723756908,94.3985082872928,2551.030000000001,12.37430939226519,-300.67000000000013,0.0480786192243917,0.4035696169782399,2.3978952727983707
Rice,IND_KARNATAKA_KODAGU,Karnataka,KODAGU,2009,Summer,2.653465,536.0,202.0,0.00058296,75.777469,12.406712,exact_normalised,122,31.509836065573772,21.723278688524594,25.79516393442624,24.10490491803279,0.6389344262295084,812.43,238.75999999999988,675.5686999999998,73.53877049180328,94.2251639344262,1927.0100000000002,9.786557377049178,573.6700000000001,0.4216013409375145,0.35057872040103566,5.313205979041787
Rice,IND_KARNATAKA_KOLAR,Karnataka,KOLAR,2009,Kharif,1.662578,6371.0,3832.0,0.00347662,78.192771,13.111229,exact_normalised,183,28.617759562841556,19.453606557377046,23.34819672131147,22.376272677595626,3.5887978142076515,632.7499999999997,536.45,971.6562,78.11803278688522,92.05333333333333,2442.720000000001,9.16415300546451,96.29999999999961,0.2590350101526165,0.3977763313028098,8.251403065380556
Rice,IND_KARNATAKA_KOLAR,Karnataka,KOLAR,2009,Summer,1.980699,6465.0,3264.0,0.00941964,78.192771,13.111229,exact_normalised,122,33.704590163934405,20.488360655737697,26.614262295081964,19.31426557377049,2.8309016393442628,235.71999999999994,173.46000000000006,776.0499999999998,56.34245901639342,92.03508196721309,2026.9400000000005,13.216229508196708,62.25999999999988,0.11629352620205821,0.3828677711229734,8.09101504171053
Rice,IND_KARNATAKA_KOPPAL,Karnataka,KOPPAL,2009,Kharif,3.09699,114920.0,37107.0,0.03366566,76.159107,15.65316,exact_normalised,183,30.399672131147554,21.142786885245894,25.08169398907103,24.19448196721312,3.8734426229508223,591.5499999999997,525.6399999999999,937.2559999999997,75.89644808743171,94.66879781420762,2759.9500000000007,9.25688524590166,65.90999999999985,0.21433359299987303,0.3395916592691895,10.521587858773161
Rice,IND_KARNATAKA_KOPPAL,Karnataka,KOPPAL,2009,Summer,3.541603,130501.0,36848.0,0.10634037,76.159107,15.65316,exact_normalised,122,36.3016393442623,23.10319672131148,29.331475409836067,19.381210655737707,3.0304098360655725,209.36000000000007,153.91000000000003,788.2028000000001,48.936639344262296,94.61139344262294,2358.4399999999996,13.198442622950818,55.450000000000045,0.08877054324044711,0.33420515255847094,10.514583760207204
Rice,IND_KARNATAKA_MANDYA,Karnataka,MANDYA,2009,Kharif,3.248996,199001.0,61250.0,0.05556962,76.815323,12.58214,exact_normalised,183,28.348087431693987,19.52562841530055,23.30426229508197,23.164059016393445,3.143551912568307,684.1899999999996,602.1199999999999,901.8943999999997,80.90743169398904,92.93956284153003,2434.6800000000007,8.822459016393438,82.06999999999971,0.28101845006325243,0.37043652553929035,11.022735454804309
Rice,IND_KARNATAKA_MANDYA,Karnataka,MANDYA,2009,Summer,3.435199,64276.0,18711.0,0.05399844,76.815323,12.58214,exact_normalised,122,33.708032786885255,21.24418032786884,27.033196721311477,19.981572950819658,2.4462295081967214,299.0300000000001,194.34999999999997,740.3861000000002,57.410573770491794,92.89024590163935,2078.0499999999997,12.463852459016415,104.68000000000012,0.14389932869757713,0.356288876591035,9.836920308264014
Rice,IND_KARNATAKA_RAICHUR,Karnataka,RAICHUR,2009,Kharif,2.621999,252315.0,96230.0,0.08730554,76.856624,16.041451,exact_normalised,183,31.925191256830598,21.859890710382516,26.301748633879768,24.64541420765028,3.5643715846994515,517.53,511.0599999999999,940.5070999999995,71.97415300546446,95.94163934426223,2983.2199999999984,10.065300546448082,6.470000000000084,0.1734803333310987,0.31526575311240873,11.47450683006617
Rice,IND_KARNATAKA_RAICHUR,Karnataka,RAICHUR,2009,Summer,2.994402,240181.0,80210.0,0.23147961,76.856624,16.041451,exact_normalised,122,37.72999999999999,24.171803278688518,30.76278688524591,18.634924590163934,2.9319672131147536,209.88000000000005,152.8,788.5432999999999,43.70918032786886,95.87114754098363,2533.0600000000013,13.558196721311472,57.08000000000004,0.08285630818061947,0.3113006798101899,11.292415941556662
Rice,IND_KARNATAKA_RAMANAGARA,Karnataka,RAMANAGARA,2009,Kharif,2.857507,21277.0,7446.0,0.00675545,77.313748,12.727066,exact_normalised,183,28.847978142076524,19.633387978142082,23.5767213114754,22.943091803278676,3.1511475409836045,572.2699999999996,540.0600000000001,936.04,78.89267759562843,92.8692896174863,2484.5399999999986,9.214590163934442,32.20999999999958,0.23033237540953252,0.37674579600247954,8.915566545710645
Rice,IND_KARNATAKA_RAMANAGARA,Karnataka,RAMANAGARA,2009,Summer,3.154378,2738.0,868.0,0.00250498,77.313748,12.727066,exact_normalised,122,33.80336065573771,20.973032786885245,26.961311475409826,19.92959508196721,2.417049180327869,286.21,191.56999999999994,767.1242,57.24467213114752,92.82614754098358,2069.280000000001,12.830327868852468,94.64000000000004,0.13831380963426884,0.370720347173896,6.767343125265392
Rice,IND_KARNATAKA_UDUPI,Karnataka,UDUPI,2009,Kharif,2.422499,116481.0,48083.0,0.04362374,74.873401,13.413125,exact_normalised,183,27.192950819672127,22.89775956284155,24.74349726775956,27.22706338797815,1.9788524590163952,3458.680000000001,805.3399999999996,811.5502000000005,87.29825136612021,96.81049180327871,2698.0599999999995,4.295191256830577,2653.3400000000015,1.2819136713045676,0.3007902715284318,10.780704760424145
Rice,IND_KARNATAKA_UDUPI,Karnataka,UDUPI,2009,Rabi,2.305289,21400.0,9283.0,0.24592683,74.873401,13.413125,exact_normalised,181,31.077845303867377,21.263922651933694,25.694530386740333,22.114076243093912,1.311823204419889,93.92000000000007,464.2599999999996,1067.2368999999999,66.69182320441989,96.95513812154692,2840.709999999999,9.813922651933684,-370.3399999999995,0.033062156995962315,0.37569371741571655,9.136047767394327
Rice,IND_KARNATAKA_UDUPI,Karnataka,UDUPI,2009,Summer,2.20979,316.0,143.0,0.00041269,74.873401,13.413125,exact_normalised,122,31.5627868852459,24.100901639344254,27.186885245901653,26.197266393442614,1.6837704918032785,826.6099999999999,254.89,706.2919999999997,73.20713114754099,96.76680327868851,2096.7999999999997,7.4618852459016445,571.7199999999999,0.394224532621137,0.33684280808851574,4.969813299576001
Rice,IND_KARNATAKA_UTTARAKANNADA,Karnataka,UTTARA KANNADA,2009,Kharif,1.919002,146629.0,76409.0,0.06932276,74.525531,14.70572,exact_normalised,183,28.0793442622951,24.775300546448094,26.199398907103813,29.158861202185783,2.698579234972676,2860.180000000001,871.4300000000003,816.4761000000004,85.70224043715844,98.96497267759558,2964.49,3.304043715847005,1988.750000000001,0.9648135092376771,0.275418739816967,11.243868856641612
Rice,IND_KARNATAKA_UTTARAKANNADA,Karnataka,UTTARA KANNADA,2009,Rabi,2.335738,4209.0,1802.0,0.04773889,74.525531,14.70572,exact_normalised,181,30.869447513812133,23.19939226519337,26.63685082872928,23.920028729281764,1.9496132596685076,86.02000000000004,572.6899999999997,1071.1716999999999,68.18475138121549,99.16243093922647,3011.2699999999995,7.6700552486187625,-486.6699999999997,0.02856602031700912,0.3557209084539082,7.497207223203318
Rice,IND_KARNATAKA_UTTARAKANNADA,Karnataka,UTTARA KANNADA,2009,Summer,2.283843,4707.0,2061.0,0.00594788,74.525531,14.70572,exact_normalised,122,31.3272131147541,25.829344262295074,28.091967213114753,28.395708196721305,2.1769672131147537,694.98,292.85,731.9380999999998,74.90909836065575,98.93131147540986,2207.22,5.497868852459028,402.13,0.3148666648544323,0.3316108498473192,7.631431664576906
Rice,IND_TAMILNADU_ARIYALUR,Tamil Nadu,ARIYALUR,2009,Kharif,3.097313,80462.0,25978.0,0.014076,79.210178,11.196697,exact_normalised,183,34.79644808743172,25.570928961748645,29.668852459016396,26.395437704918027,3.4260655737704937,620.3300000000003,312.90999999999997,986.2939,64.3650273224044,100.2942622950819,3599.4,9.225519125683075,307.4200000000003,0.17234261265766523,0.2740161971439684,10.16504379833675
Rice,IND_TAMILNADU_COIMBATORE,Tamil Nadu,COIMBATORE,2009,Kharif,3.508697,9884.0,2817.0,0.00152637,76.942425,10.900215,exact_normalised,183,28.075846994535503,20.673989071038257,23.7427868852459,24.831772131147552,2.6238251366120204,912.69,644.0700000000005,839.9681999999996,84.60830601092897,94.86103825136614,2514.93,7.401857923497246,268.61999999999955,0.362908709188725,0.3339926757404777,7.943782692458625
Rice,IND_TAMILNADU_CUDDALORE,Tamil Nadu,CUDDALORE,2009,Kharif,2.896079,322962.0,111517.0,0.06042471,79.398376,11.549058,exact_normalised,183,34.63994535519129,25.36726775956285,29.50049180327869,26.583691256830605,3.0869398907103838,664.2,360.3800000000004,986.2939,65.49442622950822,100.07180327868853,3568.589999999998,9.272677595628437,303.81999999999965,0.18612393130059784,0.2763819603821119,11.621941291830666
Rice,IND_TAMILNADU_DHARMAPURI,Tamil Nadu,DHARMAPURI,2009,Kharif,3.922944,79675.0,20310.0,0.01100483,78.208849,12.106543,exact_normalised,183,31.546284153005494,21.420983606557385,25.868032786885244,23.98544644808743,2.6281420765027326,549.6800000000001,440.95000000000005,968.5874000000002,72.31349726775957,95.40650273224041,2903.8500000000004,10.12530054644811,108.73000000000002,0.1892935241145376,0.3335528350293576,9.918917890191485
Rice,IND_TAMILNADU_DINDIGUL,Tamil Nadu,DINDIGUL,2009,Kharif,4.736529,78849.0,16647.0,0.00902006,77.770431,10.376407,exact_normalised,183,30.683989071038248,21.307759562841532,25.213387978142077,23.618526229508184,3.486830601092895,506.8299999999999,367.13000000000017,956.3263000000006,73.86125683060112,95.09633879781413,2784.0500000000006,9.376229508196715,139.69999999999976,0.18204773621163406,0.3435018408433758,9.720045368073471
Rice,IND_TAMILNADU_ERODE,Tamil Nadu,ERODE,2009,Kharif,4.103978,156419.0,38114.0,0.0206518,77.349132,11.479934,exact_normalised,183,32.3075956284153,21.944480874316945,26.386010928961756,23.937583606557382,2.100054644808744,423.0099999999999,357.7699999999999,962.3442000000001,69.93060109289613,96.13989071038253,2998.6399999999976,10.363114754098355,65.23999999999995,0.14106728383533876,0.32092688685537474,10.548363184422374
Rice,IND_TAMILNADU_KANNIYAKUMARI,Tamil Nadu,KANNIYAKUMARI,2009,Kharif,4.404981,76237.0,17307.0,0.00937768,77.370026,8.292621,exact_normalised,183,29.30508196721311,22.775901639344273,25.425628415300555,27.220640437158465,3.3651912568306015,817.3699999999999,536.99,927.1843,83.90519125683063,97.99398907103829,2822.8900000000026,6.529180327868836,280.3799999999999,0.2895507795202786,0.3284521536439603,9.758924101344775
Rice,IND_TAMILNADU_KARUR,Tamil Nadu,KARUR,2009,Kharif,4.268767,64087.0,15013.0,0.00813469,78.090802,10.786735,exact_normalised,183,33.967213114754095,23.36060109289618,27.980819672131148,25.07949016393442,3.3291256830601084,450.67999999999995,296.15999999999985,1016.0705000000003,67.0318579234973,98.33693989071043,3290.49,10.606612021857917,154.5200000000001,0.13696440347790145,0.30879002823287727,9.616738378132947
Rice,IND_TAMILNADU_KRISHNAGIRI,Tamil Nadu,KRISHNAGIRI,2009,Kharif,3.940327,64976.0,16490.0,0.00893499,78.043393,12.472753,exact_normalised,183,29.84349726775956,20.33125683060109,24.44196721311477,23.339975956284146,3.2489071038251365,615.89,518.6999999999999,968.5874000000002,76.39213114754101,93.78256830601093,2642.879999999999,9.512240437158468,97.19000000000005,0.23303744400048437,0.36648936009202104,9.71057005652877
Rice,IND_TAMILNADU_MADURAI,Tamil Nadu,MADURAI,2009,Kharif,3.993567,203616.0,50986.0,0.02762641,78.006559,9.898005,exact_normalised,183,34.37382513661203,23.683114754098362,28.3755737704918,24.50628633879782,2.5116939890710386,496.55,296.5599999999999,1027.4451,64.31923497267755,98.32655737704916,3362.7300000000005,10.690710382513664,199.99000000000012,0.147662762101031,0.3055389817202094,10.839325977252653
Rice,IND_TAMILNADU_NAMAKKAL,Tamil Nadu,NAMAKKAL,2009,Kharif,4.299242,45946.0,10687.0,0.00579068,78.154921,11.347699,exact_normalised,183,33.33081967213115,22.59989071038252,27.33808743169399,24.617925683060093,2.724043715846993,477.73,351.3999999999998,975.3264000000001,68.28650273224044,97.21437158469944,3172.8700000000003,10.730928961748628,126.33000000000021,0.15056715213670901,0.3073956386489204,9.276876895776427
Rice,IND_TAMILNADU_PERAMBALUR,Tamil Nadu,PERAMBALUR,2009,Kharif,3.505005,42372.0,12089.0,0.00655034,78.858963,11.25245,exact_normalised,183,33.46169398907104,23.087158469945354,27.663224043715832,24.80610983606557,2.984972677595627,513.0600000000001,352.62,975.3264000000001,67.73814207650275,97.48918032786881,3232.3699999999967,10.374535519125683,160.44000000000005,0.15872564093838284,0.3017372392393201,9.400133943608838
Rice,IND_TAMILNADU_PUDUKKOTTAI,Tamil Nadu,PUDUKKOTTAI,2009,Kharif,1.977388,188449.0,95302.0,0.05163872,78.872829,10.352982,exact_normalised,183,35.03333333333332,24.7436612021858,29.306065573770507,25.454943715846998,3.1476502732240443,490.50999999999993,272.55999999999995,1016.0705000000003,63.40333333333336,99.67316939890709,3533.0099999999998,10.289672131147519,217.95,0.13883628973594753,0.28759344015442934,11.464816568685123
Rice,IND_TAMILNADU_RAMANATHAPURAM,Tamil Nadu,RAMANATHAPURAM,2009,Kharif,1.754341,234880.0,133885.0,0.07254465,78.817623,9.423787,exact_normalised,183,33.29797814207653,25.80278688524589,29.107158469945357,27.560139890710364,4.1800546448087434,522.3999999999999,258.06999999999994,1027.4451,68.82486338797811,100.49945355191254,3496.61,7.4951912568306405,264.3299999999999,0.14940184921967273,0.2938403482229931,11.804743970574405
Rice,IND_TAMILNADU_SALEM,Tamil Nadu,SALEM,2009,Kharif,4.3665,106464.0,24382.0,0.01321122,78.256113,11.628258,exact_normalised,183,33.33081967213115,22.59989071038252,27.33808743169399,24.617925683060093,2.724043715846993,477.73,351.3999999999998,975.3264000000001,68.28650273224044,97.21437158469944,3172.8700000000003,10.730928961748628,126.33000000000021,0.15056715213670901,0.3073956386489204,10.101641447146731
Rice,IND_TAMILNADU_SIVAGANGA,Tamil Nadu,SIVAGANGA,2009,Kharif,1.785742,138095.0,77332.0,0.0419018,78.568693,9.944223,exact_normalised,183,34.80289617486339,25.149945355191274,29.472622950819677,25.846662841530055,3.0540437158469937,504.83999999999986,264.28000000000003,1027.4451,63.72409836065573,99.91060109289619,3563.490000000001,9.652950819672117,240.55999999999983,0.14167010430785543,0.28832551796132433,11.25587605162622
Rice,IND_TAMILNADU_THANJAVUR,Tamil Nadu,THANJAVUR,2009,Kharif,2.6215,427142.0,162938.0,0.08828682,79.260887,10.579191,exact_normalised,183,34.00956284153004,26.164480874316958,29.65907103825136,27.016612568306027,3.657377049180327,609.2499999999999,290.46,1012.9535000000001,65.67524590163933,100.47453551912572,3597.61,7.845081967213083,318.7899999999999,0.16934853972498404,0.281562898702194,12.001131176617372
Rice,IND_TAMILNADU_THENILGIRIS,Tamil Nadu,THE NILGIRIS,2009,Kharif,3.502947,1783.0,509.0,0.0002758,76.648605,11.435308,exact_normalised,183,27.56540983606555,19.33743169398907,22.748797814207634,22.7629174863388,2.520710382513662,759.9199999999997,565.5300000000003,841.0324999999996,82.34699453551913,92.21710382513663,2333.0299999999997,8.22797814207648,194.38999999999942,0.32572234390470756,0.3604893636172701,6.234410725718371
Rice,IND_TAMILNADU_THENI,Tamil Nadu,THENI,2009,Kharif,5.055624,77710.0,15371.0,0.00832867,77.429172,9.916685,exact_normalised,183,29.036830601092873,19.892076502732245,23.713661202185794,22.55228961748634,2.183934426229509,655.33,469.88,912.6597,77.06202185792343,93.03770491803282,2509.600000000001,9.144754098360629,185.45000000000005,0.2611292636276697,0.363667397194772,9.640302951684735
Rice,IND_TAMILNADU_THIRUVALLUR,Tamil Nadu,THIRUVALLUR,2009,Kharif,3.166391,256294.0,80942.0,0.04385786,79.941464,13.24923,exact_normalised,183,33.010655737704916,25.84224043715846,29.04491803278687,28.01652349726777,3.26311475409836,916.4299999999996,464.83999999999986,955.1653000000001,70.51797814207646,100.12535519125689,3485.2200000000003,7.168415300546457,451.58999999999975,0.26294753272390253,0.2740616948141007,11.301500482235202
Rice,IND_TAMILNADU_THIRUVARUR,Tamil Nadu,THIRUVARUR,2009,Kharif,2.90598,483125.0,166252.0,0.09008248,79.587842,10.561873,exact_normalised,183,34.00956284153004,26.164480874316958,29.65907103825136,27.016612568306027,3.657377049180327,609.2499999999999,290.46,1012.9535000000001,65.67524590163933,100.47453551912572,3597.61,7.845081967213083,318.7899999999999,0.16934853972498404,0.281562898702194,12.021266003468071
Rice,IND_TAMILNADU_TIRUCHIRAPPALLI,Tamil Nadu,TIRUCHIRAPPALLI,2009,Kharif,4.141346,266272.0,64296.0,0.03483834,78.555677,10.845397,exact_normalised,183,34.495901639344254,24.024972677595628,28.635081967213125,25.32255846994536,3.33513661202186,486.59,296.91,1016.0705000000003,65.4285792349727,98.92081967213107,3410.220000000002,10.470928961748626,189.67999999999995,0.14268580912668383,0.2979486660684647,11.07126825283867
Rice,IND_TAMILNADU_TIRUNELVELI,Tamil Nadu,TIRUNELVELI,2009,Kharif,4.138393,355877.0,85994.0,0.04659525,77.568767,8.838215,exact_normalised,183,29.750382513661197,22.23896174863387,25.385901639344258,26.992445901639336,2.907377049180328,852.2300000000001,581.1099999999998,927.1843,83.39989071038251,98.07721311475413,2815.620000000001,7.511420765027328,271.12000000000035,0.30267933883123427,0.32930022517243085,11.362044434010592
Rice,IND_TAMILNADU_TIRUPPUR,Tamil Nadu,TIRUPPUR,2009,Kharif,4.19627,50179.0,11958.0,0.00647936,77.334294,10.83475,exact_normalised,183,32.82934426229509,22.836994535519135,27.07306010928961,24.938710382513666,3.496338797814206,418.83999999999975,323.08999999999986,956.3263000000006,69.98147540983604,97.6082513661202,3124.3700000000026,9.992349726775952,95.74999999999989,0.13405582565445173,0.3060861229623892,9.389239411968807
Rice,IND_TAMILNADU_TIRUVANNAMALAI,Tamil Nadu,TIRUVANNAMALAI,2009,Kharif,3.089877,324984.0,105177.0,0.05698942,79.247289,12.432454,exact_normalised,183,33.45459016393443,23.876721311475418,28.122076502732238,26.348601092896153,2.663169398907103,772.6,493.11999999999983,985.8180999999997,70.16841530054646,98.87633879781416,3316.340000000002,9.577868852459009,279.4800000000002,0.23296766917746659,0.29726086589432904,11.56340943194068
Rice,IND_TAMILNADU_VELLORE,Tamil Nadu,VELLORE,2009,Kharif,3.415919,135834.0,39765.0,0.02154639,79.042643,12.783542,exact_normalised,183,30.657759562841523,21.196612021857934,25.287759562841526,23.930663387978147,3.1130601092896173,644.4699999999998,556.7600000000003,985.8180999999997,74.67557377049177,94.80442622950821,2797.6600000000003,9.461147540983589,87.70999999999947,0.2303603725970989,0.3523723754852268,10.590767554818026
Rice,IND_ANDHRAPRADESH_ADILABAD,Andhra Pradesh,ADILABAD,2010,Kharif,2.786242,175263.0,62903.0,0.0215289,78.785443,19.287834,historical_state_crosswalk,183,30.46262295081967,22.92907103825137,26.386284153005462,27.246890710382512,2.2801639344262288,1237.2099999999998,683.81,815.2108999999998,80.82153005464481,96.76956284153005,2998.6900000000005,7.533551912568303,553.3999999999999,0.41258349479272605,0.27185567697894736,11.049365033671352
Rice,IND_ANDHRAPRADESH_ADILABAD,Andhra Pradesh,ADILABAD,2010,Rabi,2.889994,79891.0,27644.0,0.01511001,78.785443,19.287834,historical_state_crosswalk,181,34.5439226519337,19.138839779005526,26.396464088397792,13.268427624309394,1.790662983425416,104.11000000000001,158.10000000000005,979.2682000000001,41.606077348066314,97.39187845303863,2967.7599999999998,15.405082872928173,-53.99000000000004,0.03508032994581773,0.32996879801601214,10.227200158772034
Rice,IND_ANDHRAPRADESH_ANANTAPUR,Andhra Pradesh,ANANTAPUR,2010,Kharif,2.916736,102007.0,34973.0,0.0119697,77.464996,14.311236,exact_normalised,183,30.479453551912577,21.79437158469946,25.559672131147547,25.357836065573753,3.4404371584699454,668.76,536.4099999999999,918.1595000000001,77.68284153005462,95.67169398907104,2847.4199999999996,8.685081967213119,132.35000000000014,0.23486524643361362,0.3224531330116387,10.462360207273605
Rice,IND_ANDHRAPRADESH_ANANTAPUR,Andhra Pradesh,ANANTAPUR,2010,Rabi,2.79499,69394.0,24828.0,0.0135708,77.464996,14.311236,exact_normalised,181,33.74690607734806,20.33038674033149,26.52011049723758,18.775953591160214,2.5951381215469613,140.76,198.97000000000003,1007.5322000000006,56.68718232044198,96.10165745856357,2990.14,13.416519337016567,-58.210000000000036,0.0470747189094825,0.3369515139759344,10.119767603828935
Rice,IND_ANDHRAPRADESH_CHITTOOR,Andhra Pradesh,CHITTOOR,2010,Kharif,2.976802,53639.0,18019.0,0.0061671,78.939397,13.333205,exact_normalised,183,29.14502732240437,20.945300546448085,24.48644808743169,24.216749180327866,2.9148087431694005,766.8699999999997,544.33,896.8370999999996,79.16710382513656,93.79300546448091,2651.019999999999,8.199726775956286,222.53999999999962,0.289273562628724,0.33829888118535506,9.799237531162328
Rice,IND_ANDHRAPRADESH_CHITTOOR,Andhra Pradesh,CHITTOOR,2010,Rabi,3.019009,131502.0,43558.0,0.02380848,78.939397,13.333205,exact_normalised,181,31.69519337016575,18.894143646408846,24.47303867403315,20.02403922651933,2.457790055248621,192.75999999999996,255.38000000000022,974.3113999999998,66.89762430939231,94.25160220994475,2619.6199999999994,12.801049723756904,-62.62000000000026,0.07358319145524923,0.3719285239843947,10.681871619942246
Rice,IND_ANDHRAPRADESH_EASTGODAVARI,Andhra Pradesh,EAST GODAVARI,2010,Kharif,1.926039,457704.0,237640.0,0.08133362,82.14393,17.060053,exact_normalised,183,30.025300546448086,24.405628415300544,26.848142076502747,30.82734754098362,2.206830601092896,1575.5100000000002,701.6999999999998,770.1165999999996,87.2715300546448,99.80999999999997,3083.21,5.619672131147542,873.8100000000004,0.5109966560824596,0.24977753704742772,12.378516410506608
Rice,IND_ANDHRAPRADESH_EASTGODAVARI,Andhra Pradesh,EAST GODAVARI,2010,Rabi,4.915998,849917.0,172888.0,0.09449931,82.14393,17.060053,exact_normalised,181,34.57955801104973,22.029060773480673,27.361602209944742,23.783387292817675,2.1734254143646403,119.46999999999997,166.79000000000008,928.2724000000003,64.92309392265193,100.48011049723763,3142.4500000000007,12.550497237569054,-47.32000000000011,0.038018106891119965,0.29539766742509826,12.06040504905757
Rice,IND_ANDHRAPRADESH_GUNTUR,Andhra Pradesh,GUNTUR,2010,Kharif,2.397002,649760.0,271072.0,0.09277591,80.143541,16.120193,exact_normalised,183,31.514098360655716,24.45836065573771,27.58721311475409,29.463579234972684,2.5831147540983617,1014.89,658.41,819.8933000000006,80.26639344262293,99.70163934426229,3218.46,7.0557377049180054,356.48,0.31533404174667384,0.25474708400912255,12.510143436281254
Rice,IND_ANDHRAPRADESH_GUNTUR,Andhra Pradesh,GUNTUR,2010,Rabi,3.455996,201806.0,58393.0,0.03191718,80.143541,16.120193,exact_normalised,181,33.97204419889503,22.04988950276243,27.15712707182321,24.321488397790056,2.4543093922651944,214.10999999999996,250.4499999999998,922.3213999999997,68.15138121546957,100.32154696132594,3105.4400000000023,11.922154696132598,-36.33999999999983,0.06894675150703275,0.2970018419290017,10.974968423812204
Rice,IND_ANDHRAPRADESH_KARIMNAGAR,Andhra Pradesh,KARIMNAGAR,2010,Kharif,3.280925,523465.0,159548.0,0.0546062,79.416208,18.512553,historical_state_crosswalk,183,30.842131147541,23.474153005464473,26.84628415300546,27.880577049180342,2.231584699453552,1240.0300000000002,658.8499999999999,836.8518999999999,80.48808743169401,97.69043715846999,3082.869999999999,7.367978142076527,581.1800000000003,0.40223233545365217,0.27145221822522525,11.980106364059045
Rice,IND_ANDHRAPRADESH_KARIMNAGAR,Andhra Pradesh,KARIMNAGAR,2010,Rabi,3.732001,828396.0,221971.0,0.12132772,79.416208,18.512553,historical_state_crosswalk,181,35.23889502762432,20.115745856353595,27.281325966850833,15.501438121546963,1.726961325966851,97.86,141.43000000000006,974.6087000000007,44.723922651933705,98.30690607734809,3127.9199999999996,15.123149171270722,-43.570000000000064,0.03128596639300238,0.3115836402465539,12.310306526773722
Rice,IND_ANDHRAPRADESH_KHAMMAM,Andhra Pradesh,KHAMMAM,2010,Kharif,3.130588,522924.0,167037.0,0.05716935,80.659158,17.648369,historical_state_crosswalk,183,30.564371584699444,23.569125683060108,26.733387978142066,29.243121311475406,1.9929508196721313,1226.3999999999994,682.9799999999996,814.8862999999997,83.72868852459013,98.7201092896175,3062.210000000001,6.995245901639336,543.4199999999998,0.4004950672880041,0.266110521486116,12.025976610424655
Rice,IND_ANDHRAPRADESH_KHAMMAM,Andhra Pradesh,KHAMMAM,2010,Rabi,3.536991,181147.0,51215.0,0.02799374,80.659158,17.648369,historical_state_crosswalk,181,35.256906077348056,20.672707182320444,27.3870718232044,20.829999447513813,1.8150276243093926,134.78000000000003,186.18,963.8064,57.67331491712706,99.35005524861877,3147.059999999999,14.584198895027612,-51.39999999999998,0.04282727370943041,0.3062561247640656,10.843807262209644
Rice,IND_ANDHRAPRADESH_KRISHNA,Andhra Pradesh,KRISHNA,2010,Kharif,2.776946,722978.0,260350.0,0.08910624,80.888919,16.541648,exact_normalised,183,31.119508196721327,24.352349726775945,27.34551912568306,30.22851038251364,2.2093989071038256,1284.5799999999995,689.5499999999998,819.8933000000006,83.42218579234975,100.02967213114765,3174.2299999999987,6.767158469945382,595.0299999999996,0.4046902713413962,0.2582967522832312,12.46978599956696
Rice,IND_ANDHRAPRADESH_KRISHNA,Andhra Pradesh,KRISHNA,2010,Rabi,3.870998,367710.0,94991.0,0.05192138,80.888919,16.541648,exact_normalised,181,35.01254143646407,21.89447513812156,27.55138121546962,24.154226519337016,2.1811049723756906,174.54,220.77000000000004,922.3213999999997,65.73690607734804,100.6650828729282,3176.800000000002,13.118066298342509,-46.23000000000005,0.054942080080584196,0.290330332409972,11.461547956510456
Rice,IND_ANDHRAPRADESH_KURNOOL,Andhra Pradesh,KURNOOL,2010,Kharif,2.799683,291475.0,104110.0,0.03563223,77.878833,15.431734,exact_normalised,183,30.71,22.36081967213115,26.075792349726775,26.466328961748633,2.8887431693989076,784.1599999999992,616.5000000000001,917.1384999999999,78.9386338797814,96.73759562841532,2941.8700000000013,8.34918032786885,167.65999999999906,0.26655154714518275,0.31175357850618807,11.553212916647912
Rice,IND_ANDHRAPRADESH_KURNOOL,Andhra Pradesh,KURNOOL,2010,Rabi,3.203992,105626.0,32967.0,0.01801952,77.878833,15.431734,exact_normalised,181,34.56049723756906,20.491049723756902,26.94939226519337,19.62671988950277,2.2848618784530386,110.06000000000002,172.1200000000002,994.9997999999996,57.69624309392267,97.22790055248623,3067.8399999999997,14.069447513812158,-62.06000000000019,0.03587540419317827,0.32433236413893807,10.403292673018653
Rice,IND_ANDHRAPRADESH_MAHBUBNAGAR,Andhra Pradesh,MAHBUBNAGAR,2010,Kharif,2.762267,360230.0,130411.0,0.04463389,78.000858,16.644927,historical_state_crosswalk,183,30.01628415300546,22.069398907103828,25.593825136612026,26.09891530054644,2.837923497267759,829.5899999999997,625.9599999999997,870.7269000000001,80.2426229508197,95.73360655737699,2853.6700000000014,7.946885245901633,203.63,0.2907098578321948,0.30512529479582423,11.77845394878057
Rice,IND_ANDHRAPRADESH_MAHBUBNAGAR,Andhra Pradesh,MAHBUBNAGAR,2010,Rabi,2.798995,185537.0,66287.0,0.03623199,78.000858,16.644927,historical_state_crosswalk,181,34.121381215469604,19.990828729281763,26.57066298342541,17.593885635359115,2.191602209944752,66.63999999999997,144.90999999999997,967.9679999999997,52.87635359116024,96.24193370165753,2999.289999999999,14.130552486187842,-78.27,0.022218591733376897,0.3227323799965992,11.101764164317183
Rice,IND_ANDHRAPRADESH_MEDAK,Andhra Pradesh,MEDAK,2010,Kharif,3.49016,285893.0,81914.0,0.02803552,78.103674,17.887066,historical_state_crosswalk,183,29.33377049180328,21.76229508196721,25.177704918032788,25.92903825136612,2.7062841530054644,1067.5499999999993,682.58,865.4921999999996,81.91715846994535,94.9263387978142,2777.52,7.571475409836069,384.96999999999923,0.38435366802039206,0.3116061090469194,11.313437403254364
Rice,IND_ANDHRAPRADESH_MEDAK,Andhra Pradesh,MEDAK,2010,Rabi,3.655993,229026.0,62644.0,0.03424075,78.103674,17.887066,historical_state_crosswalk,181,33.7803314917127,19.452817679558013,26.171381215469612,14.503869060773487,2.0363535911602195,67.38999999999997,163.19000000000014,976.9819000000002,45.090220994475146,95.46563535911602,2927.0199999999995,14.327513812154688,-95.80000000000017,0.02302341630737063,0.3337803978107428,11.045239148679652
Rice,IND_ANDHRAPRADESH_NALGONDA,Andhra Pradesh,NALGONDA,2010,Kharif,3.116998,642566.0,206149.0,0.07055565,79.1666,17.113957,historical_state_crosswalk,183,31.293606557377043,23.596830601092897,27.02803278688525,28.00257759562841,2.4621857923497266,828.9199999999993,633.0099999999999,848.0108000000001,79.12836065573774,98.11021857923502,3116.129999999999,7.696775956284146,195.9099999999994,0.26600944119789594,0.2721358865002424,12.236359338135046
Rice,IND_ANDHRAPRADESH_NALGONDA,Andhra Pradesh,NALGONDA,2010,Rabi,3.420001,681148.0,199166.0,0.10886267,79.1666,17.113957,historical_state_crosswalk,181,34.91303867403313,20.859779005524867,27.353480662983422,19.91881325966851,1.976187845303868,84.36,156.4100000000001,968.5147999999999,56.202044198895,98.70513812154701,3140.98,14.053259668508264,-72.05000000000011,0.026857859648899387,0.3083479678316958,12.20189894775846
Rice,IND_ANDHRAPRADESH_NIZAMABAD,Andhra Pradesh,NIZAMABAD,2010,Kharif,3.662295,427496.0,116729.0,0.03995115,78.037692,18.417719,historical_state_crosswalk,183,29.79120218579237,22.26573770491803,25.68803278688526,26.524748087431686,2.5215846994535505,1093.84,677.62,843.9313999999995,81.52054644808747,95.78442622950823,2870.91,7.525464480874337,416.2199999999999,0.3810081124103507,0.29395954592794604,11.667618854646708
Rice,IND_ANDHRAPRADESH_NIZAMABAD,Andhra Pradesh,NIZAMABAD,2010,Rabi,3.973001,416744.0,104894.0,0.05733429,78.037692,18.417719,historical_state_crosswalk,181,34.423204419889515,19.692651933701654,26.582928176795587,13.898503867403317,1.9188950276243084,79.06000000000003,145.16000000000014,974.0083,42.20994475138124,96.34508287292817,3001.5099999999998,14.730552486187861,-66.10000000000011,0.026340075495334028,0.3245060985970395,11.560715128806077
Rice,IND_ANDHRAPRADESH_PRAKASAM,Andhra Pradesh,PRAKASAM,2010,Kharif,2.931789,143300.0,48878.0,0.01672877,79.729919,15.616436,exact_normalised,183,31.29622950819672,25.514535519125676,28.1144262295082,29.83717650273222,3.312131147540983,1036.309999999999,621.8900000000003,846.6055999999995,78.66442622950818,100.09448087431693,3314.9399999999996,5.781693989071044,414.4199999999987,0.3126180262689518,0.255390927135936,10.797103135371065
Rice,IND_ANDHRAPRADESH_PRAKASAM,Andhra Pradesh,PRAKASAM,2010,Rabi,3.486001,376150.0,107903.0,0.05897899,79.729919,15.616436,exact_normalised,181,31.729337016574583,23.583812154696123,27.04060773480664,25.61713977900553,3.1465193370165743,315.6699999999998,318.4700000000002,923.7067000000003,71.8153591160221,100.71381215469611,3084.3499999999995,8.14552486187846,-2.8000000000004093,0.10234571303516132,0.2994818032972913,11.588997221921472
Rice,IND_ANDHRAPRADESH_SRIKAKULAM,Andhra Pradesh,SRIKAKULAM,2010,Kharif,0.8136,167482.0,205853.0,0.07045434,84.07575,18.697258,exact_normalised,183,29.27896174863388,26.667759562841518,27.857868852459024,31.747882513661192,3.8709836065573793,1402.0500000000002,663.55,819.9979999999999,84.51737704918033,99.84327868852455,3267.9900000000016,2.6112021857923615,738.5000000000002,0.4290251806156076,0.25091814846434646,12.234922458634228
Rice,IND_ANDHRAPRADESH_SRIKAKULAM,Andhra Pradesh,SRIKAKULAM,2010,Rabi,2.369963,16822.0,7098.0,0.00387971,84.07575,18.697258,exact_normalised,181,29.736629834254142,23.699337016574585,26.334198895027633,24.049688397790064,3.603204419889503,113.40999999999997,211.85000000000005,908.9495000000006,68.73740331491716,100.58104972375693,2956.49,6.037292817679557,-98.44000000000008,0.03835967650829192,0.3074421019519771,8.867709208039386
Rice,IND_ANDHRAPRADESH_VIZIANAGARAM,Andhra Pradesh,VIZIANAGARAM,2010,Kharif,2.575129,325213.0,126290.0,0.04322346,83.359673,18.506317,exact_normalised,183,27.840655737704918,21.66092896174863,24.36868852459017,26.747959016393434,1.953333333333332,1707.8499999999992,695.38,792.6688000000003,87.72142076502732,94.38174863387978,2629.4700000000003,6.179726775956286,1012.4699999999992,0.6495035121146083,0.30145573062252096,11.746344046892183
Rice,IND_ANDHRAPRADESH_VIZIANAGARAM,Andhra Pradesh,VIZIANAGARAM,2010,Rabi,3.232975,23452.0,7254.0,0.00396498,83.359673,18.506317,exact_normalised,181,32.010552486187834,18.270276243093928,24.32453038674034,16.942812707182327,1.5716574585635357,129.68,237.70000000000016,908.5953999999995,56.979889502762404,95.0147513812154,2592.7400000000002,13.740276243093906,-108.02000000000015,0.050016584771323,0.35043830079375465,8.889446165318288
Rice,IND_ANDHRAPRADESH_WARANGAL,Andhra Pradesh,WARANGAL,2010,Kharif,3.067817,519314.0,169278.0,0.05793634,79.850573,17.980621,historical_state_crosswalk,183,30.67803278688525,23.472622950819662,26.772404371584713,28.370600000000007,2.072295081967212,1207.279999999999,654.5099999999998,848.0108000000001,81.7027868852459,98.01836065573767,3069.3500000000013,7.205409836065588,552.7699999999993,0.39333409353771925,0.27628351279586877,12.039303520262223
Rice,IND_ANDHRAPRADESH_WARANGAL,Andhra Pradesh,WARANGAL,2010,Rabi,3.452998,341094.0,98782.0,0.05399352,79.850573,17.980621,historical_state_crosswalk,181,35.18850828729283,20.23386740331492,27.315966850828723,18.001646408839786,1.7662430939226526,106.36,164.99000000000015,968.5147999999999,50.70933701657455,98.63751381215471,3134.1900000000014,14.954640883977905,-58.63000000000015,0.0339354027675412,0.30901598180072026,11.50068080415379
Rice,IND_ANDHRAPRADESH_WESTGODAVARI,Andhra Pradesh,WEST GODAVARI,2010,Kharif,2.18156,558800.0,256147.0,0.08766774,81.315692,16.847574,exact_normalised,183,30.17092896174861,23.862349726775943,26.642513661202184,30.13632295081968,2.0204371584699463,1504.4000000000008,701.2100000000002,802.2917000000004,86.43666666666667,99.3246448087432,3045.5799999999995,6.308579234972669,803.1900000000006,0.49396174127752385,0.26342821400193084,12.453510681411823
Rice,IND_ANDHRAPRADESH_WESTGODAVARI,Andhra Pradesh,WEST GODAVARI,2010,Rabi,4.648998,931515.0,200369.0,0.10952022,81.315692,16.847574,exact_normalised,181,35.201491712707195,21.309502762430938,27.294585635359116,23.220922099447513,1.9922099447513801,136.56000000000003,179.98000000000013,928.6376000000004,63.82314917127075,99.96878453038673,3130.3200000000006,13.891988950276257,-43.4200000000001,0.043624932914206854,0.29665899971887866,12.207920936387792
Rice,IND_KARNATAKA_BANGALORERURAL,Karnataka,BANGALORE RURAL,2010,Kharif,2.930111,4486.0,1531.0,0.0013557,77.614728,13.177348,exact_normalised,183,27.417540983606543,19.368360655737696,22.768415300546458,22.87685245901641,3.049398907103825,765.0199999999999,554.0200000000002,897.6935999999996,82.66234972677599,91.50688524590166,2336.620000000001,8.049180327868847,210.99999999999966,0.32740454160282784,0.3841846770120941,7.3343293503005365
Rice,IND_KARNATAKA_BANGALORERURAL,Karnataka,BANGALORE RURAL,2010,Summer,3.232258,501.0,155.0,0.00043048,77.614728,13.177348,exact_normalised,122,33.45836065573771,20.979098360655737,26.766967213114764,20.377296721311474,2.8264754098360654,278.50999999999993,196.05999999999995,778.5326000000003,59.109426229508216,91.60467213114752,2045.5700000000006,12.47926229508197,82.44999999999999,0.13615275937758173,0.3805944553351878,5.049856007249537
Rice,IND_KARNATAKA_BIDAR,Karnataka,BIDAR,2010,Kharif,0.977471,4816.0,4927.0,0.00436286,77.219591,17.954256,exact_normalised,183,29.37229508196721,21.40191256830601,24.982295081967198,25.562232240437154,2.755081967213115,1066.76,697.84,853.8666999999997,81.55311475409832,94.50404371584706,2741.759999999999,7.9703825136612,368.91999999999996,0.3890785480859012,0.31143013976423906,8.502688505213357
Rice,IND_KARNATAKA_CHITRADURGA,Karnataka,CHITRADURGA,2010,Kharif,2.349704,18659.0,7941.0,0.00703176,76.575818,14.279313,exact_normalised,183,29.46103825136613,21.12147540983607,24.677540983606548,24.772015300546443,3.6932240437158472,702.1500000000001,540.9199999999998,899.5138,79.85639344262293,94.45207650273225,2685.9900000000007,8.33956284153006,161.23000000000025,0.26141199334323656,0.3348909712992229,8.979920411691197
Rice,IND_KARNATAKA_CHITRADURGA,Karnataka,CHITRADURGA,2010,Rabi,2.202518,2099.0,953.0,0.01917505,76.575818,14.279313,exact_normalised,181,32.77977900552489,19.690276243093912,25.68602209944752,18.269305524861892,2.482486187845303,153.58999999999997,219.17000000000002,1014.5287999999999,57.51154696132599,94.85519337016575,2839.1700000000014,13.089502762430975,-65.58000000000004,0.054096795894574785,0.35733288249734935,6.860663671448287
Rice,IND_KARNATAKA_CHITRADURGA,Karnataka,CHITRADURGA,2010,Summer,2.29719,11610.0,5054.0,0.01403647,76.575818,14.279313,exact_normalised,122,35.661393442622945,23.19491803278688,29.022295081967226,20.92631885245902,3.3818852459016386,191.62000000000003,159.92999999999995,781.0875999999996,53.248360655737706,94.52368852459013,2320.7200000000007,12.466475409836065,31.690000000000083,0.08256920266124305,0.3365712365128061,8.528133131454572
Rice,IND_KARNATAKA_DAKSHINAKANNADA,Karnataka,DAKSHINA KANNADA,2010,Kharif,2.476333,80253.0,32408.0,0.02869732,75.204445,12.828777,exact_normalised,183,27.811748633879787,24.432295081967215,25.885628415300534,29.27450546448087,2.1461748633879787,4570.259999999998,795.3100000000002,737.1579999999999,87.68912568306011,98.97273224043715,2907.069999999999,3.3794535519125724,3774.949999999998,1.572119006422274,0.25357421733910784,10.386191440985094
Rice,IND_KARNATAKA_DAKSHINAKANNADA,Karnataka,DAKSHINA KANNADA,2010,Rabi,2.256696,47350.0,20982.0,0.42217304,75.204445,12.828777,exact_normalised,181,31.179337016574564,24.07430939226519,27.21060773480663,25.854483425414376,1.5907734806629832,303.02,463.5100000000002,987.2637,71.67685082872926,99.24276243093924,3115.1199999999976,7.1050276243093755,-160.49000000000024,0.09727394129279136,0.31692637843807003,9.951467865054695
Rice,IND_KARNATAKA_DAKSHINAKANNADA,Karnataka,DAKSHINA KANNADA,2010,Summer,2.296862,2855.0,1243.0,0.00345218,75.204445,12.828777,exact_normalised,122,31.95508196721312,26.191311475409837,28.5987704918033,29.21356967213116,2.086147540983606,1093.1999999999998,263.7899999999999,676.668,75.01262295081966,99.03418032786882,2269.05,5.763770491803282,829.4099999999999,0.4817875322271434,0.29821643419052024,7.126087273299125
Rice,IND_KARNATAKA_DHARWAD,Karnataka,DHARWAD,2010,Kharif,1.207202,33658.0,27881.0,0.02468866,75.127326,15.336898,exact_normalised,183,27.76907103825137,20.83584699453552,23.719508196721296,25.19955300546447,3.083497267759563,1251.04,704.97,862.0569000000002,85.93999999999998,93.75409836065573,2510.67,6.93322404371585,546.0699999999999,0.4982893012622128,0.3433573109966663,10.235736598313034
Rice,IND_KARNATAKA_DHARWAD,Karnataka,DHARWAD,2010,Summer,3.234432,883.0,273.0,0.0007582,75.127326,15.336898,exact_normalised,122,35.949016393442605,22.6494262295082,28.586557377049193,21.682588524590162,2.7380327868852463,294.26,137.17999999999998,765.0874999999999,56.576065573770485,93.8413114754098,2267.5600000000004,13.299590163934404,157.08,0.12976944380744057,0.3374056254299775,5.6131281063880705
Rice,IND_KARNATAKA_GADAG,Karnataka,GADAG,2010,Kharif,2.212717,1914.0,865.0,0.00076596,75.653119,15.508228,exact_normalised,183,29.158961748633885,21.05530054644809,24.435300546448097,24.787128415300547,3.5719672131147564,770.0699999999995,585.6399999999994,862.0569000000002,81.0544262295082,93.9498907103825,2641.66,8.103661202185794,184.43000000000006,0.2915098839366154,0.32633151124671617,6.763884908562435
Rice,IND_KARNATAKA_GADAG,Karnataka,GADAG,2010,Summer,3.163514,4682.0,1480.0,0.0041104,75.653119,15.508228,exact_normalised,122,36.714262295081944,23.337131147540983,29.532622950819672,20.40587540983606,3.13549180327869,179.9,128.68,765.0874999999999,50.45795081967215,94.02442622950818,2382.9800000000005,13.377131147540961,51.22,0.07549370955694129,0.32106333246607177,7.300472814267799
Rice,IND_KARNATAKA_HASSAN,Karnataka,HASSAN,2010,Kharif,2.944362,105364.0,35785.0,0.03168766,76.105719,12.951423,exact_normalised,183,25.728415300546445,19.054699453551923,21.882950819672118,23.089012021857915,2.5230601092896174,1828.93,719.3200000000004,837.6001999999999,87.9602732240437,91.19284153005466,2174.5799999999986,6.673715846994522,1109.6099999999997,0.8410497659318127,0.3851779194143239,10.485312034451807
Rice,IND_KARNATAKA_HASSAN,Karnataka,HASSAN,2010,Rabi,2.688508,29009.0,10790.0,0.21710262,76.105719,12.951423,exact_normalised,181,29.941878453038687,17.829668508287277,23.32342541436462,18.70748121546961,1.5609944751381204,239.36,432.8500000000003,1006.9276000000001,66.7167955801105,91.5066850828729,2411.539999999999,12.11220994475141,-193.4900000000003,0.09925607702961597,0.41754546887051447,9.286467732363734
Rice,IND_KARNATAKA_HASSAN,Karnataka,HASSAN,2010,Summer,2.584913,13364.0,5170.0,0.01435864,76.105719,12.951423,exact_normalised,122,31.70426229508197,20.81319672131147,25.71073770491803,21.308167213114757,2.1245901639344256,475.22,255.28999999999988,743.053,65.6533606557377,91.29114754098356,1916.7099999999996,10.8910655737705,219.93000000000015,0.2479352640722906,0.3876710613499174,8.550821372396221
Rice,IND_KARNATAKA_HAVERI,Karnataka,HAVERI,2010,Kharif,1.985043,89319.0,44996.0,0.03984401,75.395405,14.743146,exact_normalised,183,27.410327868852466,20.85502732240437,23.604972677595622,25.529709289617493,3.2089617486338793,1966.1699999999996,742.6299999999998,842.8303000000001,87.66502732240436,94.1091256830601,2489.7099999999996,6.555300546448095,1223.54,0.7897184812689028,0.3385254909206294,10.71435109986347
Rice,IND_KARNATAKA_HAVERI,Karnataka,HAVERI,2010,Summer,3.006744,17833.0,5931.0,0.01647216,75.395405,14.743146,exact_normalised,122,34.527049180327865,22.579016393442625,27.889016393442624,22.906280327868863,2.8754098360655735,453.22999999999996,190.35,758.0161000000002,62.0760655737705,94.19270491803279,2182.4599999999996,11.94803278688524,262.88,0.20766932727289392,0.34732187531501163,8.688116703257823
Rice,IND_KARNATAKA_KODAGU,Karnataka,KODAGU,2010,Kharif,2.526281,89155.0,35291.0,0.03125022,75.777469,12.406712,exact_normalised,183,25.80338797814206,20.74622950819673,22.828469945355195,25.535318579234975,0.7230054644808743,3941.68,844.5400000000002,737.1579999999999,91.80349726775951,94.2014754098361,2347.609999999999,5.057158469945328,3097.1399999999994,1.679018235567237,0.31400360366500407,10.471411588341995
Rice,IND_KARNATAKA_KODAGU,Karnataka,KODAGU,2010,Rabi,2.4,12.0,5.0,0.0001006,75.777469,12.406712,exact_normalised,181,30.268950276243096,19.781546961325972,24.29127071823206,22.35359337016574,0.5003314917127073,351.9399999999996,517.8500000000006,987.2637,74.06453038674034,94.45988950276242,2586.720000000001,10.487403314917124,-165.910000000001,0.13605647306241087,0.38166624141770256,1.791759469228055
Rice,IND_KARNATAKA_KODAGU,Karnataka,KODAGU,2010,Summer,2.85,399.0,140.0,0.00038882,75.777469,12.406712,exact_normalised,122,31.2927868852459,22.31073770491804,25.9967213114754,25.245103278688525,0.6234426229508198,1018.9599999999998,289.60999999999996,676.668,75.96221311475412,94.28057377049176,1951.600000000001,8.98204918032786,729.3499999999999,0.5221151875384297,0.346724738675958,4.948759890378168
Rice,IND_KARNATAKA_KOLAR,Karnataka,KOLAR,2010,Kharif,2.160233,16286.0,7539.0,0.00667579,78.192771,13.111229,exact_normalised,183,27.700546448087437,19.74868852459017,23.13901639344263,23.175590710382515,3.128579234972676,805.67,561.03,896.8370999999996,81.95907103825137,91.98786885245907,2404.4400000000005,7.951857923497265,244.64,0.33507594283908093,0.3729920896341765,8.927977461002001
Rice,IND_KARNATAKA_KOLAR,Karnataka,KOLAR,2010,Summer,1.665196,3397.0,2040.0,0.00566569,78.192771,13.111229,exact_normalised,122,34.105245901639336,21.273442622950814,27.163606557377058,20.679570491803272,2.997295081967213,243.9800000000001,170.24999999999994,768.8594999999998,58.17196721311474,92.09893442622952,2093.9600000000005,12.831803278688522,73.73000000000016,0.11651607480563146,0.36717965004107034,7.621195162809845
Rice,IND_KARNATAKA_KOPPAL,Karnataka,KOPPAL,2010,Kharif,4.142483,170981.0,41275.0,0.03654906,76.159107,15.65316,exact_normalised,183,30.146557377049177,21.45426229508197,25.128142076502737,24.91260109289618,3.5815846994535496,647.12,543.9600000000002,902.6216000000003,78.23579234972671,94.5962841530055,2768.45,8.692295081967206,103.15999999999985,0.23374812620780583,0.3260386136646861,10.628036496235605
Rice,IND_KARNATAKA_KOPPAL,Karnataka,KOPPAL,2010,Summer,4.145799,152810.0,36859.0,0.10236848,76.159107,15.65316,exact_normalised,122,37.20704918032788,23.896147540983595,30.156721311475398,19.9439893442623,3.1006557377049173,152.58,127.85000000000004,778.3926999999999,47.49688524590163,94.6615573770492,2459.119999999998,13.310901639344284,24.729999999999976,0.06204658577051959,0.316533028075084,10.514882231223813
Rice,IND_KARNATAKA_MANDYA,Karnataka,MANDYA,2010,Kharif,3.710428,225761.0,60845.0,0.05387832,76.815323,12.58214,exact_normalised,183,27.711038251366094,19.80016393442622,23.174808743169404,23.77942786885246,2.815846994535522,853.8200000000004,618.0799999999997,837.6001999999999,83.7671038251366,92.87229508196722,2410.990000000001,7.910874316939875,235.7400000000007,0.3541366824416526,0.34740923852857103,11.016101360840052
Rice,IND_KARNATAKA_MANDYA,Karnataka,MANDYA,2010,Summer,3.591968,71103.0,19795.0,0.05497664,76.815323,12.58214,exact_normalised,122,33.23786885245903,21.834590163934436,27.120327868852453,21.39874999999999,2.4184426229508187,330.35000000000014,238.83999999999997,743.053,61.26172131147542,92.95688524590165,2088.68,11.403278688524594,91.51000000000016,0.15816209280502527,0.35575243694582226,9.893235176071776
Rice,IND_KARNATAKA_RAICHUR,Karnataka,RAICHUR,2010,Kharif,3.086124,309529.0,100297.0,0.08881311,76.856624,16.041451,exact_normalised,183,31.593934426229485,22.21196721311475,26.28562841530054,25.535661202185793,3.255683060109291,609.49,544.5699999999996,911.9473999999997,75.14480874316938,95.87043715846995,2980.2699999999995,9.381967213114734,64.92000000000041,0.20450831636059824,0.3059948930801571,11.515901033571756
Rice,IND_KARNATAKA_RAICHUR,Karnataka,RAICHUR,2010,Summer,2.852845,212420.0,74459.0,0.20679494,76.856624,16.041451,exact_normalised,122,38.9804918032787,25.324836065573766,31.92885245901639,18.97482049180327,3.030901639344263,122.47999999999998,103.80999999999996,776.9295999999997,40.91245901639344,95.9139344262295,2675.3199999999997,13.655655737704937,18.670000000000016,0.04578143922969962,0.2904062317778807,11.218017347426708
Rice,IND_KARNATAKA_RAMANAGARA,Karnataka,RAMANAGARA,2010,Kharif,2.510654,19794.0,7884.0,0.00698129,77.313748,12.727066,exact_normalised,183,28.042841530054677,19.880710382513673,23.363661202185792,23.65741366120218,2.746939890710381,771.1000000000001,571.0099999999998,851.1773,82.46551912568306,92.80180327868854,2445.550000000001,8.162131147541004,200.09000000000037,0.31530739506450484,0.3480514812618837,8.972717499397138
Rice,IND_KARNATAKA_RAMANAGARA,Karnataka,RAMANAGARA,2010,Summer,2.960951,1744.0,589.0,0.00163583,77.313748,12.727066,exact_normalised,122,33.89401639344263,21.702295081967208,27.325901639344252,21.253237704918025,2.5131967213114756,289.87999999999994,207.36000000000013,760.9904999999999,59.715327868852455,92.89081967213116,2113.76,12.191721311475419,82.51999999999981,0.13713950495798952,0.36001745704337285,6.380122536899765
Rice,IND_KARNATAKA_UDUPI,Karnataka,UDUPI,2010,Kharif,2.586907,122102.0,47200.0,0.04179565,74.873401,13.413125,exact_normalised,183,27.038633879781425,23.099672131147535,24.751803278688524,27.620806557377044,1.8739890710382499,4194.310000000002,790.45,775.9251000000005,88.50098360655741,96.74005464480877,2699.5800000000013,3.93896174863389,3403.8600000000024,1.5536898332333178,0.28742437712533064,10.762170357789895
Rice,IND_KARNATAKA_UDUPI,Karnataka,UDUPI,2010,Rabi,2.179693,19578.0,8982.0,0.18072435,74.873401,13.413125,exact_normalised,181,30.187790055248612,22.0096132596685,25.61397790055248,24.101975138121553,1.3001657458563536,259.74000000000007,561.4699999999998,1007.2667000000005,73.23685082872926,97.02132596685087,2826.1299999999997,8.17817679558011,-301.72999999999973,0.09190660019178173,0.3564120192630914,9.103089181229207
Rice,IND_KARNATAKA_UDUPI,Karnataka,UDUPI,2010,Summer,2.417722,382.0,158.0,0.00043881,74.873401,13.413125,exact_normalised,122,31.195409836065583,24.48737704918033,27.262786885245898,27.449631147540984,1.6678688524590162,974.7499999999998,318.60999999999996,698.3990000000002,76.07131147540983,96.81639344262292,2106.0599999999995,6.708032786885251,656.1399999999999,0.46283106844059524,0.3316140090975568,5.0689042022202315
Rice,IND_KARNATAKA_UTTARAKANNADA,Karnataka,UTTARA KANNADA,2010,Kharif,1.907365,143863.0,75425.0,0.06678892,74.525531,14.70572,exact_normalised,183,27.955081967213133,24.99978142076502,26.243114754098368,29.614200546448092,2.4959016393442623,3314.4700000000003,834.1800000000002,793.0444999999997,86.84513661202182,98.88950819672128,2972.489999999998,2.955300546448111,2480.29,1.115048326487222,0.266794673825648,11.230907322142887
Rice,IND_KARNATAKA_UTTARAKANNADA,Karnataka,UTTARA KANNADA,2010,Rabi,2.19057,4460.0,2036.0,0.04096579,74.525531,14.70572,exact_normalised,181,29.82707182320442,23.666906077348088,26.41602209944751,25.600898895027637,1.9122099447513807,201.87999999999997,711.1500000000004,1024.3104000000003,74.14817679558013,99.230773480663,2971.300000000001,6.160165745856332,-509.27000000000044,0.06794332447077034,0.3447347625618416,7.619233416226805
Rice,IND_KARNATAKA_UTTARAKANNADA,Karnataka,UTTARA KANNADA,2010,Summer,2.013479,3137.0,1558.0,0.00432703,74.525531,14.70572,exact_normalised,122,31.33811475409837,26.18475409836066,28.292786885245913,29.245427868852467,2.1698360655737714,756.5999999999999,348.85,726.7593000000002,76.10819672131147,98.977868852459,2231.720000000001,5.1533606557377105,407.7499999999999,0.3390210241428134,0.32564985750900644,7.351799869057777
Rice,IND_TAMILNADU_ARIYALUR,Tamil Nadu,ARIYALUR,2010,Kharif,3.881996,97869.0,25211.0,0.01322908,79.210178,11.196697,exact_normalised,183,32.76120218579238,24.737322404371593,28.279344262295073,28.06796666666667,2.7881420765027305,930.1999999999998,508.96000000000004,904.0510999999993,73.65519125683063,100.23639344262297,3345.1199999999994,8.023879781420785,421.2399999999998,0.2780767207155498,0.27025969173004244,10.135075350633
Rice,IND_TAMILNADU_COIMBATORE,Tamil Nadu,COIMBATORE,2010,Kharif,3.908102,10419.0,2666.0,0.00139894,76.942425,10.900215,exact_normalised,183,27.4425136612022,20.750163934426222,23.51551912568307,25.155951912568298,2.3975409836065573,1120.2299999999998,638.9800000000002,783.1297000000002,86.81185792349724,94.7946448087432,2473.34,6.692349726775976,481.24999999999955,0.45292195977908406,0.31662840531427144,7.888709524182015
Rice,IND_TAMILNADU_CUDDALORE,Tamil Nadu,CUDDALORE,2010,Kharif,2.603342,301506.0,115815.0,0.06077212,79.398376,11.549058,exact_normalised,183,32.60595628415303,24.554699453551915,28.118087431693983,28.244581420765044,2.597759562841529,980.5699999999995,540.7599999999998,904.0510999999993,74.75732240437152,100.01584699453551,3315.609999999998,8.051256830601115,439.8099999999997,0.2957434680194595,0.27266509028504554,11.659758003833879
Rice,IND_TAMILNADU_DHARMAPURI,Tamil Nadu,DHARMAPURI,2010,Kharif,4.07694,93207.0,22862.0,0.01199648,78.208849,12.106543,exact_normalised,183,29.780601092896173,21.270163934426225,25.00950819672131,25.223787978142077,2.0919125683060114,888.0199999999998,579.3799999999998,861.6422999999998,79.84819672131145,95.34349726775953,2746.740000000001,8.510437158469948,308.64,0.3232996206411963,0.3136963454859213,10.037275162334227
Rice,IND_TAMILNADU_DINDIGUL,Tamil Nadu,DINDIGUL,2010,Kharif,5.343779,98053.0,18349.0,0.00962835,77.770431,10.376407,exact_normalised,183,29.739781420765034,21.174808743169393,24.757103825136614,24.081024043715846,3.13863387978142,762.3599999999998,444.47,901.3374999999997,77.28672131147536,95.03136612021851,2700.549999999999,8.564972677595641,317.88999999999976,0.28229805039714134,0.333760715409824,9.817384853482716
Rice,IND_TAMILNADU_ERODE,Tamil Nadu,ERODE,2010,Kharif,4.215554,154538.0,36659.0,0.01923624,77.349132,11.479934,exact_normalised,183,31.10650273224044,21.756666666666664,25.707431693989083,24.91488306010928,1.7778688524590154,713.99,503.95000000000016,883.8308000000002,75.70590163934425,96.07136612021858,2874.4600000000014,9.349836065573776,210.03999999999985,0.24839100213605325,0.3074771609276176,10.509441521393695
Rice,IND_TAMILNADU_KANNIYAKUMARI,Tamil Nadu,KANNIYAKUMARI,2010,Kharif,4.731709,80387.0,16989.0,0.00891471,77.370026,8.292621,exact_normalised,183,29.400273224043712,22.689836065573783,25.3687431693989,26.991121857923492,3.412732240437157,787.9499999999999,499.58000000000027,888.7527000000002,83.41688524590163,97.92316939890706,2812.480000000001,6.710437158469929,288.36999999999966,0.280161992263056,0.3160032071339174,9.740380214665977
Rice,IND_TAMILNADU_KARUR,Tamil Nadu,KARUR,2010,Kharif,3.848663,56991.0,14808.0,0.00777027,78.090802,10.786735,exact_normalised,183,32.39360655737707,22.95775956284153,27.018087431693985,26.26826229508198,2.760874316939891,749.4100000000001,463.88000000000017,950.8511000000003,73.9862841530055,98.27322404371584,3114.3100000000004,9.435846994535538,285.5299999999999,0.24063436202561722,0.30531677963979187,9.602990383037504
Rice,IND_TAMILNADU_KRISHNAGIRI,Tamil Nadu,KRISHNAGIRI,2010,Kharif,4.292465,70126.0,16337.0,0.00857259,78.043393,12.472753,exact_normalised,183,28.58245901639344,20.472786885245903,23.976502732240437,24.254753551912557,2.7500546448087446,864.92,582.9399999999997,861.6422999999998,81.59338797814203,93.71606557377052,2557.700000000001,8.109672131147537,281.98000000000025,0.33816319349415475,0.33688169058138145,9.701248961901815
Rice,IND_TAMILNADU_MADURAI,Tamil Nadu,MADURAI,2010,Kharif,4.258729,260055.0,61064.0,0.03204238,78.006559,9.898005,exact_normalised,183,32.842459016393455,23.238142076502722,27.435355191256814,25.6777,2.014480874316939,830.0300000000003,433.9799999999998,969.0645999999996,70.82196721311473,98.25879781420765,3190.669999999999,9.604316939890733,396.0500000000005,0.26014285400871934,0.30371821592330134,11.019694149605188
Rice,IND_TAMILNADU_NAMAKKAL,Tamil Nadu,NAMAKKAL,2010,Kharif,3.838099,53956.0,14058.0,0.00737672,78.154921,11.347699,exact_normalised,183,31.511857923497274,22.25464480874318,26.29027322404372,26.012668306010937,2.1455191256830615,822.01,532.95,892.8656,76.4330601092896,97.15333333333332,2981.1199999999994,9.257213114754094,289.05999999999995,0.27573864856161445,0.29950676255903824,9.551018039079908
Rice,IND_TAMILNADU_PERAMBALUR,Tamil Nadu,PERAMBALUR,2010,Kharif,3.840927,54714.0,14245.0,0.00747484,78.858963,11.25245,exact_normalised,183,31.42404371584698,22.603060109289626,26.442185792349722,26.234759016393443,2.418469945355192,857.3200000000003,533.16,892.8656,76.50032786885245,97.42874316939893,3008.9199999999996,8.820983606557355,324.1600000000003,0.2849261529053615,0.2967395610385122,9.564231444538299
Rice,IND_TAMILNADU_PUDUKKOTTAI,Tamil Nadu,PUDUKKOTTAI,2010,Kharif,2.24835,208874.0,92901.0,0.04874835,78.872829,10.352982,exact_normalised,183,33.28491803278687,24.102513661202178,28.137377049180326,26.882910382513654,2.509890710382514,808.3799999999998,439.2099999999999,950.8511000000003,71.24234972677597,99.61136612021865,3319.139999999999,9.182404371584692,369.16999999999985,0.24355104032972397,0.28647514115102124,11.439300453095491
Rice,IND_TAMILNADU_RAMANATHAPURAM,Tamil Nadu,RAMANATHAPURAM,2010,Kharif,1.933065,253999.0,131397.0,0.06894853,78.817623,9.423787,exact_normalised,183,32.31349726775956,25.533715846994525,28.52163934426231,28.178414207650263,3.6159016393442642,896.3999999999999,400.78,969.0645999999996,72.77928961748638,100.42863387978146,3389.46,6.779781420765033,495.6199999999999,0.2644669062328512,0.28590530644999484,11.78598616421666
Rice,IND_TAMILNADU_SALEM,Tamil Nadu,SALEM,2010,Kharif,4.438311,147778.0,33296.0,0.01747156,78.256113,11.628258,exact_normalised,183,31.511857923497274,22.25464480874318,26.29027322404372,26.012668306010937,2.1455191256830615,822.01,532.95,892.8656,76.4330601092896,97.15333333333332,2981.1199999999994,9.257213114754094,289.05999999999995,0.27573864856161445,0.29950676255903824,10.413222581820088
Rice,IND_TAMILNADU_SIVAGANGA,Tamil Nadu,SIVAGANGA,2010,Kharif,2.245011,188417.0,83927.0,0.04403938,78.568693,9.944223,exact_normalised,183,33.164098360655736,24.59131147540986,28.39956284153005,27.125672131147528,2.4701092896174845,883.5599999999998,428.99000000000007,969.0645999999996,70.87770491803278,99.84693989071039,3367.119999999999,8.572786885245876,454.56999999999977,0.26240823017890663,0.28780221673121237,11.337714567411322
Rice,IND_TAMILNADU_THANJAVUR,Tamil Nadu,THANJAVUR,2010,Kharif,2.868635,476793.0,166209.0,0.08721558,79.260887,10.579191,exact_normalised,183,32.33699453551914,25.514808743169404,28.540928961748634,28.426330054644808,2.995956284153006,937.8100000000003,483.79000000000013,942.5379999999998,73.43770491803276,100.41306010928962,3392.9900000000025,6.822185792349735,454.02000000000015,0.2763963347961531,0.2777897960206187,12.021007328065156
Rice,IND_TAMILNADU_THENILGIRIS,Tamil Nadu,THE NILGIRIS,2010,Kharif,3.571429,1400.0,392.0,0.0002057,76.648605,11.435308,exact_normalised,183,26.811912568306024,19.397759562841536,22.474644808743168,23.154728961748635,2.2645901639344252,935.6599999999999,582.17,781.8277000000002,85.1050819672131,92.15224043715841,2282.8599999999988,7.414153005464488,353.4899999999999,0.4098630665042974,0.3424772872624693,5.973809611869261
Rice,IND_TAMILNADU_THENI,Tamil Nadu,THENI,2010,Kharif,4.819928,74010.0,15355.0,0.0080573,77.429172,9.916685,exact_normalised,183,28.236885245901668,19.80005464480874,23.33830601092896,22.85871475409836,1.923169398907104,916.7999999999997,515.8700000000001,852.5913999999995,79.85825136612021,92.97278688524591,2440.9099999999994,8.436830601092929,400.9299999999996,0.37559762547574466,0.3492924360177146,9.639261556120688
Rice,IND_TAMILNADU_THIRUVALLUR,Tamil Nadu,THIRUVALLUR,2010,Kharif,3.006645,250210.0,83219.0,0.04366787,79.941464,13.24923,exact_normalised,183,31.4991256830601,25.34158469945355,28.07693989071039,29.51240437158469,2.8202185792349717,1022.8799999999999,574.4999999999998,864.3445000000007,77.9574863387978,100.06661202185794,3308.0800000000004,6.157540983606552,448.3800000000001,0.3092065488138134,0.2612828287103095,11.329242982536933
Rice,IND_TAMILNADU_THIRUVARUR,Tamil Nadu,THIRUVARUR,2010,Kharif,1.782291,285589.0,160237.0,0.08408187,79.587842,10.561873,exact_normalised,183,32.33699453551914,25.514808743169404,28.540928961748634,28.426330054644808,2.995956284153006,937.8100000000003,483.79000000000013,942.5379999999998,73.43770491803276,100.41306010928962,3392.9900000000025,6.822185792349735,454.02000000000015,0.2763963347961531,0.2777897960206187,11.984415488983725
Rice,IND_TAMILNADU_TIRUCHIRAPPALLI,Tamil Nadu,TIRUCHIRAPPALLI,2010,Kharif,3.992198,268136.0,67165.0,0.03524379,78.555677,10.845397,exact_normalised,183,32.66284153005466,23.45650273224044,27.448743169398895,26.728056284152984,2.6901092896174865,794.9100000000001,478.5799999999999,950.8511000000003,73.55032786885248,98.8592349726776,3193.12,9.206338797814222,316.33000000000015,0.24894460590269082,0.2977811983264019,11.114922446093194
Rice,IND_TAMILNADU_TIRUNELVELI,Tamil Nadu,TIRUNELVELI,2010,Kharif,4.410787,351822.0,79764.0,0.04185492,77.568767,8.838215,exact_normalised,183,29.7269398907104,22.23049180327868,25.306666666666665,26.89898032786887,2.8796721311475415,875.7799999999997,539.57,888.7527000000002,83.45918032786884,98.00770491803279,2801.120000000001,7.49644808743172,336.2099999999997,0.31265351002456143,0.3172847646655623,11.286840090735097
Rice,IND_TAMILNADU_TIRUPPUR,Tamil Nadu,TIRUPPUR,2010,Kharif,3.979402,46945.0,11797.0,0.00619029,77.334294,10.83475,exact_normalised,183,31.772896174863362,22.652622950819673,26.475355191256835,25.716128415300552,3.10846994535519,675.9299999999997,439.98999999999967,901.3374999999997,74.64284153005464,97.54010928961746,3014.9900000000002,9.12027322404369,235.94000000000005,0.22418979830778865,0.2989520694927677,9.37568530456302
Rice,IND_TAMILNADU_TIRUVANNAMALAI,Tamil Nadu,TIRUVANNAMALAI,2010,Kharif,2.850363,357692.0,125490.0,0.06584892,79.247289,12.432454,exact_normalised,183,31.846721311475424,23.59994535519127,27.218360655737694,27.743962841530053,2.230874316939891,969.28,576.9300000000001,882.1274000000002,77.32655737704916,98.81333333333329,3150.9599999999987,8.246775956284154,392.3499999999999,0.30761418742224605,0.27995512478736656,11.739989321835054
Rice,IND_TAMILNADU_VELLORE,Tamil Nadu,VELLORE,2010,Kharif,3.535815,152825.0,43222.0,0.02268007,79.042643,12.783542,exact_normalised,183,29.55885245901639,21.36513661202185,24.928743169398906,24.835854644808762,2.6824590163934436,802.7500000000003,567.7199999999999,882.1274000000002,79.08989071038249,94.73961748633873,2731.9600000000005,8.19371584699454,235.03000000000043,0.29383665939472037,0.32289177001127395,10.67412803996107
Rice,IND_ANDHRAPRADESH_ADILABAD,Andhra Pradesh,ADILABAD,2011,Kharif,2.493532,151310.0,60681.0,0.02111415,78.785443,19.287834,historical_state_crosswalk,183,31.046721311475416,21.87590163934427,25.980218579235004,25.559885792349704,2.389398907103824,786.54,658.3199999999996,880.4273,75.8785792349727,96.787868852459,2924.3800000000006,9.170819672131145,128.22000000000037,0.26895957433712436,0.30106460172754557,11.013402392708365
Rice,IND_ANDHRAPRADESH_ADILABAD,Andhra Pradesh,ADILABAD,2011,Rabi,3.100006,48016.0,15489.0,0.01267617,78.785443,19.287834,historical_state_crosswalk,181,32.46751381215469,18.010939226519334,24.841712707182328,15.33655690607735,1.7137569060773477,73.64000000000003,293.44999999999993,978.3406000000002,51.63762430939227,97.27359116022102,2686.350000000001,14.456574585635359,-219.8099999999999,0.027412660301152122,0.3641895508775848,9.647949933410914
Rice,IND_ANDHRAPRADESH_ANANTAPUR,Andhra Pradesh,ANANTAPUR,2011,Kharif,2.506124,94531.0,37720.0,0.0131248,77.464996,14.311236,exact_normalised,183,32.226885245901634,21.31639344262296,26.06797814207652,23.63744863387979,4.095027322404372,411.53999999999996,411.82,963.6761000000008,69.99994535519123,95.701912568306,2940.440000000001,10.910491803278674,-0.28000000000002956,0.13995864564486943,0.3277319380772947,10.537972247530657
Rice,IND_ANDHRAPRADESH_ANANTAPUR,Andhra Pradesh,ANANTAPUR,2011,Rabi,2.333029,25542.0,10948.0,0.00895982,77.464996,14.311236,exact_normalised,181,32.684309392265185,18.91419889502762,25.283480662983422,18.279602209944755,2.49414364640884,194.46000000000004,251.0200000000001,1045.0104000000001,58.82320441988947,95.95403314917131,2766.31,13.770110497237564,-56.56000000000006,0.07029580921877882,0.3777633020160431,9.301003406873425
Rice,IND_ANDHRAPRADESH_CHITTOOR,Andhra Pradesh,CHITTOOR,2011,Kharif,3.212951,55719.0,17342.0,0.00603421,78.939397,13.333205,exact_normalised,183,30.54081967213115,20.475245901639337,24.866010928961757,22.599931147540985,3.402950819672131,525.67,453.46999999999997,942.4350000000003,72.25950819672128,93.82437158469949,2720.480000000001,10.065573770491813,72.19999999999999,0.19322693054166903,0.346422322531318,9.760944245750586
Rice,IND_ANDHRAPRADESH_CHITTOOR,Andhra Pradesh,CHITTOOR,2011,Rabi,3.353009,113211.0,33764.0,0.0276324,78.939397,13.333205,exact_normalised,181,30.16348066298343,17.864033149171267,23.19701657458563,19.598094475138122,2.353977900552486,283.91,337.7100000000002,999.2136999999993,70.25469613259669,94.09044198895029,2388.6600000000017,12.299447513812165,-53.80000000000018,0.11885743471234911,0.41831558279537423,10.427180042008942
Rice,IND_ANDHRAPRADESH_EASTGODAVARI,Andhra Pradesh,EAST GODAVARI,2011,Kharif,2.986862,589741.0,197445.0,0.06870164,82.14393,17.060053,exact_normalised,183,31.635573770491817,24.056994535519113,27.399781420765038,28.74477486338796,2.284262295081969,728.93,634.2099999999999,837.4849999999999,78.65431693989073,99.82513661202186,3184.1600000000008,7.578579234972704,94.72000000000003,0.2289237977991055,0.26301599165871054,12.193220408216355
Rice,IND_ANDHRAPRADESH_EASTGODAVARI,Andhra Pradesh,EAST GODAVARI,2011,Rabi,4.203997,587084.0,139649.0,0.1142885,82.14393,17.060053,exact_normalised,181,31.242099447513805,20.28116022099447,25.08911602209944,23.807519889502764,1.9109392265193377,420.6500000000001,541.6299999999999,942.0148000000003,74.85447513812154,100.35436464088406,2731.130000000001,10.960939226519336,-120.97999999999979,0.15402049701039494,0.3449175982102646,11.846894571373323
Rice,IND_ANDHRAPRADESH_GUNTUR,Andhra Pradesh,GUNTUR,2011,Kharif,3.83591,1080921.0,281790.0,0.09804976,80.143541,16.120193,exact_normalised,183,34.09972677595628,24.711748633879797,28.89644808743167,26.744085792349722,2.9460655737704924,471.11000000000007,436.4100000000001,917.0813999999995,67.55016393442627,99.71278688524589,3458.05,9.38797814207648,34.69999999999999,0.13623573979554954,0.26520189123928206,12.548920940392344
Rice,IND_ANDHRAPRADESH_GUNTUR,Andhra Pradesh,GUNTUR,2011,Rabi,3.54704,39060.0,11012.0,0.0090122,80.143541,16.120193,exact_normalised,181,32.16215469613258,20.622928176795583,25.650055248618777,23.666934806629847,2.3339779005524868,238.11,398.71999999999986,946.2332999999999,72.2641988950276,100.18911602209948,2832.660000000002,11.539226519337,-160.60999999999984,0.08405879985596572,0.3340440787104697,9.306831672164943
Rice,IND_ANDHRAPRADESH_KARIMNAGAR,Andhra Pradesh,KARIMNAGAR,2011,Kharif,3.240552,601858.0,185727.0,0.06462432,79.416208,18.512553,historical_state_crosswalk,183,32.60459016393441,22.814043715846992,27.17377049180328,25.56502349726777,2.4420765027322404,581.2199999999999,527.6300000000001,901.9627000000003,70.92551912568304,97.70475409836067,3142.8,9.790546448087419,53.589999999999804,0.18493699885452458,0.28699334987908875,12.132038516803805
Rice,IND_ANDHRAPRADESH_KARIMNAGAR,Andhra Pradesh,KARIMNAGAR,2011,Rabi,3.286998,518192.0,157649.0,0.12901967,79.416208,18.512553,historical_state_crosswalk,181,32.69999999999998,18.618342541436476,25.25093922651932,17.62144806629835,1.6922651933701651,61.920000000000016,303.7100000000002,987.6102999999998,56.943591160220976,98.19546961325966,2760.419999999999,14.081657458563505,-241.7900000000002,0.02243136913947879,0.35777537476181165,11.968132664973206
Rice,IND_ANDHRAPRADESH_KHAMMAM,Andhra Pradesh,KHAMMAM,2011,Kharif,2.439924,366113.0,150051.0,0.05221074,80.659158,17.648369,historical_state_crosswalk,183,32.240327868852475,23.058633879781418,27.16562841530055,27.075784153005475,2.1298360655737705,670.8599999999993,614.6399999999999,905.1444,75.07726775956283,98.73366120218579,3141.310000000003,9.181693989071057,56.21999999999946,0.21356058459687158,0.288142335522441,11.918737179670055
Rice,IND_ANDHRAPRADESH_KHAMMAM,Andhra Pradesh,KHAMMAM,2011,Rabi,2.985979,45575.0,15263.0,0.01249121,80.659158,17.648369,historical_state_crosswalk,181,31.911381215469603,18.869060773480655,24.93845303867404,21.539606629834243,1.703977900552486,192.38000000000008,442.1600000000002,975.6794999999995,69.08524861878452,99.23845303867395,2703.8600000000006,13.042320441988949,-249.78000000000011,0.07115013351282982,0.36084690035726674,9.633252393688068
Rice,IND_ANDHRAPRADESH_KRISHNA,Andhra Pradesh,KRISHNA,2011,Kharif,3.729102,980105.0,262826.0,0.09145117,80.888919,16.541648,exact_normalised,183,33.41803278688522,24.29475409836067,28.332021857923493,27.708035519125698,2.4503278688524595,591.9599999999999,550.2300000000001,917.0813999999995,72.07065573770493,100.04087431693986,3354.7599999999993,9.12327868852455,41.72999999999979,0.17645375526118115,0.2733672155385183,12.479251300041255
Rice,IND_ANDHRAPRADESH_KRISHNA,Andhra Pradesh,KRISHNA,2011,Rabi,3.415951,31437.0,9203.0,0.00753172,80.888919,16.541648,exact_normalised,181,32.05552486187845,20.148121546961313,25.39635359116022,23.895446408839778,1.9595580110497244,269.73,495.1199999999996,946.2332999999999,74.03751381215464,100.54082872928178,2786.7400000000002,11.90740331491714,-225.3899999999996,0.09679051508213898,0.33954846882019846,9.127393451155257
Rice,IND_ANDHRAPRADESH_KURNOOL,Andhra Pradesh,KURNOOL,2011,Kharif,3.629783,333882.0,91984.0,0.03200614,77.878833,15.431734,exact_normalised,183,33.20836065573769,22.207814207650284,27.08754098360655,24.431914207650266,3.4977049180327846,393.30999999999995,409.97000000000025,948.0033999999999,68.22628415300548,96.75754098360659,3127.0200000000027,11.000546448087409,-16.66000000000031,0.12577789716727095,0.3031651220650968,11.429380799259883
Rice,IND_ANDHRAPRADESH_KURNOOL,Andhra Pradesh,KURNOOL,2011,Rabi,3.124033,46042.0,14738.0,0.01206155,77.878833,15.431734,exact_normalised,181,33.90132596685082,19.118453038674044,25.92276243093923,19.10708397790055,2.3322099447513818,92.98,182.89000000000007,1033.1794999999995,58.587182320441954,97.08464088397785,2882.0199999999986,14.782872928176776,-89.91000000000007,0.03226209394799483,0.35849144003164446,9.598252320836758
Rice,IND_ANDHRAPRADESH_MAHBUBNAGAR,Andhra Pradesh,MAHBUBNAGAR,2011,Kharif,2.206553,266609.0,120826.0,0.0420418,78.000858,16.644927,historical_state_crosswalk,183,32.158633879781426,21.74306010928962,26.39278688524591,23.838984699453523,3.441584699453552,410.5199999999999,403.9599999999998,943.5834000000001,69.21469945355189,95.75213114754094,2999.88,10.415573770491807,6.560000000000116,0.13684547381895273,0.31454038161526465,11.702115049442002
Rice,IND_ANDHRAPRADESH_MAHBUBNAGAR,Andhra Pradesh,MAHBUBNAGAR,2011,Rabi,2.536006,129950.0,51242.0,0.04193636,78.000858,16.644927,historical_state_crosswalk,181,33.03441988950275,18.515359116022104,25.255248618784545,17.582069613259677,2.308397790055249,58.349999999999994,191.75000000000003,992.7414000000002,56.19563535911602,96.10348066298343,2761.2000000000003,14.519060773480646,-133.40000000000003,0.021132116471099516,0.35953259452412,10.844334302306171
Rice,IND_ANDHRAPRADESH_MEDAK,Andhra Pradesh,MEDAK,2011,Kharif,3.159015,285575.0,90400.0,0.03145498,78.103674,17.887066,historical_state_crosswalk,183,30.506502732240445,21.12502732240437,25.30300546448089,23.96926229508197,2.9772677595628423,664.6299999999998,583.6799999999998,919.6057,74.18027322404373,94.94234972677592,2800.450000000001,9.381475409836074,80.94999999999993,0.2373297148672533,0.32837783213412114,11.412010608265987
Rice,IND_ANDHRAPRADESH_MEDAK,Andhra Pradesh,MEDAK,2011,Rabi,2.602998,121383.0,46632.0,0.03816355,78.103674,17.887066,historical_state_crosswalk,181,31.59602209944752,17.847071823204427,24.22812154696133,15.91083535911602,2.0329281767955805,66.61,314.62999999999994,987.2657999999999,55.264640883977876,95.34088397790053,2575.289999999999,13.748950276243093,-248.01999999999992,0.025865048208162975,0.38336101953566404,10.750063723997085
Rice,IND_ANDHRAPRADESH_NALGONDA,Andhra Pradesh,NALGONDA,2011,Kharif,2.928002,634050.0,216547.0,0.07534824,79.1666,17.113957,historical_state_crosswalk,183,33.50224043715848,23.51289617486337,28.00049180327868,25.37780437158469,2.8274316939890722,438.07999999999976,420.3299999999997,926.2719000000001,67.30469945355195,98.12163934426232,3294.0899999999997,9.989344262295106,17.750000000000057,0.1329896875920208,0.28119204393322594,12.2855675108578
Rice,IND_ANDHRAPRADESH_NALGONDA,Andhra Pradesh,NALGONDA,2011,Rabi,2.965004,329750.0,111214.0,0.09101734,79.1666,17.113957,historical_state_crosswalk,181,33.0239779005525,19.427790055248614,25.655248618784533,20.203265745856356,2.0172928176795586,89.37000000000005,257.1,980.3728000000001,62.52513812154694,98.5842541436464,2833.6000000000004,13.596187845303888,-167.72999999999996,0.03153938452851498,0.3459813664596273,11.619220543787831
Rice,IND_ANDHRAPRADESH_NIZAMABAD,Andhra Pradesh,NIZAMABAD,2011,Kharif,3.906433,584000.0,149497.0,0.05201797,78.037692,18.417719,historical_state_crosswalk,183,30.94622950819672,21.546939890710384,25.747595628415308,24.588579781420755,2.7654098360655746,718.7999999999996,609.1099999999998,902.1779999999994,74.11191256830604,95.80071038251366,2881.8099999999995,9.399289617486335,109.68999999999983,0.24942657565904752,0.3130595007998444,11.915038293796972
Rice,IND_ANDHRAPRADESH_NIZAMABAD,Andhra Pradesh,NIZAMABAD,2011,Rabi,3.519,388195.0,110314.0,0.09028078,78.037692,18.417719,historical_state_crosswalk,181,32.52729281767955,18.313756906077348,24.94364640883977,15.467026519337015,1.921657458563536,63.300000000000004,254.7100000000001,984.8660000000001,51.558950276243095,96.22066298342541,2704.7999999999993,14.213535911602204,-191.41000000000008,0.023402839396628225,0.3641178645371193,11.611095188742471
Rice,IND_ANDHRAPRADESH_PRAKASAM,Andhra Pradesh,PRAKASAM,2011,Kharif,3.449006,134932.0,39122.0,0.01361263,79.729919,15.616436,exact_normalised,183,33.23153005464482,25.867486338797825,29.24049180327869,27.376561202185773,3.6717486338797825,526.6,423.57999999999987,925.0793000000007,67.76551912568303,100.11038251366126,3521.0099999999993,7.3640437158469965,103.02000000000015,0.14955935938835735,0.2627312333676987,10.574465808325012
Rice,IND_ANDHRAPRADESH_PRAKASAM,Andhra Pradesh,PRAKASAM,2011,Rabi,3.679001,292098.0,79396.0,0.06497755,79.729919,15.616436,exact_normalised,181,30.620828729281747,22.549613259668508,26.05259668508287,24.684053591160215,3.056077348066297,309.56999999999977,420.41000000000014,966.5657999999994,73.12232044198896,100.57298342541434,2905.5200000000004,8.07121546961324,-110.84000000000037,0.1065454720669621,0.33266534045540874,11.282215863146103
Rice,IND_ANDHRAPRADESH_SRIKAKULAM,Andhra Pradesh,SRIKAKULAM,2011,Kharif,1.91722,399240.0,208239.0,0.07245744,84.07575,18.697258,exact_normalised,183,30.035737704918017,26.292568306010928,28.020163934426233,29.90648360655738,3.7235519125683085,713.4200000000001,560.5900000000003,863.5759000000002,78.64180327868851,99.84240437158468,3297.689999999998,3.7431693989070887,152.8299999999998,0.21633931630929545,0.26187297775109264,12.246446539668447
Rice,IND_ANDHRAPRADESH_SRIKAKULAM,Andhra Pradesh,SRIKAKULAM,2011,Rabi,2.108815,4593.0,2178.0,0.00178247,84.07575,18.697258,exact_normalised,181,28.00193370165744,22.807237569060767,25.201436464088392,23.67612154696133,3.1098895027624285,387.9499999999999,525.56,931.8106999999997,72.7949723756906,100.4709392265193,2751.459999999999,5.194696132596672,-137.61000000000007,0.1409978702216278,0.3386604566302981,7.68662133494462
Rice,IND_ANDHRAPRADESH_VIZIANAGARAM,Andhra Pradesh,VIZIANAGARAM,2011,Kharif,2.146764,265106.0,123491.0,0.0429691,83.359673,18.506317,exact_normalised,183,29.151420765027307,20.86863387978142,24.548142076502725,24.712738797814197,1.9768852459016388,780.1400000000001,640.0200000000004,843.1265999999998,79.60650273224043,94.38010928961745,2662.309999999999,8.282786885245887,140.11999999999966,0.2930312397880038,0.3166898670703262,11.723931655624092
Rice,IND_ANDHRAPRADESH_VIZIANAGARAM,Andhra Pradesh,VIZIANAGARAM,2011,Rabi,2.448052,2639.0,1078.0,0.00088223,83.359673,18.506317,exact_normalised,181,28.630828729281774,16.661436464088396,22.04464088397789,18.148106629834256,1.4865193370165746,412.1900000000001,528.1500000000002,928.1115000000003,68.82696132596688,94.90259668508291,2180.080000000001,11.969392265193378,-115.9600000000001,0.18907104326446733,0.4257235972991817,6.983789965258135
Rice,IND_ANDHRAPRADESH_WARANGAL,Andhra Pradesh,WARANGAL,2011,Kharif,2.516783,404520.0,160729.0,0.05592618,79.850573,17.980621,historical_state_crosswalk,183,32.814480874316935,22.979890710382517,27.3777049180328,25.913019125683064,2.2795081967213124,550.9699999999999,514.7900000000002,926.2719000000001,71.0404371584699,98.03060109289616,3180.120000000001,9.834590163934418,36.17999999999972,0.17325446838484077,0.2912694803969661,11.987481217563186
Rice,IND_ANDHRAPRADESH_WARANGAL,Andhra Pradesh,WARANGAL,2011,Rabi,2.662999,169420.0,63620.0,0.0520665,79.850573,17.980621,historical_state_crosswalk,181,32.09524861878453,18.53546961325966,24.96359116022099,19.57690994475139,1.6693370165745856,84.93000000000002,383.0999999999999,980.3728000000001,63.44187845303867,98.52767955801109,2708.4099999999994,13.55977900552487,-298.1699999999999,0.03135788156150658,0.36197355644086393,11.060698883507174
Rice,IND_ANDHRAPRADESH_WESTGODAVARI,Andhra Pradesh,WEST GODAVARI,2011,Kharif,3.180816,764242.0,240266.0,0.08360134,81.315692,16.847574,exact_normalised,183,31.87672131147542,23.470437158469945,27.187103825136624,28.03039234972679,2.143825136612024,705.0999999999998,634.16,892.4139000000004,77.67830601092895,99.3379234972677,3145.2399999999984,8.406284153005476,70.93999999999983,0.22418003077666573,0.28373475474049703,12.389506083954585
Rice,IND_ANDHRAPRADESH_WESTGODAVARI,Andhra Pradesh,WEST GODAVARI,2011,Rabi,4.406002,544225.0,123519.0,0.10108773,81.315692,16.847574,exact_normalised,181,31.750055248618786,19.49331491712707,24.916961325966852,23.22099392265194,1.7633701657458558,364.1600000000001,495.29000000000013,951.8702,73.95160220994475,99.8486740331492,2699.9699999999993,12.256740331491716,-131.13000000000005,0.13487557269154848,0.35254843572336,11.724158365258603
Rice,IND_KARNATAKA_BANGALORERURAL,Karnataka,BANGALORE RURAL,2011,Kharif,3.312329,4836.0,1460.0,0.00130623,77.614728,13.177348,exact_normalised,183,29.133825136612014,18.72524590163934,23.099945355191256,21.48036612021858,3.6725136612021885,449.54,425.60999999999996,931.5414999999999,75.87803278688517,91.5393989071038,2397.290000000001,10.408579234972674,23.930000000000064,0.18752007475107302,0.38858106445194346,7.2868764117507
Rice,IND_KARNATAKA_BANGALORERURAL,Karnataka,BANGALORE RURAL,2011,Summer,3.405229,521.0,153.0,0.00059948,77.614728,13.177348,exact_normalised,122,33.46918032786886,19.90704918032788,26.218360655737715,19.18564836065574,2.996885245901639,193.06000000000006,172.85999999999993,790.2202,57.01245901639342,91.56245901639348,1978.6400000000006,13.562131147540981,20.20000000000013,0.09757206970444346,0.3993754295879997,5.0369526024136295
Rice,IND_KARNATAKA_BIDAR,Karnataka,BIDAR,2011,Kharif,0.898444,5830.0,6489.0,0.00580557,77.219591,17.954256,exact_normalised,183,30.581803278688536,20.702131147540978,25.073224043715854,23.68123715846995,3.105628415300547,679.0199999999998,597.2699999999998,895.2817000000002,74.18158469945355,94.52256830601095,2758.3999999999996,9.879672131147558,81.75,0.24616444315545238,0.3245655814965199,8.778017809698136
Rice,IND_KARNATAKA_CHITRADURGA,Karnataka,CHITRADURGA,2011,Kharif,2.226763,10517.0,4723.0,0.00422557,76.575818,14.279313,exact_normalised,183,31.466010928961744,20.71071038251367,25.27191256830601,23.019929508196732,4.49393442622951,329.0900000000001,330.89,929.5332999999999,71.35907103825136,94.48054644808742,2794.759999999999,10.755300546448073,-1.7999999999998977,0.11775250826546832,0.3325986131188368,8.460411177317253
Rice,IND_KARNATAKA_CHITRADURGA,Karnataka,CHITRADURGA,2011,Rabi,2.301961,1174.0,510.0,0.01180774,76.575818,14.279313,exact_normalised,181,31.954861878453023,18.229834254143643,24.539447513812153,17.60556685082873,2.4076795580110475,234.65,266.7599999999999,1050.0283000000002,59.07624309392262,94.70298342541437,2631.64,13.72502762430938,-32.10999999999987,0.08916493137359213,0.39900149716526584,6.236369590203704
Rice,IND_KARNATAKA_CHITRADURGA,Karnataka,CHITRADURGA,2011,Summer,1.997379,1524.0,763.0,0.00298954,76.575818,14.279313,exact_normalised,122,35.56401639344263,22.059590163934434,28.43557377049181,19.5933262295082,3.6257377049180324,164.25999999999993,147.56,784.1668999999996,51.418524590163905,94.48999999999998,2249.1400000000003,13.504426229508194,16.699999999999932,0.0730323590350089,0.3486518847203818,6.638567789166521
Rice,IND_KARNATAKA_DAKSHINAKANNADA,Karnataka,DAKSHINA KANNADA,2011,Kharif,2.689449,87200.0,32423.0,0.02900816,75.204445,12.828777,exact_normalised,183,27.906666666666666,24.075355191256836,25.782021857923496,28.489107650273237,2.1813661202185806,3752.180000000002,836.0799999999995,754.3878999999995,85.80267759562837,99.01043715846987,2888.1100000000006,3.83131147540983,2916.1000000000026,1.2991818178670484,0.2612046978820057,10.386654168308144
Rice,IND_KARNATAKA_DAKSHINAKANNADA,Karnataka,DAKSHINA KANNADA,2011,Rabi,2.223494,47207.0,21231.0,0.49154936,75.204445,12.828777,exact_normalised,181,30.63082872928176,22.950552486187853,26.3839779005525,24.341927624309395,1.5829281767955807,384.1199999999998,510.89999999999975,1016.7259,70.82011049723754,99.10303867403314,2965.5000000000014,7.680276243093907,-126.77999999999997,0.12952959028831548,0.3428514247175854,9.96326475657199
Rice,IND_KARNATAKA_DAKSHINAKANNADA,Karnataka,DAKSHINA KANNADA,2011,Summer,2.490741,3766.0,1512.0,0.00592423,75.204445,12.828777,exact_normalised,122,31.72770491803277,25.340737704918038,28.037459016393438,27.671025409836066,2.19016393442623,975.0600000000002,294.80000000000007,684.7286999999997,73.43032786885246,99.01893442622949,2200.5699999999993,6.386967213114733,680.2600000000001,0.44309428920688754,0.3111596995323938,7.321849713788356
Rice,IND_KARNATAKA_DHARWAD,Karnataka,DHARWAD,2011,Kharif,1.006086,25790.0,25634.0,0.02293419,75.127326,15.336898,exact_normalised,183,28.502295081967205,20.268797814207655,23.71065573770492,23.871998907103833,3.567759562841533,883.4100000000003,663.0699999999999,867.1857000000001,81.12448087431694,93.78169398907106,2509.0499999999997,8.23349726775955,220.34000000000037,0.35208943624080846,0.34562312429007,10.1517138842178
Rice,IND_KARNATAKA_DHARWAD,Karnataka,DHARWAD,2011,Summer,3.4,663.0,195.0,0.00076404,75.127326,15.336898,exact_normalised,122,34.965245901639335,21.36139344262294,27.444262295081973,20.761806557377056,3.0070491803278667,234.63,161.41000000000003,752.0279999999997,57.65401639344263,93.80942622950818,2128.2000000000007,13.603852459016395,73.21999999999997,0.11024809698336618,0.3533634056949532,5.278114659230517
Rice,IND_KARNATAKA_GADAG,Karnataka,GADAG,2011,Kharif,2.759172,2933.0,1063.0,0.00095104,75.653119,15.508228,exact_normalised,183,30.658797814207652,20.595956284153008,24.81147540983606,23.198082513661202,4.23551912568306,444.13000000000005,424.0000000000001,867.1857000000001,73.85437158469946,93.97655737704916,2710.4999999999995,10.062841530054644,20.12999999999994,0.16385537723667223,0.3199356945213061,6.96979066990159
Rice,IND_KARNATAKA_GADAG,Karnataka,GADAG,2011,Summer,2.28882,1474.0,644.0,0.00252328,75.653119,15.508228,exact_normalised,122,35.627540983606565,21.881639344262297,28.2911475409836,19.727322950819673,3.4447540983606557,157.14,136.99,752.0279999999997,52.18778688524589,93.99508196721305,2231.520000000001,13.745901639344268,20.149999999999977,0.07041836954183692,0.33700258120025783,6.4692503167957724
Rice,IND_KARNATAKA_HASSAN,Karnataka,HASSAN,2011,Kharif,2.581451,119911.0,46451.0,0.04155871,76.105719,12.951423,exact_normalised,183,26.004808743169384,18.320765027322402,21.590710382513652,22.023218579234978,2.9291256830601093,1365.3399999999995,717.1800000000001,877.3287999999998,85.15196721311479,91.22836065573767,2121.1000000000013,7.6840437158469825,648.1599999999994,0.6436943095563616,0.4136197256140678,10.74617480036565
Rice,IND_KARNATAKA_HASSAN,Karnataka,HASSAN,2011,Rabi,2.65392,1388.0,523.0,0.01210872,76.105719,12.951423,exact_normalised,181,28.971049723756924,16.418342541436466,22.080276243093923,17.96594419889504,1.5179005524861875,287.09999999999997,501.1900000000004,1021.2172000000002,68.65591160220991,91.35104972375692,2186.529999999999,12.552707182320457,-214.09000000000043,0.13130393820345485,0.4670492515538322,6.261491684321042
Rice,IND_KARNATAKA_HASSAN,Karnataka,HASSAN,2011,Summer,2.485488,4710.0,1895.0,0.00742488,76.105719,12.951423,exact_normalised,122,31.771557377049184,19.686475409836078,25.14311475409835,20.12646229508196,2.3193442622950813,407.36999999999995,248.10000000000002,746.3446000000001,63.77360655737708,91.24836065573766,1847.4599999999998,12.085081967213107,159.26999999999992,0.2205027443084018,0.4039841728643652,7.547501682814967
Rice,IND_KARNATAKA_HAVERI,Karnataka,HAVERI,2011,Kharif,2.284332,102249.0,44761.0,0.0400467,75.395405,14.743146,exact_normalised,183,28.392295081967212,20.278797814207646,23.653934426229497,24.09080382513661,3.7696721311475385,1427.5100000000007,669.35,869.4420999999993,82.29644808743168,94.14224043715848,2498.669999999999,8.113497267759566,758.1600000000007,0.5713079358218577,0.3479619557604644,10.709114844180075
Rice,IND_KARNATAKA_HAVERI,Karnataka,HAVERI,2011,Summer,3.323165,16340.0,4917.0,0.01926551,75.395405,14.743146,exact_normalised,122,34.19180327868853,21.323606557377044,27.099262295081964,21.633227868852455,3.229098360655737,380.65999999999997,205.95,758.1296,61.19622950819675,94.15983606557381,2086.1099999999997,12.868196721311488,174.70999999999998,0.18247359918700357,0.36341784469658844,8.500657222776137
Rice,IND_KARNATAKA_KODAGU,Karnataka,KODAGU,2011,Kharif,2.600029,88570.0,34065.0,0.03047722,75.777469,12.406712,exact_normalised,183,25.749289617486344,20.13393442622951,22.539344262295074,24.723325683060118,0.7781420765027324,3257.240000000004,897.7999999999997,754.3878999999995,90.32224043715846,94.24016393442628,2294.7000000000016,5.615355191256835,2359.440000000004,1.4194622390726463,0.3287522987754386,10.436055098420523
Rice,IND_KARNATAKA_KODAGU,Karnataka,KODAGU,2011,Rabi,2.333333,7.0,3.0,6.946e-05,75.777469,12.406712,exact_normalised,181,29.520055248618775,18.607734806629843,23.36375690607735,21.03794475138122,0.5025966850828729,390.2799999999997,553.13,1016.7259,73.58055248618784,94.31309392265194,2418.84,10.912320441988932,-162.8500000000003,0.16135006862793722,0.42033615286666337,1.3862943611198906
Rice,IND_KARNATAKA_KODAGU,Karnataka,KODAGU,2011,Summer,3.061224,450.0,147.0,0.00057597,75.777469,12.406712,exact_normalised,122,31.218852459016393,21.3245081967213,25.441229508196727,23.865378688524594,0.6845901639344263,879.29,297.0000000000001,684.7286999999997,74.06926229508196,94.25147540983605,1883.8300000000002,9.894344262295093,582.2899999999998,0.46675655446616726,0.36347690609025207,4.997212273764115
Rice,IND_KARNATAKA_KOLAR,Karnataka,KOLAR,2011,Kharif,1.958544,10063.0,5138.0,0.00459686,78.192771,13.111229,exact_normalised,183,29.279945355191245,19.13672131147541,23.50158469945354,21.725937704918046,3.723387978142076,554.0400000000001,465.8900000000002,942.4350000000003,75.16852459016395,92.0187431693989,2470.79,10.143224043715836,88.14999999999986,0.2242359731098151,0.38143063554571627,8.54461378699223
Rice,IND_KARNATAKA_KOLAR,Karnataka,KOLAR,2011,Summer,3.4,221.0,65.0,0.00025468,78.192771,13.111229,exact_normalised,122,33.907459016393425,20.182540983606565,26.513196721311484,19.6418549180328,3.150081967213114,149.26999999999995,148.29,791.9591999999999,56.80581967213114,92.06024590163933,2014.6100000000008,13.72491803278686,0.9799999999999613,0.07409374519137694,0.393107946451174,4.189654742026425
Rice,IND_KARNATAKA_KOPPAL,Karnataka,KOPPAL,2011,Kharif,3.81792,161960.0,42421.0,0.03795315,76.159107,15.65316,exact_normalised,183,31.913060109289614,21.089453551912566,25.70885245901641,23.122042622950826,4.310765027322406,323.4599999999998,321.81999999999994,921.9858000000002,69.80174863387978,94.62076502732239,2874.720000000001,10.823606557377047,1.6399999999998727,0.11251878443813647,0.3207219485723826,10.655422374579162
Rice,IND_KARNATAKA_KOPPAL,Karnataka,KOPPAL,2011,Summer,3.429514,115410.0,33652.0,0.13185332,76.159107,15.65316,exact_normalised,122,36.28180327868853,22.549590163934425,29.054426229508195,19.196291803278683,3.4176229508196725,121.48999999999997,112.45999999999995,772.6823999999999,48.51196721311479,94.63516393442625,2324.6399999999994,13.732213114754103,9.030000000000015,0.052261855599146534,0.33238798265537894,10.42385748414504
Rice,IND_KARNATAKA_MANDYA,Karnataka,MANDYA,2011,Kharif,3.946497,225491.0,57137.0,0.05111924,76.815323,12.58214,exact_normalised,183,28.97704918032786,19.288633879781408,23.355519125683053,22.544150273224044,3.3367759562841544,560.13,498.8100000000003,877.3287999999998,78.4060655737705,92.90748633879784,2444.0600000000018,9.688415300546453,61.31999999999971,0.2291801346939108,0.35896369156239993,10.9532246734221
Rice,IND_KARNATAKA_MANDYA,Karnataka,MANDYA,2011,Summer,3.132166,53322.0,17024.0,0.06670245,76.815323,12.58214,exact_normalised,122,33.566065573770494,20.873442622950822,26.748360655737706,20.182595901639335,2.5631967213114746,256.14999999999986,209.38000000000002,746.3446000000001,58.619590163934426,92.91524590163931,2043.2999999999995,12.692622950819672,46.76999999999984,0.1253609357412029,0.36526432731365943,9.742438131017714
Rice,IND_KARNATAKA_RAICHUR,Karnataka,RAICHUR,2011,Kharif,3.287846,346950.0,105525.0,0.09441094,76.856624,16.041451,exact_normalised,183,33.39868852459016,21.947431693989074,27.032568306010923,23.390002732240426,3.9331147540983613,300.8999999999999,303.2800000000002,921.4129,65.34759562841535,95.89475409836062,3116.9600000000005,11.45125683060109,-2.3800000000002797,0.09653636876957031,0.2956126803038858,11.566712647033185
Rice,IND_KARNATAKA_RAICHUR,Karnataka,RAICHUR,2011,Summer,2.911742,108244.0,37175.0,0.14565694,76.856624,16.041451,exact_normalised,122,37.841311475409846,23.911229508196712,30.697786885245907,18.38372786885246,3.3302459016393438,90.67,85.39999999999996,772.5749000000001,42.22655737704919,95.90000000000002,2525.129999999999,13.930081967213134,5.270000000000039,0.03590706221065847,0.3059545053125979,10.523418670764814
Rice,IND_KARNATAKA_RAMANAGARA,Karnataka,RAMANAGARA,2011,Kharif,2.691701,19461.0,7230.0,0.00646853,77.313748,12.727066,exact_normalised,183,29.874535519125697,19.40311475409837,23.821311475409843,22.243920218579223,3.3579234972677576,468.14000000000004,429.2900000000001,902.462,75.31502732240438,92.83420765027324,2529.3000000000006,10.471420765027325,38.849999999999966,0.18508678290436087,0.3568030680425413,8.886132618174951
Rice,IND_KARNATAKA_RAMANAGARA,Karnataka,RAMANAGARA,2011,Summer,1.717345,802.0,467.0,0.00182977,77.313748,12.727066,exact_normalised,122,34.04131147540983,20.692622950819672,26.871803278688514,20.17587704918033,2.668196721311475,187.97,174.48000000000005,761.0328999999999,57.663196721311465,92.85122950819672,2058.3600000000006,13.348688524590155,13.489999999999952,0.09132027439320621,0.3697277930002525,6.148468295917647
Rice,IND_KARNATAKA_UDUPI,Karnataka,UDUPI,2011,Kharif,2.575803,121037.0,46990.0,0.04204094,74.873401,13.413125,exact_normalised,183,27.113606557377057,22.68497267759563,24.596885245901635,26.80668961748633,1.9578142076502731,3416.2799999999997,836.2799999999995,817.8999000000002,86.58885245901644,96.77792349726774,2671.229999999999,4.428633879781426,2580.0,1.2789164542177203,0.30618849743376664,10.757711372994065
Rice,IND_KARNATAKA_UDUPI,Karnataka,UDUPI,2011,Rabi,2.300158,18951.0,8239.0,0.19075292,74.873401,13.413125,exact_normalised,181,29.671823204419876,20.79121546961326,24.767679558011043,22.577644198895015,1.2987845303867407,370.06999999999977,616.3999999999999,1062.8688999999995,72.04955801104973,96.87453038674029,2672.9500000000003,8.880607734806617,-246.3300000000001,0.13845002712358995,0.3976389008398958,9.016755622903517
Rice,IND_KARNATAKA_UDUPI,Karnataka,UDUPI,2011,Summer,2.242718,231.0,103.0,0.00040357,74.873401,13.413125,exact_normalised,122,30.975819672131138,23.555409836065564,26.68065573770492,25.88110491803278,1.7797540983606552,899.0,360.33,728.4803000000003,74.20655737704914,96.7967213114754,2035.0400000000002,7.4204098360655735,538.6700000000001,0.44176035851875145,0.35796854115889626,4.6443908991413725
Rice,IND_KARNATAKA_UTTARAKANNADA,Karnataka,UTTARA KANNADA,2011,Kharif,1.991803,144585.0,72590.0,0.06494471,74.525531,14.70572,exact_normalised,183,28.06770491803279,24.668469945355184,26.12825136612023,28.723259016393445,2.6532240437158463,2663.6400000000017,890.8400000000009,811.4163999999995,84.73158469945353,98.92743169398908,2951.4700000000003,3.399234972677604,1772.8000000000006,0.9024791036331054,0.2749194130382485,11.192596226186202
Rice,IND_KARNATAKA_UTTARAKANNADA,Karnataka,UTTARA KANNADA,2011,Rabi,2.280364,4262.0,1869.0,0.0432719,74.525531,14.70572,exact_normalised,181,29.033867403314918,22.363204419889495,25.40784530386739,24.287131491712717,1.9493370165745865,310.32000000000005,805.4100000000003,1067.0688000000007,74.44972375690604,99.09165745856357,2788.8199999999993,6.670662983425423,-495.09000000000026,0.1112728680947498,0.3826237620212136,7.533693709848633
Rice,IND_KARNATAKA_UTTARAKANNADA,Karnataka,UTTARA KANNADA,2011,Summer,2.186191,2818.0,1289.0,0.00505049,74.525531,14.70572,exact_normalised,122,30.663770491803266,25.200491803278684,27.45901639344262,27.75390327868854,2.4100819672131144,646.4800000000001,426.8500000000001,728.4070000000003,75.7090983606557,98.9668032786885,2129.9999999999995,5.463278688524582,219.63000000000005,0.303511737089202,0.3419751173708922,7.162397497355718
Rice,IND_TAMILNADU_ARIYALUR,Tamil Nadu,ARIYALUR,2011,Kharif,4.036063,97257.0,24097.0,0.0126575,79.210178,11.196697,exact_normalised,183,33.627267759562834,24.918196721311478,28.78945355191257,26.818103825136607,3.237540983606558,801.3900000000002,453.99000000000007,961.4449000000002,68.67120218579237,100.27213114754097,3438.47,8.709071038251356,347.40000000000015,0.2330658694128494,0.27961415978618404,10.089884128483222
Rice,IND_TAMILNADU_COIMBATORE,Tamil Nadu,COIMBATORE,2011,Kharif,3.988589,10486.0,2629.0,0.00138094,76.942425,10.900215,exact_normalised,183,27.756393442622933,20.269999999999996,23.397595628415296,24.39252732240436,2.7043169398907105,908.31,642.6300000000003,817.0378999999991,84.65677595628418,94.83120218579239,2451.759999999999,7.486393442622937,265.6799999999996,0.370472640062649,0.3332454644826572,7.874739125171811
Rice,IND_TAMILNADU_CUDDALORE,Tamil Nadu,CUDDALORE,2011,Kharif,2.051875,248242.0,120983.0,0.0635491,79.398376,11.549058,exact_normalised,183,33.58120218579237,24.685355191256814,28.66322404371585,26.870895081967216,2.9966120218579246,861.3399999999997,487.4399999999999,961.4449000000002,69.37114754098361,100.04923497267755,3415.3700000000017,8.895846994535557,373.8999999999998,0.2521952233579376,0.28150534202736444,11.703413584430576
Rice,IND_TAMILNADU_DHARMAPURI,Tamil Nadu,DHARMAPURI,2011,Kharif,4.737355,128226.0,27067.0,0.01421756,78.208849,12.106543,exact_normalised,183,31.286174863387977,20.993387978142085,25.548306010928957,23.717844262295078,2.5762841530054623,671.2100000000002,492.5500000000001,926.3295999999999,72.94945355191257,95.37502732240434,2845.3400000000006,10.292786885245892,178.66000000000003,0.2358979946157577,0.3255602493902309,10.206107497352116
Rice,IND_TAMILNADU_DINDIGUL,Tamil Nadu,DINDIGUL,2011,Kharif,5.39597,103376.0,19158.0,0.01006318,77.770431,10.376407,exact_normalised,183,29.97404371584699,20.85814207650273,24.671639344262296,23.389154098360653,3.4956284153005472,597.8699999999998,428.76999999999987,931.2963999999998,75.42879781420764,95.06846994535525,2684.9100000000003,9.115901639344258,169.0999999999999,0.22267785512363533,0.34686317232234964,9.860527858095992
Rice,IND_TAMILNADU_ERODE,Tamil Nadu,ERODE,2011,Kharif,4.281177,144357.0,33719.0,0.01771168,77.349132,11.479934,exact_normalised,183,31.800765027322388,21.44475409836066,25.897814207650278,23.748979234972666,2.067377049180325,550.3,427.95000000000005,919.8010000000005,71.40830601092897,96.11076502732243,2909.299999999999,10.356010928961727,122.34999999999991,0.18915202969786551,0.3161588698312312,10.425846412115792
Rice,IND_TAMILNADU_KANNIYAKUMARI,Tamil Nadu,KANNIYAKUMARI,2011,Kharif,5.42276,90110.0,16617.0,0.00872846,77.370026,8.292621,exact_normalised,183,30.36939890710383,22.80633879781421,25.839398907103817,26.36142459016394,3.66568306010929,588.7600000000001,376.21999999999997,930.5767999999999,79.2961202185792,97.94819672131146,2898.61,7.563060109289619,212.54000000000013,0.2031180462359545,0.3210424306822925,9.718241724224926
Rice,IND_TAMILNADU_KARUR,Tamil Nadu,KARUR,2011,Kharif,3.846518,65737.0,17090.0,0.00897692,78.090802,10.786735,exact_normalised,183,32.70846994535519,22.596775956284144,27.003661202185803,25.333083060109292,3.1683606557377053,664.3699999999998,446.95,992.5991999999995,71.55207650273225,98.31431693989066,3111.67,10.111693989071046,217.4199999999998,0.21350914460723655,0.3189924381441475,9.746307288148506
Rice,IND_TAMILNADU_KRISHNAGIRI,Tamil Nadu,KRISHNAGIRI,2011,Kharif,4.546915,91443.0,20111.0,0.01056376,78.043393,12.472753,exact_normalised,183,30.289016393442605,20.059453551912583,24.498633879781405,22.766848633879782,3.327267759562845,612.99,485.78,926.3295999999999,74.3479781420765,93.74863387978144,2653.2500000000014,10.229562841530022,127.21000000000004,0.23103363799114282,0.34913016112315065,9.909071930830029
Rice,IND_TAMILNADU_MADURAI,Tamil Nadu,MADURAI,2011,Kharif,4.635256,304235.0,65635.0,0.03447629,78.006559,9.898005,exact_normalised,183,33.41262295081967,23.167103825136618,27.65114754098361,24.716930054644813,2.345191256830601,603.9200000000001,405.56999999999994,1010.3893999999999,67.57639344262294,98.29546448087433,3230.160000000001,10.24551912568305,198.35000000000014,0.18696287490402946,0.3127985610619906,11.091879604895041
Rice,IND_TAMILNADU_NAMAKKAL,Tamil Nadu,NAMAKKAL,2011,Kharif,4.397466,35747.0,8129.0,0.00426994,78.154921,11.347699,exact_normalised,183,32.392295081967205,21.958360655737707,26.5732786885246,24.735130601092898,2.5957923497267763,680.1,477.2499999999999,945.503,71.7002732240437,97.18765027322407,3032.909999999999,10.433934426229499,202.85000000000014,0.22424008625379593,0.311747793373361,9.003316202541857
Rice,IND_TAMILNADU_PERAMBALUR,Tamil Nadu,PERAMBALUR,2011,Kharif,4.464081,58475.0,13099.0,0.00688055,78.858963,11.25245,exact_normalised,183,32.48519125683062,22.45612021857924,26.883770491803286,24.936168852459026,2.8686338797814197,712.0,474.76,945.503,71.19934426229506,97.4628961748634,3089.7300000000027,10.029071038251377,237.24,0.230440847582151,0.30601476504419456,9.480367509189243
Rice,IND_TAMILNADU_PUDUKKOTTAI,Tamil Nadu,PUDUKKOTTAI,2011,Kharif,3.610152,334264.0,92590.0,0.04863503,78.872829,10.352982,exact_normalised,183,33.804207650273234,24.05972677595629,28.344754098360667,25.932984153005464,2.8837158469945363,673.4100000000001,421.9200000000001,992.5991999999995,68.15497267759561,99.64918032786885,3357.0899999999997,9.744480874316945,251.49,0.20059337104456543,0.2956725020776922,11.435947223686178
Rice,IND_TAMILNADU_RAMANATHAPURAM,Tamil Nadu,RAMANATHAPURAM,2011,Kharif,3.398232,438236.0,128960.0,0.0677392,78.817623,9.423787,exact_normalised,183,33.019781420765064,25.760273224043722,28.967814207650285,27.359227322404365,3.9700546448087435,583.8899999999999,335.3600000000001,1010.3893999999999,68.95333333333333,100.4591256830602,3471.11,7.259508196721342,248.52999999999975,0.16821420237330417,0.29108538767137887,11.767265312052823
Rice,IND_TAMILNADU_SALEM,Tamil Nadu,SALEM,2011,Kharif,4.517102,125327.0,27745.0,0.0145737,78.256113,11.628258,exact_normalised,183,32.392295081967205,21.958360655737707,26.5732786885246,24.735130601092898,2.5957923497267763,680.1,477.2499999999999,945.503,71.7002732240437,97.18765027322407,3032.909999999999,10.433934426229499,202.85000000000014,0.22424008625379593,0.311747793373361,10.230846964640671
Rice,IND_TAMILNADU_SIVAGANGA,Tamil Nadu,SIVAGANGA,2011,Kharif,3.702224,310176.0,83781.0,0.0440079,78.568693,9.944223,exact_normalised,183,33.88934426229508,24.740874316939884,28.8111475409836,26.151746448087415,2.7860109289617485,633.5699999999998,386.6700000000001,1010.3893999999999,66.9526775956284,99.88032786885243,3442.440000000003,9.148469945355199,246.89999999999975,0.18404678077177797,0.2935096617515481,11.335973466261928
Rice,IND_TAMILNADU_THANJAVUR,Tamil Nadu,THANJAVUR,2011,Kharif,3.995245,722576.0,180859.0,0.09500035,79.260887,10.579191,exact_normalised,183,33.13475409836065,25.74994535519124,29.027322404371574,27.35782786885245,3.3765573770491812,763.0500000000001,422.34000000000015,978.7665000000001,68.91431693989071,100.4478142076503,3481.9999999999986,7.384808743169412,340.7099999999999,0.21914129810453772,0.2810931935669157,12.105478530294471
Rice,IND_TAMILNADU_THENILGIRIS,Tamil Nadu,THE NILGIRIS,2011,Kharif,4.125313,1646.0,399.0,0.00020958,76.648605,11.435308,exact_normalised,183,27.431912568305986,18.992404371584694,22.46535519125683,22.32248579234972,2.6096721311475406,738.71,540.3200000000004,812.5173000000003,81.97857923497266,92.18568306010924,2281.16,8.439508196721292,198.38999999999965,0.3238308579845342,0.356186019393642,5.991464547107982
Rice,IND_TAMILNADU_THENI,Tamil Nadu,THENI,2011,Kharif,5.370343,79132.0,14735.0,0.0077399,77.429172,9.916685,exact_normalised,183,28.809453551912593,19.570054644808735,23.46147540983608,22.121371584699453,2.1868852459016384,653.3600000000002,477.91999999999996,892.7007999999998,76.69704918032788,93.00327868852462,2463.4500000000016,9.239398907103858,175.44000000000028,0.2652215388986989,0.36237829060869886,9.598048758495088
Rice,IND_TAMILNADU_THIRUVALLUR,Tamil Nadu,THIRUVALLUR,2011,Kharif,3.951628,313044.0,79219.0,0.0416116,79.941464,13.24923,exact_normalised,183,32.44612021857925,25.371967213114754,28.515737704918028,27.994946994535525,3.0222950819672127,1123.3499999999997,575.6699999999997,941.4563000000002,72.46185792349723,100.102349726776,3388.38,7.074153005464499,547.68,0.33153011173481123,0.27784849987309573,11.279984071175909
Rice,IND_TAMILNADU_THIRUVARUR,Tamil Nadu,THIRUVARUR,2011,Kharif,4.240297,789997.0,186307.0,0.09786203,79.587842,10.561873,exact_normalised,183,33.13475409836065,25.74994535519124,29.027322404371574,27.35782786885245,3.3765573770491812,763.0500000000001,422.34000000000015,978.7665000000001,68.91431693989071,100.4478142076503,3481.9999999999986,7.384808743169412,340.7099999999999,0.21914129810453772,0.2810931935669157,12.135156497159937
Rice,IND_TAMILNADU_TIRUCHIRAPPALLI,Tamil Nadu,TIRUCHIRAPPALLI,2011,Kharif,4.730728,302478.0,63939.0,0.03358543,78.555677,10.845397,exact_normalised,183,33.23677595628416,23.27803278688524,27.641366120218578,25.695481420765034,3.1432240437158483,702.1399999999999,453.25000000000017,992.5991999999995,70.1854644808743,98.89770491803276,3228.3699999999976,9.958743169398922,248.8899999999997,0.21749056025176805,0.30746141241555347,11.065700422613832
Rice,IND_TAMILNADU_TIRUNELVELI,Tamil Nadu,TIRUNELVELI,2011,Kharif,5.297192,459399.0,86725.0,0.0455543,77.568767,8.838215,exact_normalised,183,30.744043715846978,22.17765027322406,25.7083606557377,26.176591803278676,3.1404371584699455,635.6200000000001,438.27000000000004,930.5767999999999,79.290218579235,98.03486338797815,2874.6300000000024,8.566393442622918,197.35000000000008,0.2211136737597533,0.3237205483836178,11.370509002471962
Rice,IND_TAMILNADU_TIRUPPUR,Tamil Nadu,TIRUPPUR,2011,Kharif,4.611383,48936.0,10612.0,0.0055742,77.334294,10.83475,exact_normalised,183,32.00989071038251,22.307103825136615,26.414918032786886,24.831926775956283,3.4873224043715876,559.29,411.6199999999998,931.2963999999998,72.33262295081964,97.58169398907098,3003.9299999999994,9.702786885245892,147.6700000000002,0.18618609621395973,0.31002599927428404,9.269834943761822
Rice,IND_TAMILNADU_TIRUVANNAMALAI,Tamil Nadu,TIRUVANNAMALAI,2011,Kharif,3.427466,356196.0,103924.0,0.05458847,79.247289,12.432454,exact_normalised,183,33.1569398907104,23.546448087431703,27.786065573770493,26.034277049180336,2.517814207650274,884.9899999999997,546.9599999999999,959.8164,70.87508196721308,98.84836065573775,3254.850000000001,9.610491803278695,338.02999999999975,0.27189885862635743,0.294888059357574,11.551424764120839
Rice,IND_TAMILNADU_VELLORE,Tamil Nadu,VELLORE,2011,Kharif,3.981942,151266.0,37988.0,0.01995407,79.042643,12.783542,exact_normalised,183,31.36120218579236,21.011530054644812,25.52081967213116,23.158302185792333,3.181092896174864,540.6800000000001,463.55,959.8164,71.40983606557376,94.77065573770491,2840.310000000001,10.34967213114755,77.13000000000005,0.19035950301199514,0.33792663476873996,10.545051923118718
Rice,IND_ANDHRAPRADESH_ADILABAD,Andhra Pradesh,ADILABAD,2012,Kharif,2.589286,145000.0,56000.0,0.02251709,78.785443,19.287834,historical_state_crosswalk,183,30.31486338797812,21.971256830601106,25.761311475409833,25.474101639344255,2.46136612021858,919.73,675.6100000000002,839.4956999999993,77.53508196721313,96.81295081967214,2884.3199999999993,8.343606557377015,244.11999999999978,0.3188723858656461,0.2910549800299549,10.933124826700707
Rice,IND_ANDHRAPRADESH_ADILABAD,Andhra Pradesh,ADILABAD,2012,Rabi,2.8,42000.0,15000.0,0.01314636,78.785443,19.287834,historical_state_crosswalk,182,34.732967032967025,18.02901098901098,25.896923076923066,11.437817582417585,1.8290109890109896,9.199999999999998,91.01000000000005,1017.2265000000001,36.059999999999995,97.29879120879123,2893.2400000000007,16.703956043956044,-81.81000000000004,0.003179826077338899,0.35158732078914984,9.61587214452889
Rice,IND_ANDHRAPRADESH_ANANTAPUR,Andhra Pradesh,ANANTAPUR,2012,Kharif,2.636364,58000.0,22000.0,0.008846,77.464996,14.311236,exact_normalised,183,32.5312568306011,21.435355191256836,26.28939890710384,23.073911475409837,4.09426229508197,398.7799999999999,363.61,992.736,67.63311475409834,95.73377049180327,2980.9599999999996,11.095901639344266,35.1699999999999,0.13377569641994524,0.3330256024904729,9.99884318585288
Rice,IND_ANDHRAPRADESH_ANANTAPUR,Andhra Pradesh,ANANTAPUR,2012,Rabi,2.571429,18000.0,7000.0,0.00613497,77.464996,14.311236,exact_normalised,182,34.34087912087911,19.13181318681318,26.234560439560443,16.97033681318682,2.6501648351648357,95.82999999999997,123.89999999999995,1076.185,50.94126373626376,96.0,2954.690000000001,15.20906593406593,-28.06999999999998,0.032433182499686915,0.3642294115457119,8.853808274977197
Rice,IND_ANDHRAPRADESH_CHITTOOR,Andhra Pradesh,CHITTOOR,2012,Kharif,3.461538,45000.0,13000.0,0.00522718,78.939397,13.333205,exact_normalised,183,31.222131147540985,20.61693989071037,25.257978142076517,22.115015300546453,3.3041530054644825,478.58,410.5,975.3219000000001,69.17737704918035,93.84868852459013,2792.21,10.605191256830615,68.07999999999998,0.17139828308042732,0.3493010554363748,9.472781556562168
Rice,IND_ANDHRAPRADESH_CHITTOOR,Andhra Pradesh,CHITTOOR,2012,Rabi,3.6,126000.0,35000.0,0.03067485,78.939397,13.333205,exact_normalised,182,32.08615384615386,17.891758241758247,24.0998901098901,18.642974725274726,2.515274725274726,125.56,203.8500000000001,1035.6483,63.271373626373624,94.14593406593406,2566.1800000000017,14.194395604395616,-78.2900000000001,0.04892875792033292,0.40357585983835875,10.463131911491967
Rice,IND_ANDHRAPRADESH_EASTGODAVARI,Andhra Pradesh,EAST GODAVARI,2012,Kharif,1.534483,356000.0,232000.0,0.09328508,82.14393,17.060053,exact_normalised,183,30.626120218579235,23.852185792349722,26.85994535519124,29.14027540983607,2.327431693989071,1392.9899999999993,702.4599999999999,765.7587999999998,82.80508196721314,99.84704918032789,3085.3699999999963,6.773934426229513,690.5299999999994,0.45148231816605494,0.248190265673161,12.354496960983985
Rice,IND_ANDHRAPRADESH_EASTGODAVARI,Andhra Pradesh,EAST GODAVARI,2012,Rabi,4.414201,746000.0,169000.0,0.14811569,82.14393,17.060053,exact_normalised,182,34.76978021978023,21.413516483516478,27.128461538461515,22.722543956043953,2.1029670329670322,56.67999999999999,147.78,961.7670999999998,62.95456043956042,100.37456043956047,3117.380000000001,13.356263736263752,-91.10000000000001,0.018181934829889192,0.3085177617101539,12.037659911047468
Rice,IND_ANDHRAPRADESH_GUNTUR,Andhra Pradesh,GUNTUR,2012,Kharif,3.474286,608000.0,175000.0,0.0703659,80.143541,16.120193,exact_normalised,183,32.69469945355192,24.203224043715846,28.04060109289616,26.73275081967213,2.9420218579234985,788.4500000000005,563.22,863.8530000000003,71.65797814207647,99.7511475409836,3301.430000000001,8.491475409836074,225.23000000000047,0.23882075343108902,0.26166025025519246,12.07254696717504
Rice,IND_ANDHRAPRADESH_GUNTUR,Andhra Pradesh,GUNTUR,2012,Rabi,3.75,30000.0,8000.0,0.00701139,80.143541,16.120193,exact_normalised,182,35.123241758241754,21.523626373626378,27.400989010988997,22.75188296703297,2.4797252747252734,91.99,142.14000000000001,967.8587000000001,62.29197802197806,100.21214285714284,3166.980000000001,13.599615384615376,-50.15000000000002,0.029046599599618556,0.30560935023271374,8.987321812850125
Rice,IND_ANDHRAPRADESH_KARIMNAGAR,Andhra Pradesh,KARIMNAGAR,2012,Kharif,3.516854,626000.0,178000.0,0.07157218,79.416208,18.512553,historical_state_crosswalk,183,31.009071038251374,22.573934426229506,26.390928961748653,25.972693442622933,2.4174863387978145,856.1899999999997,641.41,859.9113,76.34409836065576,97.73677595628412,2999.5400000000013,8.435136612021868,214.77999999999975,0.28544043419991044,0.28668105776219005,12.08954444723597
Rice,IND_ANDHRAPRADESH_KARIMNAGAR,Andhra Pradesh,KARIMNAGAR,2012,Rabi,3.612613,401000.0,111000.0,0.09728309,79.416208,18.512553,historical_state_crosswalk,182,35.851923076923065,19.208626373626373,27.073076923076933,13.009740659340668,1.8366483516483512,12.769999999999998,36.480000000000054,1011.1632999999998,36.49604395604394,98.20675824175822,3107.3000000000006,16.64329670329669,-23.710000000000058,0.004109677211727222,0.32541540887587284,11.6172944892629
Rice,IND_ANDHRAPRADESH_KHAMMAM,Andhra Pradesh,KHAMMAM,2012,Kharif,3.095588,421000.0,136000.0,0.05468436,80.659158,17.648369,historical_state_crosswalk,183,30.75661202185794,22.87032786885246,26.499398907103807,27.326207103825134,2.1128961748633883,1076.9899999999996,692.52,841.6931999999997,79.76666666666667,98.76344262295083,3019.39,7.88628415300548,384.4699999999996,0.3566912522065714,0.27876266398179755,11.820417517632333
Rice,IND_ANDHRAPRADESH_KHAMMAM,Andhra Pradesh,KHAMMAM,2012,Rabi,2.888889,52000.0,18000.0,0.01577564,80.659158,17.648369,historical_state_crosswalk,182,35.831868131868134,19.77461538461539,27.151648351648355,19.004904945054932,1.8637912087912087,60.620000000000005,106.3699999999999,1004.4430000000001,52.84087912087912,99.24675824175829,3121.6000000000004,16.057252747252743,-45.7499999999999,0.01941952844695028,0.32177184777037415,9.798182590890704
Rice,IND_ANDHRAPRADESH_KRISHNA,Andhra Pradesh,KRISHNA,2012,Kharif,3.588933,908000.0,253000.0,0.10172899,80.888919,16.541648,exact_normalised,183,31.758251366120234,23.832021857923504,27.39989071038252,27.990602185792365,2.4097814207650297,1042.33,679.88,863.8530000000003,77.58464480874314,100.07633879781419,3184.1800000000003,7.92622950819673,362.44999999999993,0.3273464439824381,0.2712952785332488,12.441148720271016
Rice,IND_ANDHRAPRADESH_KRISHNA,Andhra Pradesh,KRISHNA,2012,Rabi,3.909091,43000.0,11000.0,0.00964067,80.888919,16.541648,exact_normalised,182,35.83967032967034,21.342417582417582,27.64049450549451,22.72027527472528,2.177197802197802,83.86,133.97999999999996,967.8587000000001,61.18357142857142,100.55697802197811,3210.5700000000015,14.497252747252759,-50.11999999999996,0.026119972465948403,0.3014600834119797,9.305741456739435
Rice,IND_ANDHRAPRADESH_KURNOOL,Andhra Pradesh,KURNOOL,2012,Kharif,3.847222,277000.0,72000.0,0.02895054,77.878833,15.431734,exact_normalised,183,32.69737704918033,22.040819672131153,26.81546448087432,23.960781420765034,3.400054644808743,511.0799999999999,459.1700000000001,962.1376000000001,68.33945355191257,96.79502732240437,3077.2300000000014,10.656557377049179,51.909999999999854,0.16608443307780038,0.31266353181270157,11.184435286790631
Rice,IND_ANDHRAPRADESH_KURNOOL,Andhra Pradesh,KURNOOL,2012,Rabi,3.529412,60000.0,17000.0,0.01489921,77.878833,15.431734,exact_normalised,182,35.46516483516485,19.438296703296707,26.835439560439557,17.9313412087912,2.299945054945055,82.58,100.13999999999997,1055.3019999999997,51.41560439560437,97.12318681318682,3064.0499999999993,16.02686813186814,-17.559999999999974,0.02695125732282437,0.3444140924593267,9.741027444837728
Rice,IND_ANDHRAPRADESH_MAHBUBNAGAR,Andhra Pradesh,MAHBUBNAGAR,2012,Kharif,2.649485,257000.0,97000.0,0.03900281,78.000858,16.644927,historical_state_crosswalk,183,31.489016393442636,21.553934426229503,25.98092896174862,23.733404371584708,3.260382513661203,565.3099999999998,505.86999999999983,928.1463000000001,71.11196721311474,95.78792349726777,2924.5099999999966,9.935081967213133,59.44,0.193300758075712,0.3173681403038462,11.48247656671073
Rice,IND_ANDHRAPRADESH_MAHBUBNAGAR,Andhra Pradesh,MAHBUBNAGAR,2012,Rabi,2.755556,124000.0,45000.0,0.03943909,78.000858,16.644927,historical_state_crosswalk,182,34.914505494505484,18.886263736263736,26.404615384615397,15.380240109890108,2.223571428571428,53.780000000000015,69.70999999999998,1025.9487000000006,44.932802197802204,96.1354945054945,2985.6400000000012,16.028241758241748,-15.929999999999964,0.018012888358944813,0.34362773140767144,10.714439990727769
Rice,IND_ANDHRAPRADESH_MEDAK,Andhra Pradesh,MEDAK,2012,Kharif,3.552632,270000.0,76000.0,0.03055891,78.103674,17.887066,historical_state_crosswalk,183,30.212240437158474,21.28027322404371,25.257595628415324,23.76146284153005,2.946775956284154,713.62,607.1899999999999,893.7093,74.45142076502735,94.972349726776,2792.1400000000003,8.931967213114763,106.43000000000006,0.2555817401706218,0.32008040427772244,11.23850177707664
Rice,IND_ANDHRAPRADESH_MEDAK,Andhra Pradesh,MEDAK,2012,Rabi,3.029412,103000.0,34000.0,0.02979842,78.103674,17.887066,historical_state_crosswalk,182,34.24049450549452,18.09087912087912,25.702747252747255,12.027106043956032,2.090274725274725,17.220000000000002,81.40000000000003,1024.7801000000004,36.95406593406592,95.36846153846164,2857.8999999999996,16.149615384615398,-64.18000000000004,0.006025403268133946,0.35857801182686605,10.434145214930487
Rice,IND_ANDHRAPRADESH_NALGONDA,Andhra Pradesh,NALGONDA,2012,Kharif,3.25641,381000.0,117000.0,0.04704463,79.1666,17.113957,historical_state_crosswalk,183,32.36978142076504,23.13743169398908,27.257049180327858,25.48583224043715,2.8383060109289615,623.81,542.1199999999999,878.7608000000007,71.24409836065578,98.1581420765027,3158.0399999999995,9.232349726775958,81.69000000000005,0.19753074691897507,0.2782614533064815,11.669937760751914
Rice,IND_ANDHRAPRADESH_NALGONDA,Andhra Pradesh,NALGONDA,2012,Rabi,3.32967,303000.0,91000.0,0.0797546,79.1666,17.113957,historical_state_crosswalk,182,35.73362637362638,20.17324175824176,27.361978021978008,17.520132417582428,2.008571428571428,35.47,62.37000000000001,1017.2109000000006,48.35851648351648,98.59846153846155,3159.8800000000015,15.56038461538462,-26.900000000000013,0.01122510981429674,0.3219144081420814,11.418625774449598
Rice,IND_ANDHRAPRADESH_NIZAMABAD,Andhra Pradesh,NIZAMABAD,2012,Kharif,4.0,516000.0,129000.0,0.05186972,78.037692,18.417719,historical_state_crosswalk,183,30.557540983606557,21.713224043715837,25.670109289617493,24.49425846994536,2.7358469945355193,742.8600000000001,624.9000000000004,877.7019999999998,74.9074863387978,95.8291803278689,2867.6300000000024,8.84431693989072,117.9599999999997,0.2590501564009302,0.30607226176319785,11.767575435251748
Rice,IND_ANDHRAPRADESH_NIZAMABAD,Andhra Pradesh,NIZAMABAD,2012,Rabi,3.4375,220000.0,64000.0,0.05609115,78.037692,18.417719,historical_state_crosswalk,182,34.803131868131885,18.344010989010986,26.117197802197794,11.444436813186815,1.9937362637362623,10.45,61.80000000000006,1019.4895000000004,34.373791208791225,96.24961538461531,2933.329999999999,16.4591208791209,-51.350000000000065,0.003562504048300056,0.34755363358367475,11.06665398721974
Rice,IND_ANDHRAPRADESH_PRAKASAM,Andhra Pradesh,PRAKASAM,2012,Kharif,3.555556,64000.0,18000.0,0.00723764,79.729919,15.616436,exact_normalised,183,32.660655737704914,25.40628415300545,28.76448087431695,27.113439890710374,3.6714754098360642,755.2199999999995,489.4000000000001,916.3218000000002,69.30786885245907,100.14524590163936,3433.9,7.254371584699463,265.81999999999937,0.21993069105099142,0.26684580214915987,9.798182590890704
Rice,IND_ANDHRAPRADESH_PRAKASAM,Andhra Pradesh,PRAKASAM,2012,Rabi,3.705882,126000.0,34000.0,0.02979842,79.729919,15.616436,exact_normalised,182,32.464725274725296,23.017252747252748,27.06714285714287,24.21428131868132,3.145604395604397,140.22999999999993,224.83999999999978,994.4142999999998,67.51219780219778,100.60906593406592,3106.2200000000007,9.447472527472549,-84.60999999999984,0.04514490280791441,0.32013646811880664,10.434145214930487
Rice,IND_ANDHRAPRADESH_SRIKAKULAM,Andhra Pradesh,SRIKAKULAM,2012,Kharif,2.529126,521000.0,206000.0,0.08283072,84.07575,18.697258,exact_normalised,183,29.122076502732238,26.054972677595625,27.452950819672147,30.372251366120224,4.229180327868853,1287.7499999999993,656.9099999999996,789.5270000000003,82.47732240437155,99.85049180327874,3193.8900000000012,3.0671038251366127,630.8399999999997,0.4031917191888258,0.24719918344088243,12.235636302128867
Rice,IND_ANDHRAPRADESH_SRIKAKULAM,Andhra Pradesh,SRIKAKULAM,2012,Rabi,2.666667,8000.0,3000.0,0.00262927,84.07575,18.697258,exact_normalised,182,29.576208791208806,23.40417582417583,26.118571428571425,23.311353846153843,3.39357142857143,103.96,160.78000000000003,934.8634000000001,67.97956043956049,100.49263736263734,2933.580000000001,6.172032967032976,-56.820000000000036,0.03543792908323617,0.3186766340103218,8.006700845440367
Rice,IND_ANDHRAPRADESH_VIZIANAGARAM,Andhra Pradesh,VIZIANAGARAM,2012,Kharif,2.579832,307000.0,119000.0,0.04784881,83.359673,18.506317,exact_normalised,183,28.17748633879782,21.053005464480872,24.20448087431695,24.95786612021857,2.2638797814207625,1414.28,671.0499999999997,774.4752000000003,82.74617486338802,94.37994535519127,2599.4200000000005,7.124480874316948,743.2300000000002,0.5440752167791275,0.29794154080525664,11.686887175419702
Rice,IND_ANDHRAPRADESH_VIZIANAGARAM,Andhra Pradesh,VIZIANAGARAM,2012,Rabi,2.0,14000.0,7000.0,0.00613497,83.359673,18.506317,exact_normalised,182,32.369945054945056,17.538021978021977,24.004395604395594,16.333510989010986,1.5684065934065934,104.06,180.66999999999987,931.6208999999998,55.21472527472526,94.91879120879122,2548.7999999999993,14.83192307692308,-76.60999999999987,0.040827055869428766,0.3655135357815443,8.853808274977197
Rice,IND_ANDHRAPRADESH_WARANGAL,Andhra Pradesh,WARANGAL,2012,Kharif,3.151079,438000.0,139000.0,0.05589063,79.850573,17.980621,historical_state_crosswalk,183,30.89459016393443,22.636830601092896,26.418196721311464,26.381218032786883,2.2568852459016395,888.68,658.2900000000002,878.7608000000007,77.49338797814208,98.06442622950821,3004.5299999999984,8.257759562841535,230.38999999999976,0.29578003880806664,0.29247862394451085,11.842236406331555
Rice,IND_ANDHRAPRADESH_WARANGAL,Andhra Pradesh,WARANGAL,2012,Rabi,3.535211,251000.0,71000.0,0.06222612,79.850573,17.980621,historical_state_crosswalk,182,35.882912087912075,19.335604395604392,27.13054945054947,15.572214285714283,1.9012087912087896,29.419999999999998,56.81000000000001,1017.2109000000006,43.37818681318679,98.53450549450557,3117.7600000000016,16.547307692307683,-27.39000000000001,0.009436261931643226,0.3262633749871703,11.170449240431308
Rice,IND_ANDHRAPRADESH_WESTGODAVARI,Andhra Pradesh,WEST GODAVARI,2012,Kharif,1.987654,483000.0,243000.0,0.09770808,81.315692,16.847574,exact_normalised,183,30.643169398907084,23.267486338797823,26.586830601092903,28.316824590163936,2.1402732240437166,1296.2099999999994,695.5799999999999,824.0012000000002,81.88333333333337,99.36415300546454,3035.3899999999994,7.37568306010926,600.6299999999994,0.42703244064189433,0.27146468822787195,12.400820837540556
Rice,IND_ANDHRAPRADESH_WESTGODAVARI,Andhra Pradesh,WEST GODAVARI,2012,Rabi,4.477778,806000.0,180000.0,0.15775635,81.315692,16.847574,exact_normalised,182,35.57406593406595,20.63269230769231,27.12527472527471,21.981325274725283,1.9360989010989014,66.41,136.12000000000006,971.6734999999999,60.956538461538486,99.864010989011,3116.7999999999975,14.94137362637364,-69.71000000000006,0.02130710985626285,0.3117535613449694,12.100717685412471
Rice,IND_KARNATAKA_BANGALORERURAL,Karnataka,BANGALORE RURAL,2012,Kharif,2.903427,2796.0,963.0,0.00091852,77.614728,13.177348,exact_normalised,183,30.013497267759575,19.022568306010946,23.693060109289632,20.916227868852474,3.600819672131146,375.7299999999999,338.3500000000001,974.208,71.4301092896175,91.56043715846994,2505.829999999999,10.99092896174863,37.379999999999825,0.14994233447600197,0.3887765730316902,6.871091294610546
Rice,IND_KARNATAKA_BANGALORERURAL,Karnataka,BANGALORE RURAL,2012,Rabi,2.0,2.0,1.0,2.206e-05,77.614728,13.177348,exact_normalised,182,32.285604395604416,17.01346153846155,23.926153846153845,16.029123626373625,2.6233516483516497,88.47,152.99000000000046,1077.3010999999997,55.0971978021978,91.74807692307694,2534.56,15.272142857142867,-64.52000000000046,0.03490546682658923,0.4250446231298528,0.6931471805599453
Rice,IND_KARNATAKA_BANGALORERURAL,Karnataka,BANGALORE RURAL,2012,Summer,3.153846,41.0,13.0,7.021e-05,77.614728,13.177348,exact_normalised,122,34.432540983606586,20.675901639344257,27.113442622950828,18.9077475409836,3.1490983606557363,122.21000000000001,111.10999999999996,795.5086999999997,53.374426229508174,91.54573770491801,2087.840000000001,13.756639344262329,11.100000000000051,0.058534178864280764,0.38101995363629365,2.6390573296152584
Rice,IND_KARNATAKA_BIDAR,Karnataka,BIDAR,2012,Kharif,0.988054,4880.0,4939.0,0.00471087,77.219591,17.954256,exact_normalised,183,30.44366120218581,20.91803278688526,25.139344262295076,23.38936338797815,3.0250273224043713,694.5399999999998,605.2699999999999,893.9169000000003,73.72972677595627,94.55049180327867,2770.5000000000014,9.525628415300552,89.26999999999998,0.25069121097274844,0.3226554412560909,8.505120610181969
Rice,IND_KARNATAKA_CHITRADURGA,Karnataka,CHITRADURGA,2012,Kharif,2.259078,6470.0,2864.0,0.00273171,76.575818,14.279313,exact_normalised,183,31.364098360655753,20.63147540983606,25.197049180327863,22.70240928961748,4.344644808743169,375.5999999999999,348.41000000000014,960.4838000000004,70.76786885245897,94.51770491803283,2781.059999999998,10.732622950819692,27.18999999999977,0.13505641733727433,0.34536608343581265,7.9603236291488395
Rice,IND_KARNATAKA_CHITRADURGA,Karnataka,CHITRADURGA,2012,Rabi,2.446886,668.0,273.0,0.00602303,76.575818,14.279313,exact_normalised,182,33.832912087912106,18.495329670329674,25.66978021978022,15.95380769230769,2.591703296703298,114.39,107.79000000000008,1085.8295,49.09384615384615,94.74758241758236,2851.8999999999996,15.337582417582432,6.599999999999923,0.04011010203723834,0.3807389810301905,5.6131281063880705
Rice,IND_KARNATAKA_CHITRADURGA,Karnataka,CHITRADURGA,2012,Summer,2.070732,849.0,410.0,0.00221428,76.575818,14.279313,exact_normalised,122,35.99655737704919,22.37680327868852,28.751721311475425,19.78809672131148,3.7709836065573765,146.91000000000014,138.13,796.6588999999996,50.700819672131146,94.47836065573776,2287.7100000000005,13.619754098360673,8.780000000000143,0.06421705548343108,0.34823421674950034,6.018593214496234
Rice,IND_KARNATAKA_DAKSHINAKANNADA,Karnataka,DAKSHINA KANNADA,2012,Kharif,2.660963,83815.0,31498.0,0.0300431,75.204445,12.828777,exact_normalised,183,28.07568306010928,24.11841530054646,25.871530054644822,28.33178142076502,2.1383606557377046,3346.5400000000013,823.69,801.0711999999999,84.89519125683057,99.04732240437154,2904.4900000000007,3.9572677595628214,2522.8500000000013,1.1521953940278673,0.27580442693898055,10.357711078278063
Rice,IND_KARNATAKA_DAKSHINAKANNADA,Karnataka,DAKSHINA KANNADA,2012,Rabi,2.59351,54985.0,21201.0,0.46774478,75.204445,12.828777,exact_normalised,182,31.67994505494504,22.97263736263737,26.834945054945074,23.631389560439565,1.7219780219780219,201.39000000000004,426.85999999999984,1032.0125999999996,66.68978021978026,99.14983516483521,3063.959999999999,8.707307692307669,-225.4699999999998,0.0657286648650766,0.33682313085027216,9.961850795833042
Rice,IND_KARNATAKA_DAKSHINAKANNADA,Karnataka,DAKSHINA KANNADA,2012,Summer,2.591362,3900.0,1505.0,0.00812802,75.204445,12.828777,exact_normalised,122,31.881557377049177,25.292377049180335,28.002213114754102,27.613184426229505,2.2436885245901648,974.4799999999998,235.57,667.9404999999999,73.31729508196722,99.03081967213114,2196.2699999999995,6.589180327868842,738.9099999999999,0.4436977238681947,0.30412494820764296,7.317212408359839
Rice,IND_KARNATAKA_DHARWAD,Karnataka,DHARWAD,2012,Kharif,0.875889,24009.0,27411.0,0.02614488,75.127326,15.336898,exact_normalised,183,28.657431693989064,20.10721311475409,23.729289617486344,23.545812568306008,3.3845901639344245,753.2300000000001,594.1899999999999,896.3295000000004,79.99590163934428,93.82622950819673,2512.4599999999996,8.550218579234976,159.0400000000002,0.2997978077262923,0.35675373936301497,10.218736152705715
Rice,IND_KARNATAKA_DHARWAD,Karnataka,DHARWAD,2012,Summer,3.177083,305.0,96.0,0.00051846,75.127326,15.336898,exact_normalised,122,35.72991803278689,21.23139344262295,27.714672131147537,20.411004098360653,2.9363934426229514,272.48,154.31,767.3265999999998,55.72540983606558,93.81565573770494,2161.1900000000005,14.498524590163942,118.17000000000002,0.1260786881301505,0.3550481910428975,4.574710978503383
Rice,IND_KARNATAKA_GADAG,Karnataka,GADAG,2012,Kharif,2.374302,2125.0,895.0,0.00085366,75.653119,15.508228,exact_normalised,183,30.712240437158474,20.402950819672114,24.76377049180328,22.881806010928983,4.077595628415302,428.9099999999999,386.1099999999999,896.3295000000004,73.09295081967213,94.01765027322402,2701.7699999999995,10.30928961748636,42.80000000000001,0.15875148513752096,0.33175640413506724,6.79794041297493
Rice,IND_KARNATAKA_GADAG,Karnataka,GADAG,2012,Summer,2.420821,1651.0,682.0,0.00368326,75.653119,15.508228,exact_normalised,122,36.51360655737704,21.918360655737708,28.687704918032765,19.235553278688514,3.4425409836065564,159.66,138.89,767.3265999999998,49.53557377049181,93.99352459016399,2279.8999999999996,14.59524590163933,20.77000000000001,0.07002938725382693,0.33656151585595856,6.52649485957079
Rice,IND_KARNATAKA_HASSAN,Karnataka,HASSAN,2012,Kharif,2.179302,105184.0,48265.0,0.04603563,76.105719,12.951423,exact_normalised,183,26.44306010928962,18.352404371584704,21.790000000000003,21.84427049180327,2.744590163934426,1275.329999999999,685.98,908.3840000000002,83.51032786885244,91.26131147540985,2157.57,8.090655737704914,589.349999999999,0.5910955380358454,0.42102179767052755,10.784482658015559
Rice,IND_KARNATAKA_HASSAN,Karnataka,HASSAN,2012,Rabi,2.576923,67.0,26.0,0.00057362,76.105719,12.951423,exact_normalised,182,30.861868131868132,16.579175824175824,23.079560439560442,16.143756593406593,1.6858241758241759,154.47000000000003,362.24000000000007,1050.8887000000002,58.1848351648352,91.39824175824185,2380.48,14.282692307692308,-207.77000000000004,0.06489027423040733,0.44146083983062245,3.295836866004329
Rice,IND_KARNATAKA_HASSAN,Karnataka,HASSAN,2012,Summer,2.521436,2529.0,1003.0,0.00541688,76.105719,12.951423,exact_normalised,122,32.44196721311476,20.259672131147532,25.74901639344262,19.757799180327883,2.3466393442622953,365.38000000000005,185.36,741.4142999999997,60.89950819672129,91.2460655737705,1921.3799999999997,12.182295081967226,180.02000000000004,0.19016540195068135,0.3858759329232114,6.911747300251674
Rice,IND_KARNATAKA_HAVERI,Karnataka,HAVERI,2012,Kharif,0.80941,37313.0,46099.0,0.04396968,75.395405,14.743146,exact_normalised,183,28.267595628415297,20.044590163934426,23.541530054644802,23.81727103825137,3.5287431693989078,1359.8599999999994,661.6299999999998,888.1399000000002,81.92497267759568,94.18442622950822,2478.0999999999985,8.22300546448087,698.2299999999997,0.5487510592792867,0.35839550462047565,10.73856822898474
Rice,IND_KARNATAKA_HAVERI,Karnataka,HAVERI,2012,Summer,2.025479,9301.0,4592.0,0.0247999,75.395405,14.743146,exact_normalised,122,35.12508196721312,21.715081967213123,27.672213114754104,21.422511475409827,3.156311475409837,442.6600000000001,169.42,768.8746999999998,58.8865573770492,94.15721311475406,2156.0099999999998,13.409999999999997,273.2400000000001,0.20531444659347597,0.35661926428912666,8.432288684325794
Rice,IND_KARNATAKA_KODAGU,Karnataka,KODAGU,2012,Kharif,2.48141,77621.0,31281.0,0.02983613,75.777469,12.406712,exact_normalised,183,26.080874316939905,20.158360655737713,22.661366120218577,24.686272677595618,0.7416939890710387,2874.070000000002,877.98,801.0711999999999,89.54879781420767,94.27344262295078,2317.0300000000007,5.922513661202192,1996.090000000002,1.2404112160826581,0.3457319067944738,10.350798131234187
Rice,IND_KARNATAKA_KODAGU,Karnataka,KODAGU,2012,Summer,1.835294,156.0,85.0,0.00045906,75.777469,12.406712,exact_normalised,122,31.689836065573765,21.495245901639326,25.701475409836064,23.87784836065573,0.6835245901639343,869.3700000000001,243.39999999999998,667.9404999999999,73.08918032786889,94.25368852459017,1915.5799999999997,10.19459016393444,625.9700000000001,0.45384165631297063,0.34868838680712894,4.454347296253507
Rice,IND_KARNATAKA_KOLAR,Karnataka,KOLAR,2012,Kharif,2.187772,8552.0,3909.0,0.00372844,78.192771,13.111229,exact_normalised,183,29.875191256830586,19.26617486338798,23.833278688524597,21.348171038251362,3.4681967213114726,526.94,449.46000000000004,975.3219000000001,72.43131147540986,92.04016393442625,2531.49,10.609016393442605,77.48000000000002,0.20815409106889624,0.3852758256994893,8.271292652979412
Rice,IND_KARNATAKA_KOLAR,Karnataka,KOLAR,2012,Summer,2.348485,155.0,66.0,0.00035644,78.192771,13.111229,exact_normalised,122,34.62696721311475,20.798360655737703,27.23459016393442,19.722411475409825,3.1626229508196717,156.67,129.51999999999998,785.6082999999999,55.019016393442605,92.03795081967218,2102.619999999999,13.82860655737705,27.150000000000006,0.07451179956435308,0.37363303878018866,4.204692619390966
Rice,IND_KARNATAKA_KOPPAL,Karnataka,KOPPAL,2012,Kharif,3.202451,131451.0,41047.0,0.03915103,76.159107,15.65316,exact_normalised,183,31.841092896174853,20.887431693989065,25.58754098360655,22.811881967213107,4.165628415300548,354.1699999999998,330.6499999999999,943.6906000000001,69.45065573770492,94.65912568306003,2852.5199999999986,10.953661202185788,23.519999999999868,0.12416039151346878,0.33082698806669214,10.622497392621801
Rice,IND_KARNATAKA_KOPPAL,Karnataka,KOPPAL,2012,Summer,3.714509,133102.0,35833.0,0.19352243,76.159107,15.65316,exact_normalised,122,37.130327868852454,22.632868852459016,29.46040983606557,18.832267213114754,3.433360655737706,142.66000000000003,134.27000000000007,779.9338000000002,46.196393442622956,94.62409836065571,2374.169999999999,14.497459016393439,8.389999999999958,0.06008836772429947,0.32850798384277474,10.486652442359842
Rice,IND_KARNATAKA_MANDYA,Karnataka,MANDYA,2012,Kharif,3.110294,148389.0,47709.0,0.04550531,76.815323,12.58214,exact_normalised,183,29.957923497267732,19.47251366120219,23.886174863387975,22.261234972677595,3.2620765027322425,464.5799999999998,408.19999999999993,908.3840000000002,75.08087431693984,92.93027322404373,2541.1699999999987,10.485409836065543,56.37999999999988,0.1828212988505295,0.3574668361424071,10.772896298510153
Rice,IND_KARNATAKA_MANDYA,Karnataka,MANDYA,2012,Rabi,3.40566,1083.0,318.0,0.00701584,76.815323,12.58214,exact_normalised,182,33.196868131868136,18.12373626373626,24.99236263736264,16.525385164835164,2.1142857142857143,142.44000000000003,183.0600000000001,1050.8887000000002,53.38489010989011,93.08686813186812,2728.61,15.073131868131878,-40.62000000000006,0.05220240342152232,0.38513701115219845,5.765191102784844
Rice,IND_KARNATAKA_MANDYA,Karnataka,MANDYA,2012,Summer,3.218409,6189.0,1923.0,0.0103855,76.815323,12.58214,exact_normalised,122,34.49073770491802,21.54008196721312,27.494016393442617,20.081834426229502,2.7216393442622957,169.42000000000002,141.79000000000002,741.4142999999997,56.03631147540988,92.90032786885246,2134.2700000000004,12.9506557377049,27.629999999999995,0.07938077187984649,0.3473854292099873,7.562161631225652
Rice,IND_KARNATAKA_RAICHUR,Karnataka,RAICHUR,2012,Kharif,3.113151,354865.0,113989.0,0.10872383,76.856624,16.041451,exact_normalised,183,33.24109289617488,21.79896174863388,26.86551912568307,23.16032076502733,3.8086338797814228,365.68000000000006,351.46000000000026,945.0975999999999,65.63245901639345,95.93174863387978,3086.389999999998,11.442131147540998,14.2199999999998,0.11848146216129533,0.3062145743084965,11.643866004230825
Rice,IND_KARNATAKA_RAICHUR,Karnataka,RAICHUR,2012,Summer,3.0723,115881.0,37718.0,0.2037027,76.856624,16.041451,exact_normalised,122,38.77295081967213,24.035983606557377,31.18418032786885,17.805045081967226,3.397295081967214,107.01,100.27000000000002,783.4641,39.35655737704917,95.87672131147538,2584.4700000000003,14.736967213114756,6.739999999999981,0.041405007603106246,0.30314304286758986,10.537919225261291
Rice,IND_KARNATAKA_RAMANAGARA,Karnataka,RAMANAGARA,2012,Kharif,2.430126,15407.0,6340.0,0.00604715,77.313748,12.727066,exact_normalised,183,30.72704918032787,19.695136612021862,24.41371584699453,21.827243169398905,3.2677595628415306,402.06,363.00000000000006,941.7913000000003,71.46355191256829,92.85316939890707,2637.7099999999996,11.031912568306009,39.059999999999945,0.15242767400510293,0.35704884160881994,8.754791763700032
Rice,IND_KARNATAKA_RAMANAGARA,Karnataka,RAMANAGARA,2012,Summer,2.06068,849.0,412.0,0.00222508,77.313748,12.727066,exact_normalised,122,35.020245901639335,21.577622950819677,27.8427868852459,19.86092786885246,2.7963934426229504,127.63000000000001,117.31999999999996,760.4371000000002,53.890737704918045,92.82909836065573,2176.820000000001,13.442622950819658,10.310000000000045,0.05863139809446805,0.3493339366598983,6.023447592961033
Rice,IND_KARNATAKA_UDUPI,Karnataka,UDUPI,2012,Kharif,2.481408,110579.0,44563.0,0.04250463,74.873401,13.413125,exact_normalised,183,27.227267759562842,22.65300546448088,24.646557377049177,26.566162841530048,1.8851366120218578,3088.550000000001,813.2200000000001,835.2481000000005,85.58622950819672,96.81748633879776,2680.3199999999993,4.574262295081962,2275.330000000001,1.1523064410219683,0.3116225301456545,10.704681637179208
Rice,IND_KARNATAKA_UDUPI,Karnataka,UDUPI,2012,Rabi,2.210678,15362.0,6949.0,0.15331157,74.873401,13.413125,exact_normalised,182,30.82104395604396,20.801483516483515,25.239615384615387,21.96077857142858,1.3968131868131868,152.28000000000003,529.9699999999999,1060.9632,67.98258241758239,96.92258241758243,2773.61,10.019560439560447,-377.6899999999999,0.05490317672636024,0.38252068603733036,8.846496938558838
Rice,IND_KARNATAKA_UDUPI,Karnataka,UDUPI,2012,Summer,2.302083,221.0,96.0,0.00051846,74.873401,13.413125,exact_normalised,122,31.68196721311477,23.74098360655738,26.956639344262296,25.860732786885244,1.8279508196721306,887.3000000000001,258.87999999999994,702.6612000000005,72.99377049180329,96.8056557377049,2068.7100000000005,7.940983606557392,628.4200000000001,0.42891463762441323,0.3396615281987327,4.574710978503383
Rice,IND_KARNATAKA_UTTARAKANNADA,Karnataka,UTTARA KANNADA,2012,Kharif,2.015901,144149.0,71506.0,0.06820313,74.525531,14.70572,exact_normalised,183,28.109726775956283,24.595409836065564,26.139453551912545,28.389334426229503,2.5740437158469938,2440.6600000000008,861.9699999999996,833.2024000000001,83.65267759562843,98.97300546448088,2953.519999999999,3.514316939890719,1578.6900000000012,0.8263563476800568,0.2821048782469732,11.177550625987903
Rice,IND_KARNATAKA_UTTARAKANNADA,Karnataka,UTTARA KANNADA,2012,Rabi,2.183153,3421.0,1567.0,0.03457177,74.525531,14.70572,exact_normalised,182,30.514010989010966,22.743571428571425,26.14868131868132,23.558328021978017,1.9858791208791207,93.5,629.64,1076.858,69.00857142857146,99.13653846153848,2939.0599999999995,7.7704395604395415,-536.14,0.031812892557484374,0.36639537811409095,7.357556200910353
Rice,IND_KARNATAKA_UTTARAKANNADA,Karnataka,UTTARA KANNADA,2012,Summer,2.063584,2499.0,1211.0,0.00654022,74.525531,14.70572,exact_normalised,122,31.072704918032777,25.24483606557377,27.588852459016405,27.743009836065582,2.3004918032786885,777.6399999999999,283.9899999999999,725.2850000000002,75.13704918032788,98.9781967213115,2145.8399999999997,5.827868852459005,493.65,0.3623942139208888,0.3379958431197108,7.10002716662926
Rice,IND_TAMILNADU_ARIYALUR,Tamil Nadu,ARIYALUR,2012,Kharif,2.076813,36392.0,17523.0,0.0117346,79.210178,11.196697,exact_normalised,183,33.46765027322406,24.818196721311473,28.698469945355203,26.978714207650278,3.0806010928961753,718.54,458.18000000000006,981.9428999999998,69.39540983606555,100.29158469945358,3421.8200000000006,8.649453551912586,260.3599999999999,0.20998766738168573,0.28696509459878067,9.771326648933789
Rice,IND_TAMILNADU_COIMBATORE,Tamil Nadu,COIMBATORE,2012,Kharif,3.659555,7890.0,2156.0,0.00144381,76.942425,10.900215,exact_normalised,183,29.21519125683061,20.593169398907097,24.092841530054663,24.22869234972677,2.6032240437158474,602.2900000000002,501.1899999999998,865.8358999999996,80.68863387978143,94.85262295081972,2578.9900000000007,8.622021857923514,101.10000000000036,0.23353715989592827,0.3357267379865759,7.676473646389156
Rice,IND_TAMILNADU_CUDDALORE,Tamil Nadu,CUDDALORE,2012,Kharif,3.030476,339286.0,111958.0,0.07497475,79.398376,11.549058,exact_normalised,183,33.55415300546449,24.573497267759578,28.61863387978141,26.839275956284155,2.8634426229508203,770.4599999999995,483.6300000000003,981.9428999999998,69.37546448087433,100.06950819672134,3407.2099999999978,8.980655737704915,286.8299999999992,0.22612636145115797,0.2881955911141375,11.625888011828158
Rice,IND_TAMILNADU_DHARMAPURI,Tamil Nadu,DHARMAPURI,2012,Kharif,4.471299,53669.0,12003.0,0.00803803,78.208849,12.106543,exact_normalised,183,31.59710382513662,21.007650273224055,25.720382513661207,23.609480874316933,2.367540983606556,638.9499999999999,507.22999999999973,956.8368999999996,71.84224043715851,95.39393442622954,2876.829999999999,10.589453551912566,131.7200000000002,0.22210210544244885,0.33260112693485533,9.392995206560258
Rice,IND_TAMILNADU_DINDIGUL,Tamil Nadu,DINDIGUL,2012,Kharif,3.25095,30806.0,9476.0,0.00634578,77.770431,10.376407,exact_normalised,183,31.02546448087434,21.150655737704945,25.27617486338797,23.31386994535517,3.3470491803278684,417.7399999999999,366.09000000000026,970.4845999999998,72.47775956284151,95.08754098360656,2795.5400000000004,9.874808743169396,51.649999999999636,0.14943087918613213,0.3471546105582462,9.156623089470195
Rice,IND_TAMILNADU_ERODE,Tamil Nadu,ERODE,2012,Kharif,4.410874,29125.0,6603.0,0.00442182,77.349132,11.479934,exact_normalised,183,32.6672131147541,21.7108743169399,26.40857923497269,23.4634737704918,1.9786338797814207,448.44,392.6600000000001,970.1265000000001,68.47907103825139,96.12601092896179,3002.7699999999973,10.956338797814198,55.779999999999916,0.1493421074541175,0.3230771920593322,8.795430805040018
Rice,IND_TAMILNADU_KANNIYAKUMARI,Tamil Nadu,KANNIYAKUMARI,2012,Kharif,4.66339,57882.0,12412.0,0.00831193,77.370026,8.292621,exact_normalised,183,30.292622950819673,23.015136612021855,25.94726775956285,26.594134972677598,3.455136612021857,527.5000000000001,385.96000000000015,959.4862999999999,79.5127868852459,97.97606557377051,2918.3499999999995,7.277486338797818,141.53999999999996,0.18075282265663825,0.328776980142889,9.426499589515949
Rice,IND_TAMILNADU_KARUR,Tamil Nadu,KARUR,2012,Kharif,4.040799,44073.0,10907.0,0.00730408,78.090802,10.786735,exact_normalised,183,33.15666666666669,22.723661202185784,27.29677595628415,25.281981967213127,2.9420765027322435,539.2699999999996,455.0600000000002,1008.9919000000002,70.10863387978141,98.32792349726783,3165.3100000000004,10.433005464480903,84.20999999999947,0.17036877904533823,0.31876558694093154,9.297251743965479
Rice,IND_TAMILNADU_KRISHNAGIRI,Tamil Nadu,KRISHNAGIRI,2012,Kharif,4.06613,72186.0,17753.0,0.01188863,78.043393,12.472753,exact_normalised,183,30.77142076502732,20.14590163934426,24.788415300546472,22.5020256830601,3.0925136612021866,587.9300000000001,482.42,956.8368999999996,72.23803278688523,93.76770491803278,2706.2800000000016,10.62551912568306,105.51000000000005,0.21724655246315966,0.35356167876199024,9.784366121628265
Rice,IND_TAMILNADU_MADURAI,Tamil Nadu,MADURAI,2012,Kharif,3.606303,65000.0,18024.0,0.01207011,78.006559,9.898005,exact_normalised,183,34.10049180327868,23.3834426229508,28.090382513661197,24.713200000000004,2.2150819672131132,448.33999999999975,375.61999999999995,1024.4227999999998,65.79377049180326,98.3092349726776,3310.539999999999,10.71704918032788,72.7199999999998,0.13542805705413616,0.309442809934331,9.79951496215315
Rice,IND_TAMILNADU_NAMAKKAL,Tamil Nadu,NAMAKKAL,2012,Kharif,3.65266,20254.0,5545.0,0.00371331,78.154921,11.347699,exact_normalised,183,32.70387978142078,21.993879781420773,26.76431693989071,24.627682513661227,2.3779781420765027,610.4499999999997,496.7099999999999,981.7256000000001,70.54453551912569,97.2047540983606,3067.8699999999994,10.710000000000008,113.73999999999978,0.1989817039183537,0.32000234690518187,8.620832226175724
Rice,IND_TAMILNADU_PERAMBALUR,Tamil Nadu,PERAMBALUR,2012,Kharif,2.86231,20892.0,7299.0,0.00488791,78.858963,11.25245,exact_normalised,183,32.59158469945355,22.42278688524589,26.96103825136612,24.870627322404363,2.6465573770491795,641.3800000000001,495.01,981.7256000000001,70.58497267759563,97.48043715846995,3103.8699999999994,10.168797814207657,146.37000000000012,0.2066388089707366,0.31629082403580056,8.895629627136483
Rice,IND_TAMILNADU_PUDUKKOTTAI,Tamil Nadu,PUDUKKOTTAI,2012,Kharif,2.876042,240394.0,83585.0,0.05597425,78.872829,10.352982,exact_normalised,183,33.986775956284156,24.070327868852463,28.481584699453567,26.027197267759572,2.6789617486338804,523.11,419.0399999999998,1008.9919000000002,67.7253005464481,99.66519125683062,3382.1300000000006,9.916448087431693,104.07000000000022,0.15466880338721453,0.2983303125545145,11.33363132093428
Rice,IND_TAMILNADU_RAMANATHAPURAM,Tamil Nadu,RAMANATHAPURAM,2012,Kharif,0.588464,68559.0,116505.0,0.07801974,78.817623,9.423787,exact_normalised,183,33.22803278688524,25.883005464480867,29.1516393442623,27.443550273224055,4.065191256830598,447.8299999999997,312.70000000000005,1024.4227999999998,68.44355191256831,100.47612021857928,3504.7500000000036,7.34502732240437,135.12999999999965,0.12777801555032434,0.2922955417647475,11.665698052807626
Rice,IND_TAMILNADU_SALEM,Tamil Nadu,SALEM,2012,Kharif,4.095676,52953.0,12929.0,0.00865814,78.256113,11.628258,exact_normalised,183,32.70387978142078,21.993879781420773,26.76431693989071,24.627682513661227,2.3779781420765027,610.4499999999997,496.7099999999999,981.7256000000001,70.54453551912569,97.2047540983606,3067.8699999999994,10.710000000000008,113.73999999999978,0.1989817039183537,0.32000234690518187,9.467305471765902
Rice,IND_TAMILNADU_SIVAGANGA,Tamil Nadu,SIVAGANGA,2012,Kharif,1.844858,130306.0,70632.0,0.04730003,78.568693,9.944223,exact_normalised,183,34.17267759562842,24.82945355191258,29.016010928961755,26.179589617486343,2.719781420765027,478.27999999999975,367.2499999999998,1024.4227999999998,66.20562841530054,99.89622950819673,3479.93,9.343224043715843,111.02999999999997,0.13743954619776827,0.294380289258692,11.165252736369972
Rice,IND_TAMILNADU_THANJAVUR,Tamil Nadu,THANJAVUR,2012,Kharif,2.933614,431121.0,146959.0,0.09841382,79.260887,10.579191,exact_normalised,183,32.94961748633881,25.657377049180344,28.91830601092897,27.626141530054653,3.2956284153005453,674.5500000000001,427.5000000000001,997.8846000000003,70.01486338797818,100.4684699453552,3462.0500000000025,7.2922404371584655,247.04999999999995,0.19484120679943953,0.2882351785791654,11.897915719889006
Rice,IND_TAMILNADU_THENILGIRIS,Tamil Nadu,THE NILGIRIS,2012,Kharif,3.972318,1148.0,289.0,0.00019353,76.648605,11.435308,exact_normalised,183,28.81666666666667,19.28633879781422,23.144098360655736,22.091257377049175,2.520546448087431,520.8399999999999,433.2300000000002,873.0865,77.92617486338801,92.20978142076498,2405.370000000001,9.53032786885245,87.60999999999973,0.21653217592303875,0.36297388759317684,5.66988092298052
Rice,IND_TAMILNADU_THENI,Tamil Nadu,THENI,2012,Kharif,4.615347,47635.0,10321.0,0.00691165,77.429172,9.916685,exact_normalised,183,29.724644808743168,19.816721311475405,23.97098360655737,22.181331693989065,2.0459562841530046,482.2500000000001,417.51000000000016,939.5389,74.59071038251365,93.02622950819679,2556.69,9.907923497267763,64.73999999999995,0.18862278962251977,0.36748252623509303,9.242032818708672
Rice,IND_TAMILNADU_THIRUVALLUR,Tamil Nadu,THIRUVALLUR,2012,Kharif,3.835416,300455.0,78337.0,0.05245983,79.941464,13.24923,exact_normalised,183,32.50617486338799,25.29513661202186,28.477978142076484,27.640175956284157,3.055683060109288,801.1499999999999,508.8200000000004,956.0829999999999,71.69956284153008,100.12693989071035,3381.4700000000007,7.21103825136613,292.3299999999995,0.23692358648753345,0.2827418253008306,11.268788077151783
Rice,IND_TAMILNADU_THIRUVARUR,Tamil Nadu,THIRUVARUR,2012,Kharif,1.213582,192843.0,158904.0,0.10641301,79.587842,10.561873,exact_normalised,183,32.94961748633881,25.657377049180344,28.91830601092897,27.626141530054653,3.2956284153005453,674.5500000000001,427.5000000000001,997.8846000000003,70.01486338797818,100.4684699453552,3462.0500000000025,7.2922404371584655,247.04999999999995,0.19484120679943953,0.2882351785791654,11.976061818360778
Rice,IND_TAMILNADU_TIRUCHIRAPPALLI,Tamil Nadu,TIRUCHIRAPPALLI,2012,Kharif,3.052347,138079.0,45237.0,0.0302938,78.555677,10.845397,exact_normalised,183,33.34573770491802,23.252786885245893,27.727267759562842,25.74117650273223,2.888797814207651,585.8,467.70999999999987,1008.9919000000002,69.81349726775956,98.91459016393446,3244.09,10.09295081967213,118.09000000000009,0.18057452166863433,0.3110246324855353,10.719692720587927
Rice,IND_TAMILNADU_TIRUNELVELI,Tamil Nadu,TIRUNELVELI,2012,Kharif,4.023414,182667.0,45401.0,0.03040362,77.568767,8.838215,exact_normalised,183,30.899945355191274,22.399180327868862,25.88540983606556,26.47959617486339,2.991639344262294,546.0399999999998,429.4199999999998,959.4862999999999,79.40502732240435,98.06049180327875,2907.029999999999,8.500765027322412,116.62000000000006,0.18783431887527824,0.3300572405513532,10.723311435922577
Rice,IND_TAMILNADU_TIRUPPUR,Tamil Nadu,TIRUPPUR,2012,Kharif,2.465306,604.0,245.0,0.00016407,77.334294,10.83475,exact_normalised,183,33.03606557377049,22.62081967213114,27.013989071038264,24.619256284153003,3.351366120218579,407.24999999999983,359.4499999999998,970.4845999999998,69.17437158469947,97.59770491803278,3113.560000000001,10.415245901639352,47.80000000000001,0.13079882835082662,0.31169612918973766,5.5053315359323625
Rice,IND_TAMILNADU_TIRUVANNAMALAI,Tamil Nadu,TIRUVANNAMALAI,2012,Kharif,3.546876,325511.0,91774.0,0.06145816,79.247289,12.432454,exact_normalised,183,33.385409836065556,23.47207650273222,27.8626775956284,25.82345737704921,2.418524590163934,782.9299999999998,533.55,979.3325999999994,69.89546448087435,98.86748633879783,3268.8699999999994,9.913333333333334,249.37999999999988,0.23951090132063985,0.299593621037239,11.427095208365035
Rice,IND_TAMILNADU_VELLORE,Tamil Nadu,VELLORE,2012,Kharif,4.279385,152804.0,35707.0,0.02391186,79.042643,12.783542,exact_normalised,183,32.05666666666667,21.165573770491797,25.91939890710383,22.706879781420756,3.022950819672133,490.48,423.6500000000001,979.3325999999994,68.40360655737706,94.79005464480879,2913.2500000000023,10.891092896174875,66.82999999999993,0.1683617952458593,0.33616497039388954,10.483130032299252
Rice,IND_ANDHRAPRADESH_ANANTAPUR,Andhra Pradesh,ANANTAPUR,2013,Kharif,2.112008,59377.0,28114.0,0.01648378,77.464996,14.311236,exact_normalised,183,30.969453551912558,21.319781420765022,25.496830601092903,24.243321857923508,4.031420765027322,442.2099999999999,445.78999999999996,899.8479000000001,74.31863387978139,95.69519125683058,2835.920000000001,9.649672131147536,-3.580000000000041,0.15593176112161125,0.3173036968602781,10.244058520726302
Rice,IND_ANDHRAPRADESH_ANANTAPUR,Andhra Pradesh,ANANTAPUR,2013,Rabi,2.325002,28558.0,12283.0,0.01399158,77.464996,14.311236,exact_normalised,181,34.39961325966849,19.849723756906076,26.631270718232035,17.452899999999996,2.695414364640885,77.62,120.68,1060.2860000000005,51.40906077348066,96.05055248618784,3010.2600000000007,14.549889502762415,-43.06,0.02578514812673988,0.35222406038016657,9.416052881560713
Rice,IND_ANDHRAPRADESH_CHITTOOR,Andhra Pradesh,CHITTOOR,2013,Kharif,3.207024,48766.0,15206.0,0.00891557,78.939397,13.333205,exact_normalised,183,29.244699453551906,20.351967213114754,24.20672131147541,23.337206010928973,3.473224043715849,648.46,542.1199999999998,894.9906999999996,77.48912568306014,93.81114754098363,2599.8300000000013,8.892732240437152,106.34000000000026,0.2494240008000522,0.34424970094198437,9.629511127140459
Rice,IND_ANDHRAPRADESH_CHITTOOR,Andhra Pradesh,CHITTOOR,2013,Rabi,3.469989,120249.0,34654.0,0.03947442,78.939397,13.333205,exact_normalised,181,32.132596685082866,18.36994475138121,24.30784530386741,19.309415469613253,2.5318784530386735,131.03,230.98000000000013,1031.4441000000002,64.1383425414365,94.20276243093923,2589.7199999999993,13.762651933701655,-99.95000000000013,0.0505962034505661,0.39828402298317983,10.453197294352085
Rice,IND_ANDHRAPRADESH_EASTGODAVARI,Andhra Pradesh,EAST GODAVARI,2013,Kharif,1.846002,434104.0,235159.0,0.13787829,82.14393,17.060053,exact_normalised,183,30.666393442622955,23.98803278688525,26.93338797814207,29.3199606557377,2.5096721311475423,1257.23,672.3,778.0076999999997,82.63524590163932,99.78617486338793,3098.8100000000004,6.6783606557377055,584.9300000000001,0.4057138062675672,0.2510666029863075,12.36802141251619
Rice,IND_ANDHRAPRADESH_EASTGODAVARI,Andhra Pradesh,EAST GODAVARI,2013,Rabi,4.587,777602.0,169523.0,0.19310388,82.14393,17.060053,exact_normalised,181,32.59348066298342,20.657016574585633,25.850220994475134,23.467872375690618,1.925469613259667,328.29999999999995,412.0699999999997,941.0646999999999,70.77160220994475,100.45082872928184,2868.889999999998,11.936464088397784,-83.76999999999975,0.11443450254279536,0.3280239744291348,12.040749788699664
Rice,IND_ANDHRAPRADESH_GUNTUR,Andhra Pradesh,GUNTUR,2013,Kharif,3.259002,912716.0,280060.0,0.16420461,80.143541,16.120193,exact_normalised,183,31.646994535519124,23.97666666666667,27.445628415300536,27.96084535519126,2.9574863387978145,944.4400000000003,622.1199999999999,837.1623999999997,76.84131147540985,99.70349726775962,3192.55,7.670327868852453,322.3200000000004,0.29582622041941403,0.26222373964385826,12.542762715566823
Rice,IND_ANDHRAPRADESH_GUNTUR,Andhra Pradesh,GUNTUR,2013,Rabi,3.810007,183288.0,48107.0,0.05479875,80.143541,16.120193,exact_normalised,181,33.46364640883977,20.966629834254142,26.388839779005515,23.348788397790045,2.36292817679558,226.98999999999992,312.46,938.6528000000005,68.26933701657457,100.28839779005523,2966.380000000001,12.49701657458563,-85.47000000000006,0.07652087729825574,0.31643039664506917,10.781203762430508
Rice,IND_ANDHRAPRADESH_KRISHNA,Andhra Pradesh,KRISHNA,2013,Kharif,2.924999,773285.0,264371.0,0.15500585,80.888919,16.541648,exact_normalised,183,31.246284153005472,23.86355191256832,27.17409836065574,28.80384426229507,2.479453551912567,1130.6099999999997,680.6200000000001,837.1623999999997,80.26715846994536,100.02486338797814,3142.860000000001,7.382732240437154,449.98999999999955,0.3597392184188921,0.2663696123912613,12.485112481200565
Rice,IND_ANDHRAPRADESH_KRISHNA,Andhra Pradesh,KRISHNA,2013,Rabi,4.065002,402236.0,98951.0,0.11271522,80.888919,16.541648,exact_normalised,181,33.45508287292817,20.462596685082875,26.163425414364646,23.511173480662993,2.0094475138121535,265.08000000000004,386.1299999999995,938.6528000000005,69.65867403314918,100.63839779005527,2925.5800000000017,12.992486187845298,-121.04999999999944,0.0906076743756793,0.32084331995706833,11.502390163054846
Rice,IND_ANDHRAPRADESH_KURNOOL,Andhra Pradesh,KURNOOL,2013,Kharif,3.676001,340383.0,92596.0,0.05429083,77.878833,15.431734,exact_normalised,183,30.943989071038278,21.8073224043716,25.87300546448088,25.36012568306011,3.34191256830601,610.9999999999999,549.5399999999998,903.5500000000005,76.10797814207652,96.7502732240437,2904.76,9.136666666666677,61.460000000000036,0.21034440022583617,0.3110584006940334,11.436012022701256
Rice,IND_ANDHRAPRADESH_KURNOOL,Andhra Pradesh,KURNOOL,2013,Rabi,3.654003,118017.0,32298.0,0.0367907,77.878833,15.431734,exact_normalised,181,35.01966850828728,19.701215469613267,26.81955801104972,18.695155801104974,2.5016022099447515,87.24,118.61999999999999,1037.3823999999995,54.1188397790055,97.18353591160223,3044.3400000000015,15.318453038674015,-31.379999999999995,0.028656457557303044,0.3407577340244516,10.382791548979164
Rice,IND_ANDHRAPRADESH_PRAKASAM,Andhra Pradesh,PRAKASAM,2013,Kharif,3.677,213391.0,58034.0,0.03402646,79.729919,15.616436,exact_normalised,183,31.65655737704919,25.088032786885254,28.111912568306003,28.343578688524605,3.7381967213114744,862.92,558.97,845.7209999999994,74.80169398907105,100.09825136612021,3314.4800000000014,6.5685245901639355,303.94999999999993,0.26034853129299307,0.2551594820303635,10.968801555802724
Rice,IND_ANDHRAPRADESH_PRAKASAM,Andhra Pradesh,PRAKASAM,2013,Rabi,3.959004,318874.0,80544.0,0.09174778,79.729919,15.616436,exact_normalised,181,31.61845303867403,22.788839779005535,26.590276243093914,24.473506629834244,3.0319889502762423,244.67999999999992,328.3599999999998,958.2058000000002,70.35436464088396,100.68176795580109,3002.8399999999983,8.829613259668495,-83.67999999999986,0.08148286288979768,0.3190998521399744,11.296571313432066
Rice,IND_ANDHRAPRADESH_SRIKAKULAM,Andhra Pradesh,SRIKAKULAM,2013,Kharif,1.737999,347108.0,199717.0,0.11709795,84.07575,18.697258,exact_normalised,183,29.468196721311475,26.26284153005465,27.70174863387979,30.354756284153016,4.117267759562844,1449.6600000000003,608.58,824.6715999999996,81.4131147540984,99.79103825136607,3239.4200000000033,3.2053551912568246,841.0800000000003,0.447506035030962,0.2545738434658052,12.204661650544777
Rice,IND_ANDHRAPRADESH_SRIKAKULAM,Andhra Pradesh,SRIKAKULAM,2013,Rabi,2.381898,8158.0,3425.0,0.00390142,84.07575,18.697258,exact_normalised,181,28.586187845303858,22.869060773480665,25.451049723756917,22.982966298342546,3.187900552486188,333.8599999999998,373.54999999999995,912.7714000000001,69.74038674033145,100.56044198895025,2796.6400000000003,5.717127071823192,-39.69000000000017,0.11937896904857248,0.3263814434464214,8.139148678884066
Rice,IND_ANDHRAPRADESH_VIZIANAGARAM,Andhra Pradesh,VIZIANAGARAM,2013,Kharif,2.475003,270446.0,109271.0,0.06406771,83.359673,18.506317,exact_normalised,183,27.984262295081965,21.10715846994535,24.11142076502734,25.597786885245913,2.2710928961748627,1385.5199999999998,674.8799999999999,801.7749000000003,84.89431693989071,94.32486338797811,2582.3899999999994,6.877103825136615,710.6399999999999,0.5365262411951719,0.3104778519123759,11.601595465682728
Rice,IND_ANDHRAPRADESH_VIZIANAGARAM,Andhra Pradesh,VIZIANAGARAM,2013,Rabi,2.727987,20479.0,7507.0,0.00855123,83.359673,18.506317,exact_normalised,181,30.472044198895027,17.3556906077348,23.107348066298343,17.463237016574585,1.5447513812154698,269.80000000000007,384.29999999999995,913.5688999999999,63.30458563535908,94.97640883977903,2372.4300000000003,13.116353591160227,-114.49999999999989,0.113723060322117,0.3850772836290216,8.9237243977064
Rice,IND_ANDHRAPRADESH_WESTGODAVARI,Andhra Pradesh,WEST GODAVARI,2013,Kharif,2.169,521419.0,240396.0,0.14094884,81.315692,16.847574,exact_normalised,183,30.452240437158455,23.396338797814202,26.537923497267737,28.803310382513647,2.272349726775956,1234.4500000000003,682.1899999999998,816.1559000000001,83.0866120218579,99.30890710382515,3026.4399999999982,7.055901639344253,552.2600000000004,0.4078884762294977,0.2696752289819063,12.390047002363993
Rice,IND_ANDHRAPRADESH_WESTGODAVARI,Andhra Pradesh,WEST GODAVARI,2013,Rabi,4.555001,820916.0,180223.0,0.20529226,81.315692,16.847574,exact_normalised,181,33.1833149171271,19.814585635359112,25.732430939226532,22.888606629834264,1.8103314917127067,303.9099999999999,382.4700000000001,938.9685999999997,69.57729281767958,99.94060773480665,2847.569999999999,13.368729281767987,-78.56000000000017,0.10672608575030641,0.3297438166577117,12.101955800637604
Rice,IND_KARNATAKA_BANGALORERURAL,Karnataka,BANGALORE RURAL,2013,Kharif,3.207299,2197.0,685.0,0.00066176,77.614728,13.177348,exact_normalised,183,27.091092896174853,18.743114754098357,22.308797814207644,22.237421857923497,3.5329508196721315,679.4199999999998,583.4799999999999,892.0036,82.47240437158476,91.53617486338797,2252.510000000001,8.347978142076496,95.93999999999994,0.30162796169606326,0.3960042796702343,6.530877627725885
Rice,IND_KARNATAKA_BANGALORERURAL,Karnataka,BANGALORE RURAL,2013,Summer,3.379562,463.0,137.0,0.00051888,77.614728,13.177348,exact_normalised,122,33.127459016393445,20.80975409836066,26.61278688524589,19.629940163934435,3.224180327868851,258.85999999999996,160.30000000000004,752.7992999999999,57.757377049180334,91.55229508196724,2026.76,12.317704918032785,98.55999999999992,0.12772109179182536,0.37142991770115846,4.927253685157205
Rice,IND_KARNATAKA_BIDAR,Karnataka,BIDAR,2013,Kharif,1.551232,5541.0,3572.0,0.00345084,77.219591,17.954256,exact_normalised,183,28.729508196721305,20.50579234972677,24.10360655737705,24.682826229508187,2.993825136612022,952.8600000000001,714.5999999999999,830.8462,81.86120218579232,94.51163934426226,2580.960000000001,8.223715846994534,238.26000000000022,0.3691882090384972,0.32191362903725734,8.181160858023409
Rice,IND_KARNATAKA_CHITRADURGA,Karnataka,CHITRADURGA,2013,Kharif,2.250836,2692.0,1196.0,0.00115543,76.575818,14.279313,exact_normalised,183,30.199562841530064,20.685573770491796,24.676393442622963,23.58849672131148,4.34950819672131,377.0599999999997,427.84000000000015,882.6346999999998,75.8083606557377,94.47606557377048,2685.7800000000007,9.513989071038267,-50.78000000000043,0.14039124574611458,0.32863253877830634,7.087573705557973
Rice,IND_KARNATAKA_CHITRADURGA,Karnataka,CHITRADURGA,2013,Rabi,2.753463,994.0,361.0,0.00882727,76.575818,14.279313,exact_normalised,181,33.77436464088397,19.127569060773478,26.009005524861887,16.659518232044203,2.5472928176795575,98.93999999999998,126.2599999999999,1067.3519,50.583259668508276,94.79828729281769,2897.6299999999974,14.646795580110489,-27.319999999999922,0.03414514620569226,0.36835341296162755,5.8916442118257715
Rice,IND_KARNATAKA_CHITRADURGA,Karnataka,CHITRADURGA,2013,Summer,2.135621,1307.0,612.0,0.00231794,76.575818,14.279313,exact_normalised,122,34.9211475409836,22.735819672131136,28.49336065573771,20.418563114754097,3.679918032786885,257.1699999999999,173.83,758.2925999999999,54.20836065573772,94.4755737704918,2256.190000000001,12.185327868852461,83.33999999999989,0.11398419459354034,0.3360943005686576,6.418364935936212
Rice,IND_KARNATAKA_DAKSHINAKANNADA,Karnataka,DAKSHINA KANNADA,2013,Kharif,2.749289,87004.0,31646.0,0.03057257,75.204445,12.828777,exact_normalised,183,27.572131147540993,24.153770491803286,25.636010928961756,28.62356065573772,2.343497267759563,4387.929999999997,813.9900000000002,727.8728999999998,87.04284153005466,99.02382513661199,2861.3900000000017,3.4183606557377075,3573.9399999999964,1.5334959582580474,0.25437738302014035,10.36239863634992
Rice,IND_KARNATAKA_DAKSHINAKANNADA,Karnataka,DAKSHINA KANNADA,2013,Rabi,2.668556,57921.0,21705.0,0.5307365,75.204445,12.828777,exact_normalised,181,31.92292817679559,23.525856353591163,27.257679558011056,24.164209392265196,1.7346961325966859,200.31999999999996,430.8700000000002,1038.2486999999999,66.7950828729281,99.19436464088398,3123.6400000000017,8.397071823204428,-230.5500000000002,0.06413030951069901,0.3323842376202121,9.985343999005961
Rice,IND_KARNATAKA_DAKSHINAKANNADA,Karnataka,DAKSHINA KANNADA,2013,Summer,2.728283,5402.0,1980.0,0.0074992,75.204445,12.828777,exact_normalised,122,31.911311475409843,25.682540983606554,28.30286885245902,27.609380327868845,2.3168852459016387,1520.7899999999997,213.55,649.0776999999994,72.38213114754096,99.01090163934433,2232.95,6.228770491803289,1307.2399999999998,0.6810676459392283,0.29068169909760605,7.591357046698551
Rice,IND_KARNATAKA_DHARWAD,Karnataka,DHARWAD,2013,Kharif,1.121947,25080.0,22354.0,0.02159575,75.127326,15.336898,exact_normalised,183,27.800382513661212,20.133060109289616,23.31928961748635,24.030987431693987,3.4855737704918046,875.8799999999993,668.0300000000002,835.6431,83.62300546448087,93.7846448087432,2437.4299999999994,7.667322404371596,207.8499999999991,0.35934570428689216,0.34283778405943977,10.01480528866808
Rice,IND_KARNATAKA_DHARWAD,Karnataka,DHARWAD,2013,Summer,3.382022,301.0,89.0,0.00033709,75.127326,15.336898,exact_normalised,122,34.85598360655739,21.546393442622943,27.484672131147533,21.35825737704918,3.142540983606557,318.22,178.34999999999994,751.3085000000002,59.47139344262293,93.79442622950815,2133.130000000001,13.309590163934445,139.8700000000001,0.14917984370385295,0.35220942933623356,4.499809670330265
Rice,IND_KARNATAKA_GADAG,Karnataka,GADAG,2013,Kharif,2.867841,3906.0,1362.0,0.0013158,75.653119,15.508228,exact_normalised,183,29.668743169398912,20.427322404371594,24.23448087431693,23.564951366120226,4.107049180327872,467.92999999999995,470.22999999999996,835.6431,77.63131147540985,93.97683060109291,2604.910000000001,9.241420765027318,-2.3000000000000114,0.17963384531519314,0.3207953825660002,7.217443431696533
Rice,IND_KARNATAKA_GADAG,Karnataka,GADAG,2013,Summer,2.661981,4166.0,1565.0,0.0059274,75.653119,15.508228,exact_normalised,122,35.39188524590163,22.13704918032787,28.325081967213126,20.525500819672132,3.5184426229508214,243.89000000000007,177.11,751.3085000000002,54.71295081967215,93.97762295081964,2235.6600000000003,13.254836065573762,66.78000000000006,0.10909082776450804,0.33605669019439455,7.356279876550748
Rice,IND_KARNATAKA_HASSAN,Karnataka,HASSAN,2013,Kharif,3.060903,153841.0,50260.0,0.04855518,76.105719,12.951423,exact_normalised,183,25.292841530054655,18.544863387978143,21.438306010928965,22.489928961748625,2.896939890710383,1932.6299999999994,765.57,844.7274000000002,87.92349726775959,91.22568306010919,2093.2099999999996,6.747978142076512,1167.0599999999995,0.9232852891014278,0.4035559738392232,10.824984707437652
Rice,IND_KARNATAKA_HASSAN,Karnataka,HASSAN,2013,Rabi,2.222958,1007.0,453.0,0.01107688,76.105719,12.951423,exact_normalised,181,30.99657458563536,17.119060773480655,23.47408839779006,17.448271270718248,1.6415469613259668,154.95999999999998,374.38999999999993,1063.3787,60.71187845303873,91.44911602209947,2438.8099999999995,13.877513812154707,-219.42999999999995,0.0635391850943698,0.43602359347386643,6.118097198041348
Rice,IND_KARNATAKA_HASSAN,Karnataka,HASSAN,2013,Summer,3.449355,3746.0,1086.0,0.0041132,76.105719,12.951423,exact_normalised,122,31.625983606557377,20.456885245901642,25.546557377049186,20.869660655737714,2.400409836065574,653.41,226.78,709.1709999999997,65.145,91.23926229508199,1896.6800000000003,11.169098360655735,426.63,0.34450197186663006,0.3739012379526328,6.99117688712121
Rice,IND_KARNATAKA_HAVERI,Karnataka,HAVERI,2013,Kharif,2.4605,101006.0,41051.0,0.03965855,75.395405,14.743146,exact_normalised,183,27.750546448087434,20.25617486338797,23.36207650273224,24.33360491803279,3.683551912568305,1447.6899999999987,698.68,816.7049000000001,84.63513661202185,94.14229508196719,2445.2600000000016,7.494371584699465,749.0099999999987,0.5920392923451894,0.3339951170836637,10.622594834765605
Rice,IND_KARNATAKA_HAVERI,Karnataka,HAVERI,2013,Summer,2.887035,21110.0,7312.0,0.02769403,75.395405,14.743146,exact_normalised,122,34.30639344262296,21.956557377049187,27.475000000000005,22.21877213114754,3.327131147540985,526.2,199.82999999999996,745.0154999999996,62.1294262295082,94.14147540983605,2131.9500000000007,12.349836065573776,326.3700000000001,0.2468162949412509,0.3494526138042634,8.89740886527095
Rice,IND_KARNATAKA_KODAGU,Karnataka,KODAGU,2013,Kharif,2.877557,91843.0,31917.0,0.03083437,75.777469,12.406712,exact_normalised,183,25.51945355191258,20.412131147540983,22.546775956284154,25.001028961748634,0.8113114754098362,4300.789999999998,867.8999999999997,727.8728999999998,91.42153005464479,94.24601092896167,2296.0599999999995,5.1073224043715975,3432.8899999999985,1.8731174272449322,0.31700952936769944,10.370925392959132
Rice,IND_KARNATAKA_KODAGU,Karnataka,KODAGU,2013,Summer,3.327273,366.0,110.0,0.00041662,75.777469,12.406712,exact_normalised,122,31.436311475409823,21.816639344262285,25.802786885245897,24.14729508196722,0.7335245901639345,1432.9200000000003,242.54000000000002,649.0776999999994,73.62778688524583,94.24278688524598,1927.9399999999996,9.619672131147539,1190.3800000000003,0.7432388974760629,0.3366690353434233,4.709530201312334
Rice,IND_KARNATAKA_KOLAR,Karnataka,KOLAR,2013,Kharif,1.709963,3278.0,1917.0,0.00185198,78.192771,13.111229,exact_normalised,183,27.824808743169395,19.157923497267763,22.878961748633873,22.381540983606552,3.7227322404371623,668.1499999999995,556.1999999999999,894.9906999999996,80.29289617486339,92.00896174863385,2356.8499999999985,8.666885245901632,111.94999999999959,0.28349279759000356,0.37974020408596226,7.559038255443384
Rice,IND_KARNATAKA_KOLAR,Karnataka,KOLAR,2013,Summer,3.383333,203.0,60.0,0.00022725,78.192771,13.111229,exact_normalised,122,33.55532786885247,20.94483606557377,26.777131147540977,20.244790163934425,3.393852459016395,210.64999999999998,144.57000000000002,748.9645000000006,58.23377049180328,92.04647540983608,2046.8099999999997,12.610491803278702,66.07999999999996,0.1029162452792394,0.36591794060025146,4.110873864173311
Rice,IND_KARNATAKA_KOPPAL,Karnataka,KOPPAL,2013,Kharif,3.374409,134099.0,39740.0,0.03839202,76.159107,15.65316,exact_normalised,183,30.547595628415287,20.842076502732255,24.904754098360655,23.693440983606553,4.127759562841531,403.9099999999999,422.65999999999985,873.9252000000005,75.0278142076503,94.61912568306009,2727.5699999999993,9.705519125683033,-18.749999999999943,0.1480841921563883,0.3204043159295639,10.590138679352371
Rice,IND_KARNATAKA_KOPPAL,Karnataka,KOPPAL,2013,Summer,3.568199,128944.0,36137.0,0.13686806,76.159107,15.65316,exact_normalised,122,35.84508196721311,22.844262295081982,29.02008196721311,20.20462131147541,3.444016393442622,222.02000000000004,174.52,765.5256000000002,51.87057377049179,94.61311475409833,2320.4500000000003,13.00081967213113,47.50000000000003,0.0956797172962141,0.32990394104591786,10.495100222271777
Rice,IND_KARNATAKA_MANDYA,Karnataka,MANDYA,2013,Kharif,3.500755,183107.0,52305.0,0.05053081,76.815323,12.58214,exact_normalised,183,27.667213114754105,19.406939890710376,22.950765027322404,23.149496721311472,3.2498360655737684,777.41,618.2400000000004,844.7274000000002,82.57710382513655,92.90087431693985,2369.9899999999993,8.260273224043729,159.16999999999962,0.3280224811075153,0.3564265672007057,10.864866366226208
Rice,IND_KARNATAKA_MANDYA,Karnataka,MANDYA,2013,Rabi,3.616915,5089.0,1407.0,0.03440434,76.815323,12.58214,exact_normalised,181,33.572430939226486,18.826850828729278,25.6149723756906,17.439508287292824,2.0755248618784523,96.57000000000004,175.03999999999996,1063.3787,53.62779005524865,93.13132596685087,2826.309999999999,14.745580110497208,-78.46999999999993,0.034168226415361394,0.3762427688399363,7.249925536717988
Rice,IND_KARNATAKA_MANDYA,Karnataka,MANDYA,2013,Summer,3.440897,40957.0,11903.0,0.04508234,76.815323,12.58214,exact_normalised,122,33.60950819672131,21.7994262295082,27.315819672131152,20.827672131147544,2.671803278688524,303.1999999999999,186.07,709.1709999999997,58.936967213114755,92.896475409836,2112.530000000001,11.810081967213108,117.12999999999988,0.1435245889999194,0.3356974812192013,9.384629757072872
Rice,IND_KARNATAKA_RAICHUR,Karnataka,RAICHUR,2013,Kharif,3.230947,347511.0,107557.0,0.10390866,76.856624,16.041451,exact_normalised,183,31.34158469945356,21.466393442622948,25.790437158469928,24.458017486338804,3.6861202185792354,482.3499999999999,468.28999999999996,885.5092000000002,73.61032786885245,95.8946994535519,2889.6499999999974,9.875191256830611,14.059999999999945,0.16692332981502964,0.30644167978820996,11.585785515936962
Rice,IND_KARNATAKA_RAICHUR,Karnataka,RAICHUR,2013,Summer,3.184395,225452.0,70799.0,0.26814959,76.856624,16.041451,exact_normalised,122,37.73057377049184,24.255655737704924,30.794836065573776,19.52101639344263,3.465983606557377,146.83,132.27999999999997,763.7297999999997,45.23622950819673,95.86836065573775,2536.97,13.474918032786913,14.55000000000004,0.05787612782177165,0.3010401384328549,11.16761427968181
Rice,IND_KARNATAKA_RAMANAGARA,Karnataka,RAMANAGARA,2013,Kharif,2.618117,13931.0,5321.0,0.00514051,77.313748,12.727066,exact_normalised,183,28.0991256830601,19.43584699453553,23.167049180327876,22.965949726775964,3.2593989071038245,648.9699999999999,574.4,876.3561999999995,80.90349726775958,92.82978142076502,2409.5700000000006,8.66327868852457,74.56999999999994,0.2693302124445439,0.36369817021294226,8.579604451537634
Rice,IND_KARNATAKA_RAMANAGARA,Karnataka,RAMANAGARA,2013,Summer,1.853828,799.0,431.0,0.0016324,77.313748,12.727066,exact_normalised,122,33.90565573770492,21.656639344262302,27.415327868852458,20.344820491803276,2.920737704918034,235.69,153.01000000000005,727.7926,57.01844262295081,92.83540983606552,2124.6700000000005,12.249016393442616,82.67999999999995,0.1109301679790273,0.34254383033600505,6.068425588244111
Rice,IND_KARNATAKA_UDUPI,Karnataka,UDUPI,2013,Kharif,2.695139,120373.0,44663.0,0.04314803,74.873401,13.413125,exact_normalised,183,26.728415300546455,22.719508196721304,24.42983606557377,26.86513278688525,2.049781420765028,3705.1300000000015,813.0499999999998,808.3369999999996,87.75076502732244,96.79032786885244,2640.6600000000003,4.008907103825152,2892.0800000000017,1.4031075564442226,0.3061117296433466,10.706923086990196
Rice,IND_KARNATAKA_UDUPI,Karnataka,UDUPI,2013,Rabi,2.525059,17231.0,6824.0,0.16686228,74.873401,13.413125,exact_normalised,181,30.9495580110497,21.301491712707186,25.60806629834254,22.403919337016564,1.4155801104972368,167.61999999999998,528.7300000000002,1060.9783,68.14392265193372,96.97237569060772,2825.0599999999995,9.648066298342513,-361.11000000000024,0.05933325309904922,0.375559563336708,8.82834762005316
Rice,IND_KARNATAKA_UDUPI,Karnataka,UDUPI,2013,Summer,2.645455,291.0,110.0,0.00041662,74.873401,13.413125,exact_normalised,122,31.442786885245905,24.016311475409836,27.09106557377048,25.906732786885243,1.919180327868852,1285.4499999999998,258.71999999999997,691.5685,72.84942622950823,96.78786885245901,2085.1099999999997,7.426475409836069,1026.7299999999998,0.6164902571087377,0.33167003179688365,4.709530201312334
Rice,IND_KARNATAKA_UTTARAKANNADA,Karnataka,UTTARA KANNADA,2013,Kharif,2.43105,163211.0,67136.0,0.06485874,74.525531,14.70572,exact_normalised,183,27.6591256830601,24.420546448087407,25.82885245901638,28.50201256830602,2.7814754098360663,2724.4000000000005,884.3300000000002,791.8170999999999,85.59972677595626,98.94327868852454,2896.680000000001,3.2385792349726934,1840.0700000000004,0.9405250148445805,0.27335332173384685,11.114490586783264
Rice,IND_KARNATAKA_UTTARAKANNADA,Karnataka,UTTARA KANNADA,2013,Rabi,2.694826,4115.0,1527.0,0.03733862,74.525531,14.70572,exact_normalised,181,30.678342541436454,23.20049723756906,26.527624309392266,23.818370718232046,2.0485082872928175,109.12000000000002,618.7800000000001,1078.6915999999994,68.53751381215473,99.1847513812155,2991.500000000001,7.477845303867394,-509.6600000000001,0.03647668393782383,0.3605855256560251,7.331714969726466
Rice,IND_KARNATAKA_UTTARAKANNADA,Karnataka,UTTARA KANNADA,2013,Summer,2.301843,2997.0,1302.0,0.0049313,74.525531,14.70572,exact_normalised,122,31.048196721311484,25.55491803278689,27.823688524590175,27.74113770491803,2.4831147540983602,882.4500000000002,293.65,718.187,74.36672131147542,98.9530327868853,2174.49,5.493278688524594,588.8000000000002,0.4058192955589588,0.330278364122162,7.172424577124845
Rice,IND_TAMILNADU_ARIYALUR,Tamil Nadu,ARIYALUR,2013,Kharif,5.38765,131658.0,24437.0,0.01416038,79.210178,11.196697,exact_normalised,183,33.54612021857924,24.924535519125676,28.73661202185791,26.97414426229507,3.298360655737707,589.8199999999998,434.45999999999987,938.6892999999999,69.11508196721309,100.25830601092899,3428.7999999999993,8.621584699453564,155.35999999999996,0.1720193653756416,0.2737661280914606,10.103894576876467
Rice,IND_TAMILNADU_COIMBATORE,Tamil Nadu,COIMBATORE,2013,Kharif,4.698332,10139.0,2158.0,0.00125049,76.942425,10.900215,exact_normalised,183,27.602404371584704,20.6051912568306,23.485901639344263,24.690645901639336,2.7216393442622966,881.3499999999999,627.2699999999998,794.4331999999999,85.33579234972674,94.82590163934422,2467.92,6.9972131147541035,254.08000000000015,0.3571225971668449,0.3219039515057214,7.677400430514807
Rice,IND_TAMILNADU_CUDDALORE,Tamil Nadu,CUDDALORE,2013,Kharif,4.439424,565960.0,127485.0,0.07387309,79.398376,11.549058,exact_normalised,183,33.30513661202187,24.543005464480892,28.444808743169393,27.244009289617495,2.9299999999999997,661.7399999999998,502.08000000000004,938.6892999999999,70.90256830601093,100.03595628415297,3375.4000000000005,8.762131147540977,159.65999999999974,0.19604787580731162,0.2780972032944243,11.755761833630157
Rice,IND_TAMILNADU_DHARMAPURI,Tamil Nadu,DHARMAPURI,2013,Kharif,4.965904,132535.0,26689.0,0.01546534,78.208849,12.106543,exact_normalised,183,30.430163934426222,21.015191256830605,25.166612021857933,24.261599453551913,2.5583060109289635,662.34,549.27,896.9157999999992,76.06382513661202,95.36721311475411,2775.4900000000007,9.414972677595618,113.07000000000005,0.23863894303348232,0.3231558391491228,10.19204424239857
Rice,IND_TAMILNADU_DINDIGUL,Tamil Nadu,DINDIGUL,2013,Kharif,6.083609,25758.0,4234.0,0.00245345,77.770431,10.376407,exact_normalised,183,30.016338797814207,21.146065573770485,24.820765027322413,23.536645355191247,3.6627322404371587,495.86,396.58,919.4720000000003,75.15551912568304,95.06191256830608,2712.199999999999,8.870273224043721,99.28000000000003,0.1828257503133988,0.33901334709829684,8.351138607086154
Rice,IND_TAMILNADU_ERODE,Tamil Nadu,ERODE,2013,Kharif,5.277639,163021.0,30889.0,0.01789909,77.349132,11.479934,exact_normalised,183,31.67016393442621,21.750109289617495,25.9620218579235,23.969743715846995,2.088306010928962,486.40000000000003,424.47999999999996,911.3717000000001,71.67229508196725,96.09770491803275,2921.050000000001,9.920054644808715,61.92000000000007,0.166515465329248,0.31200140360486806,10.338187785912627
Rice,IND_TAMILNADU_KANNIYAKUMARI,Tamil Nadu,KANNIYAKUMARI,2013,Kharif,4.89779,66703.0,13619.0,0.00789173,77.370026,8.292621,exact_normalised,183,28.891202185792366,22.588633879781433,25.147978142076482,26.884357923497276,3.5758469945355165,745.9899999999998,515.79,895.0154999999999,84.16846994535518,97.96590163934431,2772.0800000000004,6.302568306010933,230.19999999999982,0.26910839514011126,0.3228678465267957,9.519294579703503
Rice,IND_TAMILNADU_KARUR,Tamil Nadu,KARUR,2013,Kharif,5.562913,69898.0,12565.0,0.00728098,78.090802,10.786735,exact_normalised,183,32.900218579234966,22.932240437158466,27.22890710382513,25.38373169398907,3.271311475409835,496.4800000000001,401.37999999999994,981.0416000000005,70.56240437158472,98.30054644808742,3152.890000000001,9.9679781420765,95.10000000000014,0.15746822756264886,0.31115630421613194,9.438750032962892
Rice,IND_TAMILNADU_KRISHNAGIRI,Tamil Nadu,KRISHNAGIRI,2013,Kharif,4.827767,143404.0,29704.0,0.01721243,78.043393,12.472753,exact_normalised,183,28.993879781420766,20.020710382513652,23.915573770491818,23.43151639344262,3.336284153005464,690.3999999999999,575.5799999999998,896.9157999999992,79.02437158469947,93.73797814207651,2546.5499999999993,8.973169398907114,114.82000000000005,0.2711118964874045,0.35220820325538454,10.299070660789841
Rice,IND_TAMILNADU_MADURAI,Tamil Nadu,MADURAI,2013,Kharif,4.649115,163965.0,35268.0,0.02043657,78.006559,9.898005,exact_normalised,183,33.536830601092895,23.572131147540997,27.907103825136602,24.539153005464485,2.520928961748635,455.88999999999993,357.28000000000003,989.5932999999995,65.92431693989067,98.28863387978134,3277.000000000001,9.964699453551898,98.6099999999999,0.1391180958193469,0.3019814769606345,10.470759670120469
Rice,IND_TAMILNADU_NAMAKKAL,Tamil Nadu,NAMAKKAL,2013,Kharif,5.553704,50983.0,9180.0,0.00531949,78.154921,11.347699,exact_normalised,183,32.17016393442622,22.157213114754096,26.56071038251367,24.980343715846985,2.5518032786885256,577.3699999999999,478.3000000000003,927.1126999999996,72.24863387978144,97.17650273224045,3030.6100000000015,10.012950819672124,99.0699999999996,0.1905128010532532,0.30591620168876865,9.1248914101437
Rice,IND_TAMILNADU_PERAMBALUR,Tamil Nadu,PERAMBALUR,2013,Kharif,5.040139,36163.0,7175.0,0.00415766,78.858963,11.25245,exact_normalised,183,32.18775956284154,22.551639344262295,26.7856830601093,25.220109289617486,2.826612021857922,602.2699999999998,480.4700000000001,927.1126999999996,72.15972677595626,97.44994535519126,3071.780000000001,9.636120218579247,121.79999999999967,0.1960654734388529,0.30181611313310175,8.878497403738631
Rice,IND_TAMILNADU_PUDUKKOTTAI,Tamil Nadu,PUDUKKOTTAI,2013,Kharif,1.650264,119895.0,72652.0,0.04209929,78.872829,10.352982,exact_normalised,183,33.99284153005464,24.357978142076497,28.581366120218558,25.74558415300549,3.1140437158469947,469.47,363.42999999999995,981.0416000000005,66.56863387978142,99.63754098360653,3400.389999999999,9.634863387978143,106.04000000000008,0.13806357506050781,0.28850855343063614,11.193449962020603
Rice,IND_TAMILNADU_RAMANATHAPURAM,Tamil Nadu,RAMANATHAPURAM,2013,Kharif,0.295075,33928.0,114981.0,0.06662746,78.817623,9.423787,exact_normalised,183,33.21284153005465,25.770491803278674,29.044918032786885,27.208346448087415,4.047868852459018,388.57999999999987,291.9300000000002,989.5932999999995,68.14207650273224,100.45398907103822,3485.22,7.442349726775973,96.6499999999997,0.11149367902169731,0.28393998083334754,11.65253087335545
Rice,IND_TAMILNADU_SALEM,Tamil Nadu,SALEM,2013,Kharif,4.816955,97052.0,20148.0,0.01167506,78.256113,11.628258,exact_normalised,183,32.17016393442622,22.157213114754096,26.56071038251367,24.980343715846985,2.5518032786885256,577.3699999999999,478.3000000000003,927.1126999999996,72.24863387978144,97.17650273224045,3030.6100000000015,10.012950819672124,99.0699999999996,0.1905128010532532,0.30591620168876865,9.910909938351766
Rice,IND_TAMILNADU_SIVAGANGA,Tamil Nadu,SIVAGANGA,2013,Kharif,0.704142,46084.0,65447.0,0.03792424,78.568693,9.944223,exact_normalised,183,34.16284153005463,24.967650273224045,29.035464480874317,25.82280546448088,2.9498360655737708,432.62999999999994,333.3800000000001,989.5932999999995,65.15907103825138,99.87043715846993,3483.489999999998,9.195191256830583,99.24999999999983,0.12419441422251827,0.2840809934864174,11.089011213193535
Rice,IND_TAMILNADU_THANJAVUR,Tamil Nadu,THANJAVUR,2013,Kharif,4.970339,831483.0,167289.0,0.09693811,79.260887,10.579191,exact_normalised,183,33.21612021857921,25.775737704918022,29.068852459016387,27.253553005464475,3.5478688524590134,531.7899999999998,384.9299999999999,969.5401999999998,68.43688524590165,100.43633879781424,3489.599999999999,7.440382513661191,146.85999999999996,0.1523928243924805,0.2778370586886749,12.027484112325327
Rice,IND_TAMILNADU_THENILGIRIS,Tamil Nadu,THE NILGIRIS,2013,Kharif,4.329268,1420.0,328.0,0.00019006,76.648605,11.435308,exact_normalised,183,27.080491803278687,19.225683060109294,22.46360655737704,22.66044371584699,2.634644808743168,761.6800000000002,558.7400000000001,788.7692000000002,83.31327868852456,92.17918032786886,2280.8400000000015,7.854808743169393,202.94000000000005,0.33394714228091393,0.34582399466863073,5.796057750765372
Rice,IND_TAMILNADU_THENI,Tamil Nadu,THENI,2013,Kharif,4.065365,50813.0,12499.0,0.00724273,77.429172,9.916685,exact_normalised,183,28.49573770491805,19.780819672131148,23.41420765027322,22.33363333333334,2.2988524590163943,639.1799999999997,490.81999999999994,855.3769000000001,77.60928961748635,92.99655737704916,2454.7999999999997,8.714918032786901,148.3599999999998,0.2603796643311063,0.3484507495518984,9.433483923290392
Rice,IND_TAMILNADU_THIRUVALLUR,Tamil Nadu,THIRUVALLUR,2013,Kharif,4.711845,451522.0,95827.0,0.05552839,79.941464,13.24923,exact_normalised,183,31.69142076502733,24.94803278688525,27.97459016393442,28.49722732240437,3.1445901639344256,871.5600000000006,589.0400000000002,888.3038999999999,75.80027322404369,100.0898360655738,3289.349999999999,6.743387978142081,282.52000000000044,0.26496420265402004,0.27005453965069093,11.47031019682888
Rice,IND_TAMILNADU_THIRUVARUR,Tamil Nadu,THIRUVARUR,2013,Kharif,4.705837,820538.0,174366.0,0.10103898,79.587842,10.561873,exact_normalised,183,33.21612021857921,25.775737704918022,29.068852459016387,27.253553005464475,3.5478688524590134,531.7899999999998,384.9299999999999,969.5401999999998,68.43688524590165,100.43633879781424,3489.599999999999,7.440382513661191,146.85999999999996,0.1523928243924805,0.2778370586886749,12.068917552369133
Rice,IND_TAMILNADU_TIRUCHIRAPPALLI,Tamil Nadu,TIRUCHIRAPPALLI,2013,Kharif,4.716587,226632.0,48050.0,0.02784329,78.555677,10.845397,exact_normalised,183,33.29065573770492,23.526284153005452,27.790327868852458,25.756890163934422,3.2249726775956287,522.0799999999997,413.2599999999999,981.0416000000005,69.52836065573767,98.88404371584694,3255.63,9.764371584699465,108.81999999999982,0.16036220332163043,0.301336945537423,10.780018225836406
Rice,IND_TAMILNADU_TIRUNELVELI,Tamil Nadu,TIRUNELVELI,2013,Kharif,5.828326,362994.0,62281.0,0.03608965,77.568767,8.838215,exact_normalised,183,29.4268306010929,22.120546448087428,25.148032786885253,26.661585245901634,3.10896174863388,763.0100000000002,549.2099999999999,895.0154999999999,83.44786885245904,98.04628415300537,2772.090000000002,7.306284153005471,213.8000000000003,0.27524719615885473,0.3228666818176896,11.039427738470215
Rice,IND_TAMILNADU_TIRUPPUR,Tamil Nadu,TIRUPPUR,2013,Kharif,5.77513,43377.0,7511.0,0.00435236,77.334294,10.83475,exact_normalised,183,32.216612021857905,22.64081967213115,26.646448087431693,24.94729890710382,3.588688524590167,432.63,370.5999999999999,919.4720000000003,71.56087431693993,97.57207650273222,3046.299999999999,9.575792349726754,62.030000000000086,0.1420181859961265,0.301832386829925,8.9242570208881
Rice,IND_TAMILNADU_TIRUVANNAMALAI,Tamil Nadu,TIRUVANNAMALAI,2013,Kharif,4.349809,359403.0,82625.0,0.04787829,79.247289,12.432454,exact_normalised,183,32.19065573770491,23.17480874316941,27.125901639344267,26.77459672131148,2.5908196721311465,760.6899999999999,600.5900000000003,921.4517999999996,75.0284153005464,98.83879781420757,3134.0399999999986,9.015846994535497,160.09999999999968,0.24271866345037085,0.29401405214994064,11.32207967995518
Rice,IND_TAMILNADU_VELLORE,Tamil Nadu,VELLORE,2013,Kharif,4.889905,192496.0,39366.0,0.02281122,79.042643,12.783542,exact_normalised,183,29.75907103825136,20.791639344262276,24.693661202185794,23.978453005464473,3.1750273224043726,688.29,591.58,921.4517999999996,77.33983606557378,94.7589617486339,2688.939999999999,8.967431693989084,96.70999999999992,0.25597075427491883,0.34268217215705815,10.580683180882003
Rice,IND_TELANGANA_ADILABAD,Telangana,ADILABAD,2013,Kharif,2.6763,175303.0,65502.0,0.05616059,78.785443,19.287834,exact_normalised,183,29.07945355191257,21.702622950819666,25.005081967213123,26.58569890710382,2.547377049180327,1258.24,757.1500000000007,756.3381999999999,83.50781420765024,96.76830601092897,2745.929999999998,7.376830601092905,501.08999999999935,0.45821998375778,0.27543972351807966,11.089851222101203
Rice,IND_TELANGANA_ADILABAD,Telangana,ADILABAD,2013,Rabi,2.921996,73608.0,25191.0,0.03042013,78.785443,19.287834,exact_normalised,181,33.68480662983426,18.818176795580115,25.77502762430939,14.651540883977905,1.8528176795580118,75.87000000000002,208.21,961.0306999999995,46.27845303867402,97.34099447513813,2855.2799999999997,14.866629834254148,-132.33999999999997,0.02657182482978903,0.3365801952873272,10.13428176278086
Rice,IND_TELANGANA_KARIMNAGAR,Telangana,KARIMNAGAR,2013,Kharif,3.495001,732042.0,209454.0,0.17958321,79.416208,18.512553,exact_normalised,183,29.70857923497269,22.15371584699453,25.580983606557364,27.16987923497268,2.4610382513661175,1139.519999999999,724.4699999999998,805.8609,82.55704918032791,97.69393442622957,2851.320000000001,7.554863387978159,415.0499999999993,0.39964647952527205,0.2826273094566726,12.252264198136082
Rice,IND_TELANGANA_KARIMNAGAR,Telangana,KARIMNAGAR,2013,Rabi,3.688,768793.0,208458.0,0.25172956,79.416208,18.512553,exact_normalised,181,34.44104972375688,19.460607734806626,26.502154696132592,16.558919337016587,1.8704972375690612,90.16999999999999,186.49,961.792,49.196795580110454,98.26359116022093,2986.8900000000003,14.980441988950258,-96.32000000000002,0.030188590808499803,0.32200449296760175,12.247497658198434
Rice,IND_TELANGANA_KHAMMAM,Telangana,KHAMMAM,2013,Kharif,2.920002,432575.0,148142.0,0.12701507,80.659158,17.648369,exact_normalised,183,30.057431693989052,22.835519125683053,26.12491803278688,28.184172677595626,2.1721857923497274,1215.7199999999996,722.04,812.6286999999998,83.14464480874322,98.71355191256832,2950.8600000000006,7.221912568305999,493.6799999999996,0.4119883694922834,0.2753870735988829,11.90593330247604
Rice,IND_TELANGANA_KHAMMAM,Telangana,KHAMMAM,2013,Rabi,3.269992,142709.0,43642.0,0.05270117,80.659158,17.648369,exact_normalised,181,33.50160220994475,19.18944751381216,25.831602209944762,21.000544198895028,1.8068508287292815,193.34999999999994,326.21999999999986,970.6387999999997,64.10602209944757,99.32353591160224,2865.519999999999,14.312154696132591,-132.86999999999992,0.06747466428431838,0.33873042240151874,10.683798181855538
Rice,IND_TELANGANA_MAHBUBNAGAR,Telangana,MAHBUBNAGAR,2013,Kharif,2.90678,301561.0,103744.0,0.08894879,78.000858,16.644927,exact_normalised,183,29.681366120218563,21.234207650273227,24.979890710382524,25.067426775956307,3.1997814207650284,740.5799999999998,607.56,862.0850000000007,79.1291803278688,95.74278688524586,2741.319999999999,8.447158469945336,133.01999999999987,0.2701545240978799,0.31447806166372444,11.549691244160552
Rice,IND_TELANGANA_MAHBUBNAGAR,Telangana,MAHBUBNAGAR,2013,Rabi,2.730003,177139.0,64886.0,0.07835499,78.000858,16.644927,exact_normalised,181,34.35414364640885,19.155193370165755,26.2928729281768,17.142019889502766,2.395248618784531,98.19999999999997,130.07,995.1759999999996,50.906629834254126,96.19320441988951,2949.01,15.198950276243096,-31.87000000000002,0.033299310616105054,0.33746104624941914,11.080402574461411
Rice,IND_TELANGANA_MEDAK,Telangana,MEDAK,2013,Kharif,3.626552,393985.0,108639.0,0.0931457,78.103674,17.887066,exact_normalised,183,28.56890710382515,20.79508196721313,24.218797814207655,25.08726174863388,2.913005464480874,992.7499999999998,712.3199999999999,846.2038000000008,82.63983606557376,94.93038251366126,2602.0400000000004,7.773825136612022,280.42999999999984,0.3815275706753161,0.3252078369279491,11.595794942792523
Rice,IND_TELANGANA_MEDAK,Telangana,MEDAK,2013,Rabi,3.697999,230500.0,62331.0,0.07526962,78.103674,17.887066,exact_normalised,181,33.65342541436463,18.92668508287292,25.838121546961347,15.122346961325965,2.2865193370165744,98.82000000000001,163.62999999999994,977.6723999999996,46.30325966850828,95.4097790055249,2866.7000000000003,14.726740331491708,-64.80999999999993,0.0344716921896257,0.3410445459936511,11.040230216565504
Rice,IND_TELANGANA_NALGONDA,Telangana,NALGONDA,2013,Kharif,2.842001,546190.0,192185.0,0.16477698,79.1666,17.113957,exact_normalised,183,30.669836065573765,22.702896174863405,26.285628415300533,26.909400546448097,2.7849180327868837,942.8299999999997,659.05,839.6473999999996,78.76245901639342,98.11491803278686,2980.27,7.966939890710361,283.77999999999975,0.3163572428001489,0.28173534612635753,12.166218932074466
Rice,IND_TELANGANA_NALGONDA,Telangana,NALGONDA,2013,Rabi,3.270002,659095.0,201558.0,0.24339726,79.1666,17.113957,exact_normalised,181,34.57243093922654,19.894419889502764,26.650607734806606,19.544037569060777,2.101657458563536,124.54,180.0899999999998,967.1209999999999,56.65392265193368,98.66839779005518,3013.7599999999998,14.678011049723779,-55.5499999999998,0.04132379486090466,0.3209017970906774,12.213837421480381
Rice,IND_TELANGANA_NIZAMABAD,Telangana,NIZAMABAD,2013,Kharif,4.085277,622200.0,152303.0,0.13058266,78.037692,18.417719,exact_normalised,183,28.93442622950819,21.233551912568306,24.637704918032792,25.767069945355193,2.729508196721312,1081.7400000000005,733.2900000000001,814.6996999999996,82.7287431693989,95.78983606557378,2678.700000000001,7.700874316939885,348.4500000000004,0.40383021614962483,0.30413995594878085,11.933633802491087
Rice,IND_TELANGANA_NIZAMABAD,Telangana,NIZAMABAD,2013,Rabi,3.889005,421992.0,108509.0,0.13103322,78.037692,18.417719,exact_normalised,181,34.239558011049745,19.368176795580116,26.320497237569068,14.768390607734814,2.1264640883977903,86.97999999999999,144.60999999999987,964.7731000000002,44.04314917127075,96.28756906077348,2954.0099999999998,14.87138121546963,-57.62999999999988,0.02944472090480398,0.3265977772587095,11.594597613614253
Rice,IND_TELANGANA_WARANGAL,Telangana,WARANGAL,2013,Kharif,3.147793,501478.0,159311.0,0.13659123,79.850573,17.980621,exact_normalised,183,29.75038251366121,22.383169398907114,25.7592349726776,27.49977978142075,2.2755737704918033,1144.9399999999996,712.9500000000002,839.6473999999996,82.79983606557379,98.01928961748644,2883.9399999999996,7.367213114754097,431.98999999999944,0.39700548555101695,0.2911459323009493,11.978619822627866
Rice,IND_TELANGANA_WARANGAL,Telangana,WARANGAL,2013,Rabi,3.129995,299046.0,95542.0,0.11537454,79.850573,17.980621,exact_normalised,181,33.985635359116024,19.15922651933702,26.162983425414346,18.572782320441988,1.8498895027624305,104.86000000000001,244.1200000000001,967.1209999999999,56.067458563535894,98.60392265193367,2925.500000000002,14.826408839779003,-139.26000000000008,0.03584344556486069,0.33058314817979806,11.467331686911509
Rice,IND_ANDHRAPRADESH_ANANTAPUR,Andhra Pradesh,ANANTAPUR,2014,Kharif,3.007988,68155.0,22658.0,0.01385877,77.464996,14.311236,exact_normalised,183,31.878961748633863,21.56989071038252,26.05245901639344,23.805903278688515,3.859726775956285,426.1399999999998,389.09999999999997,974.5717000000002,70.53387978142077,95.78879781420763,2937.6,10.309071038251343,37.03999999999985,0.1450639978213507,0.3317577954793029,10.028312402981557
Rice,IND_ANDHRAPRADESH_ANANTAPUR,Andhra Pradesh,ANANTAPUR,2014,Rabi,2.193957,14377.0,6553.0,0.00863334,77.464996,14.311236,exact_normalised,181,33.89386740331492,19.431878453038685,26.179116022099446,16.665327624309406,2.682983425414365,42.339999999999996,106.86000000000006,1044.6336000000003,50.833812154696126,96.11143646408837,2928.4200000000005,14.461988950276236,-64.52000000000007,0.014458308575955632,0.35672260126621186,8.787830829258759
Rice,IND_ANDHRAPRADESH_CHITTOOR,Andhra Pradesh,CHITTOOR,2014,Kharif,3.342002,44462.0,13304.0,0.0081374,78.939397,13.333205,exact_normalised,183,30.66918032786887,20.68792349726776,25.028797814207653,22.675772131147536,3.4008743169398907,479.7899999999999,420.3700000000002,953.0056999999998,71.7512568306011,93.89759562841527,2750.2700000000004,9.981256830601108,59.41999999999973,0.17445196289818812,0.3465135059466887,9.49589518341179
Rice,IND_ANDHRAPRADESH_CHITTOOR,Andhra Pradesh,CHITTOOR,2014,Rabi,3.180001,87962.0,27661.0,0.03644237,78.939397,13.333205,exact_normalised,181,31.735635359116035,17.813480662983423,23.955580110497248,18.158318232044195,2.5972928176795564,54.050000000000004,193.30000000000007,1005.3532999999999,62.66972375690607,94.253314917127,2525.9599999999996,13.922154696132612,-139.25000000000006,0.021397805190897724,0.3980084007664413,10.227814909184653
Rice,IND_ANDHRAPRADESH_EASTGODAVARI,Andhra Pradesh,EAST GODAVARI,2014,Kharif,3.015999,681833.0,226072.0,0.13827702,82.14393,17.060053,exact_normalised,183,32.51027322404374,24.432677595628412,27.97393442622952,28.405353005464487,2.3737158469945334,653.65,574.8900000000003,794.9174999999999,75.51322404371584,99.87213114754094,3289.2299999999996,8.077595628415331,78.75999999999965,0.19872432149773658,0.24167282312273694,12.328613234947852
Rice,IND_ANDHRAPRADESH_EASTGODAVARI,Andhra Pradesh,EAST GODAVARI,2014,Rabi,5.245,881396.0,168045.0,0.22139324,82.14393,17.060053,exact_normalised,181,32.42999999999999,20.671491712707176,25.89176795580111,22.867990055248626,1.9449171270718224,108.67000000000006,392.6399999999999,914.6201999999997,69.57530386740329,100.50944751381219,2876.41,11.758508287292816,-283.9699999999998,0.03777973237473102,0.3179728202863986,12.031993030430218
Rice,IND_ANDHRAPRADESH_GUNTUR,Andhra Pradesh,GUNTUR,2014,Kharif,3.912999,1000190.0,255607.0,0.15634211,80.143541,16.120193,exact_normalised,183,33.435191256830606,24.792732240437143,28.705027322404383,26.684451366120225,2.995136612021858,626.8099999999997,462.96,866.9159999999995,68.98617486338796,99.7969398907104,3423.0200000000004,8.642459016393463,163.84999999999974,0.18311607878423136,0.2532605710746649,12.451400299900255
Rice,IND_ANDHRAPRADESH_GUNTUR,Andhra Pradesh,GUNTUR,2014,Rabi,3.76299,111742.0,29695.0,0.03912209,80.143541,16.120193,exact_normalised,181,32.96309392265195,20.676353591160215,26.142375690607743,22.299961325966866,2.342541436464089,69.46000000000002,288.89,914.1626000000005,66.84458563535911,100.36027624309389,2921.77,12.286740331491735,-219.42999999999995,0.02377326072894171,0.3128797270147891,10.298767635585927
Rice,IND_ANDHRAPRADESH_KRISHNA,Andhra Pradesh,KRISHNA,2014,Kharif,3.354,788901.0,235212.0,0.1438675,80.888919,16.541648,exact_normalised,183,33.32322404371584,24.658852459016384,28.527704918032775,27.305551366120213,2.523169398907104,653.1000000000001,531.21,866.9159999999995,71.33928961748629,100.11382513661204,3390.5699999999997,8.664371584699456,121.8900000000001,0.19262247940611762,0.25568444243888183,12.368246765588006
Rice,IND_ANDHRAPRADESH_KRISHNA,Andhra Pradesh,KRISHNA,2014,Rabi,3.973008,209894.0,52830.0,0.06960163,80.888919,16.541648,exact_normalised,181,33.11237569060775,20.348287292817687,26.094530386740324,22.659237016574576,1.9411602209944747,94.38000000000001,362.91,914.1626000000005,68.31497237569064,100.7060220994475,2913.1100000000006,12.764088397790061,-268.53000000000003,0.03239836463435984,0.3138098458348639,10.874853418618248
Rice,IND_ANDHRAPRADESH_KURNOOL,Andhra Pradesh,KURNOOL,2014,Kharif,3.947996,361514.0,91569.0,0.05600821,77.878833,15.431734,exact_normalised,183,32.23491803278687,22.11923497267758,26.659562841530054,24.641266120218564,3.2025136612021847,566.2999999999996,498.9399999999999,960.5858999999998,70.96704918032789,96.85207650273225,3048.7000000000025,10.11568306010929,67.35999999999973,0.18575130383442096,0.31508049332502347,11.424858986101778
Rice,IND_ANDHRAPRADESH_KURNOOL,Andhra Pradesh,KURNOOL,2014,Rabi,3.547002,82748.0,23329.0,0.03073512,77.878833,15.431734,exact_normalised,181,33.97900552486189,19.07845303867404,25.990662983425395,17.91292707182321,2.343591160220995,52.88,161.42000000000002,1012.4394000000002,55.20060773480662,97.25790055248616,2894.3100000000004,14.900552486187848,-108.54000000000002,0.018270330406901816,0.34980337282461105,10.057495365015475
Rice,IND_ANDHRAPRADESH_PRAKASAM,Andhra Pradesh,PRAKASAM,2014,Kharif,3.833994,121783.0,31764.0,0.01942846,79.729919,15.616436,exact_normalised,183,32.91229508196722,25.8431693989071,29.096885245901653,27.435102185792335,3.7083606557377062,605.0899999999998,407.5000000000001,904.8629000000002,68.81918032786884,100.19125683060109,3494.7300000000005,7.069125683060122,197.5899999999997,0.17314356187745542,0.25892211987764435,10.366120333700634
Rice,IND_ANDHRAPRADESH_PRAKASAM,Andhra Pradesh,PRAKASAM,2014,Rabi,3.864007,284132.0,73533.0,0.09687708,79.729919,15.616436,exact_normalised,181,31.37756906077348,22.47082872928178,26.405193370165748,23.425301104972373,3.1083977900552466,83.54,278.1700000000001,926.8555999999995,68.31679558011047,100.75005524861878,2969.3399999999992,8.9067403314917,-194.63000000000005,0.028134198171984356,0.3121419574720307,11.205503163275468
Rice,IND_ANDHRAPRADESH_SRIKAKULAM,Andhra Pradesh,SRIKAKULAM,2014,Kharif,2.115999,434806.0,205485.0,0.12568497,84.07575,18.697258,exact_normalised,183,29.77612021857923,26.31693989071037,27.940437158469926,30.39258633879783,3.7972131147540997,1095.4999999999998,667.5900000000003,800.0312999999999,80.11497267759562,99.88071038251363,3283.1000000000004,3.459180327868861,427.9099999999995,0.3336785355304437,0.2436816728092351,12.233133184077028
Rice,IND_ANDHRAPRADESH_SRIKAKULAM,Andhra Pradesh,SRIKAKULAM,2014,Rabi,2.720085,12866.0,4730.0,0.0062316,84.07575,18.697258,exact_normalised,181,28.587679558011043,23.145082872928175,25.624198895027632,23.239913812154697,3.2837569060773486,86.32000000000002,431.69000000000034,905.2847999999998,70.14729281767951,100.61011049723757,2827.980000000001,5.442596685082869,-345.37000000000035,0.030523553914808446,0.3201171153968555,8.461891875631148
Rice,IND_ANDHRAPRADESH_VIZIANAGARAM,Andhra Pradesh,VIZIANAGARAM,2014,Kharif,2.637999,314526.0,119229.0,0.07292646,83.359673,18.506317,exact_normalised,183,28.53765027322406,21.055464480874324,24.396721311475392,25.128995628415307,2.267431693989071,1292.61,721.6000000000003,798.6349000000002,81.8834972677596,94.42693989071037,2634.599999999997,7.4821857923497355,571.0099999999996,0.49062855841494013,0.3031332650117669,11.688809679800178
Rice,IND_ANDHRAPRADESH_VIZIANAGARAM,Andhra Pradesh,VIZIANAGARAM,2014,Rabi,3.232033,17314.0,5357.0,0.00705765,83.359673,18.506317,exact_normalised,181,29.407624309392265,17.209447513812165,22.670552486187844,17.38199944751381,1.4806077348066295,116.98,427.45,899.9112000000006,66.12574585635359,95.04287292817679,2293.370000000001,12.1981767955801,-310.46999999999997,0.05100790539686137,0.39239686574778615,8.586346050104554
Rice,IND_ANDHRAPRADESH_WESTGODAVARI,Andhra Pradesh,WEST GODAVARI,2014,Kharif,3.168001,733313.0,231475.0,0.14158176,81.315692,16.847574,exact_normalised,183,32.464043715847005,23.931693989071032,27.701038251366096,27.592301092896175,2.2398360655737712,670.8899999999998,580.94,864.9648000000001,74.91038251366122,99.39983606557374,3239.2899999999995,8.532349726775973,89.9499999999997,0.20711020007470768,0.26702295873478454,12.35223147542788
Rice,IND_ANDHRAPRADESH_WESTGODAVARI,Andhra Pradesh,WEST GODAVARI,2014,Rabi,5.011,891011.0,177811.0,0.2342596,81.315692,16.847574,exact_normalised,181,32.91961325966851,19.80038674033149,25.747679558011054,22.115791160220994,1.738232044198895,107.02000000000004,358.0099999999997,925.1874000000003,68.16988950276242,100.00546961325969,2850.3299999999995,13.119226519337019,-250.98999999999967,0.03754652970006984,0.3245895738388188,12.088482091348043
Rice,IND_KARNATAKA_BANGALORERURAL,Karnataka,BANGALORE RURAL,2014,Kharif,3.5,2093.0,598.0,0.00059799,77.614728,13.177348,exact_normalised,183,28.957595628415316,18.985792349726786,23.213278688524582,21.64418907103826,3.4413114754098335,504.41999999999985,445.5299999999999,960.7505,75.89316939890709,91.60950819672134,2418.030000000001,9.97180327868853,58.88999999999993,0.20860783364970642,0.39732778336083485,6.395261598115449
Rice,IND_KARNATAKA_BANGALORERURAL,Karnataka,BANGALORE RURAL,2014,Summer,3.061224,150.0,49.0,0.000176,77.614728,13.177348,exact_normalised,122,34.270245901639335,20.70368852459016,27.136885245901638,18.641203278688515,3.0236885245901637,185.85,133.12,786.0758000000002,52.66499999999999,91.62713114754101,2090.699999999999,13.566557377049175,52.72999999999999,0.08889367197589329,0.37598689434160837,3.912023005428146
Rice,IND_KARNATAKA_BIDAR,Karnataka,BIDAR,2014,Kharif,0.96413,1989.0,2063.0,0.00206295,77.219591,17.954256,exact_normalised,183,31.942459016393435,21.10267759562842,25.96672131147541,22.780217486338795,2.9689617486338786,602.4199999999997,540.1799999999997,923.0514,68.08786885245898,94.61704918032788,2921.9100000000008,10.839781420765014,62.24000000000001,0.20617335920682006,0.3159068554472929,7.6324011266014535
Rice,IND_KARNATAKA_CHITRADURGA,Karnataka,CHITRADURGA,2014,Kharif,2.267176,2376.0,1048.0,0.00104797,76.575818,14.279313,exact_normalised,183,30.518852459016383,20.71005464480874,24.868196721311485,23.486315846994543,3.974480874316938,485.1599999999999,461.53,946.3358000000001,74.45338797814205,94.56956284153001,2720.8799999999987,9.808797814207644,23.62999999999994,0.17830995854282444,0.34780504836670506,6.955592608396297
Rice,IND_KARNATAKA_CHITRADURGA,Karnataka,CHITRADURGA,2014,Rabi,2.30597,927.0,402.0,0.00835828,76.575818,14.279313,exact_normalised,181,33.373038674033154,18.805856353591157,25.593093922651935,16.00272486187845,2.58657458563536,61.93999999999999,105.57000000000002,1051.5905999999998,49.833370165745876,94.85436464088397,2822.350000000001,14.567182320441997,-43.63000000000003,0.02194625046503799,0.3725939731075166,5.998936561946683
Rice,IND_KARNATAKA_CHITRADURGA,Karnataka,CHITRADURGA,2014,Summer,1.930435,1110.0,575.0,0.00206527,76.575818,14.279313,exact_normalised,122,35.30114754098361,22.658442622950812,28.616639344262307,20.224035245901636,3.171147540983606,240.01,207.89999999999998,781.9445000000002,52.65155737704918,94.568606557377,2271.23,12.642704918032795,32.110000000000014,0.10567401804308678,0.344282393240667,6.3561076606958915
Rice,IND_KARNATAKA_DAKSHINAKANNADA,Karnataka,DAKSHINA KANNADA,2014,Kharif,2.629601,78228.0,29749.0,0.02974826,75.204445,12.828777,exact_normalised,183,28.206010928961756,24.377595628415303,26.077213114754112,28.881526229508196,2.202021857923498,3748.730000000001,788.2699999999999,789.5521000000001,85.45939890710387,99.07475409836067,2942.130000000001,3.828415300546453,2960.460000000001,1.2741551189104492,0.26836071145734547,10.300584410973777
Rice,IND_KARNATAKA_DAKSHINAKANNADA,Karnataka,DAKSHINA KANNADA,2014,Rabi,2.447222,51979.0,21240.0,0.44161677,75.204445,12.828777,exact_normalised,181,31.724972375690605,23.56928176795581,27.226464088397794,24.141835911602215,1.6328176795580098,122.79000000000006,413.33000000000004,1029.8002,66.75773480662986,99.22773480662985,3117.9900000000002,8.155690607734794,-290.53999999999996,0.03938113977273822,0.33027694123457735,9.963688555226884
Rice,IND_KARNATAKA_DAKSHINAKANNADA,Karnataka,DAKSHINA KANNADA,2014,Summer,2.071324,2817.0,1360.0,0.00488481,75.204445,12.828777,exact_normalised,122,32.38877049180327,25.865737704918036,28.594918032786893,28.104463114754097,2.0447540983606554,822.9000000000001,255.41000000000003,688.8761,72.22245901639344,99.05360655737704,2268.58,6.523032786885235,567.49,0.36273792416401457,0.30365960204180587,7.215975002651466
Rice,IND_KARNATAKA_DHARWAD,Karnataka,DHARWAD,2014,Kharif,1.585531,32589.0,20554.0,0.02055349,75.127326,15.336898,exact_normalised,183,28.45896174863389,20.252732240437155,23.732240437158474,24.122912021857925,3.2336065573770503,978.9399999999997,699.6100000000001,902.3402999999998,81.76147540983608,93.8755737704918,2512.999999999998,8.206229508196735,279.3299999999996,0.3895503382411462,0.3590689614007165,9.930859499331978
Rice,IND_KARNATAKA_DHARWAD,Karnataka,DHARWAD,2014,Summer,3.056911,376.0,123.0,0.00044179,75.127326,15.336898,exact_normalised,122,35.148934426229495,21.688360655737704,27.841229508196722,21.099844262295083,2.507295081967212,274.08,204.6600000000001,757.2437000000008,57.304016393442616,93.88852459016397,2176.6300000000006,13.460573770491791,69.41999999999987,0.12591942590150826,0.3478972999545171,4.820281565605037
Rice,IND_KARNATAKA_GADAG,Karnataka,GADAG,2014,Kharif,2.484674,2594.0,1044.0,0.00104397,75.653119,15.508228,exact_normalised,183,30.279180327868858,20.531311475409833,24.655355191256813,23.535953005464467,3.8160655737704894,570.1599999999997,513.6899999999998,902.3402999999998,75.55371584699452,94.07087431693994,2681.9300000000017,9.747868852459025,56.469999999999914,0.2125931698441046,0.3364518462450546,6.951772164398911
Rice,IND_KARNATAKA_GADAG,Karnataka,GADAG,2014,Summer,3.408408,3405.0,999.0,0.00358818,75.653119,15.508228,exact_normalised,122,35.78278688524592,22.209836065573764,28.594672131147544,20.470336065573775,2.9781147540983586,197.44000000000003,188.62000000000003,757.2437000000008,53.03450819672131,94.079262295082,2268.55,13.572950819672155,8.819999999999993,0.08703356769742787,0.333800753785458,6.907755278982137
Rice,IND_KARNATAKA_HASSAN,Karnataka,HASSAN,2014,Kharif,3.078943,140563.0,45653.0,0.04565186,76.105719,12.951423,exact_normalised,183,25.881475409836057,18.592677595628416,21.728743169398914,22.40278415300547,2.6411475409836065,1674.7199999999993,760.2799999999999,904.1607999999998,85.80327868852453,91.30087431693988,2146.3599999999997,7.288797814207641,914.4399999999995,0.7802605341135689,0.4212530982686967,10.728846505404578
Rice,IND_KARNATAKA_HASSAN,Karnataka,HASSAN,2014,Rabi,2.232306,3911.0,1752.0,0.03642715,76.105719,12.951423,exact_normalised,181,30.182430939226506,16.668508287292816,22.922154696132594,16.81770441988951,1.6588950276243077,89.30999999999999,383.3000000000001,1046.5503999999999,61.322154696132586,91.49011049723757,2338.910000000002,13.51392265193369,-293.9900000000001,0.0381844534419879,0.44745218926764985,7.469083884921234
Rice,IND_KARNATAKA_HASSAN,Karnataka,HASSAN,2014,Summer,2.71964,1814.0,667.0,0.00239571,76.105719,12.951423,exact_normalised,122,31.95245901639344,20.370491803278686,25.667786885245896,20.205658196721302,2.085245901639345,472.09999999999985,249.18000000000004,753.6082999999998,62.3682786885246,91.31098360655739,1911.4699999999998,11.581967213114755,222.91999999999982,0.24698268871601434,0.3942558868305544,6.504288173536645
Rice,IND_KARNATAKA_HAVERI,Karnataka,HAVERI,2014,Kharif,2.482353,99031.0,39894.0,0.039893,75.395405,14.743146,exact_normalised,183,28.066830601092892,20.33404371584699,23.58978142076503,24.401280327868857,3.382185792349728,1535.2500000000002,716.7900000000002,890.9146000000001,83.47426229508193,94.22759562841529,2486.9300000000007,7.7327868852459005,818.46,0.6173273875822801,0.3582387119862641,10.59400628174238
Rice,IND_KARNATAKA_HAVERI,Karnataka,HAVERI,2014,Summer,3.077963,19345.0,6285.0,0.0225743,75.395405,14.743146,exact_normalised,122,34.63336065573771,21.982704918032795,27.726393442622943,21.77818606557378,2.757786885245901,398.52000000000004,226.49999999999997,758.5915999999996,59.78959016393442,94.2243442622951,2162.62,12.650655737704916,172.02000000000007,0.18427647945547532,0.3507743385338153,8.746080217357513
Rice,IND_KARNATAKA_KODAGU,Karnataka,KODAGU,2014,Kharif,2.807243,86741.0,30899.0,0.03089823,75.777469,12.406712,exact_normalised,183,26.00868852459016,20.47759562841531,22.844426229508205,25.151288524590164,0.7406010928961754,3555.3300000000013,856.17,789.5521000000001,90.13721311475412,94.30442622950817,2350.529999999999,5.531092896174851,2699.160000000001,1.5125652512412107,0.33590385998051525,10.338511462885837
Rice,IND_KARNATAKA_KODAGU,Karnataka,KODAGU,2014,Rabi,2.4,12.0,5.0,0.00010396,75.777469,12.406712,exact_normalised,181,30.792209944751377,18.931602209944742,24.173756906077347,20.541800552486187,0.5292265193370167,148.10999999999996,457.1500000000001,1029.8002,68.5374585635359,94.44154696132594,2565.4500000000007,11.860607734806635,-309.04000000000013,0.05773256153891127,0.4014111364477965,1.791759469228055
Rice,IND_KARNATAKA_KODAGU,Karnataka,KODAGU,2014,Summer,2.625,147.0,56.0,0.00020114,75.777469,12.406712,exact_normalised,122,31.57204918032786,21.835901639344257,25.921967213114744,24.15223114754098,0.6159836065573769,843.0900000000001,286.82000000000005,688.8761,73.08237704918032,94.29450819672131,1942.4800000000012,9.736147540983602,556.2700000000001,0.43402763477616224,0.35463742226432166,4.04305126783455
Rice,IND_KARNATAKA_KOLAR,Karnataka,KOLAR,2014,Kharif,2.537791,873.0,344.0,0.00034399,78.192771,13.111229,exact_normalised,183,29.35169398907103,19.393551912568306,23.63169398907103,21.86811530054645,3.5421857923497275,496.8600000000001,450.36,953.0056999999998,74.90398907103824,92.09087431693986,2494.6,9.958142076502725,46.500000000000114,0.19917421630722365,0.3820274593121141,5.84354441703136
Rice,IND_KARNATAKA_KOPPAL,Karnataka,KOPPAL,2014,Kharif,3.690738,145559.0,39439.0,0.03943801,76.159107,15.65316,exact_normalised,183,31.321639344262277,20.97311475409836,25.393387978142066,23.527512568306005,3.8632240437158476,468.07999999999987,440.64,935.6296000000006,72.38688524590172,94.71743169398907,2816.9899999999993,10.348524590163915,27.439999999999884,0.16616317416817242,0.33213806225794223,10.582535808716571
Rice,IND_KARNATAKA_KOPPAL,Karnataka,KOPPAL,2014,Summer,2.665696,95208.0,35716.0,0.12828378,76.159107,15.65316,exact_normalised,122,36.33860655737705,22.818114754098364,29.223606557377046,20.34971393442623,2.965,183.01999999999995,180.17000000000013,770.2301000000003,50.70024590163934,94.72229508196722,2345.2799999999997,13.520491803278684,2.849999999999824,0.07803759039432391,0.32841711863828643,10.483382044901216
Rice,IND_KARNATAKA_MANDYA,Karnataka,MANDYA,2014,Kharif,3.721143,189916.0,51037.0,0.05103572,76.815323,12.58214,exact_normalised,183,28.322240437158467,19.44622950819672,23.28775956284153,23.040336612021857,2.979562841530052,722.9199999999997,609.3700000000003,904.1607999999998,80.37273224043713,92.97666666666665,2431.660000000002,8.876010928961747,113.54999999999939,0.297294852076359,0.37182862735744265,10.840325732297943
Rice,IND_KARNATAKA_MANDYA,Karnataka,MANDYA,2014,Rabi,3.173913,2628.0,828.0,0.01721557,76.815323,12.58214,exact_normalised,181,32.623314917127075,18.22850828729282,24.88392265193371,16.737469060773478,2.1256906077348052,86.75,203.7100000000001,1046.5503999999999,54.57756906077346,93.17895027624307,2693.99,14.394806629834257,-116.9600000000001,0.03220130735451877,0.3884759780103118,6.720220155135295
Rice,IND_KARNATAKA_MANDYA,Karnataka,MANDYA,2014,Summer,3.610016,52912.0,14657.0,0.05264462,76.815323,12.58214,exact_normalised,122,33.96844262295084,21.559590163934413,27.345983606557393,20.238056557377053,2.5031967213114754,306.33000000000015,200.9899999999999,753.6082999999998,56.874590163934414,92.97450819672133,2116.21,12.408852459016426,105.34000000000026,0.144754065050255,0.3561122478392975,9.592741540485795
Rice,IND_KARNATAKA_RAICHUR,Karnataka,RAICHUR,2014,Kharif,3.2775,320982.0,97935.0,0.09793255,76.856624,16.041451,exact_normalised,183,32.44404371584699,21.71551912568307,26.474972677595645,23.991756284153016,3.4964480874316934,510.9199999999999,466.35999999999996,942.4914999999996,69.61601092896174,95.9954644808743,3014.9199999999987,10.728524590163918,44.559999999999945,0.16946386637124705,0.3126091239568546,11.492069483090852
Rice,IND_KARNATAKA_RAICHUR,Karnataka,RAICHUR,2014,Summer,2.659046,171894.0,64645.0,0.23219019,76.856624,16.041451,exact_normalised,122,37.69877049180329,23.939754098360652,30.615901639344255,20.00247540983607,2.92344262295082,171.41,169.81999999999988,765.5597999999999,46.107377049180336,95.99770491803275,2515.140000000001,13.759016393442636,1.590000000000117,0.0681512758733112,0.30438059114005567,11.07668151066948
Rice,IND_KARNATAKA_RAMANAGARA,Karnataka,RAMANAGARA,2014,Kharif,2.330301,10759.0,4617.0,0.00461688,77.313748,12.727066,exact_normalised,183,29.68825136612021,19.664644808743166,23.960491803278682,22.555007650273232,3.1448633879781407,499.84,455.0700000000001,921.7902000000005,75.66486338797817,92.89983606557382,2554.77,10.023606557377043,44.76999999999987,0.1956497062357864,0.36081142333752175,8.43771698991444
Rice,IND_KARNATAKA_RAMANAGARA,Karnataka,RAMANAGARA,2014,Rabi,2.5,5.0,2.0,4.158e-05,77.313748,12.727066,exact_normalised,181,32.18458563535911,17.903425414364637,24.421325966850826,16.91099723756906,2.273756906077348,71.55000000000004,215.07999999999998,1046.4715999999994,56.998121546961336,93.13867403314926,2610.26,14.281160220994476,-143.52999999999994,0.027411062499521133,0.40090703608069667,1.0986122886681098
Rice,IND_KARNATAKA_RAMANAGARA,Karnataka,RAMANAGARA,2014,Summer,3.119008,1887.0,605.0,0.00217302,77.313748,12.727066,exact_normalised,122,34.80286885245902,21.434590163934438,27.705000000000002,19.66784016393444,2.704508196721311,198.24999999999997,142.52000000000007,766.6892000000004,53.76631147540984,92.91172131147538,2160.0099999999998,13.368278688524583,55.729999999999905,0.0917819824908218,0.354947060430276,6.406879986069314
Rice,IND_KARNATAKA_UDUPI,Karnataka,UDUPI,2014,Kharif,2.774952,119359.0,43013.0,0.04301192,74.873401,13.413125,exact_normalised,183,27.409836065573746,22.92344262295082,24.859781420765017,27.10436994535521,1.9070491803278695,3350.0400000000045,784.2299999999996,838.3196999999997,86.1407103825137,96.84524590163933,2719.34,4.486393442622926,2565.810000000005,1.2319312774423221,0.3082805754337448,10.669280923080928
Rice,IND_KARNATAKA_UDUPI,Karnataka,UDUPI,2014,Rabi,2.746468,17690.0,6441.0,0.13391966,74.873401,13.413125,exact_normalised,181,30.725745856353598,21.277348066298345,25.54917127071824,22.293128729281765,1.3476795580110494,92.36000000000003,514.6399999999996,1057.1422,67.96850828729282,97.00513812154696,2814.3999999999996,9.448397790055253,-422.27999999999963,0.03281694144400229,0.375619030699261,8.770594329891145
Rice,IND_KARNATAKA_UDUPI,Karnataka,UDUPI,2014,Summer,2.978947,283.0,95.0,0.00034122,74.873401,13.413125,exact_normalised,122,31.952377049180328,24.145655737704907,27.391803278688517,26.270279508196705,1.6404098360655737,717.0699999999999,298.73,720.8741000000001,72.35073770491803,96.83672131147543,2121.7999999999993,7.806721311475421,418.3399999999999,0.3379536242812707,0.33974648883023867,4.564348191467836
Rice,IND_KARNATAKA_UTTARAKANNADA,Karnataka,UTTARA KANNADA,2014,Kharif,2.210643,145604.0,65865.0,0.06586335,74.525531,14.70572,exact_normalised,183,28.284972677595615,24.765464480874318,26.325464480874306,28.902421857923496,2.613387978142076,2699.5000000000005,842.1700000000003,837.5434000000001,84.22311475409828,99.00770491803283,2987.5600000000004,3.519508196721297,1857.3300000000002,0.9035801791428457,0.28034362489791,11.095377654119083
Rice,IND_KARNATAKA_UTTARAKANNADA,Karnataka,UTTARA KANNADA,2014,Rabi,2.678238,4012.0,1498.0,0.03114604,74.525531,14.70572,exact_normalised,181,30.31801104972375,22.865082872928177,26.262154696132587,23.584017127071846,2.0070165745856356,50.1,650.2899999999997,1067.0418000000002,68.80049723756908,99.22066298342547,2943.4500000000007,7.452928176795574,-600.1899999999997,0.017020842888447227,0.3625139886867451,7.312553498102598
Rice,IND_KARNATAKA_UTTARAKANNADA,Karnataka,UTTARA KANNADA,2014,Summer,2.690497,3086.0,1147.0,0.00411976,74.525531,14.70572,exact_normalised,122,31.631639344262286,25.746803278688525,28.197950819672137,27.97746475409837,2.1852459016393446,579.6100000000001,347.03999999999996,735.9577999999999,73.17286885245902,99.0109016393443,2220.1500000000005,5.8848360655737615,232.57000000000016,0.261067945859514,0.33149012454113447,7.045776576879511
Rice,IND_TAMILNADU_ARIYALUR,Tamil Nadu,ARIYALUR,2014,Kharif,5.030249,116239.0,23108.0,0.0128736,79.210178,11.196697,exact_normalised,183,33.75398907103828,25.197704918032784,28.97054644808744,27.15918306010928,3.2037158469945366,665.1399999999999,435.36,943.0456999999994,68.79038251366121,100.32229508196721,3471.6100000000024,8.5562841530055,229.77999999999986,0.1915941018720419,0.2716450580566362,10.047977431021076
Rice,IND_TAMILNADU_COIMBATORE,Tamil Nadu,COIMBATORE,2014,Kharif,4.602493,9969.0,2166.0,0.00120669,76.942425,10.900215,exact_normalised,183,27.67814207650273,20.79169398907104,23.676721311475422,24.99846284153006,2.476502732240437,936.6799999999998,656.5600000000001,828.7255999999998,85.30163934426236,94.89032786885248,2502.8400000000015,6.886448087431692,280.1199999999998,0.3742468555720698,0.33111409438877404,7.681099001536359
Rice,IND_TAMILNADU_CUDDALORE,Tamil Nadu,CUDDALORE,2014,Kharif,4.766649,641958.0,134677.0,0.07502935,79.398376,11.549058,exact_normalised,183,33.72568306010928,24.885683060109308,28.795136612021874,27.20054972677596,2.9085792349726765,704.6400000000002,473.78000000000026,943.0456999999994,69.58568306010935,100.10557377049176,3439.51,8.839999999999975,230.85999999999996,0.2048663908521854,0.2741802466048941,11.810642023149898
Rice,IND_TAMILNADU_DHARMAPURI,Tamil Nadu,DHARMAPURI,2014,Kharif,5.199312,95163.0,18303.0,0.01019671,78.208849,12.106543,exact_normalised,183,31.51098360655738,21.326010928961743,25.797049180327882,23.997806010928958,2.5265027322404374,557.7699999999998,477.0399999999999,919.7002000000001,72.51732240437157,95.43562841530053,2890.8600000000006,10.184972677595638,80.72999999999985,0.19294258455961188,0.3181406916972804,9.814874894179525
Rice,IND_TAMILNADU_DINDIGUL,Tamil Nadu,DINDIGUL,2014,Kharif,5.855024,70676.0,12071.0,0.00672482,77.770431,10.376407,exact_normalised,183,30.043551912568322,21.416284153005453,24.999453551912566,23.928454098360664,3.333770491803279,554.12,425.61999999999983,928.9909999999998,75.60874316939892,95.12464480874316,2744.900000000001,8.62726775956287,128.50000000000017,0.20187256366352138,0.3384425662137052,9.398644000447685
Rice,IND_TAMILNADU_ERODE,Tamil Nadu,ERODE,2014,Kharif,4.759007,176997.0,37192.0,0.02071988,77.349132,11.479934,exact_normalised,183,31.981311475409846,21.90715846994534,26.236830601092876,24.044874863387996,2.017868852459016,462.39000000000027,415.90000000000003,935.4285999999998,70.72721311475411,96.16879781420765,2971.3399999999997,10.074153005464506,46.49000000000024,0.15561665780422312,0.31481708589390645,10.523875850511647
Rice,IND_TAMILNADU_KANNIYAKUMARI,Tamil Nadu,KANNIYAKUMARI,2014,Kharif,5.080677,66943.0,13176.0,0.00734043,77.370026,8.292621,exact_normalised,183,28.82464480874316,22.975683060109287,25.346393442622954,27.422413114754097,3.3713661202185796,872.2099999999994,503.49,905.7928000000002,84.83300546448086,98.00765027322402,2808.39,5.848961748633872,368.71999999999935,0.3105729617325227,0.3225309875052967,9.486228164545253
Rice,IND_TAMILNADU_KARUR,Tamil Nadu,KARUR,2014,Kharif,5.102864,68608.0,13445.0,0.00749029,78.090802,10.786735,exact_normalised,183,33.26005464480876,23.217650273224052,27.549289617486355,25.569022404371584,3.0691256830601086,484.51,404.3899999999999,972.6600000000008,69.8086338797814,98.36398907103826,3211.520000000001,10.042404371584709,80.12000000000012,0.1508662564766839,0.3028659326424872,9.506436943028982
Rice,IND_TAMILNADU_KRISHNAGIRI,Tamil Nadu,KRISHNAGIRI,2014,Kharif,4.884448,94094.0,19264.0,0.01073209,78.043393,12.472753,exact_normalised,183,30.35612021857922,20.292677595628415,24.64508196721313,23.0519781420765,3.186612021857922,544.3299999999999,477.53999999999996,919.7002000000001,74.42180327868854,93.81409836065578,2680.049999999999,10.063442622950806,66.78999999999996,0.2031044196936625,0.34316531407996137,9.866045257060257
Rice,IND_TAMILNADU_MADURAI,Tamil Nadu,MADURAI,2014,Kharif,4.138944,197498.0,47717.0,0.02658342,78.006559,9.898005,exact_normalised,183,33.198360655737716,23.533114754098342,27.70901639344264,25.26390491803279,2.390546448087433,603.9,423.8799999999998,989.4702,68.81016393442628,98.34890710382521,3240.75,9.665245901639373,180.02000000000015,0.18634575329784772,0.305321360796112,10.77306396418519
Rice,IND_TAMILNADU_NAMAKKAL,Tamil Nadu,NAMAKKAL,2014,Kharif,5.119528,53325.0,10416.0,0.00580281,78.154921,11.347699,exact_normalised,183,32.88497267759563,22.45519125683059,27.02868852459017,24.90845409836065,2.5251912568306008,516.9499999999999,441.4100000000002,924.1358,70.12622950819672,97.24355191256831,3116.249999999999,10.429781420765035,75.53999999999974,0.1658884877657441,0.2965538066586443,9.251194365984448
Rice,IND_TAMILNADU_PERAMBALUR,Tamil Nadu,PERAMBALUR,2014,Kharif,4.828886,43431.0,8994.0,0.00501061,78.858963,11.25245,exact_normalised,183,32.872677595628424,22.858688524590164,27.230437158469936,25.127306557377054,2.77792349726776,548.5499999999998,443.86999999999983,924.1358,70.13836065573773,97.51781420765026,3153.1700000000005,10.01398907103826,104.68,0.17396778480069255,0.29308150210740297,9.104424146384634
Rice,IND_TAMILNADU_PUDUKKOTTAI,Tamil Nadu,PUDUKKOTTAI,2014,Kharif,4.151313,279126.0,67238.0,0.03745868,78.872829,10.352982,exact_normalised,183,33.965519125683045,24.449398907103834,28.6014207650273,26.24963278688524,2.930163934426229,553.49,405.61000000000007,972.6600000000008,67.90377049180324,99.69879781420765,3404.059999999999,9.51612021857921,147.87999999999994,0.16259701650382197,0.28573526906106267,11.11600871531202
Rice,IND_TAMILNADU_RAMANATHAPURAM,Tamil Nadu,RAMANATHAPURAM,2014,Kharif,3.620885,423162.0,116867.0,0.06510729,78.817623,9.423787,exact_normalised,183,32.675683060109286,25.77169398907103,28.808743169398884,28.048599999999976,3.8548633879781415,704.25,375.37999999999994,989.4702,71.41295081967213,100.51229508196721,3441.999999999997,6.903989071038257,328.87000000000006,0.20460488088320763,0.2874695525857062,11.6688003717492
Rice,IND_TAMILNADU_SALEM,Tamil Nadu,SALEM,2014,Kharif,5.311896,102748.0,19343.0,0.0107761,78.256113,11.628258,exact_normalised,183,32.88497267759563,22.45519125683059,27.02868852459017,24.90845409836065,2.5251912568306008,516.9499999999999,441.4100000000002,924.1358,70.12622950819672,97.24355191256831,3116.249999999999,10.429781420765035,75.53999999999974,0.1658884877657441,0.2965538066586443,9.870137572854574
Rice,IND_TAMILNADU_SIVAGANGA,Tamil Nadu,SIVAGANGA,2014,Kharif,3.455006,224876.0,65087.0,0.03626035,78.568693,9.944223,exact_normalised,183,33.730437158469954,24.881311475409834,28.785792349726766,26.621634426229505,2.8343715846994533,641.1099999999998,403.0900000000001,989.4702,68.31333333333335,99.93349726775953,3437.7999999999984,8.84912568306012,238.0199999999997,0.18648845191692365,0.28782075746116714,11.083495479408231
Rice,IND_TAMILNADU_THANJAVUR,Tamil Nadu,THANJAVUR,2014,Kharif,3.916565,696193.0,177756.0,0.09902891,79.260887,10.579191,exact_normalised,183,33.15054644808743,25.961693989071026,29.14912568306011,27.71745573770492,3.45174863387978,693.9799999999999,407.0099999999999,954.0048999999999,69.40169398907105,100.4966666666666,3504.2899999999977,7.188852459016406,286.97,0.19803726289776255,0.2722391411669698,12.088172728043375
Rice,IND_TAMILNADU_THENILGIRIS,Tamil Nadu,THE NILGIRIS,2014,Kharif,4.6875,150.0,32.0,1.783e-05,76.648605,11.435308,exact_normalised,183,27.046448087431695,19.300382513661205,22.56355191256831,22.83345081967213,2.3924043715847008,787.2699999999992,607.38,840.6458999999995,83.28983606557382,92.25158469945352,2299.1300000000024,7.74606557377049,179.8899999999992,0.34242082874826496,0.3656365233805825,3.4965075614664802
Rice,IND_TAMILNADU_THENI,Tamil Nadu,THENI,2014,Kharif,5.194553,71903.0,13842.0,0.00771146,77.429172,9.916685,exact_normalised,183,28.35907103825136,20.10387978142076,23.527158469945363,22.772815300546455,2.1255737704918034,718.47,507.63000000000017,883.7497999999998,78.63978142076499,93.06617486338794,2475.4699999999993,8.255191256830603,210.83999999999986,0.2902357936068707,0.35700283178547915,9.535534968687735
Rice,IND_TAMILNADU_THIRUVALLUR,Tamil Nadu,THIRUVALLUR,2014,Kharif,4.423579,426203.0,96348.0,0.05367604,79.941464,13.24923,exact_normalised,183,32.42573770491801,25.322021857923502,28.4577049180328,28.291139890710376,3.0821311475409843,885.97,554.0899999999999,921.0984999999996,73.31453551912563,100.16617486338802,3377.7599999999993,7.103715846994511,331.8800000000001,0.2622951305006869,0.2726950701056321,11.475732294961459
Rice,IND_TAMILNADU_THIRUVARUR,Tamil Nadu,THIRUVARUR,2014,Kharif,4.428134,852925.0,192615.0,0.10730694,79.587842,10.561873,exact_normalised,183,33.15054644808743,25.961693989071026,29.14912568306011,27.71745573770492,3.45174863387978,693.9799999999999,407.0099999999999,954.0048999999999,69.40169398907105,100.4966666666666,3504.2899999999977,7.188852459016406,286.97,0.19803726289776255,0.2722391411669698,12.168453848623665
Rice,IND_TAMILNADU_TIRUCHIRAPPALLI,Tamil Nadu,TIRUCHIRAPPALLI,2014,Kharif,4.684799,240199.0,51272.0,0.02856393,78.555677,10.845397,exact_normalised,183,33.65846994535521,23.778415300546456,28.06273224043717,25.91971639344261,3.0736612021857916,519.41,417.30000000000007,972.6600000000008,68.95617486338799,98.94644808743172,3305.4799999999996,9.880054644808752,102.1099999999999,0.1571360286554449,0.29425680990355435,10.844919576816615
Rice,IND_TAMILNADU_TIRUNELVELI,Tamil Nadu,TIRUNELVELI,2014,Kharif,5.107246,433217.0,84824.0,0.04725595,77.568767,8.838215,exact_normalised,183,29.32715846994535,22.49513661202186,25.3496174863388,27.219120218579224,2.8951366120218585,894.2700000000001,533.6400000000001,905.7928000000002,84.21967213114755,98.09628415300539,2808.9799999999996,6.83202185792349,360.63,0.31836111328667355,0.3224632428853179,11.34834558965243
Rice,IND_TAMILNADU_TIRUPPUR,Tamil Nadu,TIRUPPUR,2014,Kharif,5.745731,61916.0,10776.0,0.00600337,77.334294,10.83475,exact_normalised,183,32.33415300546448,22.8471038251366,26.86989071038252,25.223095628415305,3.3266666666666684,458.29,390.99999999999983,928.9909999999998,71.42234972677593,97.63316939890707,3087.19,9.48704918032788,67.29000000000019,0.14844891308924946,0.30091798690718735,9.285169512596832
Rice,IND_TAMILNADU_TIRUVANNAMALAI,Tamil Nadu,TIRUVANNAMALAI,2014,Kharif,4.716257,439225.0,93130.0,0.05188327,79.247289,12.432454,exact_normalised,183,33.13890710382513,23.58049180327869,27.74786885245904,26.430656284153002,2.5335519125683064,746.59,542.14,942.2458000000007,71.75999999999998,98.91229508196717,3247.86,9.558415300546443,204.45000000000005,0.22987136145030881,0.2901128127443919,11.441762383136568
Rice,IND_TAMILNADU_VELLORE,Tamil Nadu,VELLORE,2014,Kharif,5.322828,194725.0,36583.0,0.0203806,79.042643,12.783542,exact_normalised,183,31.370546448087428,21.195300546448095,25.60273224043716,23.340261202185804,3.1076502732240425,507.46,454.11000000000007,942.2458000000007,71.47049180327865,94.84010928961752,2855.3000000000006,10.175245901639332,53.34999999999991,0.17772563303330643,0.32999887927713395,10.507366265337891
Rice,IND_TELANGANA_ADILABAD,Telangana,ADILABAD,2014,Kharif,2.244845,81003.0,36084.0,0.03920866,78.785443,19.287834,exact_normalised,183,32.5806010928962,22.66814207650273,27.13136612021858,24.275882513661212,2.5842076502732234,637.8999999999999,558.8700000000003,890.5333000000004,68.61016393442621,96.87841530054645,3135.0400000000013,9.912459016393473,79.02999999999952,0.203474277840155,0.2840580343472492,10.493632545506374
Rice,IND_TELANGANA_ADILABAD,Telangana,ADILABAD,2014,Rabi,3.223993,45123.0,13996.0,0.02826829,78.785443,19.287834,exact_normalised,181,31.920552486187844,17.708839779005523,24.43801104972377,15.760414364640887,1.6980662983425427,99.99999999999999,308.70999999999987,949.3904000000002,54.39309392265193,97.44690607734806,2613.28,14.211712707182322,-208.70999999999987,0.038266087063001275,0.3632945570317762,9.546598299920646
Rice,IND_TELANGANA_KARIMNAGAR,Telangana,KARIMNAGAR,2014,Kharif,3.525931,632136.0,179282.0,0.19480673,79.416208,18.512553,exact_normalised,183,33.64475409836065,23.26295081967213,27.90879781420764,24.522101639344253,2.6150273224043725,494.6100000000001,445.41999999999985,894.3689000000004,65.83743169398909,97.79202185792353,3277.309999999998,10.381803278688519,49.19000000000028,0.15091950410550128,0.27289725415050786,12.096720841935875
Rice,IND_TELANGANA_KARIMNAGAR,Telangana,KARIMNAGAR,2014,Rabi,3.618995,358827.0,99151.0,0.20025933,79.416208,18.512553,exact_normalised,181,32.34104972375691,18.44734806629835,25.05314917127072,17.198901104972364,1.6231491712707178,89.28999999999999,327.56000000000006,940.9543000000002,57.11994475138119,98.37071823204417,2724.62,13.89370165745856,-238.27000000000007,0.03277154245362656,0.3453524895214746,11.50440930520189
Rice,IND_TELANGANA_KHAMMAM,Telangana,KHAMMAM,2014,Kharif,2.973904,328435.0,110439.0,0.12000235,80.659158,17.648369,exact_normalised,183,32.927868852459,23.573825136612033,27.71382513661201,26.344116393442626,2.3180874316939883,602.2699999999999,534.2699999999998,865.4280999999996,71.60491803278688,98.80737704918027,3241.6300000000006,9.354043715846966,68.00000000000011,0.1857923328695748,0.2669731277166115,11.61222766604409
Rice,IND_TELANGANA_KHAMMAM,Telangana,KHAMMAM,2014,Rabi,3.621991,127744.0,35269.0,0.07123424,80.659158,17.648369,exact_normalised,181,32.45591160220994,19.03696132596686,25.491270718232023,20.07043977900553,1.5793922651933703,83.99000000000001,377.19000000000017,947.7412000000002,63.99762430939227,99.40088397790052,2803.92,13.418950276243077,-293.20000000000016,0.029954492282233448,0.33800579189135216,10.470788023230098
Rice,IND_TELANGANA_MAHBUBNAGAR,Telangana,MAHBUBNAGAR,2014,Kharif,2.536855,282357.0,111302.0,0.12094008,78.000858,16.644927,exact_normalised,183,31.580655737704934,21.65098360655738,26.10415300546447,24.022296721311474,3.1012568306010926,614.05,531.5600000000002,939.8800000000006,71.56060109289616,95.84486338797817,2947.0599999999995,9.929672131147555,82.48999999999978,0.20836019626339472,0.31892122997156513,11.620011491078277
Rice,IND_TELANGANA_MAHBUBNAGAR,Telangana,MAHBUBNAGAR,2014,Rabi,2.743996,135740.0,49468.0,0.09991255,78.000858,16.644927,exact_normalised,181,32.56209944751381,18.274972375690595,24.9364640883978,16.87356519337017,2.220607734806629,63.699999999999974,224.21000000000012,964.7583999999998,55.612872928176806,96.28149171270721,2703.5000000000005,14.287127071823214,-160.51000000000016,0.02356204919548732,0.35685533567597544,10.809101489746167
Rice,IND_TELANGANA_MEDAK,Telangana,MEDAK,2014,Kharif,3.167511,234342.0,73983.0,0.08038948,78.103674,17.887066,exact_normalised,183,31.911693989071043,21.550054644808753,26.229234972677595,22.900819125683046,2.9449726775956275,540.6199999999997,493.50000000000006,926.2259999999995,67.46781420765026,95.03519125683063,2969.9500000000016,10.36163934426229,47.11999999999961,0.1820300005050588,0.31186585632754726,11.211604132591996
Rice,IND_TELANGANA_MEDAK,Telangana,MEDAK,2014,Rabi,3.487998,128742.0,36910.0,0.07454864,78.103674,17.887066,exact_normalised,181,31.25060773480664,17.61607734806629,23.926906077348075,15.845376795580112,1.9868508287292823,96.32999999999998,321.3499999999998,950.9758,55.99176795580109,95.51232044198896,2520.7700000000004,13.634530386740348,-225.0199999999998,0.03821451381919015,0.3772560765163025,10.516264888585782
Rice,IND_TELANGANA_NALGONDA,Telangana,NALGONDA,2014,Kharif,3.098001,549765.0,177458.0,0.19282479,79.1666,17.113957,exact_normalised,183,33.5393442622951,23.730546448087424,28.12196721311476,25.05393224043715,2.8260655737704927,515.9499999999998,453.1800000000001,905.5771000000005,66.71584699453551,98.20907103825138,3316.3200000000015,9.80879781420768,62.7699999999997,0.15557907560187184,0.2730668632701308,12.08649487530076
Rice,IND_TELANGANA_NALGONDA,Telangana,NALGONDA,2014,Rabi,3.368997,491594.0,145917.0,0.29471454,79.1666,17.113957,exact_normalised,181,32.492154696132594,19.178729281767954,25.393425414364643,19.05592872928176,1.8424861878453036,55.69999999999998,313.1999999999999,946.0799000000004,61.30950276243091,98.76193370165744,2786.210000000001,13.31342541436464,-257.4999999999999,0.01999131436611022,0.3395580017299486,11.890800099073877
Rice,IND_TELANGANA_NIZAMABAD,Telangana,NIZAMABAD,2014,Kharif,3.597001,404400.0,112427.0,0.1221625,78.037692,18.417719,exact_normalised,183,32.515464480874314,22.057267759562844,26.79081967213116,23.36717103825137,2.7839344262295076,543.7199999999999,498.91,919.1647999999999,66.72054644808746,95.8942076502732,3072.720000000002,10.45819672131147,44.80999999999989,0.1769507146762476,0.2991371813897782,11.63006829573919
Rice,IND_TELANGANA_NIZAMABAD,Telangana,NIZAMABAD,2014,Rabi,3.802005,216125.0,56845.0,0.11481217,78.037692,18.417719,exact_normalised,181,32.04287292817679,17.993812154696137,24.54552486187844,15.778540883977895,1.9030939226519332,102.8,278.54000000000013,948.2098000000001,53.50784530386741,96.39519337016569,2632.7399999999993,14.049060773480655,-175.74000000000012,0.039046772563944794,0.36016082104575475,10.948101136105194
Rice,IND_TELANGANA_WARANGAL,Telangana,WARANGAL,2014,Kharif,2.953034,282059.0,95515.0,0.10378602,79.850573,17.980621,exact_normalised,183,33.56748633879781,23.40595628415301,27.919234972677586,24.98197978142077,2.5096721311475414,462.19,431.79,905.5771000000005,67.0056284153005,98.11344262295086,3279.22,10.161530054644803,30.399999999999977,0.14094510279883632,0.2761562505717825,11.467049051702702
Rice,IND_TELANGANA_WARANGAL,Telangana,WARANGAL,2014,Rabi,3.341994,155376.0,46492.0,0.0939018,79.850573,17.980621,exact_normalised,181,31.953646408839774,18.441160220994476,25.004972375690627,18.502344751381216,1.5634806629834255,76.57,392.40000000000003,946.0799000000004,61.36110497237567,98.69883977900547,2715.9,13.512486187845298,-315.83000000000004,0.028193232445966342,0.34834857689900234,10.747057042609113
Rice,IND_ANDHRAPRADESH_ANANTAPUR,Andhra Pradesh,ANANTAPUR,2015,Kharif,3.045575,61012.0,20033.0,0.0143207,77.464996,14.311236,exact_normalised,183,32.04180327868852,21.779781420765023,26.320928961748642,24.212981967213114,3.669617486338798,465.34999999999997,426.99999999999983,979.9276999999994,70.87786885245906,95.83169398907113,2986.73,10.262021857923497,38.350000000000136,0.1558058478670653,0.32809383506376516,9.90518610917171
Rice,IND_ANDHRAPRADESH_ANANTAPUR,Andhra Pradesh,ANANTAPUR,2015,Rabi,2.696026,36639.0,13590.0,0.01783673,77.464996,14.311236,exact_normalised,181,32.931049723756885,18.56138121546962,25.240110497237563,17.375101657458572,2.518342541436464,109.25999999999999,173.34000000000006,1039.1906999999999,55.05845303867398,96.16469613259665,2758.4599999999987,14.369668508287265,-64.08000000000007,0.039609057227583525,0.3767285731893884,9.517163087955348
Rice,IND_ANDHRAPRADESH_CHITTOOR,Andhra Pradesh,CHITTOOR,2015,Kharif,3.438898,32587.0,9476.0,0.00677397,78.939397,13.333205,exact_normalised,183,30.358306010928985,20.784754098360658,25.00502732240439,23.33978852459016,3.1346994535519133,926.2799999999994,500.8600000000002,957.0121,74.15311475409835,93.9473224043716,2745.92,9.573551912568327,425.4199999999992,0.3373295653187272,0.3485214791399604,9.156623089470195
Rice,IND_ANDHRAPRADESH_CHITTOOR,Andhra Pradesh,CHITTOOR,2015,Rabi,3.837996,301962.0,78677.0,0.10326272,78.939397,13.333205,exact_normalised,181,30.978839779005515,17.47110497237569,23.344419889502763,18.935969613259672,2.4138121546961333,141.33000000000004,230.99000000000026,982.3690000000004,66.50541436464088,94.2954143646409,2415.34,13.507734806629824,-89.66000000000022,0.05851350120479934,0.4067207929318441,11.27311885275948
Rice,IND_ANDHRAPRADESH_EASTGODAVARI,Andhra Pradesh,EAST GODAVARI,2015,Kharif,3.056896,696471.0,227836.0,0.16286983,82.14393,17.060053,exact_normalised,183,30.572513661202198,24.18021857923498,27.00366120218579,30.054780874316933,2.143333333333334,1084.4599999999998,709.8000000000001,789.6648,84.17333333333332,99.9729508196721,3111.6699999999987,6.392295081967216,374.65999999999974,0.34851382055295077,0.25377523966230364,12.336385739984228
Rice,IND_ANDHRAPRADESH_EASTGODAVARI,Andhra Pradesh,EAST GODAVARI,2015,Rabi,4.867333,749102.0,153904.0,0.20199735,82.14393,17.060053,exact_normalised,181,33.748342541436465,20.794585635359116,26.39397790055249,21.8771182320442,2.05171270718232,78.71000000000002,165.34000000000012,925.5261999999998,63.151436464088405,100.54563535911603,2967.3100000000013,12.953756906077349,-86.6300000000001,0.026525708469961003,0.31190748523073064,11.944090807928207
Rice,IND_ANDHRAPRADESH_GUNTUR,Andhra Pradesh,GUNTUR,2015,Kharif,2.900354,465820.0,160608.0,0.11481152,80.143541,16.120193,exact_normalised,183,33.68382513661201,24.797650273224043,28.731748633879796,27.704182513661205,2.794590163934427,620.14,504.29000000000036,882.3873000000002,70.59857923497268,99.85808743169395,3427.9100000000008,8.886174863387964,115.84999999999962,0.1809090670408499,0.2574126216849334,11.986728118775185
Rice,IND_ANDHRAPRADESH_GUNTUR,Andhra Pradesh,GUNTUR,2015,Rabi,3.467816,9051.0,2610.0,0.0034256,80.143541,16.120193,exact_normalised,181,33.12458563535912,20.62685082872929,26.144088397790053,22.211110497237563,2.2638121546961325,141.14000000000007,238.80999999999992,933.5953999999996,65.58303867403315,100.39867403314909,2922.079999999999,12.497734806629829,-97.66999999999985,0.048301210096917305,0.3194968652466736,7.8674885686991285
Rice,IND_ANDHRAPRADESH_KRISHNA,Andhra Pradesh,KRISHNA,2015,Kharif,3.353997,707083.0,210818.0,0.15070442,80.888919,16.541648,exact_normalised,183,32.63934426229507,24.34196721311476,28.019453551912576,28.912126775956285,2.2744262295081974,796.3900000000002,628.52,882.3873000000002,76.54338797814209,100.1913114754099,3297.5600000000004,8.297377049180309,167.87000000000023,0.24150887322747733,0.26758794381300116,12.25875522441495
Rice,IND_ANDHRAPRADESH_KRISHNA,Andhra Pradesh,KRISHNA,2015,Rabi,5.63381,55555.0,9861.0,0.01294246,80.888919,16.541648,exact_normalised,181,34.24762430939226,20.463093922651936,26.555635359116,21.92793922651934,2.0269060773480665,72.04000000000002,185.89000000000013,933.5953999999996,63.0324309392265,100.73972375690607,2996.569999999999,13.784530386740322,-113.85000000000011,0.024040820004204825,0.31155467751462507,9.196444266784072
Rice,IND_ANDHRAPRADESH_KURNOOL,Andhra Pradesh,KURNOOL,2015,Kharif,3.152107,145993.0,46316.0,0.03310925,77.878833,15.431734,exact_normalised,183,33.15131147540984,22.679945355191254,27.382349726775978,24.870530054644814,3.232786885245903,449.0899999999998,419.4999999999999,963.1846000000003,68.55513661202187,96.89551912568308,3180.9699999999975,10.471366120218587,29.589999999999918,0.14118020603778098,0.3027958767294256,10.743264343310036
Rice,IND_ANDHRAPRADESH_KURNOOL,Andhra Pradesh,KURNOOL,2015,Rabi,2.758624,25589.0,9276.0,0.01217465,77.878833,15.431734,exact_normalised,181,33.59723756906077,18.50563535911602,25.477016574585626,18.393601657458564,2.2266298342541444,98.11999999999998,169.36000000000007,1021.4654999999999,57.10088397790057,97.30011049723751,2801.339999999999,15.091602209944753,-71.2400000000001,0.035026094654700975,0.3646346034397825,9.135293497653272
Rice,IND_ANDHRAPRADESH_PRAKASAM,Andhra Pradesh,PRAKASAM,2015,Kharif,4.330584,61438.0,14187.0,0.01014166,79.729919,15.616436,exact_normalised,183,32.96819672131147,25.94420765027325,29.120655737704894,28.304442622950827,3.544207650273226,696.9700000000001,474.6100000000002,895.0086999999996,70.5313114754099,100.25120218579235,3499.0799999999967,7.023989071038223,222.35999999999996,0.19918664334625125,0.25578400608159874,9.560151815893512
Rice,IND_ANDHRAPRADESH_PRAKASAM,Andhra Pradesh,PRAKASAM,2015,Rabi,3.882674,117249.0,30198.0,0.03963455,79.729919,15.616436,exact_normalised,181,31.134198895027634,22.52292817679558,26.293370165745852,23.5479817679558,2.9618232044198898,217.90000000000003,280.7599999999999,946.1368000000002,68.73955801104975,100.79104972375693,2949.099999999999,8.611270718232053,-62.85999999999984,0.07388694856057784,0.3208222169475435,10.315564090231947
Rice,IND_ANDHRAPRADESH_SRIKAKULAM,Andhra Pradesh,SRIKAKULAM,2015,Kharif,2.305456,470320.0,204003.0,0.14583268,84.07575,18.697258,exact_normalised,183,29.480710382513653,26.37262295081966,27.813825136612042,30.761908743169393,3.4183060109289602,1250.9000000000005,687.12,816.3532000000004,81.9593442622951,99.99382513661206,3259.9300000000003,3.108087431693992,563.7800000000005,0.38371989582598415,0.25042046915117816,12.22589488047726
Rice,IND_ANDHRAPRADESH_SRIKAKULAM,Andhra Pradesh,SRIKAKULAM,2015,Rabi,2.710498,7565.0,2791.0,0.00366316,84.07575,18.697258,exact_normalised,181,28.578066298342556,22.724198895027612,25.415027624309396,22.443369613259666,3.3086740331491713,132.39,324.97000000000025,912.7845000000003,68.03928176795586,100.66011049723753,2790.1199999999994,5.853867403314943,-192.58000000000027,0.04744957206141672,0.327148832308288,7.934513463882263
Rice,IND_ANDHRAPRADESH_VIZIANAGARAM,Andhra Pradesh,VIZIANAGARAM,2015,Kharif,2.949829,366590.0,124275.0,0.08883867,83.359673,18.506317,exact_normalised,183,27.895464480874328,21.186612021857925,24.173879781420755,25.920770491803285,1.8878688524590177,1573.3500000000004,731.47,808.4925999999994,85.53628415300544,94.53185792349727,2593.8199999999997,6.708852459016402,841.8800000000003,0.6065764008296646,0.31169957822825,11.730260177601188
Rice,IND_ANDHRAPRADESH_VIZIANAGARAM,Andhra Pradesh,VIZIANAGARAM,2015,Rabi,2.75952,6667.0,2416.0,0.00317097,83.359673,18.506317,exact_normalised,181,29.74392265193369,16.38154696132597,22.30038674033149,16.68087292817679,1.5743646408839775,111.72,345.8,903.7646999999997,62.112817679558034,95.0794475138121,2226.3700000000003,13.36237569060772,-234.08,0.05018033839837942,0.4059364346447354,7.790282380703483
Rice,IND_ANDHRAPRADESH_WESTGODAVARI,Andhra Pradesh,WEST GODAVARI,2015,Kharif,3.175708,727885.0,229204.0,0.16384775,81.315692,16.847574,exact_normalised,183,31.02901639344263,23.658797814207652,26.95530054644809,29.152788524590147,1.971857923497268,960.7700000000001,691.1100000000004,859.8409000000004,81.90453551912567,99.48896174863384,3102.8199999999993,7.3702185792349795,269.65999999999974,0.309644130178354,0.2771159461393186,12.342372078593504
Rice,IND_ANDHRAPRADESH_WESTGODAVARI,Andhra Pradesh,WEST GODAVARI,2015,Rabi,4.757334,830621.0,174598.0,0.229158,81.315692,16.847574,exact_normalised,181,34.34044198895029,19.94276243093922,26.25259668508286,21.131339226519344,1.8672928176795565,62.97999999999998,154.07000000000008,944.3535000000003,61.613259668508285,100.03944751381223,2941.72,14.39767955801107,-91.09000000000009,0.021409243571787927,0.3210208653440845,12.070247194994376
Rice,IND_KARNATAKA_BANGALORERURAL,Karnataka,BANGALORE RURAL,2015,Kharif,2.632102,1853.0,704.0,0.00072057,77.614728,13.177348,exact_normalised,183,29.57934426229508,19.34945355191257,23.695956284153,22.0158431693989,3.319289617486336,614.49,468.56999999999994,964.5703999999996,75.26371584699459,91.650218579235,2506.3600000000006,10.22989071038251,145.92000000000007,0.2451722817153162,0.3848491038797297,6.558197802812269
Rice,IND_KARNATAKA_BANGALORERURAL,Karnataka,BANGALORE RURAL,2015,Summer,2.96875,95.0,32.0,0.00030855,77.614728,13.177348,exact_normalised,122,32.362131147540985,20.138606557377052,25.8004918032787,20.35678606557376,2.951967213114754,271.85999999999996,206.05,757.2428999999998,61.93663934426229,91.68303278688525,1927.6600000000003,12.223524590163933,65.80999999999995,0.14103109469512254,0.39283011526929007,3.4965075614664802
Rice,IND_KARNATAKA_BIDAR,Karnataka,BIDAR,2015,Kharif,0.850226,1317.0,1549.0,0.00158546,77.219591,17.954256,exact_normalised,183,33.102131147541,21.930710382513663,27.03071038251369,22.77232240437158,2.92912568306011,437.9899999999997,408.16000000000014,927.9663000000004,64.08688524590167,94.65961748633877,3116.62,11.171420765027339,29.829999999999586,0.14053365504938034,0.29774765611463716,7.346010209913293
Rice,IND_KARNATAKA_CHITRADURGA,Karnataka,CHITRADURGA,2015,Kharif,2.399055,2032.0,847.0,0.00086694,76.575818,14.279313,exact_normalised,183,31.41912568306011,21.101038251366123,25.51601092896176,23.64744972677595,3.9620765027322413,400.81,403.34999999999985,957.2134999999996,72.37879781420764,94.60994535519123,2839.4299999999985,10.318087431693986,-2.53999999999985,0.14115861282017877,0.337114667380425,6.742880635791903
Rice,IND_KARNATAKA_CHITRADURGA,Karnataka,CHITRADURGA,2015,Rabi,3.082474,299.0,97.0,0.00330731,76.575818,14.279313,exact_normalised,181,32.28143646408841,17.913867403314917,24.58386740331492,16.4743138121547,2.4436464088397796,113.87,194.86000000000007,1044.3266000000006,54.1809392265193,94.90618784530379,2639.679999999999,14.36756906077349,-80.99000000000007,0.04313780458237364,0.3956262122681541,4.584967478670572
Rice,IND_KARNATAKA_CHITRADURGA,Karnataka,CHITRADURGA,2015,Summer,2.152975,760.0,353.0,0.00340369,76.575818,14.279313,exact_normalised,122,34.659344262295086,22.32836065573772,28.157049180327874,20.823568032786895,3.4582786885245906,212.04999999999995,177.52,759.9323000000004,55.38262295081968,94.61311475409835,2215.1600000000008,12.330983606557368,34.529999999999944,0.0957267195146174,0.3430597789775908,5.869296913133774
Rice,IND_KARNATAKA_DAKSHINAKANNADA,Karnataka,DAKSHINA KANNADA,2015,Kharif,2.718898,76208.0,28029.0,0.0286887,75.204445,12.828777,exact_normalised,183,28.495136612021845,24.56431693989071,26.294808743169394,29.22524863387978,2.0348633879781426,3029.3700000000003,839.0900000000004,818.0709,85.43311475409834,99.11349726775954,2981.95,3.930819672131136,2190.2799999999997,1.015902345780446,0.27434091785576553,10.241030644158833
Rice,IND_KARNATAKA_DAKSHINAKANNADA,Karnataka,DAKSHINA KANNADA,2015,Rabi,2.607755,49769.0,19085.0,0.65072113,75.204445,12.828777,exact_normalised,181,31.173314917127062,23.318342541436465,26.87558011049723,24.11566740331492,1.5331491712707188,171.38000000000005,441.58,994.2704000000004,67.9627624309392,99.28651933701664,3054.480000000001,7.854972375690597,-270.19999999999993,0.05610774992797465,0.3255121657368849,9.8567103609772
Rice,IND_KARNATAKA_DAKSHINAKANNADA,Karnataka,DAKSHINA KANNADA,2015,Summer,2.147937,3383.0,1575.0,0.01518643,75.204445,12.828777,exact_normalised,122,31.195983606557373,25.598852459016392,27.946229508196726,28.70483770491802,1.8763934426229516,1142.9199999999994,302.76000000000016,638.1244999999997,76.47040983606561,99.11844262295075,2189.439999999999,5.597131147540981,840.1599999999992,0.5220147617655656,0.2914555776819643,7.362645270417825
Rice,IND_KARNATAKA_DHARWAD,Karnataka,DHARWAD,2015,Kharif,0.304934,7287.0,23897.0,0.02445944,75.127326,15.336898,exact_normalised,183,29.320819672131137,20.679234972677598,24.309890710382508,24.291001092896174,3.1328961748633875,711.9999999999992,626.0100000000002,915.1896000000004,79.90945355191256,93.91721311475413,2618.7100000000014,8.641584699453539,85.98999999999899,0.271889594494999,0.34948108037927067,10.0815500524097
Rice,IND_KARNATAKA_DHARWAD,Karnataka,DHARWAD,2015,Summer,3.0,36.0,12.0,0.00011571,75.127326,15.336898,exact_normalised,122,34.3877868852459,21.634016393442618,27.33377049180328,21.683000819672134,2.7012295081967213,343.24000000000007,199.39999999999998,746.1449999999999,60.64475409836064,93.92073770491801,2114.7200000000003,12.753770491803284,143.8400000000001,0.16230990391162897,0.3528339449194218,2.5649493574615367
Rice,IND_KARNATAKA_GADAG,Karnataka,GADAG,2015,Kharif,3.224118,2834.0,879.0,0.00089969,75.653119,15.508228,exact_normalised,183,30.95590163934426,20.98699453551914,25.171366120218597,23.816016393442634,3.7595081967213146,476.91999999999985,461.53999999999996,915.1896000000004,74.37295081967218,94.11284153005457,2776.3600000000006,9.968907103825117,15.379999999999882,0.1717788759382788,0.3296365024708612,6.779921907472252
Rice,IND_KARNATAKA_GADAG,Karnataka,GADAG,2015,Summer,3.322464,2751.0,828.0,0.00798372,75.653119,15.508228,exact_normalised,122,35.21754098360656,22.243688524590173,28.262213114754086,20.603229508196716,3.238524590163935,203.15999999999997,158.35999999999996,746.1449999999999,54.605245901639314,94.11114754098361,2227.99,12.973852459016388,44.80000000000001,0.09118532847993034,0.33489602736098456,6.720220155135295
Rice,IND_KARNATAKA_HASSAN,Karnataka,HASSAN,2015,Kharif,2.740742,114341.0,41719.0,0.04270091,76.105719,12.951423,exact_normalised,183,27.56890710382514,18.98874316939891,22.6367213114754,22.418477595628424,2.7242622950819673,809.3800000000002,624.7400000000002,915.4803999999995,81.47628415300548,91.33907103825138,2312.5199999999986,8.580163934426231,184.64,0.34999913514261527,0.39587999238925503,10.63873590911471
Rice,IND_KARNATAKA_HASSAN,Karnataka,HASSAN,2015,Rabi,2.693333,404.0,150.0,0.00511439,76.105719,12.951423,exact_normalised,181,29.461049723756904,16.164198895027617,22.259944751381223,17.167337569060763,1.505193370165746,148.36000000000004,427.9199999999998,1010.6494000000005,64.2842541436464,91.5385082872928,2219.050000000001,13.296850828729287,-279.5599999999997,0.06685743899416416,0.4554423739888691,5.017279836814924
Rice,IND_KARNATAKA_HASSAN,Karnataka,HASSAN,2015,Summer,2.463646,2338.0,949.0,0.00915043,76.105719,12.951423,exact_normalised,122,30.886639344262314,19.97483606557377,24.956311475409834,21.281238524590165,2.1237704918032794,463.53,274.88,698.5853000000003,68.03139344262294,91.3588524590164,1824.669999999999,10.911803278688545,188.64999999999998,0.2540349761874751,0.3828556944543401,6.856461984594587
Rice,IND_KARNATAKA_HAVERI,Karnataka,HAVERI,2015,Kharif,1.019353,39609.0,38857.0,0.03977155,75.395405,14.743146,exact_normalised,183,29.567213114754093,20.7073224043716,24.396502732240453,24.354339344262293,3.4493442622950816,682.65,574.9499999999996,904.7760000000003,79.6098907103825,94.26606557377049,2634.5599999999995,8.859890710382494,107.70000000000039,0.2591134762540994,0.3434258472002917,10.567669254803059
Rice,IND_KARNATAKA_HAVERI,Karnataka,HAVERI,2015,Summer,2.462445,15048.0,6111.0,0.05892335,75.395405,14.743146,exact_normalised,122,33.66770491803278,21.86729508196721,27.173114754098357,22.386161475409835,2.922704918032787,314.74000000000007,201.2100000000001,737.9281000000001,63.147704918032794,94.26950819672136,2095.1200000000013,11.800409836065572,113.52999999999997,0.15022528542517846,0.3522128088128602,8.718009330846357
Rice,IND_KARNATAKA_KODAGU,Karnataka,KODAGU,2015,Kharif,2.698957,76340.0,28285.0,0.02895072,75.777469,12.406712,exact_normalised,183,26.56196721311474,20.693278688524593,23.17781420765028,25.564302185792368,0.7004918032786883,2240.580000000001,887.9200000000003,818.0709,89.93125683060113,94.3420218579235,2411.5399999999977,5.868688524590148,1352.6600000000005,0.9291075412392094,0.33923173573733,10.250122261580445
Rice,IND_KARNATAKA_KODAGU,Karnataka,KODAGU,2015,Rabi,2.4,12.0,5.0,0.00017048,75.777469,12.406712,exact_normalised,181,30.0817127071823,18.63375690607735,23.657016574585622,20.78996629834254,0.5153591160220995,206.33000000000018,488.26999999999987,994.2704000000004,71.14171270718232,94.49480662983422,2471.9199999999996,11.447955801104953,-281.9399999999997,0.08346952975824469,0.40222596200524313,1.791759469228055
Rice,IND_KARNATAKA_KODAGU,Karnataka,KODAGU,2015,Summer,2.978261,137.0,46.0,0.00044354,75.777469,12.406712,exact_normalised,122,30.478360655737713,21.585983606557388,25.276147540983615,24.879503278688535,0.6070491803278688,1033.9999999999998,318.38,638.1244999999997,77.8143442622951,94.352868852459,1863.6900000000005,8.892377049180325,715.6199999999998,0.5548133004952538,0.34239841389930703,3.8501476017100584
Rice,IND_KARNATAKA_KOLAR,Karnataka,KOLAR,2015,Kharif,1.546835,611.0,395.0,0.0004043,78.192771,13.111229,exact_normalised,183,29.861912568306007,19.684262295081957,24.04081967213114,22.284886885245903,3.34825136612022,578.2099999999999,470.89000000000016,957.0121,74.71748633879778,92.13349726775957,2569.4700000000003,10.17765027322405,107.31999999999977,0.225030842936481,0.37245505882536084,5.981414211254481
Rice,IND_KARNATAKA_KOPPAL,Karnataka,KOPPAL,2015,Kharif,3.562505,145767.0,40917.0,0.04188003,76.159107,15.65316,exact_normalised,183,31.879562841530056,21.479562841530047,25.942021857923503,23.84016666666666,3.8397267759562856,400.4500000000001,394.05000000000024,954.6147000000003,71.16622950819672,94.75814207650276,2917.3899999999985,10.40000000000001,6.399999999999864,0.1372631016079442,0.32721531917227414,10.619325343015772
Rice,IND_KARNATAKA_KOPPAL,Karnataka,KOPPAL,2015,Summer,3.139793,30883.0,9836.0,0.09484047,76.159107,15.65316,exact_normalised,122,35.76581967213115,22.704344262295074,28.85204918032787,20.333827868852453,3.264754098360656,157.62000000000006,144.51000000000002,766.3678,51.941639344262306,94.75508196721312,2299.9500000000003,13.061475409836078,13.110000000000042,0.06853192460705669,0.3332106350138046,9.193906065512758
Rice,IND_KARNATAKA_MANDYA,Karnataka,MANDYA,2015,Kharif,3.701191,194294.0,52495.0,0.05373053,76.815323,12.58214,exact_normalised,183,30.227540983606573,19.916010928961743,24.295027322404362,23.077686885245896,3.0371038251366125,502.49999999999983,489.59,915.4803999999995,76.0449726775956,93.01158469945356,2615.9900000000007,10.31153005464483,12.909999999999854,0.19208789024422865,0.349955619096403,10.868492255200882
Rice,IND_KARNATAKA_MANDYA,Karnataka,MANDYA,2015,Rabi,3.712121,490.0,132.0,0.00450066,76.815323,12.58214,exact_normalised,181,32.04944751381214,17.801325966850833,24.334143646408847,17.40393812154696,1.8896132596685076,160.74000000000004,252.42000000000007,1010.6494000000005,57.55944751381219,93.2277348066298,2594.4800000000005,14.248121546961308,-91.68000000000004,0.06195461132866702,0.3895383275261325,4.890349128221754
Rice,IND_KARNATAKA_MANDYA,Karnataka,MANDYA,2015,Summer,3.344027,19596.0,5860.0,0.05650317,76.815323,12.58214,exact_normalised,122,32.419508196721296,20.931639344262287,26.258196721311467,21.649711475409834,2.4092622950819678,358.92999999999995,272.66,698.5853000000003,64.2368852459016,93.03401639344261,1983.5000000000002,11.487868852459009,86.26999999999992,0.1809579026972523,0.35219828585833135,8.676075516476429
Rice,IND_KARNATAKA_RAICHUR,Karnataka,RAICHUR,2015,Kharif,3.154001,328423.0,104129.0,0.1065798,76.856624,16.041451,exact_normalised,183,33.45928961748633,22.448196721311458,27.42234972677594,23.885075409836062,3.597377049180325,360.9200000000001,344.2699999999999,968.5553000000006,65.61147540983603,96.03355191256833,3188.2900000000022,11.011092896174869,16.650000000000148,0.11320174764528942,0.30378519519868014,11.553395397523941
Rice,IND_KARNATAKA_RAICHUR,Karnataka,RAICHUR,2015,Summer,2.014033,22390.0,11117.0,0.1071921,76.856624,16.041451,exact_normalised,122,37.10352459016393,23.612622950819677,30.145245901639353,20.157789344262287,3.1781147540983605,158.38000000000008,150.46000000000004,756.6120000000002,47.76270491803277,96.0305737704918,2457.7200000000003,13.490901639344251,7.920000000000044,0.06444184040492817,0.3078511791416435,9.316320695513415
Rice,IND_KARNATAKA_RAMANAGARA,Karnataka,RAMANAGARA,2015,Kharif,2.313294,9466.0,4092.0,0.00418831,77.313748,12.727066,exact_normalised,183,30.495355191256838,20.01196721311476,24.488469945355202,22.873579234972677,2.982568306010929,585.4699999999999,478.36000000000007,943.9528999999998,74.63081967213115,92.93918032786887,2651.3900000000003,10.483387978142076,107.10999999999984,0.22081625109848035,0.3560218979478687,8.317033476492403
Rice,IND_KARNATAKA_RAMANAGARA,Karnataka,RAMANAGARA,2015,Rabi,2.444444,110.0,45.0,0.00153432,77.313748,12.727066,exact_normalised,181,31.92469613259671,17.669944751381195,24.044696132596677,17.790494475138114,2.115911602209946,153.45000000000002,217.70999999999984,1012.5463000000003,59.87331491712708,93.18215469613259,2542.0900000000015,14.254751381215517,-64.25999999999982,0.060363716469519144,0.3983125302408647,3.828641396489095
Rice,IND_KARNATAKA_RAMANAGARA,Karnataka,RAMANAGARA,2015,Summer,2.22082,704.0,317.0,0.00305657,77.313748,12.727066,exact_normalised,122,32.7982786885246,20.838934426229503,26.31942622950819,21.36963278688525,2.576475409836066,308.0099999999999,234.94999999999996,727.0146,63.00762295081967,92.97368852459016,1990.9699999999996,11.959344262295094,73.05999999999992,0.15470348624037528,0.3651559792462971,5.762051382780177
Rice,IND_KARNATAKA_UDUPI,Karnataka,UDUPI,2015,Kharif,2.5441,109928.0,43209.0,0.04422598,74.873401,13.413125,exact_normalised,183,27.759344262295077,23.136284153005462,25.11786885245904,27.378135519125685,1.7875409836065577,2892.6100000000006,839.5300000000002,871.9719,85.81688524590163,96.88765027322404,2766.5700000000015,4.623060109289614,2053.0800000000004,1.0455582182991932,0.3151815786334701,10.67382722892598
Rice,IND_KARNATAKA_UDUPI,Karnataka,UDUPI,2015,Rabi,2.199304,13904.0,6322.0,0.21555457,74.873401,13.413125,exact_normalised,181,30.112817679558006,20.954806629834255,25.12767955801105,22.183385635359123,1.2962983425414365,133.28000000000003,544.32,1033.2624000000003,69.15817679558009,97.06149171270717,2738.109999999999,9.15801104972375,-411.04,0.04867591148639027,0.3773633637801259,8.751949058058614
Rice,IND_KARNATAKA_UDUPI,Karnataka,UDUPI,2015,Summer,2.266667,170.0,75.0,0.00072316,74.873401,13.413125,exact_normalised,122,30.713442622950836,23.992049180327864,26.77868852459016,26.780020491803278,1.5721311475409832,1029.0800000000002,325.12,679.8089,76.37032786885244,96.89754098360658,2047.0000000000002,6.721393442622972,703.9600000000002,0.5027259404005863,0.332100097703957,4.330733340286331
Rice,IND_KARNATAKA_UTTARAKANNADA,Karnataka,UTTARA KANNADA,2015,Kharif,1.633045,106597.0,65275.0,0.06681133,74.525531,14.70572,exact_normalised,183,28.386229508196717,25.004043715846997,26.48240437158469,29.244345355191264,2.437322404371586,2898.6500000000015,924.1300000000002,878.5696000000002,84.57153005464478,99.04863387978145,3016.2799999999993,3.38218579234972,1974.5200000000013,0.9610016311483026,0.2912758762449111,11.086379713250825
Rice,IND_KARNATAKA_UTTARAKANNADA,Karnataka,UTTARA KANNADA,2015,Rabi,2.378995,3126.0,1314.0,0.04480207,74.525531,14.70572,exact_normalised,181,29.843812154696142,22.671270718232055,25.97055248618784,23.694226519337015,1.9167955801104979,89.97999999999998,694.9999999999997,1053.9356000000005,70.27513812154699,99.27701657458566,2890.670000000001,7.172541436464087,-605.0199999999996,0.031127731633150774,0.3645990721874168,7.181591944611865
Rice,IND_KARNATAKA_UTTARAKANNADA,Karnataka,UTTARA KANNADA,2015,Summer,2.543161,1915.0,753.0,0.00726056,74.525531,14.70572,exact_normalised,122,30.818032786885247,25.65450819672131,27.786967213114764,28.413827049180323,2.114918032786885,1090.9499999999998,364.69999999999993,708.4895999999999,76.17754098360652,99.06409836065575,2170.0099999999998,5.163524590163938,726.2499999999999,0.5027396187114345,0.32649139865714905,6.625392368007956
Rice,IND_TAMILNADU_ARIYALUR,Tamil Nadu,ARIYALUR,2015,Kharif,5.087635,124179.0,24408.0,0.01220271,79.210178,11.196697,exact_normalised,183,33.67786885245903,25.1820218579235,28.945027322404364,28.1123180327869,2.939617486338799,963.4499999999998,485.6000000000001,969.9735999999999,71.18606557377046,100.37322404371581,3466.94,8.49584699453553,477.84999999999974,0.27789635817175945,0.2797780175024661,10.102707195730964
Rice,IND_TAMILNADU_COIMBATORE,Tamil Nadu,COIMBATORE,2015,Kharif,3.904621,7942.0,2034.0,0.00101689,76.942425,10.900215,exact_normalised,183,29.5927868852459,21.123005464480872,24.62306010928961,25.035693442622957,2.36551912568306,634.87,527.16,873.6463,80.88103825136612,94.92338797814203,2676.019999999999,8.469781420765027,107.71000000000004,0.23724411626221037,0.3264722610443869,7.618251097876695
Rice,IND_TAMILNADU_CUDDALORE,Tamil Nadu,CUDDALORE,2015,Kharif,3.622694,507130.0,139987.0,0.06998608,79.398376,11.549058,exact_normalised,183,33.828743169398884,24.99781420765026,28.91229508196721,27.908712021857927,2.7227322404371592,1013.7499999999999,491.47999999999985,969.9735999999999,70.84480874316938,100.15584699453548,3460.95,8.830928961748622,522.27,0.29291090596512515,0.28026224013637874,11.849311983632047
Rice,IND_TAMILNADU_DHARMAPURI,Tamil Nadu,DHARMAPURI,2015,Kharif,4.480674,149426.0,33349.0,0.01667273,78.208849,12.106543,exact_normalised,183,32.18677595628415,21.552076502732245,26.23049180327869,24.387926775956295,2.3319125683060116,573.37,483.09,962.1360000000008,71.99524590163932,95.4772677595628,2970.18,10.634699453551907,90.28000000000003,0.1930421725282643,0.3239318829161872,10.414813051343769
Rice,IND_TAMILNADU_DINDIGUL,Tamil Nadu,DINDIGUL,2015,Kharif,4.799853,71945.0,14989.0,0.00749371,77.770431,10.376407,exact_normalised,183,30.591967213114774,21.432896174863398,25.305191256830604,24.373747540983608,2.9765027322404367,592.4700000000004,473.03999999999985,961.8121999999996,75.7527868852459,95.16595628415304,2800.8500000000004,9.159071038251376,119.43000000000052,0.21153221343520728,0.34340011068068604,9.615138591096644
Rice,IND_TAMILNADU_ERODE,Tamil Nadu,ERODE,2015,Kharif,4.268325,146570.0,34339.0,0.01716768,77.349132,11.479934,exact_normalised,183,32.55289617486336,21.998907103825132,26.553934426229514,24.55414918032787,1.8268306010928956,566.9600000000003,477.3299999999999,975.3072999999994,71.14437158469943,96.21021857923502,3029.37,10.553989071038231,89.63000000000034,0.1871544248474106,0.3219505375705178,10.444066134451466
Rice,IND_TAMILNADU_KANNIYAKUMARI,Tamil Nadu,KANNIYAKUMARI,2015,Kharif,4.305703,55789.0,12957.0,0.00647781,77.370026,8.292621,exact_normalised,183,29.4372131147541,23.13448087431693,25.702622950819663,27.878884699453558,2.952349726775956,881.1400000000001,501.7099999999998,925.3266999999994,84.4931147540983,98.05120218579228,2873.58,6.3027322404371695,379.4300000000003,0.3066349292520132,0.3220118110510233,9.469468637009902
Rice,IND_TAMILNADU_KARUR,Tamil Nadu,KARUR,2015,Kharif,3.983579,52886.0,13276.0,0.0066373,78.090802,10.786735,exact_normalised,183,33.61650273224044,23.294426229508193,27.815300546448096,26.043603825136614,2.764262295081968,537.2299999999998,443.65,1007.7894999999997,70.19830601092893,98.40327868852458,3260.2000000000007,10.322076502732248,93.57999999999981,0.16478436905711297,0.30911891908471856,9.493788493895902
Rice,IND_TAMILNADU_KRISHNAGIRI,Tamil Nadu,KRISHNAGIRI,2015,Kharif,4.486121,102306.0,22805.0,0.01140129,78.043393,12.472753,exact_normalised,183,31.162185792349714,20.621693989071037,25.18448087431692,23.36702513661203,2.993224043715847,570.6300000000001,477.3900000000002,962.1360000000008,73.27120218579238,93.85469945355189,2778.760000000001,10.540491803278677,93.2399999999999,0.20535418675956177,0.34624652722797233,10.034778938217304
Rice,IND_TAMILNADU_MADURAI,Tamil Nadu,MADURAI,2015,Kharif,3.638069,203670.0,55983.0,0.02798853,78.006559,9.898005,exact_normalised,183,33.199836065573805,23.281639344262288,27.627814207650275,26.271766666666664,2.150765027322406,635.7800000000001,500.31000000000006,1011.0254000000004,71.59349726775955,98.39923497267755,3225.8900000000017,9.918196721311517,135.47000000000003,0.19708669545458765,0.31340975668730175,10.93282121460747
Rice,IND_TAMILNADU_NAMAKKAL,Tamil Nadu,NAMAKKAL,2015,Kharif,5.039723,60391.0,11983.0,0.00599086,78.154921,11.347699,exact_normalised,183,33.29633879781422,22.617759562841535,27.346885245901635,25.327696174863405,2.317431693989071,551.6300000000001,463.00000000000006,972.3600999999998,70.18590163934424,97.2845901639345,3174.479999999998,10.678579234972688,88.63000000000005,0.17377019228346074,0.30630531614626655,9.391327705757
Rice,IND_TAMILNADU_PERAMBALUR,Tamil Nadu,PERAMBALUR,2015,Kharif,4.557314,64208.0,14089.0,0.00704375,78.858963,11.25245,exact_normalised,183,32.78032786885246,22.9172131147541,27.264754098360658,25.8031568306011,2.4913661202185797,782.7099999999996,501.52000000000004,972.3600999999998,71.98535519125683,97.56792349726769,3159.45,9.863114754098358,281.18999999999954,0.24773615660953635,0.3077624586557786,9.553220604892726
Rice,IND_TAMILNADU_PUDUKKOTTAI,Tamil Nadu,PUDUKKOTTAI,2015,Kharif,3.517501,258976.0,73625.0,0.0368086,78.872829,10.352982,exact_normalised,183,33.66316939890709,24.21983606557376,28.411202185792355,27.333311475409833,2.6137158469945345,729.2599999999999,496.42999999999984,1007.7894999999997,71.36114754098362,99.74754098360656,3369.2499999999995,9.443333333333328,232.83000000000004,0.21644579654225718,0.29911389775172514,11.206753503204602
Rice,IND_TAMILNADU_RAMANATHAPURAM,Tamil Nadu,RAMANATHAPURAM,2015,Kharif,2.603,303463.0,116582.0,0.05828482,78.817623,9.423787,exact_normalised,183,32.443005464480855,25.78295081967212,28.732841530054632,29.143253551912572,3.9095081967213123,669.3800000000005,438.61,1011.0254000000004,74.25989071038252,100.56786885245903,3428.1099999999983,6.660054644808735,230.77000000000044,0.1952621123592886,0.2949220999326162,11.666358744670399
Rice,IND_TAMILNADU_SALEM,Tamil Nadu,SALEM,2015,Kharif,4.958364,122541.0,24714.0,0.01235569,78.256113,11.628258,exact_normalised,183,33.29633879781422,22.617759562841535,27.346885245901635,25.327696174863405,2.317431693989071,551.6300000000001,463.00000000000006,972.3600999999998,70.18590163934424,97.2845901639345,3174.479999999998,10.678579234972688,88.63000000000005,0.17377019228346074,0.30630531614626655,10.11516562574106
Rice,IND_TAMILNADU_SIVAGANGA,Tamil Nadu,SIVAGANGA,2015,Kharif,2.819349,189480.0,67207.0,0.03359994,78.568693,9.944223,exact_normalised,183,33.362185792349734,24.667322404371586,28.541912568306007,27.8828043715847,2.773169398907104,716.7599999999996,488.6700000000001,1011.0254000000004,72.1639344262295,99.98666666666665,3393.169999999999,8.694863387978149,228.08999999999958,0.21123610075534083,0.29795895873180556,11.115547567044683
Rice,IND_TAMILNADU_THANJAVUR,Tamil Nadu,THANJAVUR,2015,Kharif,3.590224,636999.0,177426.0,0.0887036,79.260887,10.579191,exact_normalised,183,32.94442622950818,25.876775956284153,29.020765027322405,28.87139508196722,3.299016393442625,926.71,488.93999999999994,990.1710000000002,72.60644808743172,100.55027322404372,3480.8,7.067650273224029,437.7700000000001,0.2662347736152609,0.2844665019535739,12.086314535698257
Rice,IND_TAMILNADU_THENILGIRIS,Tamil Nadu,THE NILGIRIS,2015,Kharif,4.459119,1418.0,318.0,0.00015898,76.648605,11.435308,exact_normalised,183,29.11398907103825,19.7824043715847,23.640218579234972,22.797920765027325,2.3403825136612024,516.8599999999998,453.7600000000001,874.8131999999998,78.1766120218579,92.28688524590162,2496.1599999999994,9.33158469945355,63.09999999999968,0.20706204730465994,0.35046359207743094,5.765191102784844
Rice,IND_TAMILNADU_THENI,Tamil Nadu,THENI,2015,Kharif,5.425056,79374.0,14631.0,0.00731472,77.429172,9.916685,exact_normalised,183,28.89256830601092,20.0816393442623,23.822076502732223,23.190916939890705,1.8644808743169385,697.2300000000001,530.4800000000002,934.3968,78.73420765027323,93.11273224043714,2529.4399999999996,8.810928961748619,166.7499999999999,0.2756459927889178,0.36940856474160294,9.590966190070702
Rice,IND_TAMILNADU_THIRUVALLUR,Tamil Nadu,THIRUVALLUR,2015,Kharif,3.286155,333203.0,101396.0,0.05069263,79.941464,13.24923,exact_normalised,183,32.5827868852459,25.635846994535537,28.74087431693989,28.96272131147541,2.951967213114755,1548.3600000000004,531.3100000000002,928.6073999999998,73.89109289617488,100.22010928961744,3429.58,6.9469398907103646,1017.0500000000002,0.4514721919302073,0.2707641752051271,11.526798783902734
Rice,IND_TAMILNADU_THIRUVARUR,Tamil Nadu,THIRUVARUR,2015,Kharif,3.424811,666958.0,194743.0,0.09736118,79.587842,10.561873,exact_normalised,183,32.94442622950818,25.876775956284153,29.020765027322405,28.87139508196722,3.299016393442625,926.71,488.93999999999994,990.1710000000002,72.60644808743172,100.55027322404372,3480.8,7.067650273224029,437.7700000000001,0.2662347736152609,0.2844665019535739,12.179441154529256
Rice,IND_TAMILNADU_TIRUCHIRAPPALLI,Tamil Nadu,TIRUCHIRAPPALLI,2015,Kharif,4.169521,244213.0,58571.0,0.0292824,78.555677,10.845397,exact_normalised,183,33.408961748633864,23.69704918032787,27.981256830601097,26.73683005464481,2.688469945355192,744.0699999999998,497.76000000000005,1007.7894999999997,71.55092896174861,98.99590163934427,3290.570000000001,9.711912568305994,246.30999999999977,0.2261219180871398,0.3062659356889534,10.978012045675149
Rice,IND_TAMILNADU_TIRUNELVELI,Tamil Nadu,TIRUNELVELI,2015,Kharif,4.95853,488445.0,98506.0,0.04924778,77.568767,8.838215,exact_normalised,183,30.196338797814228,22.649617486338784,25.80486338797815,27.628940983606558,2.548415300546449,861.0999999999998,533.25,925.3266999999994,83.25437158469948,98.13655737704924,2892.290000000002,7.546721311475444,327.8499999999998,0.29772256585612067,0.3199287415853869,11.49788289062496
Rice,IND_TAMILNADU_TIRUPPUR,Tamil Nadu,TIRUPPUR,2015,Kharif,4.524847,48167.0,10645.0,0.00532194,77.334294,10.83475,exact_normalised,183,32.92278688524591,22.936612021857933,27.198579234972662,25.7391781420765,2.996666666666667,543.5299999999999,454.3800000000001,961.8121999999996,71.6899453551912,97.67398907103829,3147.3399999999983,9.98617486338798,89.14999999999975,0.17269503771438743,0.30559526457262326,9.272939513732704
Rice,IND_TAMILNADU_TIRUVANNAMALAI,Tamil Nadu,TIRUVANNAMALAI,2015,Kharif,3.965567,550738.0,138880.0,0.06943264,79.247289,12.432454,exact_normalised,183,33.482076502732255,23.808251366120224,28.093387978142072,27.137305464480875,2.3058469945355187,1236.1399999999999,550.2799999999995,972.3570999999997,72.23349726775955,98.95874316939886,3311.089999999999,9.673825136612031,685.8600000000004,0.3733332527959072,0.2936667683451673,11.841372730329084
Rice,IND_TAMILNADU_VELLORE,Tamil Nadu,VELLORE,2015,Kharif,3.906125,202224.0,51771.0,0.02588276,79.042643,12.783542,exact_normalised,183,31.3369398907104,21.335300546448092,25.735846994535517,23.972768306010913,2.858032786885245,891.9599999999996,519.1900000000003,972.3570999999997,73.03125683060108,94.88792349726776,2879.6600000000008,10.001639344262308,372.7699999999993,0.309744900439635,0.33766385614968414,10.854604741562328
Rice,IND_TELANGANA_ADILABAD,Telangana,ADILABAD,2015,Kharif,2.550112,108571.0,42575.0,0.05686425,78.785443,19.287834,exact_normalised,183,32.55398907103826,22.80524590163934,27.222732240437153,25.356537704918033,2.45808743169399,690.7500000000003,580.6999999999998,895.3307999999996,70.64644808743174,96.94502732240444,3151.76,9.74874316939892,110.05000000000052,0.2191632611620175,0.28407327969134694,10.65904599321747
Rice,IND_TELANGANA_ADILABAD,Telangana,ADILABAD,2015,Rabi,2.881975,43025.0,14929.0,0.05018573,78.785443,19.287834,exact_normalised,181,33.17569060773477,17.45419889502762,24.812707182320445,13.900859116022101,1.8204419889502765,135.27999999999997,165.10999999999996,958.7957000000004,44.52657458563536,97.47585635359113,2681.1000000000013,15.721491712707152,-29.829999999999984,0.050456902017828466,0.3576128081757487,9.611127890533236
Rice,IND_TELANGANA_KARIMNAGAR,Telangana,KARIMNAGAR,2015,Kharif,3.277004,381263.0,116345.0,0.15539332,79.416208,18.512553,exact_normalised,183,34.058196721311475,23.705737704918025,28.37256830601092,25.502486885245887,2.419726775956283,467.8399999999999,413.9399999999998,908.3220999999996,66.15961748633882,97.85497267759563,3362.18,10.35245901639345,53.90000000000009,0.1391478148106288,0.2701586768108786,11.664323789110673
Rice,IND_TELANGANA_KARIMNAGAR,Telangana,KARIMNAGAR,2015,Rabi,3.194994,172699.0,54053.0,0.18170603,79.416208,18.512553,exact_normalised,181,34.17220994475138,18.50436464088397,25.84895027624307,14.917048066298344,1.7843646408839777,97.01999999999998,113.86000000000004,961.6488000000004,44.64602209944749,98.39348066298336,2868.66,15.66784530386741,-16.84000000000006,0.03382066888372968,0.33522578486122456,10.897738825879495
Rice,IND_TELANGANA_KHAMMAM,Telangana,KHAMMAM,2015,Kharif,3.0759,337054.0,109579.0,0.14635648,80.659158,17.648369,exact_normalised,183,32.080382513661206,23.394918032786876,27.29803278688524,27.92693333333336,1.944371584699454,760.5999999999995,631.4300000000004,875.2936000000007,76.90103825136612,98.88622950819676,3165.5399999999986,8.68546448087433,129.16999999999905,0.2402749609861192,0.2765068835017094,11.604410155092406
Rice,IND_TELANGANA_KHAMMAM,Telangana,KHAMMAM,2015,Rabi,2.65898,32288.0,12143.0,0.04082024,80.659158,17.648369,exact_normalised,181,34.46563535911602,19.135414364640884,26.170773480662973,18.766685635359117,1.793370165745856,52.440000000000005,127.48000000000008,967.9641999999994,55.08696132596686,99.42817679558011,2926.909999999998,15.330220994475138,-75.04000000000008,0.01791650580304828,0.33071197952789805,9.404590499635411
Rice,IND_TELANGANA_MAHBUBNAGAR,Telangana,MAHBUBNAGAR,2015,Kharif,2.261839,149451.0,66075.0,0.08825144,78.000858,16.644927,exact_normalised,183,32.806065573770475,22.418797814207643,27.14267759562841,23.947408196721316,3.143169398907104,404.68999999999994,384.37000000000006,935.970600000001,66.95939890710383,95.88912568306013,3137.109999999999,10.387267759562832,20.31999999999988,0.1290008957288715,0.2983544089942658,11.098560873675032
Rice,IND_TELANGANA_MAHBUBNAGAR,Telangana,MAHBUBNAGAR,2015,Rabi,2.17101,65571.0,30203.0,0.10153122,78.000858,16.644927,exact_normalised,181,32.96331491712705,17.867513812154684,24.880110497237563,16.512558011049723,2.153480662983426,110.03000000000002,177.51000000000005,987.4694999999999,52.652872928176755,96.31071823204425,2693.299999999999,15.095801104972367,-67.48000000000003,0.040853228381539396,0.36663925296105165,10.315729644923316
Rice,IND_TELANGANA_MEDAK,Telangana,MEDAK,2015,Kharif,2.843088,174884.0,61512.0,0.08215698,78.103674,17.887066,exact_normalised,183,32.89661202185791,22.293005464480878,27.124098360655722,23.223620765027317,2.882131147540984,417.0100000000001,393.2399999999997,925.7520999999997,64.92234972677593,95.08316939890709,3133.710000000001,10.603606557377034,23.77000000000038,0.13307230088297894,0.2954172849434056,11.02700381357038
Rice,IND_TELANGANA_MEDAK,Telangana,MEDAK,2015,Rabi,2.863983,64895.0,22659.0,0.07617111,78.103674,17.887066,exact_normalised,181,32.76972375690607,17.636298342541433,24.70502762430938,13.81673535911602,2.112872928176797,127.39999999999999,144.75000000000006,981.1090000000004,44.05745856353592,95.53546961325972,2661.6100000000006,15.133425414364634,-17.350000000000065,0.047865765457749246,0.36861486093003865,10.028356534581997
Rice,IND_TELANGANA_NALGONDA,Telangana,NALGONDA,2015,Kharif,3.050999,390235.0,127904.0,0.17083181,79.1666,17.113957,exact_normalised,183,34.36081967213113,24.144863387978138,28.726174863387975,25.61371584699456,2.650327868852458,389.1899999999997,374.49000000000007,914.4918999999995,65.14743169398906,98.26382513661201,3426.8900000000003,10.215956284152991,14.699999999999648,0.11356944634931372,0.2668576756184177,11.75904307984426
Rice,IND_TELANGANA_NALGONDA,Telangana,NALGONDA,2015,Rabi,2.714003,230218.0,84826.0,0.28515337,79.1666,17.113957,exact_normalised,181,33.84574585635358,19.25298342541437,25.994751381215465,18.156389502762433,1.8746408839779012,68.10000000000001,149.84000000000006,972.6022000000003,53.93287292817682,98.78574585635361,2895.0500000000006,14.59276243093921,-81.74000000000005,0.02352290979430407,0.33595350684789554,11.348369167329087
Rice,IND_TELANGANA_NIZAMABAD,Telangana,NIZAMABAD,2015,Kharif,2.594996,208770.0,80451.0,0.10745239,78.037692,18.417719,exact_normalised,183,33.41420765027325,22.768469945355186,27.622568306010916,23.76301693989072,2.7466666666666675,453.8400000000001,405.6000000000001,917.2995999999999,64.59639344262295,95.94387978142075,3224.929999999999,10.645737704918062,48.24000000000001,0.14072863597039323,0.2844401583910349,11.295416012273112
Rice,IND_TELANGANA_NIZAMABAD,Telangana,NIZAMABAD,2015,Rabi,3.072989,54017.0,17578.0,0.05909068,78.037692,18.417719,exact_normalised,181,33.223149171270734,17.90342541436464,25.09121546961326,13.624360773480666,2.000994475138122,126.30000000000003,135.62999999999994,967.1421,42.428011049723736,96.42160220994474,2731.5100000000007,15.319723756906093,-9.329999999999913,0.04623816131004463,0.3540686653169858,9.774460286799892
Rice,IND_TELANGANA_WARANGAL,Telangana,WARANGAL,2015,Kharif,3.16464,402403.0,127156.0,0.16983277,79.850573,17.980621,exact_normalised,183,33.582841530054644,23.612841530054652,28.07923497267758,26.251657923497277,2.207486338797813,502.1399999999998,457.77999999999975,914.4918999999995,69.13256830601097,98.18136612021861,3308.5,9.969999999999992,44.36000000000007,0.1517727066646516,0.27640680066495377,11.753177822421806
Rice,IND_TELANGANA_WARANGAL,Telangana,WARANGAL,2015,Rabi,3.162991,170539.0,53917.0,0.18124884,79.850573,17.980621,exact_normalised,181,34.41524861878452,18.704033149171273,26.073149171270718,16.405725414364635,1.7722099447513808,60.870000000000005,98.88000000000002,972.6022000000003,48.29298342541438,98.71939226519342,2909.2400000000016,15.711215469613244,-38.01000000000002,0.020922990196752405,0.3343148726127785,10.895219652910134
Rice,IND_ANDHRAPRADESH_ANANTAPUR,Andhra Pradesh,ANANTAPUR,2016,Kharif,2.454429,44138.0,17983.0,0.0118336,77.464996,14.311236,exact_normalised,183,32.5139344262295,21.12306010928963,26.20420765027322,22.29133333333333,3.644754098360653,290.4,330.3799999999999,945.6867000000002,65.13054644808746,95.75639344262298,2965.3700000000013,11.390874316939868,-39.979999999999905,0.09793044375575387,0.3189101865871712,9.797237752693418
Rice,IND_ANDHRAPRADESH_ANANTAPUR,Andhra Pradesh,ANANTAPUR,2016,Rabi,2.710644,13293.0,4904.0,0.00837771,77.464996,14.311236,exact_normalised,182,34.419450549450545,20.351978021978013,26.8467032967033,18.09935329670331,2.5363186813186807,115.25999999999996,150.1400000000001,1040.9346,54.250659340659354,96.13291208791205,3066.1000000000004,14.067472527472532,-34.88000000000014,0.03759172890642835,0.3394979289651348,8.498010371999463
Rice,IND_ANDHRAPRADESH_CHITTOOR,Andhra Pradesh,CHITTOOR,2016,Kharif,3.428378,78527.0,22905.0,0.01507249,78.939397,13.333205,exact_normalised,183,31.378142076502737,20.323442622950818,25.179726775956297,21.751970491803277,3.114426229508195,350.73999999999995,363.04999999999984,962.2156999999999,67.73453551912566,93.86590163934426,2777.8900000000003,11.054699453551919,-12.309999999999889,0.1262612990435186,0.34638365810021265,10.039154163957662
Rice,IND_ANDHRAPRADESH_CHITTOOR,Andhra Pradesh,CHITTOOR,2016,Rabi,3.852658,91674.0,23795.0,0.04064999,78.939397,13.333205,exact_normalised,182,30.507912087912086,18.391648351648357,23.68989010989012,20.37976428571429,2.3497252747252735,507.50000000000006,420.9599999999995,997.6352000000003,71.6291208791209,94.29527472527468,2491.56,12.116263736263729,86.54000000000053,0.20368764950472798,0.4004058501501069,10.077272778307796
Rice,IND_ANDHRAPRADESH_EASTGODAVARI,Andhra Pradesh,EAST GODAVARI,2016,Kharif,3.345491,737644.0,220489.0,0.14509139,82.14393,17.060053,exact_normalised,183,30.520218579234957,23.52327868852457,26.659016393442617,29.207253005464466,2.1179781420765016,940.6400000000002,725.23,816.6975000000007,83.09666666666668,99.85316939890711,3048.5999999999985,6.996939890710387,215.4100000000002,0.3085481860526145,0.2678926392442436,12.303607621366705
Rice,IND_ANDHRAPRADESH_EASTGODAVARI,Andhra Pradesh,EAST GODAVARI,2016,Rabi,5.440668,889386.0,163470.0,0.27926261,82.14393,17.060053,exact_normalised,182,33.91104395604396,21.63302197802198,26.865000000000002,24.15762967032967,2.1026923076923087,131.12,268.03000000000014,934.2281999999999,68.57346153846156,100.52917582417581,3069.4299999999994,12.278021978021982,-136.91000000000014,0.042718029080317854,0.30436537076916564,12.00439088355694
Rice,IND_ANDHRAPRADESH_GUNTUR,Andhra Pradesh,GUNTUR,2016,Kharif,4.185335,685336.0,163747.0,0.10775268,80.143541,16.120193,exact_normalised,183,32.98065573770491,23.752295081967212,27.87726775956284,26.86905355191257,2.9114207650273234,586.1599999999995,537.7300000000001,858.9265000000003,71.38961748633875,99.76508196721315,3271.539999999999,9.228360655737696,48.42999999999938,0.17916944313687122,0.26254500938396,12.006083939682451
Rice,IND_ANDHRAPRADESH_GUNTUR,Andhra Pradesh,GUNTUR,2016,Rabi,4.116706,50195.0,12193.0,0.02082981,80.143541,16.120193,exact_normalised,182,34.86928571428572,21.8393956043956,27.44263736263736,23.7262901098901,2.675329670329671,138.76999999999995,164.61000000000007,949.4921,65.19324175824178,100.35774725274722,3174.56,13.029890109890122,-25.840000000000117,0.04371314449876517,0.29909407917947683,9.408699306467762
Rice,IND_ANDHRAPRADESH_KRISHNA,Andhra Pradesh,KRISHNA,2016,Kharif,3.860668,833499.0,215895.0,0.14206834,80.888919,16.541648,exact_normalised,183,31.84273224043715,23.36311475409836,27.132131147540985,28.223809836065563,2.3111475409836064,777.1399999999996,677.4499999999998,858.9265000000003,78.11267759562843,100.08934426229511,3135.1799999999994,8.479617486338793,99.68999999999983,0.24787731485911488,0.27396401482530525,12.282552089235391
Rice,IND_ANDHRAPRADESH_KRISHNA,Andhra Pradesh,KRISHNA,2016,Rabi,4.139294,64217.0,15514.0,0.02650321,80.888919,16.541648,exact_normalised,182,35.46664835164834,21.686648351648355,27.637747252747257,23.81202527472528,2.3352747252747257,107.54,169.54,949.4921,64.60999999999999,100.70598901098904,3210.070000000001,13.779999999999983,-61.999999999999986,0.03350082708476761,0.2957854813134915,9.64956257688248
Rice,IND_ANDHRAPRADESH_KURNOOL,Andhra Pradesh,KURNOOL,2016,Kharif,4.063232,322068.0,79264.0,0.05215917,77.878833,15.431734,exact_normalised,183,32.20426229508196,21.491748633879784,26.236229508196704,23.90916830601095,3.1718032786885253,481.3,474.93999999999966,920.3626,69.72491803278689,96.82377049180332,2971.230000000001,10.712513661202177,6.360000000000355,0.16198678661699023,0.30975811364317124,11.280551948277328
Rice,IND_ANDHRAPRADESH_KURNOOL,Andhra Pradesh,KURNOOL,2016,Rabi,3.830668,112817.0,29451.0,0.05031237,77.878833,15.431734,exact_normalised,182,35.68851648351648,20.391538461538456,27.434340659340666,18.98322912087913,2.3825824175824177,66.31,88.76,1030.4069,54.028351648351666,97.2569230769231,3173.0500000000015,15.296978021978024,-22.450000000000003,0.020897874284993925,0.3247370511022516,10.290517098488607
Rice,IND_ANDHRAPRADESH_PRAKASAM,Andhra Pradesh,PRAKASAM,2016,Kharif,3.32575,64177.0,19297.0,0.01269827,79.729919,15.616436,exact_normalised,183,32.92464480874318,25.0601092896175,28.675355191256852,27.323543169398913,3.692622950819672,538.9900000000001,476.19999999999993,901.4613000000002,69.38989071038256,100.1590163934426,3417.590000000001,7.864535519125681,62.79000000000019,0.15771055041710677,0.2637710491896336,9.86775674258033
Rice,IND_ANDHRAPRADESH_PRAKASAM,Andhra Pradesh,PRAKASAM,2016,Rabi,3.837353,79721.0,20775.0,0.0354908,79.729919,15.616436,exact_normalised,182,32.25906593406594,23.307087912087923,27.16197802197802,25.10376868131869,3.333681318681318,260.01999999999987,264.6100000000001,961.9358000000004,69.91000000000003,100.75412087912088,3123.48,8.951978021978015,-4.590000000000259,0.0832468912879224,0.3079692522442918,9.941553753342584
Rice,IND_ANDHRAPRADESH_SRIKAKULAM,Andhra Pradesh,SRIKAKULAM,2016,Kharif,2.975129,605174.0,203411.0,0.13385332,84.07575,18.697258,exact_normalised,183,29.200655737704924,26.065519125683064,27.56928961748634,30.226186338797806,3.5760655737704927,1146.5199999999998,694.6999999999997,854.4627000000004,81.21628415300543,99.87349726775963,3215.179999999998,3.13513661202186,451.82000000000005,0.3565958982078765,0.2657588999682758,12.222988757906487
Rice,IND_ANDHRAPRADESH_SRIKAKULAM,Andhra Pradesh,SRIKAKULAM,2016,Rabi,2.783276,6524.0,2344.0,0.00400435,84.07575,18.697258,exact_normalised,182,29.282912087912102,23.85401098901099,26.21626373626374,24.713625824175818,3.3819230769230764,173.66000000000005,356.04000000000025,893.5145,71.9224725274725,100.63005494505495,2951.36,5.428901098901111,-182.3800000000002,0.05884067006397052,0.30274669982652064,7.76004068088038
Rice,IND_ANDHRAPRADESH_VIZIANAGARAM,Andhra Pradesh,VIZIANAGARAM,2016,Kharif,3.037044,371142.0,122205.0,0.08041623,83.359673,18.506317,exact_normalised,183,27.78245901639345,20.648907103825138,23.815901639344265,25.33110655737706,2.024480874316941,1295.0599999999995,728.8300000000003,824.9910999999996,84.68469945355191,94.40311475409834,2528.3100000000004,7.133551912568311,566.2299999999992,0.5122235801780634,0.32630140291340837,11.713463424350609
Rice,IND_ANDHRAPRADESH_VIZIANAGARAM,Andhra Pradesh,VIZIANAGARAM,2016,Rabi,3.04137,9410.0,3094.0,0.00528561,83.359673,18.506317,exact_normalised,182,31.424505494505507,18.317747252747253,24.105439560439567,17.771685164835155,1.613461538461538,125.22000000000003,336.14000000000016,895.8505999999999,61.18884615384617,95.05373626373625,2567.19,13.106758241758254,-210.92000000000013,0.048777067532983547,0.3489615493983694,8.037543185118697
Rice,IND_ANDHRAPRADESH_WESTGODAVARI,Andhra Pradesh,WEST GODAVARI,2016,Kharif,3.553281,820044.0,230785.0,0.15186661,81.315692,16.847574,exact_normalised,183,30.5617486338798,22.88633879781421,26.324480874316965,28.43503715846994,2.0516939890710386,919.1499999999997,724.6000000000003,856.2519999999995,82.39453551912571,99.37584699453551,2987.38,7.67540983606559,194.5499999999995,0.30767763056591385,0.2866230610099818,12.34924615319742
Rice,IND_ANDHRAPRADESH_WESTGODAVARI,Andhra Pradesh,WEST GODAVARI,2016,Rabi,5.017334,846053.0,168626.0,0.28807082,81.315692,16.847574,exact_normalised,182,35.0262087912088,20.961593406593412,27.040934065934074,23.33288956043956,2.0764835164835174,104.21,194.66000000000005,944.6898999999996,65.6246703296704,100.01461538461538,3101.45,14.06461538461539,-90.45000000000006,0.03360041271018395,0.3045962050008866,12.03544445407723
Rice,IND_KARNATAKA_BANGALORERURAL,Karnataka,BANGALORE RURAL,2016,Kharif,2.616667,1413.0,540.0,0.00057323,77.614728,13.177348,exact_normalised,183,30.07032786885246,18.716994535519106,23.64579234972676,20.37927540983606,3.190601092896176,384.00999999999993,403.1700000000002,953.0404999999997,69.6832786885246,91.57868852459018,2497.1799999999994,11.353333333333353,-19.160000000000252,0.1537774609759809,0.3816466974747515,6.293419278846481
Rice,IND_KARNATAKA_BANGALORERURAL,Karnataka,BANGALORE RURAL,2016,Rabi,3.0,3.0,1.0,5.352e-05,77.614728,13.177348,exact_normalised,182,31.6792857142857,17.981428571428573,24.208956043956043,17.936620879120884,2.3940659340659356,266.42,297.5700000000001,1033.4063,61.55434065934064,91.89439560439564,2586.0299999999997,13.697857142857128,-31.15000000000009,0.10302278009149161,0.39961110273276035,0.6931471805599453
Rice,IND_KARNATAKA_BANGALORERURAL,Karnataka,BANGALORE RURAL,2016,Summer,2.875,138.0,48.0,0.00065012,77.614728,13.177348,exact_normalised,122,34.118196721311485,21.386311475409837,27.391065573770494,19.60525327868853,2.8110655737704913,278.08,170.24999999999997,770.3488000000003,55.45778688524588,91.63131147540977,2121.7100000000014,12.731885245901648,107.83000000000001,0.13106409452752724,0.3630792144072469,3.8918202981106265
Rice,IND_KARNATAKA_BIDAR,Karnataka,BIDAR,2016,Kharif,1.198095,629.0,525.0,0.00055731,77.219591,17.954256,exact_normalised,183,29.822896174863384,20.23071038251366,24.420874316939887,23.2553131147541,2.895355191256831,802.5399999999998,662.0400000000002,844.7698999999994,75.19595628415303,94.593825136612,2639.019999999999,9.592185792349724,140.49999999999966,0.304105311820297,0.32010742624155925,6.26530121273771
Rice,IND_KARNATAKA_CHITRADURGA,Karnataka,CHITRADURGA,2016,Kharif,1.914787,1528.0,798.0,0.00084711,76.575818,14.279313,exact_normalised,183,31.7914207650273,20.48426229508197,25.400109289617497,21.598947540983627,3.9853005464480877,274.86999999999983,300.48999999999995,928.3614999999999,66.17557377049181,94.53934426229513,2818.22,11.307158469945332,-25.62000000000012,0.09753319471155547,0.3294141337439944,6.683360945766275
Rice,IND_KARNATAKA_CHITRADURGA,Karnataka,CHITRADURGA,2016,Rabi,2.6,13.0,5.0,0.00026758,76.575818,14.279313,exact_normalised,182,34.41269230769231,19.94906593406594,26.6670879120879,17.190220879120883,2.4470879120879125,76.70000000000003,101.90999999999998,1049.1209,51.3896703296703,94.87851648351648,3033.409999999999,14.463626373626372,-25.20999999999995,0.02528507521238476,0.3458552915695538,1.791759469228055
Rice,IND_KARNATAKA_CHITRADURGA,Karnataka,CHITRADURGA,2016,Summer,2.171429,76.0,35.0,0.00047405,76.575818,14.279313,exact_normalised,122,36.67483606557377,23.789344262295092,29.980245901639346,19.547997540983616,3.209344262295083,168.10999999999996,113.00999999999999,772.0956000000002,47.95098360655737,94.5422131147541,2437.5900000000006,12.88549180327868,55.099999999999966,0.06896565870388371,0.3167454740132672,3.58351893845611
Rice,IND_KARNATAKA_DAKSHINAKANNADA,Karnataka,DAKSHINA KANNADA,2016,Kharif,3.114085,88876.0,28540.0,0.03029644,75.204445,12.828777,exact_normalised,183,28.07622950819673,23.859016393442623,25.690273224043725,28.09595573770492,2.120382513661202,2904.510000000002,842.5899999999999,807.0467000000002,85.08666666666664,99.08557377049178,2871.319999999999,4.217213114754106,2061.920000000002,1.0115591435298061,0.28107166738642875,10.259096928959389
Rice,IND_KARNATAKA_DAKSHINAKANNADA,Karnataka,DAKSHINA KANNADA,2016,Rabi,2.652372,27956.0,10540.0,0.56405865,75.204445,12.828777,exact_normalised,182,32.373021978021974,24.37752747252747,27.87000000000001,25.29725714285716,1.6931868131868133,112.08000000000013,370.3799999999999,1010.6875000000001,67.40730769230773,99.27934065934068,3252.3399999999983,7.995494505494506,-258.2999999999997,0.0344613416801442,0.3107570241733646,9.26302769425519
Rice,IND_KARNATAKA_DAKSHINAKANNADA,Karnataka,DAKSHINA KANNADA,2016,Summer,3.449074,745.0,216.0,0.00292556,75.204445,12.828777,exact_normalised,122,32.85975409836066,26.339180327868856,29.04016393442624,28.497826229508195,2.1980327868852467,1281.16,203.56,682.3105,71.5227049180328,99.07204918032784,2322.900000000001,6.520573770491804,1077.6000000000001,0.5515347195316198,0.2937321882130095,5.37989735354046
Rice,IND_KARNATAKA_DHARWAD,Karnataka,DHARWAD,2016,Kharif,0.510158,11174.0,21903.0,0.02325098,75.127326,15.336898,exact_normalised,183,28.502786885245882,19.47284153005465,23.30612021857924,22.795197267759562,3.1261202185792354,913.6499999999999,667.1800000000001,864.3884,79.1033333333333,93.86612021857924,2435.0200000000004,9.02994535519123,246.4699999999998,0.3752125239217746,0.35498205353549456,9.99442454752823
Rice,IND_KARNATAKA_DHARWAD,Karnataka,DHARWAD,2016,Summer,3.0,3.0,1.0,1.354e-05,75.127326,15.336898,exact_normalised,122,36.370000000000005,22.317786885245912,28.613196721311475,21.605421311475418,2.763032786885247,321.13999999999993,141.66,747.8751999999998,56.58778688524591,93.86868852459018,2270.8100000000013,14.052213114754093,179.47999999999993,0.14142090267349525,0.32934292168873636,0.6931471805599453
Rice,IND_KARNATAKA_GADAG,Karnataka,GADAG,2016,Kharif,3.087413,3532.0,1144.0,0.00121441,75.653119,15.508228,exact_normalised,183,30.503934426229524,19.93043715846995,24.410054644808728,22.051368852459035,3.724863387978142,449.1499999999999,428.75000000000017,864.3884,71.61628415300551,94.05650273224047,2637.0399999999995,10.573497267759574,20.39999999999975,0.17032354458028698,0.32778736765464317,7.0431599159883405
Rice,IND_KARNATAKA_GADAG,Karnataka,GADAG,2016,Summer,1.275817,976.0,765.0,0.01036136,75.653119,15.508228,exact_normalised,122,36.95450819672129,23.10540983606556,29.62131147540983,20.40630327868853,3.0474590163934425,194.51999999999998,130.06000000000003,747.8751999999998,50.67032786885245,94.0489344262295,2393.7999999999993,13.84909836065573,64.45999999999995,0.08125992146378146,0.3124217562035258,6.641182169740591
Rice,IND_KARNATAKA_HASSAN,Karnataka,HASSAN,2016,Kharif,2.032046,52504.0,25838.0,0.02742815,76.105719,12.951423,exact_normalised,183,28.691366120218568,18.50918032786885,22.845956284153008,20.631821311475402,2.809234972677596,491.27999999999975,442.2199999999998,911.8506,74.06857923497269,91.27480874316939,2350.809999999999,10.182185792349717,49.059999999999945,0.20898328661184867,0.3878878344060134,10.159640257457283
Rice,IND_KARNATAKA_HASSAN,Karnataka,HASSAN,2016,Rabi,0.333333,1.0,3.0,0.00016055,76.105719,12.951423,exact_normalised,182,32.02192307692309,18.26934065934066,24.579560439560446,17.91846208791209,1.6756593406593407,124.19000000000001,248.61999999999986,1013.2904000000002,59.171483516483555,91.5352197802198,2653.4799999999996,13.752582417582428,-124.42999999999985,0.046802689298581494,0.3818722583173796,1.3862943611198906
Rice,IND_KARNATAKA_HASSAN,Karnataka,HASSAN,2016,Summer,2.795367,724.0,259.0,0.00350796,76.105719,12.951423,exact_normalised,122,33.552295081967216,21.386639344262292,26.96811475409836,20.61845655737706,2.13188524590164,256.28,147.79,730.8792999999998,59.2954918032787,91.3115573770492,2070.1099999999988,12.165655737704924,108.48999999999998,0.12380018453125685,0.353063025636319,5.560681631015528
Rice,IND_KARNATAKA_HAVERI,Karnataka,HAVERI,2016,Kharif,1.030736,32999.0,32015.0,0.0339853,75.395405,14.743146,exact_normalised,183,29.76688524590163,19.99081967213115,24.086666666666673,22.65387759562842,3.4717486338797805,562.1899999999999,484.1100000000002,887.6483999999995,75.3325136612022,94.20945355191257,2577.860000000001,9.776065573770481,78.07999999999976,0.2180839921485262,0.3443353789577398,10.373991056823515
Rice,IND_KARNATAKA_HAVERI,Karnataka,HAVERI,2016,Summer,2.023547,8078.0,3992.0,0.0540687,75.395405,14.743146,exact_normalised,122,36.18819672131146,22.678852459016387,28.743114754098368,22.51105163934428,3.032377049180328,261.29,128.52999999999994,760.1212999999999,58.320163934426226,94.21188524590167,2286.659999999999,13.509344262295077,132.76000000000008,0.11426709698862102,0.33241553182370803,8.292298107063221
Rice,IND_KARNATAKA_KODAGU,Karnataka,KODAGU,2016,Kharif,2.431983,67828.0,27890.0,0.02960643,75.777469,12.406712,exact_normalised,183,26.482786885245893,20.02158469945354,22.719508196721318,24.404536612021865,0.7422950819672129,1669.9299999999996,840.9299999999996,807.0467000000002,88.23273224043717,94.30338797814206,2327.6699999999987,6.461202185792352,829.0,0.7174255800865246,0.3467186929418692,10.236059335123967
Rice,IND_KARNATAKA_KODAGU,Karnataka,KODAGU,2016,Rabi,2.75,11.0,4.0,0.00021406,75.777469,12.406712,exact_normalised,182,31.95527472527473,20.07857142857144,25.222582417582423,21.859159890109886,0.5589010989010988,137.37,388.6500000000002,1010.6875000000001,68.45906593406595,94.4936263736263,2770.51,11.87670329670329,-251.2800000000002,0.049582928774846505,0.36480196786873176,1.6094379124341003
Rice,IND_KARNATAKA_KODAGU,Karnataka,KODAGU,2016,Summer,1.909091,63.0,33.0,0.00044696,75.777469,12.406712,exact_normalised,122,32.824016393442626,22.56516393442624,26.818032786885258,24.861568032786874,0.7025409836065577,748.4700000000001,194.29999999999995,682.3105,71.44516393442623,94.31032786885248,2051.8,10.258852459016385,554.1700000000002,0.3647870162783897,0.3325424017935471,3.5263605246161616
Rice,IND_KARNATAKA_KOLAR,Karnataka,KOLAR,2016,Kharif,1.935877,2385.0,1232.0,0.00130782,78.192771,13.111229,exact_normalised,183,30.21786885245901,19.052786885245904,23.911366120218577,20.906592349726786,3.2292896174863395,415.2699999999999,420.0500000000001,962.2156999999999,70.27907103825137,92.05868852459017,2545.78,11.165081967213105,-4.7800000000002,0.1631209295382947,0.37796498519117905,7.117205503164344
Rice,IND_KARNATAKA_KOPPAL,Karnataka,KOPPAL,2016,Kharif,3.590994,132066.0,36777.0,0.03904037,76.159107,15.65316,exact_normalised,183,31.342841530054653,20.355737704918017,25.070491803278696,22.127608743169404,3.7607103825136625,385.17999999999995,383.20999999999987,899.132,68.93338797814204,94.69857923497271,2757.8999999999996,10.987103825136636,1.9700000000000841,0.13966423728198993,0.3260205228615976,10.512655119300799
Rice,IND_KARNATAKA_KOPPAL,Karnataka,KOPPAL,2016,Summer,1.716661,10015.0,5834.0,0.07901723,76.159107,15.65316,exact_normalised,122,37.3783606557377,23.7555737704918,30.302295081967205,19.662432786885237,2.9332786885245907,176.57000000000005,124.76000000000002,760.2861000000001,47.14811475409836,94.68377049180332,2476.879999999999,13.622786885245901,51.81000000000003,0.07128726462323573,0.30695314266335083,8.671629544720656
Rice,IND_KARNATAKA_MANDYA,Karnataka,MANDYA,2016,Kharif,2.600143,113075.0,43488.0,0.04616438,76.815323,12.58214,exact_normalised,183,31.05010928961747,19.509726775956274,24.487978142076503,21.232006557377062,3.0622404371584717,363.21000000000004,377.60999999999996,911.8506,69.2201639344262,92.9403825136612,2651.3000000000006,11.540382513661196,-14.39999999999992,0.1369931731603364,0.3439258476973559,10.680263311535647
Rice,IND_KARNATAKA_MANDYA,Karnataka,MANDYA,2016,Summer,3.428571,600.0,175.0,0.00237025,76.815323,12.58214,exact_normalised,122,34.83844262295083,22.459754098360662,28.226065573770494,20.635183606557383,2.3649999999999993,249.02000000000004,174.17000000000002,730.8792999999998,55.58352459016394,92.97278688524594,2223.5799999999995,12.378688524590167,74.85000000000002,0.11199057375943303,0.328694852445156,5.170483995038151
Rice,IND_KARNATAKA_RAICHUR,Karnataka,RAICHUR,2016,Kharif,4.02325,441954.0,109850.0,0.11661049,76.856624,16.041451,exact_normalised,183,31.830928961748665,20.8312568306011,25.681639344262297,23.118274863387978,3.3750819672131165,519.7299999999996,478.35999999999996,886.5429,69.42295081967215,95.9796174863388,2869.7400000000016,10.999672131147566,41.36999999999961,0.18110699924034904,0.3089279516611259,11.606880181094034
Rice,IND_KARNATAKA_RAICHUR,Karnataka,RAICHUR,2016,Summer,2.794889,47024.0,16825.0,0.22788222,76.856624,16.041451,exact_normalised,122,38.6210655737705,25.05811475409836,31.69729508196722,18.9469868852459,2.912704918032787,191.54,126.05999999999996,753.1828999999998,42.371475409836066,95.94565573770493,2647.0700000000006,13.562950819672142,65.48000000000003,0.07235925003872204,0.28453456085407625,9.73068058811076
Rice,IND_KARNATAKA_RAMANAGARA,Karnataka,RAMANAGARA,2016,Kharif,1.630199,6467.0,3967.0,0.00421114,77.313748,12.727066,exact_normalised,183,31.039398907103834,19.53693989071038,24.564043715846996,21.28578852459017,2.940819672131145,377.53000000000003,401.59,946.6165,68.93606557377053,92.86655737704919,2665.22,11.502459016393455,-24.059999999999945,0.14165059544803058,0.3551738693241083,8.286017468404763
Rice,IND_KARNATAKA_RAMANAGARA,Karnataka,RAMANAGARA,2016,Rabi,3.0,3.0,1.0,5.352e-05,77.313748,12.727066,exact_normalised,182,32.38983516483516,18.881098901098888,24.98076923076923,18.869524725274726,2.082032967032967,251.12999999999997,279.37000000000006,1006.8776000000001,61.86445054945054,93.18763736263735,2726.499999999999,13.508736263736274,-28.240000000000094,0.09210709701081975,0.36929308637447295,0.6931471805599453
Rice,IND_KARNATAKA_RAMANAGARA,Karnataka,RAMANAGARA,2016,Summer,2.215385,144.0,65.0,0.00088038,77.313748,12.727066,exact_normalised,122,34.93852459016392,22.222377049180313,28.161065573770482,20.504681147540985,2.525983606557377,265.90000000000003,170.20000000000002,743.3139000000004,55.35729508196723,92.91377049180329,2215.65,12.71614754098361,95.70000000000002,0.12000992936610025,0.33548344729537627,4.189654742026425
Rice,IND_KARNATAKA_UDUPI,Karnataka,UDUPI,2016,Kharif,2.735048,118991.0,43506.0,0.04618349,74.873401,13.413125,exact_normalised,183,27.333661202185773,22.310928961748626,24.46180327868853,26.291336612021862,1.8204371584699472,2857.450000000001,844.0799999999999,855.3985999999994,85.58721311475408,96.85453551912565,2646.5099999999984,5.022732240437147,2013.3700000000013,1.0797049699415469,0.32321759600379363,10.680677123670845
Rice,IND_KARNATAKA_UDUPI,Karnataka,UDUPI,2016,Rabi,2.408206,10271.0,4265.0,0.22824575,74.873401,13.413125,exact_normalised,182,31.53357142857143,22.263571428571417,26.30851648351647,23.654879670329674,1.3805494505494504,90.97999999999998,479.2,1045.8462999999995,68.97434065934063,97.056978021978,2968.15,9.270000000000014,-388.22,0.03065208968549432,0.3523562825328907,8.358431899031295
Rice,IND_KARNATAKA_UDUPI,Karnataka,UDUPI,2016,Summer,3.033333,182.0,60.0,0.00081266,74.873401,13.413125,exact_normalised,122,32.55663934426231,24.610327868852465,27.8783606557377,26.717177868852453,1.7826229508196727,1165.27,236.01000000000002,703.1025,71.74860655737706,96.8538524590164,2181.159999999999,7.946311475409843,929.26,0.5342432467127586,0.32235255552091563,4.110873864173311
Rice,IND_KARNATAKA_UTTARAKANNADA,Karnataka,UTTARA KANNADA,2016,Kharif,1.948456,126334.0,64838.0,0.06882832,74.525531,14.70572,exact_normalised,183,27.69983606557377,23.985409836065564,25.603825136612024,27.92726338797814,2.5376502732240453,3499.6899999999996,953.2399999999999,837.6346999999998,84.77054644808743,99.02021857923499,2855.4999999999995,3.714426229508206,2546.45,1.2255962178252495,0.29334081596918227,11.079662553152028
Rice,IND_KARNATAKA_UTTARAKANNADA,Karnataka,UTTARA KANNADA,2016,Rabi,2.565109,3073.0,1198.0,0.06411217,74.525531,14.70572,exact_normalised,182,30.51961538461538,23.675054945054935,26.70664835164835,25.139882417582406,1.8960989010989,65.56,655.0199999999995,1057.3479,71.48741758241758,99.26939560439561,3040.609999999999,6.844560439560446,-589.4599999999996,0.02156146299591201,0.3477420320264685,7.089243155027514
Rice,IND_KARNATAKA_UTTARAKANNADA,Karnataka,UTTARA KANNADA,2016,Summer,2.299525,1451.0,631.0,0.00854643,74.525531,14.70572,exact_normalised,122,31.74409836065574,25.976475409836066,28.334016393442635,28.628144262295084,2.282950819672132,1509.5400000000002,293.56000000000006,721.3022000000004,74.45311475409835,99.02319672131148,2236.75,5.767622950819675,1215.98,0.6748809656868224,0.32247779143847116,6.448889394146858
Rice,IND_TAMILNADU_ARIYALUR,Tamil Nadu,ARIYALUR,2016,Kharif,2.891544,44524.0,15398.0,0.010672,79.210178,11.196697,exact_normalised,183,34.55289617486338,24.914754098360643,29.173661202185762,26.78601912568305,2.8640983606557366,391.4799999999997,427.74999999999966,971.3851000000004,66.39606557377051,100.29530054644808,3508.7800000000007,9.638142076502735,-36.26999999999998,0.1115715433854501,0.27684411675853154,9.642057851228413
Rice,IND_TAMILNADU_COIMBATORE,Tamil Nadu,COIMBATORE,2016,Kharif,4.034404,3518.0,872.0,0.00060436,76.942425,10.900215,exact_normalised,183,29.998360655737695,20.6108743169399,24.466448087431694,23.893596721311486,2.585027322404372,502.41999999999985,472.8899999999998,846.7129000000002,77.87377049180328,94.86486338797812,2647.3600000000006,9.387486338797796,29.53000000000003,0.18978151819170785,0.3198329278979814,6.771935555839602
Rice,IND_TAMILNADU_CUDDALORE,Tamil Nadu,CUDDALORE,2016,Kharif,3.486634,459908.0,131906.0,0.09142102,79.398376,11.549058,exact_normalised,183,34.473169398907096,24.583770491803275,28.951803278688516,26.841087978142067,2.575300546448088,398.64000000000016,445.1000000000001,971.3851000000004,67.34016393442622,100.07830601092896,3468.1800000000003,9.889398907103821,-46.45999999999992,0.11494213103126139,0.28008497252161085,11.789852407805176
Rice,IND_TAMILNADU_DHARMAPURI,Tamil Nadu,DHARMAPURI,2016,Kharif,3.751137,42883.0,11432.0,0.00792326,78.208849,12.106543,exact_normalised,183,33.089453551912555,21.28841530054645,26.563333333333325,22.858782513661197,2.326994535519125,317.8999999999999,345.84999999999997,954.6081000000003,65.69054644808746,95.40114754098363,3031.0899999999983,11.801038251366105,-27.950000000000045,0.10487976272562019,0.31493888337198855,9.34425918954197
Rice,IND_TAMILNADU_DINDIGUL,Tamil Nadu,DINDIGUL,2016,Kharif,2.960578,4506.0,1522.0,0.00105486,77.770431,10.376407,exact_normalised,183,31.365355191256842,21.191311475409844,25.438032786885245,23.063695081967214,3.439836065573769,338.74,354.9699999999999,975.3282000000002,70.88245901639347,95.10278688524589,2825.1600000000017,10.174043715846999,-16.229999999999905,0.11990117373883243,0.34522936754024536,7.328437352895162
Rice,IND_TAMILNADU_ERODE,Tamil Nadu,ERODE,2016,Kharif,2.256115,1568.0,695.0,0.00048169,77.349132,11.479934,exact_normalised,183,33.7766666666667,21.903606557377064,27.079672131147547,22.6678524590164,1.961256830601092,256.45000000000005,293.31,969.4578000000004,63.21923497267763,96.13032786885238,3125.58,11.873060109289636,-36.85999999999996,0.0820487717479636,0.31016892864684326,6.54534966033442
Rice,IND_TAMILNADU_KANNIYAKUMARI,Tamil Nadu,KANNIYAKUMARI,2016,Kharif,4.003784,48670.0,12156.0,0.00842504,77.370026,8.292621,exact_normalised,183,30.92245901639346,22.905191256830605,26.095300546448094,26.406956830601082,3.7820765027322416,356.54,338.6700000000002,953.4907000000002,78.23289617486343,97.99158469945361,2945.440000000001,8.017267759562856,17.869999999999834,0.12104812863273395,0.3237175770003802,9.405660414555793
Rice,IND_TAMILNADU_KARUR,Tamil Nadu,KARUR,2016,Kharif,2.938998,10792.0,3672.0,0.00254498,78.090802,10.786735,exact_normalised,183,35.00071038251363,23.349945355191256,28.463989071038267,24.23270601092895,3.1121311475409836,224.81000000000006,254.22000000000017,1007.3026999999996,62.46333333333334,98.32808743169406,3378.9100000000008,11.650765027322375,-29.41000000000011,0.06653329032143503,0.29811468787271617,8.208764045819667
Rice,IND_TAMILNADU_KRISHNAGIRI,Tamil Nadu,KRISHNAGIRI,2016,Kharif,4.352474,69583.0,15987.0,0.01108022,78.043393,12.472753,exact_normalised,183,31.651366120218572,20.098087431693994,25.196557377049178,22.011785792349734,2.933770491803278,390.96,404.5600000000002,954.6081000000003,68.54912568306011,93.77901639344255,2780.969999999998,11.553278688524578,-13.600000000000193,0.1405840408202894,0.34326443650956356,9.679593719831214
Rice,IND_TAMILNADU_MADURAI,Tamil Nadu,MADURAI,2016,Kharif,3.278563,34120.0,10407.0,0.00721285,78.006559,9.898005,exact_normalised,183,34.67666666666667,23.332841530054647,28.28431693989072,24.556640437158467,2.2006557377049183,351.8300000000001,367.36999999999995,1011.9500999999999,64.08229508196725,98.32185792349728,3346.0299999999984,11.343825136612022,-15.53999999999985,0.10514848940386078,0.3024330624650707,9.250330020192342
Rice,IND_TAMILNADU_NAMAKKAL,Tamil Nadu,NAMAKKAL,2016,Kharif,3.260055,7133.0,2188.0,0.00151645,78.154921,11.347699,exact_normalised,183,34.65382513661202,22.63928961748634,27.999016393442606,23.51717540983606,2.412459016393443,244.58000000000013,275.68999999999977,972.2202000000002,62.25579234972676,97.20568306010925,3293.82,12.01453551912568,-31.109999999999644,0.07425420939820637,0.2951649452611254,7.691200097522863
Rice,IND_TAMILNADU_PERAMBALUR,Tamil Nadu,PERAMBALUR,2016,Kharif,2.843929,9439.0,3319.0,0.00230032,78.858963,11.25245,exact_normalised,183,34.02754098360655,22.681584699453545,27.682513661202183,24.441275956284148,2.4843715846994527,328.4699999999999,368.19000000000005,972.2202000000002,65.9630601092896,97.48666666666668,3235.8999999999996,11.345956284153004,-39.72000000000014,0.10150808121388175,0.30044815970827293,8.107720061910534
Rice,IND_TAMILNADU_PUDUKKOTTAI,Tamil Nadu,PUDUKKOTTAI,2016,Kharif,1.065329,73659.0,69142.0,0.04792073,78.872829,10.352982,exact_normalised,183,35.30289617486339,24.378469945355196,29.217814207650278,25.48365792349727,2.7877595628415306,297.57,329.51000000000033,1007.3026999999996,63.03382513661202,99.66857923497271,3516.8600000000015,10.924426229508196,-31.94000000000034,0.08461240993386142,0.28642104035986626,11.143932102757024
Rice,IND_TAMILNADU_RAMANATHAPURAM,Tamil Nadu,RAMANATHAPURAM,2016,Kharif,0.002002,244.0,121849.0,0.08445075,78.817623,9.423787,exact_normalised,183,34.097322404371596,25.962568306010937,29.592677595628427,26.950477049180346,3.6780327868852467,265.4100000000001,257.4500000000001,1011.9500999999999,65.19896174863386,100.47896174863382,3585.4600000000014,8.13475409836066,7.9599999999999795,0.07402397460855789,0.28223717458847664,11.710546059053351
Rice,IND_TAMILNADU_SALEM,Tamil Nadu,SALEM,2016,Kharif,3.665406,18415.0,5024.0,0.00348202,78.256113,11.628258,exact_normalised,183,34.65382513661202,22.63928961748634,27.999016393442606,23.51717540983606,2.412459016393443,244.58000000000013,275.68999999999977,972.2202000000002,62.25579234972676,97.20568306010925,3293.82,12.01453551912568,-31.109999999999644,0.07425420939820637,0.2951649452611254,8.522180732927277
Rice,IND_TAMILNADU_SIVAGANGA,Tamil Nadu,SIVAGANGA,2016,Kharif,0.657215,42855.0,65207.0,0.04519348,78.568693,9.944223,exact_normalised,183,35.19956284153007,24.96043715846995,29.539562841530042,25.745737158469957,2.6501639344262307,288.0700000000001,306.8599999999999,1011.9500999999999,62.60284153005463,99.90185792349727,3575.740000000002,10.239125683060117,-18.789999999999793,0.08056234513695065,0.2830043851062995,11.085337439774293
Rice,IND_TAMILNADU_THANJAVUR,Tamil Nadu,THANJAVUR,2016,Kharif,2.786253,410117.0,147193.0,0.10201609,79.260887,10.579191,exact_normalised,183,34.01792349726777,25.80770491803279,29.45103825136612,27.30401092896176,3.1524590163934425,382.10999999999973,396.21000000000015,987.4391999999997,66.60732240437159,100.47147540983605,3559.5400000000013,8.210218579234983,-14.10000000000042,0.1073481404900632,0.2774064064457765,11.8995067235766
Rice,IND_TAMILNADU_THENILGIRIS,Tamil Nadu,THE NILGIRIS,2016,Kharif,4.292181,1043.0,243.0,0.00016842,76.648605,11.435308,exact_normalised,183,29.753387978142072,19.322021857923495,23.642950819672134,21.559407650273233,2.5162295081967208,360.88,366.4699999999999,870.6516999999998,73.79715846994536,92.22240437158473,2496.6600000000003,10.431366120218577,-5.589999999999918,0.1445451122699927,0.3487265787091553,5.497168225293202
Rice,IND_TAMILNADU_THENI,Tamil Nadu,THENI,2016,Kharif,6.029308,37442.0,6210.0,0.00430401,77.429172,9.916685,exact_normalised,183,29.915409836065574,19.848852459016403,24.05535519125683,21.99085464480874,2.132786885245901,442.84999999999997,436.7000000000001,925.8166999999992,73.41081967213113,93.0384699453552,2572.1300000000006,10.066557377049172,6.149999999999864,0.17217247961805968,0.3599416436960803,8.734077192559303
Rice,IND_TAMILNADU_THIRUVALLUR,Tamil Nadu,THIRUVALLUR,2016,Kharif,3.064249,297131.0,96967.0,0.0672056,79.941464,13.24923,exact_normalised,183,33.03704918032785,25.02245901639342,28.5911475409836,27.725430601092885,2.9390710382513667,464.23999999999967,492.28,945.9343000000006,70.77557377049179,100.14300546448095,3402.1800000000007,8.014590163934429,-28.040000000000305,0.13645368557807042,0.2780376993574709,11.482136306150348
Rice,IND_TAMILNADU_THIRUVARUR,Tamil Nadu,THIRUVARUR,2016,Kharif,1.780683,332913.0,186958.0,0.1295763,79.587842,10.561873,exact_normalised,183,34.01792349726777,25.80770491803279,29.45103825136612,27.30401092896176,3.1524590163934425,382.10999999999973,396.21000000000015,987.4391999999997,66.60732240437159,100.47147540983605,3559.5400000000013,8.210218579234983,-14.10000000000042,0.1073481404900632,0.2774064064457765,12.138644620460736
Rice,IND_TAMILNADU_TIRUCHIRAPPALLI,Tamil Nadu,TIRUCHIRAPPALLI,2016,Kharif,2.829577,76591.0,27068.0,0.01876021,78.555677,10.845397,exact_normalised,183,34.92748633879781,23.663715846994524,28.61437158469945,25.110188524590168,2.8748087431694005,303.20999999999987,342.09,1007.3026999999996,64.23273224043713,98.91431693989072,3406.4299999999985,11.263770491803289,-38.88000000000011,0.08901107611194124,0.2957062672651427,10.20614444066261
Rice,IND_TAMILNADU_TIRUNELVELI,Tamil Nadu,TIRUNELVELI,2016,Kharif,3.520398,105193.0,29881.0,0.02070984,77.568767,8.838215,exact_normalised,183,31.519781420765035,22.402185792349734,26.130054644808745,26.188926775956286,3.1998360655737694,413.5700000000001,402.9300000000003,953.4907000000002,77.39245901639343,98.07349726775959,2951.7999999999984,9.117595628415302,10.639999999999816,0.14010773087607573,0.323020089436954,10.30501157141103
Rice,IND_TAMILNADU_TIRUPPUR,Tamil Nadu,TIRUPPUR,2016,Kharif,3.770992,6422.0,1703.0,0.00118031,77.334294,10.83475,exact_normalised,183,33.965737704918034,22.800983606557363,27.558087431693995,23.973506010928954,3.387650273224043,250.34,283.53999999999996,975.3282000000002,65.04814207650274,97.60377049180327,3213.1299999999997,11.164754098360671,-33.19999999999996,0.07791156909306503,0.3035445811405079,7.440733707389261
Rice,IND_TAMILNADU_TIRUVANNAMALAI,Tamil Nadu,TIRUVANNAMALAI,2016,Kharif,3.727533,291303.0,78149.0,0.05416328,79.247289,12.432454,exact_normalised,183,34.01972677595628,23.167978142076503,27.94245901639345,26.0423043715847,2.265792349726776,466.3800000000001,491.33,976.4923,69.08366120218578,98.88404371584697,3283.4700000000003,10.851748633879776,-24.949999999999875,0.14203875777759506,0.2973964433967723,11.266385335849623
Rice,IND_TAMILNADU_VELLORE,Tamil Nadu,VELLORE,2016,Kharif,4.195939,187013.0,44570.0,0.03089044,79.042643,12.783542,exact_normalised,183,32.056065573770475,20.759071038251353,25.7392349726776,22.646119672131146,2.771038251366122,412.29999999999967,427.6399999999999,976.4923,68.25688524590159,94.8101639344262,2880.280000000002,11.296994535519122,-15.340000000000202,0.14314580526893197,0.3390268654436372,10.704838702305462
Rice,IND_TELANGANA_ADILABAD,Telangana,ADILABAD,2016,Kharif,2.580488,3174.0,1230.0,0.00138303,78.785443,19.287834,exact_normalised,183,30.245027322404386,21.429781420765032,25.47486338797814,25.18902841530054,2.461967213114755,988.4699999999992,729.81,854.5162999999997,77.06743169398901,96.84830601092894,2831.9,8.815245901639354,258.6599999999993,0.3490483421024751,0.30174663653377576,7.115582126184454
Rice,IND_TELANGANA_ADILABAD,Telangana,ADILABAD,2016,Rabi,3.793103,110.0,29.0,3.088e-05,78.785443,19.287834,exact_normalised,182,35.93104395604394,20.19131868131869,27.681978021978015,13.011136263736262,1.897747252747252,37.800000000000004,59.04000000000001,967.1995000000007,35.39329670329672,97.40010989010995,3218.12,15.739725274725252,-21.24000000000001,0.011745988341018981,0.300547990752365,3.4011973816621555
Rice,IND_TELANGANA_KARIMNAGAR,Telangana,KARIMNAGAR,2016,Kharif,3.788995,125321.0,33075.0,0.03719004,79.416208,18.512553,exact_normalised,183,30.66016393442624,21.92081967213116,25.88469945355192,25.92606502732237,2.4368306010928973,943.6900000000002,712.83,875.0774000000004,77.17830601092899,97.76693989071033,2906.8999999999996,8.73934426229508,230.86000000000013,0.32463793044136374,0.30103457291272506,10.406563222842058
Rice,IND_TELANGANA_KARIMNAGAR,Telangana,KARIMNAGAR,2016,Rabi,4.235001,262172.0,61906.0,0.06591193,79.416208,18.512553,exact_normalised,182,36.63653846153847,20.991648351648347,28.461483516483504,15.337547802197806,2.0415384615384617,21.210000000000004,26.54999999999998,967.005,39.626868131868136,98.31917582417587,3359.990000000001,15.644890109890124,-5.339999999999975,0.006312518787258295,0.28779996369036803,11.033388537900962
Rice,IND_TELANGANA_KHAMMAM,Telangana,KHAMMAM,2016,Kharif,3.573462,135788.0,37999.0,0.04272666,80.659158,17.648369,exact_normalised,183,30.2853005464481,22.273005464480878,25.94519125683061,27.620560109289624,2.090054644808744,1072.8899999999999,755.0599999999994,859.9800000000001,81.72382513661202,98.78398907103828,2917.9700000000007,8.01229508196722,317.8300000000005,0.3676836979132752,0.2947185886078335,10.545341438708522
Rice,IND_TELANGANA_KHAMMAM,Telangana,KHAMMAM,2016,Rabi,4.055995,124661.0,30735.0,0.03272386,80.659158,17.648369,exact_normalised,182,36.01862637362637,20.572637362637355,27.637527472527466,20.646450000000005,2.1325274725274728,42.85,99.29000000000009,971.8275000000001,56.19862637362638,99.38769230769236,3210.030000000001,15.445989010989013,-56.44000000000009,0.01334878490232178,0.3027471705871907,10.333189885008338
Rice,IND_TELANGANA_MAHBUBNAGAR,Telangana,MAHBUBNAGAR,2016,Kharif,2.815117,92029.0,32691.0,0.03675827,78.000858,16.644927,exact_normalised,183,30.675956284152996,20.78038251366118,25.15535519125685,23.728489071038233,3.1217486338797795,579.67,528.41,883.467600000001,73.51683060109289,95.8207650273224,2773.43,9.895573770491815,51.25999999999999,0.20900833985353875,0.31854692564802467,10.39488567863602
Rice,IND_TELANGANA_MAHBUBNAGAR,Telangana,MAHBUBNAGAR,2016,Rabi,2.553009,50136.0,19638.0,0.02090877,78.000858,16.644927,exact_normalised,182,35.477802197802205,20.060439560439562,27.34505494505494,16.75896978021979,2.2446153846153853,23.560000000000002,39.31999999999996,999.6643999999995,47.26280219780226,96.26285714285719,3156.800000000002,15.417362637362643,-15.759999999999955,0.007463253928028379,0.31667017232640615,9.885272664115224
Rice,IND_TELANGANA_MEDAK,Telangana,MEDAK,2016,Kharif,3.064008,97175.0,31715.0,0.03566084,78.103674,17.887066,exact_normalised,183,29.854863387978156,20.689125683060126,24.711256830601076,23.601527868852457,2.8615300546448106,763.5299999999999,628.4200000000005,869.5454999999998,75.1159016393443,95.00726775956285,2692.159999999999,9.16573770491803,135.10999999999933,0.2836124153096399,0.32299176126233214,10.364576564392289
Rice,IND_TELANGANA_MEDAK,Telangana,MEDAK,2016,Rabi,4.127,187795.0,45504.0,0.04844856,78.103674,17.887066,exact_normalised,182,35.44417582417582,20.214505494505495,27.53945054945055,13.427397252747252,2.1310439560439556,13.110000000000001,21.01999999999997,983.0142999999995,36.8415384615385,95.47598901098901,3192.180000000001,15.229670329670327,-7.90999999999997,0.004106911264402382,0.30794450814177116,10.725577489011457
Rice,IND_TELANGANA_NALGONDA,Telangana,NALGONDA,2016,Kharif,3.368995,189543.0,56261.0,0.06326074,79.1666,17.113957,exact_normalised,183,32.411038251366115,22.55371584699455,26.93759562841529,25.28959289617485,2.819999999999999,555.9699999999993,517.3599999999998,875.6443000000003,70.66360655737702,98.17989071038251,3099.58,9.857322404371565,38.60999999999956,0.17936946295949754,0.28250417798540456,10.93777463064768
Rice,IND_TELANGANA_NALGONDA,Telangana,NALGONDA,2016,Rabi,3.509995,285324.0,81289.0,0.0865492,79.1666,17.113957,exact_normalised,182,36.23104395604395,21.05445054945055,28.095604395604404,19.302864835164833,2.2654945054945053,22.970000000000006,32.83000000000002,976.2643000000002,51.126868131868164,98.73082417582411,3293.399999999999,15.176593406593398,-9.860000000000014,0.00697455517094796,0.29643052772211104,11.305778286740617
Rice,IND_TELANGANA_NIZAMABAD,Telangana,NIZAMABAD,2016,Kharif,3.943996,342824.0,86923.0,0.09773756,78.037692,18.417719,exact_normalised,183,30.571420765027312,21.174590163934422,25.31814207650274,24.128941530054647,2.689125683060109,747.9999999999995,628.7299999999997,861.5585999999998,74.16918032786884,95.86497267759567,2803.219999999998,9.39683060109289,119.26999999999987,0.26683599574774725,0.30734605204015397,11.372789452639626
Rice,IND_TELANGANA_NIZAMABAD,Telangana,NIZAMABAD,2016,Rabi,4.160002,412252.0,99099.0,0.10551168,78.037692,18.417719,exact_normalised,182,35.97532967032968,20.632472527472537,28.024835164835153,12.889868131868138,2.0095604395604405,14.38,16.41999999999999,968.1822999999998,34.22483516483518,96.35274725274724,3280.520000000002,15.342857142857142,-2.0399999999999903,0.004383451404045698,0.29513074146781587,11.50388472031808
Rice,IND_TELANGANA_WARANGAL,Telangana,WARANGAL,2016,Kharif,3.435997,104310.0,30358.0,0.034135,79.850573,17.980621,exact_normalised,183,30.284535519125683,21.950382513661207,25.775737704918043,26.586774863387962,2.251202185792349,1029.52,742.3199999999997,875.6443000000003,79.51382513661204,98.09087431693986,2886.9599999999996,8.334153005464476,287.2000000000003,0.35661041372239316,0.30331016016848183,10.32084829289068
Rice,IND_TELANGANA_WARANGAL,Telangana,WARANGAL,2016,Rabi,3.979994,105438.0,26492.0,0.02820629,79.850573,17.980621,exact_normalised,182,36.42016483516484,20.629010989010983,28.080549450549466,17.707389010989022,2.213516483516483,18.219999999999995,33.41,976.2643000000002,46.70989010989008,98.66417582417579,3290.6600000000003,15.791153846153858,-15.190000000000001,0.005536883178450522,0.2966773534792413,10.184635826136912
Rice,IND_ANDHRAPRADESH_ANANTAPUR,Andhra Pradesh,ANANTAPUR,2017,Kharif,2.508013,30831.0,12293.0,0.00832336,77.464996,14.311236,exact_normalised,183,30.958579234972664,21.57251366120219,25.738196721311493,24.556455191256823,3.248797814207649,668.7600000000001,503.7499999999996,917.1237999999998,74.50431693989071,95.74103825136612,2880.089999999999,9.386065573770473,165.0100000000005,0.23220107704967566,0.3184358127697399,9.416866617466955
Rice,IND_ANDHRAPRADESH_ANANTAPUR,Andhra Pradesh,ANANTAPUR,2017,Rabi,2.98201,55528.0,18621.0,0.02512081,77.464996,14.311236,exact_normalised,181,34.86259668508288,19.160165745856354,26.616795580110505,14.946735359116026,2.337182320441989,55.510000000000005,53.33000000000002,1068.2592000000004,43.63309392265194,96.08325966850836,3007.6399999999994,15.702430939226524,2.1799999999999855,0.01845633120985225,0.35518187017063235,9.832098956448474
Rice,IND_ANDHRAPRADESH_CHITTOOR,Andhra Pradesh,CHITTOOR,2017,Kharif,3.570015,53768.0,15061.0,0.01019752,78.939397,13.333205,exact_normalised,183,29.271584699453562,20.76229508196722,24.51502732240437,23.82969617486339,2.8686338797814215,931.0900000000001,567.13,901.1942000000007,77.98278688524591,93.85453551912569,2656.249999999998,8.509289617486342,363.96000000000015,0.3505280000000003,0.3392731105882358,9.619930294661296
Rice,IND_ANDHRAPRADESH_CHITTOOR,Andhra Pradesh,CHITTOOR,2017,Rabi,3.866998,192387.0,49751.0,0.06711698,78.939397,13.333205,exact_normalised,181,32.71524861878454,17.86546961325967,24.437513812154688,17.2821,2.2787292817679567,148.69999999999996,145.93999999999997,1021.7273000000004,57.379779005524874,94.22563535911604,2613.1899999999996,14.849779005524873,2.759999999999991,0.05690363119405783,0.39098852360524894,10.814805942783725
Rice,IND_ANDHRAPRADESH_EASTGODAVARI,Andhra Pradesh,EAST GODAVARI,2017,Kharif,3.420001,771836.0,225683.0,0.15280569,82.14393,17.060053,exact_normalised,183,30.49912568306011,24.167377049180324,26.951857923497275,30.120396721311472,2.0582513661202206,1024.7899999999995,681.5900000000005,782.4791999999997,84.55535519125684,99.86469945355192,3102.1900000000005,6.331748633879787,343.199999999999,0.33034404726983174,0.25223445372462666,12.32689106973008
Rice,IND_ANDHRAPRADESH_EASTGODAVARI,Andhra Pradesh,EAST GODAVARI,2017,Rabi,5.600997,900954.0,160856.0,0.21700407,82.14393,17.060053,exact_normalised,181,34.669889502762416,21.021546961325974,26.950607734806628,23.022060773480653,1.9839779005524858,43.539999999999985,177.78999999999982,958.9001999999996,64.41751381215471,100.44298342541434,3068.0600000000004,13.648342541436442,-134.24999999999983,0.014191378265092593,0.31254284466405463,11.988271050526597
Rice,IND_ANDHRAPRADESH_GUNTUR,Andhra Pradesh,GUNTUR,2017,Kharif,4.170001,766563.0,183828.0,0.12446646,80.143541,16.120193,exact_normalised,183,32.09978142076505,24.22486338797814,27.793497267759538,28.50222841530056,2.546065573770492,814.2999999999996,618.8699999999998,840.7014999999999,76.62486338797814,99.76333333333336,3256.21,7.874918032786908,195.42999999999984,0.2500760086112381,0.25818405446823145,12.121761256653603
Rice,IND_ANDHRAPRADESH_GUNTUR,Andhra Pradesh,GUNTUR,2017,Rabi,4.622997,86279.0,18663.0,0.02517747,80.143541,16.120193,exact_normalised,181,35.57132596685084,21.17751381215471,27.523701657458563,21.91744751381216,2.3017127071823205,27.030000000000005,85.49000000000004,954.2397999999998,59.32292817679557,100.28756906077348,3171.7900000000013,14.393812154696132,-58.460000000000036,0.00852200177187014,0.30085213712130987,9.834351813701266
Rice,IND_ANDHRAPRADESH_KRISHNA,Andhra Pradesh,KRISHNA,2017,Kharif,3.944,930721.0,235984.0,0.1597803,80.888919,16.541648,exact_normalised,183,31.48912568306013,24.064590163934433,27.415136612021843,29.444951912568282,2.0937158469945345,953.9999999999994,675.9400000000002,840.7014999999999,80.73650273224041,100.09010928961753,3186.9700000000007,7.424535519125698,278.05999999999926,0.29934389090578173,0.26379335230642265,12.371523522665735
Rice,IND_ANDHRAPRADESH_KRISHNA,Andhra Pradesh,KRISHNA,2017,Rabi,4.45102,101234.0,22744.0,0.03068297,80.888919,16.541648,exact_normalised,181,35.97524861878452,20.925580110497233,27.553425414364636,22.320058563535902,1.9901657458563538,20.760000000000005,118.53999999999996,954.2397999999998,60.28944751381213,100.63292817679559,3177.1699999999996,15.049668508287287,-97.77999999999996,0.006534116839829159,0.30034269491402726,10.032100620004105
Rice,IND_ANDHRAPRADESH_KURNOOL,Andhra Pradesh,KURNOOL,2017,Kharif,3.473,206963.0,59592.0,0.04034862,77.878833,15.431734,exact_normalised,183,31.280109289617492,22.07693989071038,26.236721311475407,25.583498907103827,2.800765027322404,669.6299999999998,559.9399999999999,909.5663000000001,75.30546448087433,96.8073770491803,2971.3200000000015,9.20316939890711,109.68999999999983,0.2253644844715478,0.30611522824872434,10.99529339649126
Rice,IND_ANDHRAPRADESH_KURNOOL,Andhra Pradesh,KURNOOL,2017,Rabi,3.658996,155500.0,42498.0,0.05733226,77.878833,15.431734,exact_normalised,181,35.85972375690608,19.399226519337013,27.100331491712698,15.850358563535906,2.016574585635359,35.32000000000001,51.03999999999999,1057.4389999999999,45.079889502762434,97.2067955801105,3095.1599999999994,16.460497237569065,-15.719999999999985,0.011411364840589829,0.3416427583711343,10.657235825223923
Rice,IND_ANDHRAPRADESH_PRAKASAM,Andhra Pradesh,PRAKASAM,2017,Kharif,3.903982,107543.0,27547.0,0.01865155,79.729919,15.616436,exact_normalised,183,31.984972677595618,25.44590163934426,28.47978142076502,28.92681202185792,3.253387978142077,748.1800000000001,554.88,868.2027999999996,74.6678142076503,100.1552459016393,3381.800000000002,6.5390710382513575,193.30000000000007,0.22123721095274695,0.2567280146667452,10.223685216664588
Rice,IND_ANDHRAPRADESH_PRAKASAM,Andhra Pradesh,PRAKASAM,2017,Rabi,3.738009,74035.0,19806.0,0.02671944,79.729919,15.616436,exact_normalised,181,33.23585635359117,22.90773480662983,27.423701657458565,23.460885635359105,3.0067403314917134,52.45000000000001,107.19999999999996,968.3643,63.84270718232042,100.6824861878453,3153.6899999999996,10.328121546961338,-54.74999999999995,0.016631311257606175,0.3070575421173293,9.893790689557264
Rice,IND_ANDHRAPRADESH_SRIKAKULAM,Andhra Pradesh,SRIKAKULAM,2017,Kharif,2.520998,531129.0,210682.0,0.1426488,84.07575,18.697258,exact_normalised,183,29.329672131147532,26.524207650273205,27.786393442622945,31.180256284152986,3.7351912568306003,1221.9399999999996,623.4600000000002,787.1126,83.07142076502728,99.88934426229513,3254.9100000000003,2.8054644808743276,598.4799999999994,0.37541437397654603,0.24182315332835622,12.258109913101032
Rice,IND_ANDHRAPRADESH_SRIKAKULAM,Andhra Pradesh,SRIKAKULAM,2017,Rabi,3.039061,12293.0,4045.0,0.00545694,84.07575,18.697258,exact_normalised,181,28.63939226519336,22.71508287292818,25.387292817679576,23.5513414364641,3.4548618784530407,125.68999999999998,336.57000000000016,936.3004000000001,71.483591160221,100.55519337016575,2785.1,5.924309392265183,-210.88000000000017,0.045129438799324975,0.3361819683314783,8.305484017727691
Rice,IND_ANDHRAPRADESH_VIZIANAGARAM,Andhra Pradesh,VIZIANAGARAM,2017,Kharif,2.971999,364590.0,122675.0,0.08306092,83.359673,18.506317,exact_normalised,183,27.9632786885246,21.250109289617487,24.250109289617484,26.046916939890703,1.823770491803278,1407.6299999999994,667.7099999999998,781.0277000000002,85.50972677595625,94.42540983606557,2607.77,6.713169398907112,739.9199999999996,0.5397830330128806,0.2995002243295997,11.717302012545014
Rice,IND_ANDHRAPRADESH_VIZIANAGARAM,Andhra Pradesh,VIZIANAGARAM,2017,Rabi,3.258959,20098.0,6167.0,0.00831964,83.359673,18.506317,exact_normalised,181,31.580828729281752,16.885580110497223,23.442375690607733,16.37676464088397,1.624309392265194,47.38,282.85999999999984,938.7032999999996,57.792596685082856,94.97469613259669,2433.070000000001,14.695248618784529,-235.47999999999985,0.019473340265590378,0.38581023151820504,8.727129915243166
Rice,IND_ANDHRAPRADESH_WESTGODAVARI,Andhra Pradesh,WEST GODAVARI,2017,Kharif,3.560998,807492.0,226760.0,0.1535349,81.315692,16.847574,exact_normalised,183,30.453005464480892,23.599781420765037,26.69103825136614,29.38916721311475,1.892677595628415,1029.4900000000002,679.6700000000003,822.3482000000004,83.84125683060111,99.38229508196721,3054.4599999999996,6.853224043715855,349.81999999999994,0.33704484589747463,0.2692286688972848,12.331651878377361
Rice,IND_ANDHRAPRADESH_WESTGODAVARI,Andhra Pradesh,WEST GODAVARI,2017,Rabi,5.324997,886415.0,166463.0,0.22456823,81.315692,16.847574,exact_normalised,181,35.525469613259666,20.28596685082873,26.986795580110496,21.948518784530386,1.7682320441988946,28.42000000000001,148.03000000000006,964.1824000000004,61.345856353591174,99.93629834254145,3074.6100000000006,15.239502762430938,-119.61000000000004,0.009243448762607291,0.31359502506008896,12.022534348808323
Rice,IND_KARNATAKA_BANGALORERURAL,Karnataka,BANGALORE RURAL,2017,Kharif,2.838346,1510.0,532.0,0.00072131,77.614728,13.177348,exact_normalised,183,27.971967213114763,19.23049180327868,22.987486338797815,22.543192896174865,2.9440983606557363,886.1399999999998,564.2700000000001,900.5738000000002,80.51114754098366,91.56251366120223,2376.710000000001,8.741475409836081,321.86999999999966,0.37284313189240564,0.37891614879392094,6.278521424165844
Rice,IND_KARNATAKA_BANGALORERURAL,Karnataka,BANGALORE RURAL,2017,Summer,3.125,450.0,144.0,0.00064073,77.614728,13.177348,exact_normalised,122,33.743852459016395,20.85704918032787,26.933278688524588,19.658001639344267,2.734262295081967,251.13000000000005,183.66,765.5874000000001,56.446229508196716,91.60868852459014,2065.8599999999997,12.886803278688525,67.47000000000006,0.12156196450872764,0.37059016583892435,4.976733742420574
Rice,IND_KARNATAKA_BIDAR,Karnataka,BIDAR,2017,Kharif,1.86444,1898.0,1018.0,0.00138025,77.219591,17.954256,exact_normalised,183,31.099890710382507,21.02333333333333,25.557868852459013,24.041387978142083,2.7458469945355177,656.2000000000003,588.9400000000004,874.9754999999998,73.14562841530055,94.56786885245903,2847.0900000000006,10.076557377049177,67.25999999999988,0.23048094721276818,0.30732274006090415,6.926577033222725
Rice,IND_KARNATAKA_CHITRADURGA,Karnataka,CHITRADURGA,2017,Kharif,2.63662,936.0,355.0,0.00048133,76.575818,14.279313,exact_normalised,183,30.461639344262277,20.949562841530064,25.030546448087424,23.87347267759563,3.5460109289617496,573.6599999999999,467.45999999999975,900.3568,75.29196721311472,94.52021857923498,2750.5899999999992,9.512076502732214,106.2000000000001,0.20855889100156694,0.32733224508196435,5.87493073085203
Rice,IND_KARNATAKA_CHITRADURGA,Karnataka,CHITRADURGA,2017,Rabi,3.124764,1653.0,529.0,0.01726839,76.575818,14.279313,exact_normalised,181,34.36596685082874,18.33419889502762,25.92674033149171,14.065637016574584,2.347624309392263,52.42000000000001,49.179999999999986,1084.9876,42.23740331491712,94.83668508287296,2882.739999999998,16.031767955801122,3.2400000000000233,0.01818408874889863,0.37637372777288297,6.272877006546167
Rice,IND_KARNATAKA_CHITRADURGA,Karnataka,CHITRADURGA,2017,Summer,1.922857,1346.0,700.0,0.00311465,76.575818,14.279313,exact_normalised,122,36.60590163934426,22.93860655737704,29.502950819672144,19.246707377049173,3.349344262295081,135.88000000000002,111.88000000000002,768.7066000000001,47.56926229508196,94.52360655737704,2379.3600000000006,13.667295081967222,24.0,0.057107793692421485,0.3230728431174769,6.55250788703459
Rice,IND_KARNATAKA_DAKSHINAKANNADA,Karnataka,DAKSHINA KANNADA,2017,Kharif,2.822431,65884.0,23343.0,0.03164951,75.204445,12.828777,exact_normalised,183,28.319289617486337,24.426994535519107,26.13595628415301,28.99036885245903,2.0250273224043713,2635.110000000001,781.2299999999996,772.0631000000003,85.55322404371587,99.02158469945357,2952.879999999999,3.89229508196723,1853.8800000000015,0.8923864159735586,0.2614610481970146,10.058095270762568
Rice,IND_KARNATAKA_DAKSHINAKANNADA,Karnataka,DAKSHINA KANNADA,2017,Rabi,2.5127,24137.0,9606.0,0.31357315,75.204445,12.828777,exact_normalised,181,32.61558011049724,23.288563535911607,27.377403314917128,23.167294475138117,1.786187845303866,59.93999999999999,301.8700000000002,1040.3923,63.430883977900564,99.24237569060772,3145.3099999999977,9.327016574585635,-241.93000000000018,0.019056945102390553,0.3307757581923565,9.170247278409738
Rice,IND_KARNATAKA_DAKSHINAKANNADA,Karnataka,DAKSHINA KANNADA,2017,Summer,2.924883,623.0,213.0,0.00094774,75.204445,12.828777,exact_normalised,122,32.38811475409835,25.71319672131147,28.469918032786897,27.805477049180325,2.1745901639344263,871.7300000000002,214.5800000000001,668.7091999999997,71.92032786885244,99.06426229508192,2253.3299999999986,6.674918032786884,657.1500000000001,0.3868629983180452,0.2967648768711197,5.365976015021851
Rice,IND_KARNATAKA_DHARWAD,Karnataka,DHARWAD,2017,Kharif,0.590917,13246.0,22416.0,0.03039264,75.127326,15.336898,exact_normalised,183,28.509890710382532,20.33306010928961,23.752404371584703,24.356248633879773,2.9337158469945357,841.2000000000002,661.62,869.5932000000001,82.44841530054643,93.83010928961747,2516.6899999999996,8.17683060109292,179.58000000000015,0.33424855663589886,0.34553051826009573,10.017574878573896
Rice,IND_KARNATAKA_DHARWAD,Karnataka,DHARWAD,2017,Summer,3.2,16.0,5.0,2.225e-05,75.127326,15.336898,exact_normalised,122,36.30696721311475,21.52836065573771,28.214262295081944,20.85864426229508,2.8704918032786897,217.05999999999992,115.23,769.2622000000006,55.464672131147545,93.85024590163935,2222.1399999999994,14.778606557377042,101.82999999999991,0.09768061418272475,0.34618079868955187,1.791759469228055
Rice,IND_KARNATAKA_GADAG,Karnataka,GADAG,2017,Kharif,3.423921,4523.0,1321.0,0.00179107,75.653119,15.508228,exact_normalised,183,30.012786885245923,20.644699453551922,24.602240437158464,23.929570491803286,3.409234972677595,583.6199999999999,513.7600000000001,869.5932000000001,77.08344262295081,94.02497267759563,2672.2099999999987,9.368087431694,69.85999999999979,0.21840349373739346,0.32542098113546486,7.186901020411631
Rice,IND_KARNATAKA_GADAG,Karnataka,GADAG,2017,Summer,2.791219,3115.0,1116.0,0.00496565,75.653119,15.508228,exact_normalised,122,36.856393442622945,22.210983606557377,29.16606557377049,19.305357377049184,3.22655737704918,145.09,99.54000000000002,769.2622000000006,48.72245901639344,94.03245901639346,2338.2599999999998,14.645409836065568,45.54999999999998,0.06205041355537879,0.3289891628818013,7.018401799069201
Rice,IND_KARNATAKA_HASSAN,Karnataka,HASSAN,2017,Kharif,3.214789,67562.0,21016.0,0.02849446,76.105719,12.951423,exact_normalised,183,27.139836065573782,19.011530054644805,22.44540983606557,22.521728961748636,2.52207650273224,754.9899999999996,585.18,862.6850000000001,82.83136612021855,91.24934426229508,2277.509999999999,8.128306010928977,169.8099999999996,0.3314979956180214,0.37878428634780986,9.953086913027413
Rice,IND_KARNATAKA_HASSAN,Karnataka,HASSAN,2017,Summer,4.152709,2529.0,609.0,0.00270975,76.105719,12.951423,exact_normalised,122,32.506557377049184,20.465163934426236,25.941803278688507,20.459812295081974,2.170901639344262,310.8400000000001,218.34000000000006,723.6618000000001,62.12221311475407,91.2963114754098,1944.9,12.041393442622947,92.50000000000003,0.15982312715306704,0.37208175227518125,6.413458957167357
Rice,IND_KARNATAKA_HAVERI,Karnataka,HAVERI,2017,Kharif,1.848682,43762.0,23672.0,0.03209558,75.395405,14.743146,exact_normalised,183,29.280437158469944,20.658032786885254,24.219562841530056,24.39637322404372,3.260491803278687,676.99,536.7499999999999,876.4790000000002,80.49573770491801,94.17672131147539,2602.179999999999,8.62240437158469,140.24000000000012,0.2601626328693635,0.3368248929743525,10.072090437189145
Rice,IND_KARNATAKA_HAVERI,Karnataka,HAVERI,2017,Summer,2.512814,10197.0,4058.0,0.0180561,75.395405,14.743146,exact_normalised,122,35.79426229508197,21.97155737704919,28.18942622950822,21.606530327868853,3.1620491803278687,187.97,122.21999999999997,767.4510999999998,57.417868852459016,94.19844262295072,2219.11,13.82270491803278,65.75000000000003,0.08470512953391224,0.3458373401949429,8.308691916838898
Rice,IND_KARNATAKA_KODAGU,Karnataka,KODAGU,2017,Kharif,2.36455,64207.0,27154.0,0.03681664,75.777469,12.406712,exact_normalised,183,26.4567213114754,20.69005464480875,23.10606557377049,25.381004918032787,0.6862295081967211,1780.859999999999,811.1399999999994,772.0631000000003,89.67491803278688,94.25081967213113,2398.4099999999994,5.766666666666648,969.7199999999996,0.7425169174578156,0.32190622120488177,10.209316470468945
Rice,IND_KARNATAKA_KODAGU,Karnataka,KODAGU,2017,Rabi,2.6,13.0,5.0,0.00016322,75.777469,12.406712,exact_normalised,181,32.47856353591162,18.64845303867403,24.696961325966843,19.357811049723757,0.5502762430939228,126.91000000000004,317.47999999999996,1040.3923,62.151767955801084,94.44883977900551,2660.1500000000015,13.830110497237587,-190.56999999999994,0.047707836024284335,0.3911028701389017,1.791759469228055
Rice,IND_KARNATAKA_KODAGU,Karnataka,KODAGU,2017,Summer,3.166667,38.0,12.0,5.339e-05,75.777469,12.406712,exact_normalised,122,31.93844262295084,21.754836065573784,25.947786885245904,24.279673770491804,0.6664754098360656,666.8500000000001,261.86,668.7091999999997,73.16827868852457,94.29754098360661,1945.6299999999999,10.183606557377058,404.9900000000001,0.3427424536011473,0.34369803097197293,2.5649493574615367
Rice,IND_KARNATAKA_KOLAR,Karnataka,KOLAR,2017,Kharif,3.142098,2366.0,753.0,0.00102095,78.192771,13.111229,exact_normalised,183,28.229562841530075,19.590546448087437,23.35896174863388,22.8307868852459,3.028961748633881,937.2800000000002,572.2500000000002,901.1942000000007,79.86114754098358,92.04398907103823,2444.69,8.639016393442638,365.03,0.3833942135812721,0.3686333236524879,6.625392368007956
Rice,IND_KARNATAKA_KOLAR,Karnataka,KOLAR,2017,Summer,3.005964,1512.0,503.0,0.0022381,78.192771,13.111229,exact_normalised,122,33.92868852459015,20.898360655737708,26.97778688524591,20.34784426229508,2.8368032786885244,263.71000000000004,202.35999999999999,755.187,57.85745901639344,92.1032786885246,2071.29,13.030327868852442,61.35000000000005,0.12731679291649167,0.3645974247932448,6.222576268071369
Rice,IND_KARNATAKA_KOPPAL,Karnataka,KOPPAL,2017,Kharif,4.712939,171009.0,36285.0,0.04919686,76.159107,15.65316,exact_normalised,183,30.71431693989072,21.083060109289626,25.242513661202185,24.089266666666674,3.405136612021856,543.2699999999999,478.90999999999997,910.991,74.83863387978147,94.67174863387973,2789.3800000000006,9.631256830601092,64.3599999999999,0.1947637109321784,0.32659264782854963,10.499187270930108
Rice,IND_KARNATAKA_KOPPAL,Karnataka,KOPPAL,2017,Summer,3.381047,59689.0,17654.0,0.0785516,76.159107,15.65316,exact_normalised,122,37.28729508196722,22.887786885245898,29.854672131147545,18.62752950819672,3.0968032786885247,148.96,105.01000000000003,783.6582999999999,45.23385245901638,94.66795081967213,2422.2700000000023,14.399508196721325,43.949999999999974,0.06149603471124188,0.3235222745606391,9.778774308362486
Rice,IND_KARNATAKA_MANDYA,Karnataka,MANDYA,2017,Kharif,2.79201,34526.0,12366.0,0.01676639,76.815323,12.58214,exact_normalised,183,28.74251366120218,19.859508196721315,23.682568306010932,23.504599999999996,2.748907103825139,728.8900000000001,574.0499999999998,862.6850000000001,80.41284153005468,92.92103825136611,2503.909999999999,8.883005464480867,154.84000000000026,0.2911007184763032,0.3445351470300452,9.422786913742057
Rice,IND_KARNATAKA_MANDYA,Karnataka,MANDYA,2017,Rabi,3.110244,19128.0,6150.0,0.20075733,76.815323,12.58214,exact_normalised,181,33.83834254143646,17.73834254143647,25.187071823204413,15.778733701657458,1.9654696132596683,151.53,150.15999999999988,1055.6964000000005,48.99701657458566,93.17375690607736,2748.86,16.09999999999999,1.3700000000001182,0.055124669863143266,0.38404880568672123,8.724369949208368
Rice,IND_KARNATAKA_MANDYA,Karnataka,MANDYA,2017,Summer,3.055226,46858.0,15337.0,0.06824209,76.815323,12.58214,exact_normalised,122,33.76336065573771,21.45401639344262,27.16877049180329,21.468567213114753,2.3722131147540972,296.44,242.33999999999995,723.6618000000001,60.56565573770493,92.95860655737704,2094.5900000000006,12.309344262295095,54.10000000000005,0.14152650399362163,0.34549090752844225,9.638088688324805
Rice,IND_KARNATAKA_RAICHUR,Karnataka,RAICHUR,2017,Kharif,2.887048,260533.0,90242.0,0.12235424,76.856624,16.041451,exact_normalised,183,31.645355191256844,21.678579234972684,26.12704918032787,24.802113114754086,3.0708743169398884,605.1099999999999,533.1999999999998,913.0572000000003,73.28972677595631,95.95092896174866,2951.2499999999973,9.96677595628416,71.91000000000008,0.20503515459551053,0.3093798221092761,11.410261310860145
Rice,IND_KARNATAKA_RAICHUR,Karnataka,RAICHUR,2017,Summer,2.38544,55378.0,23215.0,0.1032953,76.856624,16.041451,exact_normalised,122,38.55377049180327,24.074508196721304,31.261393442622953,17.760300819672132,2.8590163934426216,175.67,115.08000000000001,783.0713,40.25860655737705,95.93024590163931,2593.8899999999994,14.479262295081966,60.589999999999975,0.0677245372779879,0.3018907124049208,10.052596975123969
Rice,IND_KARNATAKA_RAMANAGARA,Karnataka,RAMANAGARA,2017,Kharif,2.887041,11629.0,4028.0,0.00546135,77.313748,12.727066,exact_normalised,183,28.909617486338803,19.95825136612021,23.840382513661186,23.362916939890706,2.6845355191256823,756.0700000000002,557.81,876.9290999999996,79.32032786885249,92.84890710382516,2532.7899999999986,8.951366120218594,198.26000000000022,0.2985127073306514,0.34623048101105897,8.301273485191347
Rice,IND_KARNATAKA_RAMANAGARA,Karnataka,RAMANAGARA,2017,Rabi,2.6,13.0,5.0,0.00016322,77.313748,12.727066,exact_normalised,181,33.710331491712715,17.708508287292805,25.004143646408856,16.11261878453039,2.0229834254143646,128.97999999999996,139.32000000000005,1049.5728999999997,50.99779005524863,93.1221546961326,2715.7499999999995,16.00182320441991,-10.340000000000089,0.0474933259688852,0.3864762588603516,1.791759469228055
Rice,IND_KARNATAKA_RAMANAGARA,Karnataka,RAMANAGARA,2017,Summer,3.835249,1001.0,261.0,0.00116132,77.313748,12.727066,exact_normalised,122,34.30360655737705,21.597786885245895,27.54418032786886,20.799079508196712,2.4473770491803286,252.81999999999996,199.25000000000003,742.4833999999996,57.50786885245901,92.89221311475407,2140.3900000000003,12.705819672131156,53.569999999999936,0.11811866061792474,0.3468916412429508,5.568344503761097
Rice,IND_KARNATAKA_UDUPI,Karnataka,UDUPI,2017,Kharif,3.087491,131382.0,42553.0,0.05769531,74.873401,13.413125,exact_normalised,183,27.653989071038264,22.99945355191257,24.973169398907103,27.237509289617485,1.776448087431694,2489.0700000000006,759.5000000000001,835.8556000000004,86.06568306010928,96.7957923497268,2740.090000000002,4.6545355191256945,1729.5700000000006,0.9083898704057162,0.30504676853679985,10.658529136633662
Rice,IND_KARNATAKA_UDUPI,Karnataka,UDUPI,2017,Rabi,2.433013,10878.0,4471.0,0.14594895,74.873401,13.413125,exact_normalised,181,31.90071823204419,20.937182320441984,25.783480662983436,21.206600552486183,1.4156353591160216,35.31000000000001,418.6800000000001,1074.3887999999993,63.62790055248619,97.01298342541433,2856.8100000000013,10.963535911602207,-383.3700000000001,0.012359939933002193,0.3760798933075699,8.405591014834934
Rice,IND_KARNATAKA_UDUPI,Karnataka,UDUPI,2017,Summer,3.126761,222.0,71.0,0.00031591,74.873401,13.413125,exact_normalised,122,32.31245901639344,24.154918032786885,27.475,25.89260245901639,1.8125409836065576,761.2500000000001,216.87,710.5802999999997,70.99155737704918,96.84286885245903,2131.95,8.157540983606555,544.3800000000001,0.3570674734398087,0.3333006402589178,4.276666119016055
Rice,IND_KARNATAKA_UTTARAKANNADA,Karnataka,UTTARA KANNADA,2017,Kharif,1.962698,119597.0,60935.0,0.08261846,74.525531,14.70572,exact_normalised,183,28.098743169398915,24.784972677595622,26.21371584699455,29.173316939890718,2.4692349726775955,2935.2800000000016,886.4699999999995,835.5722000000002,85.56857923497262,98.95748633879784,2967.1100000000006,3.313770491803293,2048.810000000002,0.9892723896316621,0.28161146705042955,11.017579412052624
Rice,IND_KARNATAKA_UTTARAKANNADA,Karnataka,UTTARA KANNADA,2017,Rabi,2.327675,3154.0,1355.0,0.0442319,74.525531,14.70572,exact_normalised,181,30.48259668508287,22.39574585635358,26.010441988950273,23.061497790055235,1.983701657458565,12.749999999999993,622.4399999999995,1098.4311999999998,68.18453038674036,99.23331491712707,2897.8900000000003,8.08685082872929,-609.6899999999995,0.00439975292367895,0.3790451673458964,7.212294468500341
Rice,IND_KARNATAKA_UTTARAKANNADA,Karnataka,UTTARA KANNADA,2017,Summer,2.567474,1484.0,578.0,0.00257182,74.525531,14.70572,exact_normalised,122,31.409508196721323,25.534426229508195,27.945409836065576,27.98961639344263,2.282950819672131,967.0099999999998,269.6000000000001,737.3540999999998,74.30213114754099,99.01114754098364,2189.34,5.875081967213127,697.4099999999996,0.4416901897375463,0.3367928690838334,6.361302477572996
Rice,IND_TAMILNADU_ARIYALUR,Tamil Nadu,ARIYALUR,2017,Autumn,3.854069,9851.0,2556.0,0.01086481,79.210178,11.196697,exact_normalised,122,30.308688524590156,23.627622950819685,26.560573770491807,28.742987704918036,2.455737704918033,671.1399999999999,428.83000000000004,538.7899000000001,82.79844262295079,100.47467213114756,2020.39,6.681065573770471,242.30999999999983,0.3321833903355292,0.2666761862808666,7.846589975291186
Rice,IND_TAMILNADU_ARIYALUR,Tamil Nadu,ARIYALUR,2017,Summer,4.46875,2145.0,480.0,0.00173742,79.210178,11.196697,exact_normalised,122,36.97008196721311,26.216721311475407,30.945245901639336,27.433384426229512,2.8917213114754112,132.08,140.84000000000003,744.8807999999996,61.46360655737708,100.33204918032786,2555.319999999999,10.753360655737705,-8.76000000000002,0.05168824256844547,0.29150196452890437,6.175867270105761
Rice,IND_TAMILNADU_ARIYALUR,Tamil Nadu,ARIYALUR,2017,Winter,4.444009,87227.0,19628.0,0.01489974,79.210178,11.196697,exact_normalised,121,32.66140495867767,21.490743801652894,26.278016528925622,23.72096198347107,2.7399999999999993,194.95999999999995,212.20999999999987,651.7128000000001,69.18603305785126,100.75644628099168,1969.64,11.170661157024778,-17.249999999999915,0.09898255518775001,0.3308791454275909,9.884763343537848
Rice,IND_TAMILNADU_COIMBATORE,Tamil Nadu,COIMBATORE,2017,Autumn,3.818182,42.0,11.0,4.676e-05,76.942425,10.900215,exact_normalised,122,27.494590163934433,19.818196721311473,23.181639344262294,24.352841803278682,1.6264754098360656,540.6899999999998,472.20999999999987,586.0593,85.42754098360656,94.94409836065573,1608.1599999999999,7.67639344262296,68.47999999999996,0.3362165456173514,0.36442847726594374,2.4849066497880004
Rice,IND_TAMILNADU_COIMBATORE,Tamil Nadu,COIMBATORE,2017,Winter,3.414051,2284.0,669.0,0.00050784,76.942425,10.900215,exact_normalised,121,32.5695867768595,18.070909090909087,24.534380165289257,18.364097520661147,1.6962809917355377,148.75000000000003,152.06,674.6535,59.432975206611594,95.12504132231409,1758.6599999999992,14.498677685950415,-3.309999999999974,0.08458144268932033,0.38361792501108816,6.507277712385012
Rice,IND_TAMILNADU_CUDDALORE,Tamil Nadu,CUDDALORE,2017,Autumn,3.906,124535.0,31883.0,0.13552528,79.398376,11.549058,exact_normalised,122,30.14188524590163,23.3694262295082,26.348852459016395,28.55607459016394,2.408278688524589,686.61,439.91000000000014,538.7899000000001,83.15688524590163,100.28286885245903,1994.5600000000004,6.77245901639343,246.69999999999987,0.3442413364351034,0.27012970279159315,10.369859595547814
Rice,IND_TAMILNADU_CUDDALORE,Tamil Nadu,CUDDALORE,2017,Summer,4.50796,33413.0,7412.0,0.02682863,79.398376,11.549058,exact_normalised,122,37.34491803278688,26.01459016393444,31.052213114754117,26.9737,2.8007377049180326,124.18999999999998,129.07,744.8807999999996,60.161147540983585,100.11614754098368,2568.3699999999994,11.33032786885244,-4.88000000000001,0.04835362506180963,0.2900208303320782,8.910990494656719
Rice,IND_TAMILNADU_CUDDALORE,Tamil Nadu,CUDDALORE,2017,Winter,4.422999,406593.0,91927.0,0.06978239,79.398376,11.549058,exact_normalised,121,32.63231404958677,21.127520661157025,26.061487603305793,23.3626917355372,2.69595041322314,176.51000000000005,183.72000000000003,651.7128000000001,69.02719008264464,100.5717355371901,1943.4399999999998,11.504793388429743,-7.2099999999999795,0.09082348824764339,0.3353398098217594,11.428760940937469
Rice,IND_TAMILNADU_DHARMAPURI,Tamil Nadu,DHARMAPURI,2017,Autumn,4.175059,7131.0,1708.0,0.00726021,78.208849,12.106543,exact_normalised,122,28.39180327868852,19.76713114754098,23.63213114754098,24.366881147540965,1.721639344262295,476.7899999999998,425.3699999999997,558.2665,83.10229508196721,95.56467213114755,1663.12,8.624672131147541,51.42000000000007,0.28668406368752697,0.3356742147289432,7.443663683115591
Rice,IND_TAMILNADU_DHARMAPURI,Tamil Nadu,DHARMAPURI,2017,Summer,4.901028,24314.0,4961.0,0.01795694,78.208849,12.106543,exact_normalised,122,35.85180327868853,22.96811475409835,28.891065573770494,22.820917213114765,2.095491803278689,247.29999999999995,215.53000000000011,732.8818000000001,57.876639344262266,95.4304098360656,2304.7100000000005,12.883688524590177,31.76999999999984,0.107302003288917,0.31799306637277575,8.509564164251746
Rice,IND_TAMILNADU_DHARMAPURI,Tamil Nadu,DHARMAPURI,2017,Winter,4.868029,75766.0,15564.0,0.01181474,78.208849,12.106543,exact_normalised,121,33.52842975206612,17.835454545454542,24.806694214876032,17.999214876033065,2.0876859504132237,98.58999999999997,97.88000000000002,656.8210000000004,57.474462809917355,95.77223140495869,1791.61,15.692975206611575,0.7099999999999511,0.055028717187334285,0.36660936252867554,9.652780082875708
Rice,IND_TAMILNADU_DINDIGUL,Tamil Nadu,DINDIGUL,2017,Autumn,3.850467,412.0,107.0,0.00045483,77.770431,10.376407,exact_normalised,122,28.255983606557376,20.14409836065574,23.699508196721325,24.21246803278689,1.9044262295081968,463.7200000000001,405.3799999999998,571.7619,82.42336065573771,95.20286885245899,1671.34,8.111885245901636,58.34000000000026,0.27745401893091776,0.34209789749542285,4.68213122712422
Rice,IND_TAMILNADU_DINDIGUL,Tamil Nadu,DINDIGUL,2017,Summer,5.725945,19995.0,3492.0,0.01263972,77.770431,10.376407,exact_normalised,122,33.987295081967204,22.763852459016405,27.75795081967211,23.232296721311478,2.4870491803278694,270.5299999999999,205.75,716.1188999999998,63.05565573770492,95.11811475409837,2166.47,11.223442622950799,64.77999999999992,0.12487133447497539,0.33054641882878594,8.158516244806831
Rice,IND_TAMILNADU_DINDIGUL,Tamil Nadu,DINDIGUL,2017,Winter,5.582933,29048.0,5203.0,0.00394963,77.770431,10.376407,exact_normalised,121,32.3498347107438,18.569173553718997,24.668181818181807,18.615904132231414,1.8396694214876024,140.02,147.01000000000002,654.6662999999996,59.85223140495867,95.4013223140496,1774.85,13.780661157024802,-6.990000000000009,0.0788911739020199,0.36885725554272175,8.557182839632397
Rice,IND_TAMILNADU_ERODE,Tamil Nadu,ERODE,2017,Autumn,3.85,231.0,60.0,0.00025504,77.349132,11.479934,exact_normalised,122,29.29508196721312,20.4245081967213,24.325409836065578,24.700925409836074,1.227377049180327,455.0199999999999,416.4499999999997,572.6680000000001,80.88499999999999,96.27795081967216,1747.6999999999994,8.870573770491823,38.57000000000022,0.26035360759855813,0.3276695084968818,4.110873864173311
Rice,IND_TAMILNADU_ERODE,Tamil Nadu,ERODE,2017,Summer,4.467938,7734.0,1731.0,0.00626556,77.349132,11.479934,exact_normalised,122,35.89032786885247,23.55393442622951,29.143524590163928,23.002595081967215,1.6061475409836072,212.67,190.81999999999996,727.8984000000002,57.55057377049178,96.1524590163935,2335.5099999999998,12.336393442622956,21.850000000000023,0.0910593403582087,0.31166571755205513,7.4570320891223805
Rice,IND_TAMILNADU_ERODE,Tamil Nadu,ERODE,2017,Winter,5.179013,46492.0,8977.0,0.0068145,77.349132,11.479934,exact_normalised,121,33.98710743801653,18.836115702479347,25.630082644628104,17.67294380165289,1.2779338842975205,104.78000000000003,102.96,676.3941000000002,53.598099173553734,96.4811570247934,1891.2400000000007,15.150991735537183,1.8200000000000358,0.05540280450921088,0.3576458302489372,9.102532419341877
Rice,IND_TAMILNADU_KANNIYAKUMARI,Tamil Nadu,KANNIYAKUMARI,2017,Autumn,3.548065,11368.0,3204.0,0.01361926,77.370026,8.292621,exact_normalised,122,28.843278688524595,22.158688524590158,24.98918032786885,27.050840983606566,2.4515573770491805,683.25,396.96,567.5613999999999,85.40401639344262,98.02868852459017,1828.6799999999998,6.684590163934438,286.29,0.37363015945928213,0.3103667126014393,8.07246736935477
Rice,IND_TAMILNADU_KANNIYAKUMARI,Tamil Nadu,KANNIYAKUMARI,2017,Summer,4.464912,509.0,114.0,0.00041264,77.370026,8.292621,exact_normalised,122,33.83090163934426,24.350163934426238,28.23729508196722,26.945156557377036,3.029918032786886,237.94,154.92999999999998,686.8803999999998,70.79844262295084,97.98385245901642,2224.9500000000007,9.480737704918024,83.01000000000002,0.10694172902761856,0.308717229600665,4.74493212836325
Rice,IND_TAMILNADU_KANNIYAKUMARI,Tamil Nadu,KANNIYAKUMARI,2017,Winter,3.352932,21157.0,6310.0,0.00478996,77.370026,8.292621,exact_normalised,121,33.18214876033057,20.878099173553732,26.235371900826458,22.835853719008256,2.4349586776859504,84.15000000000003,139.25000000000003,648.0068,67.0199173553719,98.20297520661157,1964.479999999999,12.304049586776838,-55.099999999999994,0.04283576315360812,0.32986174458380857,8.75004942158424
Rice,IND_TAMILNADU_KARUR,Tamil Nadu,KARUR,2017,Summer,4.467033,813.0,182.0,0.00065877,78.090802,10.786735,exact_normalised,122,36.957868852459015,24.6695081967213,30.263770491803285,24.75793360655737,2.4811475409836063,183.94000000000005,174.76000000000008,744.5539,58.060081967213094,98.34606557377047,2472.1800000000007,12.288360655737716,9.179999999999978,0.07440396734865584,0.3011730132919123,5.209486152841421
Rice,IND_TAMILNADU_KARUR,Tamil Nadu,KARUR,2017,Winter,3.773045,41545.0,11011.0,0.00835852,78.090802,10.786735,exact_normalised,121,34.798016528925615,19.77900826446281,26.491322314049597,20.444529752066117,2.1288429752066125,119.02,116.72000000000008,656.8667,58.96338842975207,98.7050413223141,1995.4500000000003,15.019008264462805,2.299999999999912,0.059645693953744756,0.32918223959507875,9.306740866262498
Rice,IND_TAMILNADU_KRISHNAGIRI,Tamil Nadu,KRISHNAGIRI,2017,Autumn,5.000962,10392.0,2078.0,0.00883297,78.043393,12.472753,exact_normalised,122,27.112540983606557,18.768032786885247,22.465245901639346,23.223703278688525,1.9468032786885245,537.6600000000001,447.7000000000001,558.2665,84.90631147540991,93.9489344262295,1520.7599999999998,8.34450819672131,89.95999999999998,0.3535469107551488,0.36709704358347145,7.639642287858013
Rice,IND_TAMILNADU_KRISHNAGIRI,Tamil Nadu,KRISHNAGIRI,2017,Summer,4.950028,43981.0,8885.0,0.03216033,78.043393,12.472753,exact_normalised,122,34.90590163934424,21.944098360655744,27.95631147540984,21.651624590163944,2.529098360655738,267.82,217.11000000000004,732.8818000000001,58.0533606557377,93.81745901639339,2190.6700000000005,12.9618032786885,50.70999999999995,0.12225483527870466,0.3345468737874714,9.092232283495854
Rice,IND_TAMILNADU_KRISHNAGIRI,Tamil Nadu,KRISHNAGIRI,2017,Winter,4.572978,63665.0,13922.0,0.01056828,78.043393,12.472753,exact_normalised,121,32.498347107438015,16.846942148760334,23.768181818181827,16.834333884297514,2.2795867768595035,94.96999999999998,93.5,656.8210000000004,57.29231404958677,94.14975206611567,1665.9500000000003,15.65140495867768,1.4699999999999847,0.0570065128005042,0.3942621327170685,9.541297427909285
Rice,IND_TAMILNADU_MADURAI,Tamil Nadu,MADURAI,2017,Autumn,4.11065,2972.0,723.0,0.00307326,78.006559,9.898005,exact_normalised,122,30.013606557377035,21.948524590163952,25.503032786885242,26.772513114754098,1.767868852459016,484.3100000000001,412.77,600.8416999999997,81.92942622950821,98.45754098360655,1891.3700000000001,8.065081967213082,71.54000000000013,0.25606306539704027,0.3176753887393792,6.584791392385716
Rice,IND_TAMILNADU_MADURAI,Tamil Nadu,MADURAI,2017,Summer,3.409156,9532.0,2796.0,0.01012046,78.006559,9.898005,exact_normalised,122,36.67180327868854,24.667950819672118,29.991967213114755,25.260150819672113,2.0336885245901635,236.20999999999992,197.42000000000004,735.6532000000001,60.18229508196722,98.34131147540981,2439.0200000000013,12.003852459016425,38.78999999999988,0.0968462743232937,0.30161835491303873,7.936302693201959
Rice,IND_TAMILNADU_MADURAI,Tamil Nadu,MADURAI,2017,Winter,4.139985,72073.0,17409.0,0.01321529,78.006559,9.898005,exact_normalised,121,33.8593388429752,20.055950413223147,26.1092561983471,21.6924,2.1535537190082645,164.48999999999995,167.67999999999992,659.9449,64.02727272727272,98.68570247933884,1949.22,13.80338842975205,-3.1899999999999693,0.08438760119432386,0.33856870953509605,9.764800032762235
Rice,IND_TAMILNADU_NAMAKKAL,Tamil Nadu,NAMAKKAL,2017,Autumn,3.853698,2397.0,622.0,0.00264394,78.154921,11.347699,exact_normalised,122,29.827295081967193,20.852786885245905,24.86327868852458,25.557352459016393,1.7318032786885245,442.03999999999996,397.8300000000001,556.5337999999999,81.05139344262298,97.37237704918034,1813.3199999999993,8.974508196721288,44.209999999999866,0.2437738512783183,0.3069142787814617,6.434546518787453
Rice,IND_TAMILNADU_NAMAKKAL,Tamil Nadu,NAMAKKAL,2017,Summer,4.467803,2359.0,528.0,0.00191116,78.154921,11.347699,exact_normalised,122,36.774672131147526,24.02762295081968,29.863606557377043,23.94584098360655,2.148442622950819,207.00000000000006,192.19,725.2131999999999,57.41590163934427,97.23295081967213,2423.359999999999,12.747049180327846,14.81000000000006,0.08541859236762187,0.29925937541265024,6.270988431858299
Rice,IND_TAMILNADU_NAMAKKAL,Tamil Nadu,NAMAKKAL,2017,Winter,5.792079,35685.0,6161.0,0.00467686,78.154921,11.347699,exact_normalised,121,34.515867768595044,18.943553719008264,25.916859504132244,19.3157867768595,2.0713223140495867,106.33000000000001,104.65000000000002,650.0472999999998,57.653966942148784,97.59107438016528,1925.9400000000005,15.57231404958678,1.6799999999999926,0.055209404238969015,0.337522093107781,8.726156679156613
Rice,IND_TAMILNADU_PERAMBALUR,Tamil Nadu,PERAMBALUR,2017,Autumn,3.853211,1260.0,327.0,0.00138998,78.858963,11.25245,exact_normalised,122,29.169508196721306,21.204016393442632,24.721229508196704,26.147057377049173,2.004098360655737,510.21999999999986,414.2799999999998,556.5337999999999,83.715,97.66532786885243,1795.9899999999998,7.965491803278674,95.94000000000005,0.2840884414723912,0.3098757788183676,5.793013608384144
Rice,IND_TAMILNADU_PERAMBALUR,Tamil Nadu,PERAMBALUR,2017,Summer,4.468312,6698.0,1499.0,0.00542581,78.858963,11.25245,exact_normalised,122,37.007622950819666,24.148770491803283,29.938688524590148,24.48904426229507,2.5122950819672134,154.27,145.54,725.2131999999999,58.32426229508197,97.52049180327872,2432.519999999999,12.858852459016383,8.730000000000018,0.06341982799730324,0.2981324716754642,7.313220387090301
Rice,IND_TAMILNADU_PERAMBALUR,Tamil Nadu,PERAMBALUR,2017,Winter,5.00405,37065.0,7407.0,0.0056227,78.858963,11.25245,exact_normalised,121,33.57380165289256,18.92140495867768,25.26173553719008,20.781278512396696,2.393966942148761,118.5,119.56999999999996,650.0472999999998,64.47727272727272,97.9080991735537,1846.6700000000012,14.652396694214882,-1.0699999999999648,0.06416955926072332,0.3520105378871154,8.910315776326016
Rice,IND_TAMILNADU_PUDUKKOTTAI,Tamil Nadu,PUDUKKOTTAI,2017,Autumn,3.854072,10221.0,2652.0,0.01127287,78.872829,10.352982,exact_normalised,122,30.738606557377032,22.722295081967207,26.271229508196733,27.71879016393442,2.158524590163934,438.6499999999999,377.37,583.7233000000001,81.13999999999997,99.825737704918,1985.0899999999992,8.016311475409825,61.279999999999916,0.22097234886075698,0.29405382123732443,7.88344635413774
Rice,IND_TAMILNADU_PUDUKKOTTAI,Tamil Nadu,PUDUKKOTTAI,2017,Summer,4.46819,7234.0,1619.0,0.00586017,78.872829,10.352982,exact_normalised,122,37.484672131147526,25.664016393442637,30.91319672131148,26.331807377049177,2.591967213114754,134.65000000000006,134.51999999999998,744.5539,59.188442622950824,99.69303278688514,2551.4100000000003,11.82065573770489,0.13000000000008072,0.05277474024167031,0.29182056196377687,7.3901814282264295
Rice,IND_TAMILNADU_PUDUKKOTTAI,Tamil Nadu,PUDUKKOTTAI,2017,Winter,1.894006,154191.0,81410.0,0.06179887,78.872829,10.352982,exact_normalised,121,34.21190082644628,20.695206611570253,26.640578512396697,22.70774793388429,2.5847107438016543,152.97000000000006,159.20000000000002,656.8667,64.91504132231407,100.07371900826446,2013.5099999999993,13.51669421487603,-6.229999999999961,0.07597181042060884,0.3262296685886836,11.307265677995836
Rice,IND_TAMILNADU_RAMANATHAPURAM,Tamil Nadu,RAMANATHAPURAM,2017,Winter,0.284003,35967.0,126643.0,0.09613554,78.817623,9.423787,exact_normalised,121,31.885041322314052,23.26909090909091,27.07611570247934,24.632357851239664,3.635702479338843,175.85999999999987,201.69999999999996,659.9449,68.64520661157029,100.86140495867771,2066.2099999999996,8.615950413223143,-25.84000000000009,0.08511235547209621,0.3193987542408565,11.749135279653046
Rice,IND_TAMILNADU_SALEM,Tamil Nadu,SALEM,2017,Autumn,3.853994,1399.0,363.0,0.00154301,78.256113,11.628258,exact_normalised,122,29.827295081967193,20.852786885245905,24.86327868852458,25.557352459016393,1.7318032786885245,442.03999999999996,397.8300000000001,556.5337999999999,81.05139344262298,97.37237704918034,1813.3199999999993,8.974508196721288,44.209999999999866,0.2437738512783183,0.3069142787814617,5.8971538676367405
Rice,IND_TAMILNADU_SALEM,Tamil Nadu,SALEM,2017,Summer,4.32891,18268.0,4220.0,0.0152748,78.256113,11.628258,exact_normalised,122,36.774672131147526,24.02762295081968,29.863606557377043,23.94584098360655,2.148442622950819,207.00000000000006,192.19,725.2131999999999,57.41590163934427,97.23295081967213,2423.359999999999,12.747049180327846,14.81000000000006,0.08541859236762187,0.29925937541265024,8.347827345782498
Rice,IND_TAMILNADU_SALEM,Tamil Nadu,SALEM,2017,Winter,5.323972,75068.0,14100.0,0.0107034,78.256113,11.628258,exact_normalised,121,34.515867768595044,18.943553719008264,25.916859504132244,19.3157867768595,2.0713223140495867,106.33000000000001,104.65000000000002,650.0472999999998,57.653966942148784,97.59107438016528,1925.9400000000005,15.57231404958678,1.6799999999999926,0.055209404238969015,0.337522093107781,9.55400099583723
Rice,IND_TAMILNADU_SIVAGANGA,Tamil Nadu,SIVAGANGA,2017,Autumn,3.857143,162.0,42.0,0.00017853,78.568693,9.944223,exact_normalised,122,30.732950819672137,23.419508196721306,26.637950819672135,28.174421311475417,2.5327049180327865,436.3400000000001,369.7999999999999,600.8416999999997,80.74319672131148,100.0556557377049,2029.8299999999997,7.313442622950831,66.54000000000019,0.21496381470369447,0.29600592167817,3.7612001156935624
Rice,IND_TAMILNADU_SIVAGANGA,Tamil Nadu,SIVAGANGA,2017,Summer,4.469231,581.0,130.0,0.00047055,78.568693,9.944223,exact_normalised,122,36.67762295081968,26.09524590163933,30.73139344262296,27.14400983606558,2.795409836065574,137.13000000000008,134.4399999999999,735.6532000000001,61.55745901639342,99.93729508196719,2529.2299999999996,10.582377049180351,2.6900000000001683,0.05421808218311506,0.29086053858288896,4.875197323201151
Rice,IND_TAMILNADU_SIVAGANGA,Tamil Nadu,SIVAGANGA,2017,Winter,0.886007,63773.0,71978.0,0.05463898,78.568693,9.944223,exact_normalised,121,33.35909090909092,21.557024793388436,26.737190082644627,23.5556347107438,2.9143801652892556,176.29000000000008,188.89999999999998,659.9449,66.96694214876031,100.30553719008265,2025.200000000001,11.80206611570248,-12.6099999999999,0.08704819277108433,0.3258665317005726,11.18412968878853
Rice,IND_TAMILNADU_THANJAVUR,Tamil Nadu,THANJAVUR,2017,Autumn,3.544989,118353.0,33386.0,0.14191409,79.260887,10.579191,exact_normalised,122,30.190655737704926,24.455983606557368,26.985163934426208,29.14383278688524,2.884262295081967,623.9999999999999,414.75000000000006,552.0294999999998,81.92999999999999,100.62959016393448,2072.19,5.734672131147558,209.24999999999983,0.30113068782302777,0.26639907537436225,10.415921881641534
Rice,IND_TAMILNADU_THANJAVUR,Tamil Nadu,THANJAVUR,2017,Summer,4.369035,59148.0,13538.0,0.04900243,79.260887,10.579191,exact_normalised,122,35.54778688524591,26.91278688524591,30.672213114754094,28.4461868852459,3.1919672131147534,138.01000000000002,142.20999999999998,741.2361999999998,64.59918032786884,100.50967213114758,2522.0099999999993,8.635000000000002,-4.19999999999996,0.054722225526465024,0.29390692344598157,9.51332968849511
Rice,IND_TAMILNADU_THANJAVUR,Tamil Nadu,THANJAVUR,2017,Winter,3.966996,491007.0,123773.0,0.0939569,79.260887,10.579191,exact_normalised,121,31.818264462809932,22.46834710743802,26.506694214876028,24.435948760330586,3.105785123966942,213.80999999999997,236.00000000000006,646.091,70.3678512396694,100.90272727272728,1997.3100000000004,9.349917355371911,-22.190000000000083,0.10704898087928261,0.3234805813819587,11.726212601021063
Rice,IND_TAMILNADU_THENILGIRIS,Tamil Nadu,THE NILGIRIS,2017,Autumn,3.853556,921.0,239.0,0.00101592,76.648605,11.435308,exact_normalised,122,26.55163934426229,18.381147540983605,21.93959016393442,22.36651967213114,1.4240163934426229,494.4699999999997,433.3499999999999,557.9505000000001,84.52827868852461,92.3145081967213,1456.63,8.170491803278686,61.11999999999978,0.339461634045708,0.383042021652719,5.480638923341991
Rice,IND_TAMILNADU_THENI,Tamil Nadu,THENI,2017,Autumn,5.448136,8036.0,1475.0,0.00626979,77.429172,9.916685,exact_normalised,122,26.56934426229508,19.082377049180334,22.36942622950819,23.1872713114754,1.2226229508196724,529.5100000000002,440.49,573.7189000000002,85.55196721311475,93.14467213114747,1509.0700000000004,7.486967213114745,89.02000000000021,0.35088498214131886,0.3801804422591398,7.297091005160418
Rice,IND_TAMILNADU_THENI,Tamil Nadu,THENI,2017,Summer,4.469453,1390.0,311.0,0.0011257,77.429172,9.916685,exact_normalised,122,32.65237704918033,21.316229508196713,26.297704918032807,22.3098106557377,1.5336885245901635,326.6099999999999,230.91000000000003,686.0369999999997,65.87713114754098,93.08442622950822,1988.3200000000002,11.336147540983617,95.69999999999987,0.1642643035326305,0.34503349561438784,5.7430031878094825
Rice,IND_TAMILNADU_THENI,Tamil Nadu,THENI,2017,Winter,5.282027,27831.0,5269.0,0.00399973,77.429172,9.916685,exact_normalised,121,30.68355371900826,17.410330578512397,23.18578512396693,18.34338347107437,1.2845454545454549,163.44000000000003,184.7000000000001,656.7423,64.49322314049586,93.34231404958673,1595.480000000001,13.273223140495862,-21.260000000000076,0.102439391280367,0.4116267831624336,8.569785641535407
Rice,IND_TAMILNADU_THIRUVALLUR,Tamil Nadu,THIRUVALLUR,2017,Autumn,4.294984,106696.0,24842.0,0.10559606,79.941464,13.24923,exact_normalised,122,29.170491803278708,24.16680327868852,26.397540983606564,28.57364098360656,2.767377049180326,790.7099999999999,456.26000000000016,534.3674000000001,82.735,100.3844262295082,2000.5000000000014,5.0036885245901885,334.44999999999976,0.3952561859535113,0.2671169207698074,10.12033130170181
Rice,IND_TAMILNADU_THIRUVALLUR,Tamil Nadu,THIRUVALLUR,2017,Summer,4.266018,105665.0,24769.0,0.0896544,79.941464,13.24923,exact_normalised,122,36.46688524590166,26.65516393442622,30.873032786885243,27.862422950819667,3.472459016393444,95.65,77.49999999999999,736.4010000000002,62.51975409836067,100.1740163934426,2546.5099999999998,9.811721311475438,18.15000000000002,0.03756121122634508,0.28918048623410086,10.117388522483406
Rice,IND_TAMILNADU_THIRUVALLUR,Tamil Nadu,THIRUVALLUR,2017,Winter,3.782992,200491.0,52998.0,0.04023113,79.941464,13.24923,exact_normalised,121,31.02074380165289,21.880661157024786,25.778512396694218,23.354631404958674,3.0387603305785125,230.96,206.62000000000003,645.7518000000003,70.2864462809917,100.68991735537196,1909.1999999999996,9.140082644628105,24.339999999999975,0.12097213492562332,0.3382316153362668,10.878028324431728
Rice,IND_TAMILNADU_THIRUVARUR,Tamil Nadu,THIRUVARUR,2017,Autumn,4.345011,102199.0,23521.0,0.09998087,79.587842,10.561873,exact_normalised,122,30.190655737704926,24.455983606557368,26.985163934426208,29.14383278688524,2.884262295081967,623.9999999999999,414.75000000000006,552.0294999999998,81.92999999999999,100.62959016393448,2072.19,5.734672131147558,209.24999999999983,0.30113068782302777,0.26639907537436225,10.065691432410983
Rice,IND_TAMILNADU_THIRUVARUR,Tamil Nadu,THIRUVARUR,2017,Summer,3.495967,35110.0,10043.0,0.03635186,79.587842,10.561873,exact_normalised,122,35.54778688524591,26.91278688524591,30.672213114754094,28.4461868852459,3.1919672131147534,138.01000000000002,142.20999999999998,741.2361999999998,64.59918032786884,100.50967213114758,2522.0099999999993,8.635000000000002,-4.19999999999996,0.054722225526465024,0.29390692344598157,9.214730720277476
Rice,IND_TAMILNADU_THIRUVARUR,Tamil Nadu,THIRUVARUR,2017,Winter,3.816,562612.0,147435.0,0.11191888,79.587842,10.561873,exact_normalised,121,31.818264462809932,22.46834710743802,26.506694214876028,24.435948760330586,3.105785123966942,213.80999999999997,236.00000000000006,646.091,70.3678512396694,100.90272727272728,1997.3100000000004,9.349917355371911,-22.190000000000083,0.10704898087928261,0.3234805813819587,11.901149462295818
Rice,IND_TAMILNADU_TIRUCHIRAPPALLI,Tamil Nadu,TIRUCHIRAPPALLI,2017,Autumn,4.33594,14972.0,3453.0,0.01467769,78.555677,10.845397,exact_normalised,122,30.185573770491803,22.047950819672135,25.64819672131146,27.09294672131147,2.0783606557377046,471.19000000000017,396.56999999999994,583.7233000000001,82.18663934426232,99.08122950819674,1909.0800000000004,8.137622950819669,74.62000000000023,0.2468152198964947,0.30576157101850104,8.147288258706624
Rice,IND_TAMILNADU_TIRUCHIRAPPALLI,Tamil Nadu,TIRUCHIRAPPALLI,2017,Summer,4.46788,12032.0,2693.0,0.00974764,78.555677,10.845397,exact_normalised,122,37.491803278688515,25.04639344262296,30.619426229508203,25.56331639344263,2.651475409836066,135.87999999999994,134.73,744.5539,58.509426229508186,98.94204918032783,2515.5700000000006,12.445409836065554,1.1499999999999488,0.05401559089987554,0.29597820772230543,7.898782356970309
Rice,IND_TAMILNADU_TIRUCHIRAPPALLI,Tamil Nadu,TIRUCHIRAPPALLI,2017,Winter,5.22099,211330.0,40477.0,0.03072636,78.555677,10.845397,exact_normalised,121,34.24677685950413,19.900000000000006,26.176363636363646,21.80397272727271,2.471074380165289,131.70000000000005,135.32,656.8667,64.05429752066115,99.32512396694212,1957.3400000000006,14.346776859504125,-3.6199999999999477,0.067285193170323,0.33559151705886553,10.608513895626151
Rice,IND_TAMILNADU_TIRUNELVELI,Tamil Nadu,TIRUNELVELI,2017,Autumn,4.152161,7204.0,1735.0,0.00737498,77.568767,8.838215,exact_normalised,122,28.850081967213118,21.59327868852459,24.75754098360656,26.982517213114757,1.8856557377049181,684.62,438.8399999999998,567.5613999999999,86.29745901639342,98.13836065573769,1800.4200000000005,7.256803278688526,245.7800000000002,0.38025571811021863,0.3152383332777906,7.459338895220296
Rice,IND_TAMILNADU_TIRUNELVELI,Tamil Nadu,TIRUNELVELI,2017,Summer,4.479004,112956.0,25219.0,0.09128323,77.568767,8.838215,exact_normalised,122,34.673524590163915,23.86811475409837,28.422950819672124,26.817577049180322,2.5081147540983606,274.5700000000001,195.99000000000004,686.8803999999998,69.77,98.07467213114758,2247.5999999999985,10.805409836065543,78.58000000000007,0.12216141662217489,0.3056061576793025,10.135392609518911
Rice,IND_TAMILNADU_TIRUNELVELI,Tamil Nadu,TIRUNELVELI,2017,Winter,4.787007,174046.0,36358.0,0.0275996,77.568767,8.838215,exact_normalised,121,33.77768595041321,20.24801652892562,26.238016528925613,22.023351239669406,1.9065289256198348,124.69,168.66000000000003,648.0068,64.63611570247934,98.32942148760331,1964.7999999999997,13.529669421487586,-43.97000000000003,0.06346192996742672,0.32980802117263847,10.501197045162932
Rice,IND_TAMILNADU_TIRUPPUR,Tamil Nadu,TIRUPPUR,2017,Summer,4.467697,3181.0,712.0,0.00257717,77.334294,10.83475,exact_normalised,122,36.105000000000004,24.406557377049182,29.65581967213115,24.336021311475406,2.564754098360655,213.79000000000008,187.11000000000007,716.1188999999998,59.17516393442624,97.60467213114762,2398.0100000000007,11.698442622950822,26.680000000000007,0.08915308943665791,0.29863048944750004,6.569481420414296
Rice,IND_TAMILNADU_TIRUPPUR,Tamil Nadu,TIRUPPUR,2017,Winter,5.731064,39573.0,6905.0,0.00524163,77.334294,10.83475,exact_normalised,121,34.51595041322316,19.765123966942145,26.409008264462802,18.96349917355371,1.8389256198347104,114.71,112.45999999999997,654.6662999999996,54.9298347107438,97.92909090909087,1985.4899999999993,14.750826446281014,2.2500000000000284,0.05777415146890694,0.32972530710303244,8.840145877949938
Rice,IND_TAMILNADU_TIRUVANNAMALAI,Tamil Nadu,TIRUVANNAMALAI,2017,Autumn,3.973026,60243.0,15163.0,0.06445347,79.247289,12.432454,exact_normalised,122,29.116885245901646,21.842213114754095,25.060655737704927,27.260831147540987,1.924180327868852,665.4899999999997,466.84000000000003,541.8279,85.41360655737702,99.11032786885248,1837.3999999999994,7.27467213114755,198.64999999999964,0.36219113965385863,0.29488837487754443,9.626679476636225
Rice,IND_TAMILNADU_TIRUVANNAMALAI,Tamil Nadu,TIRUVANNAMALAI,2017,Summer,4.624002,280996.0,60769.0,0.21996076,79.247289,12.432454,exact_normalised,122,38.533114754098385,25.116229508196714,31.06737704918033,25.3643475409836,2.6160655737704905,120.90000000000002,113.05999999999995,743.1457000000005,56.48811475409836,98.90795081967214,2570.22,13.416885245901671,7.8400000000000745,0.04703877489086539,0.28913699994553016,11.014851525129401
Rice,IND_TAMILNADU_TIRUVANNAMALAI,Tamil Nadu,TIRUVANNAMALAI,2017,Winter,4.231997,363008.0,85777.0,0.06511389,79.247289,12.432454,exact_normalised,121,33.194876033057845,19.192644628099174,25.247438016528907,21.64078264462811,2.312314049586776,172.77000000000004,164.36,648.2793999999999,67.27446280991735,99.38644628099176,1844.9400000000007,14.002231404958671,8.410000000000025,0.09364532179908289,0.3513823755786094,11.359517842340914
Rice,IND_TAMILNADU_VELLORE,Tamil Nadu,VELLORE,2017,Autumn,4.231995,53120.0,12552.0,0.05335487,79.042643,12.783542,exact_normalised,122,27.307704918032787,19.349836065573772,22.830081967213122,23.900567213114748,1.9294262295081968,560.12,450.4,541.8279,85.48713114754096,95.01836065573774,1565.2699999999998,7.957868852459015,109.72000000000003,0.3578424169632077,0.3461561903058259,9.437714959818209
Rice,IND_TAMILNADU_VELLORE,Tamil Nadu,VELLORE,2017,Summer,4.919017,114436.0,23264.0,0.08420687,79.042643,12.783542,exact_normalised,122,36.24918032786884,22.764262295081966,28.995245901639333,21.82464672131147,2.7272131147540994,202.6,163.3,743.1457000000005,55.01385245901643,94.84360655737703,2317.4199999999996,13.484918032786876,39.29999999999998,0.08742480862338291,0.3206780385083414,10.05470536427875
Rice,IND_TAMILNADU_VELLORE,Tamil Nadu,VELLORE,2017,Winter,4.582,87617.0,19122.0,0.01451564,79.042643,12.783542,exact_normalised,121,32.16669421487603,17.063471074380164,23.64214876033058,17.939555371900834,2.2010743801652883,123.16999999999999,117.34999999999994,648.2793999999999,61.614793388429746,95.24429752066116,1650.6999999999998,15.103223140495867,5.82000000000005,0.07461682922396559,0.3927299933361604,9.858647078062974
Rice,IND_TELANGANA_ADILABAD,Telangana,ADILABAD,2017,Kharif,2.399281,1334.0,556.0,0.00053105,78.785443,19.287834,exact_normalised,183,31.732076502732237,22.321366120218578,26.532950819672134,26.005359562841537,2.2824043715846978,762.5699999999998,645.6600000000004,853.6824000000003,74.56049180327871,96.83677595628419,3025.5299999999993,9.41071038251366,116.9099999999994,0.2520450962310736,0.28215962162001385,6.322565239927284
Rice,IND_TELANGANA_ADILABAD,Telangana,ADILABAD,2017,Rabi,3.6,54.0,15.0,1.639e-05,78.785443,19.287834,exact_normalised,181,33.788176795580114,16.77651933701657,24.911491712707175,11.021050276243091,1.7544198895027627,19.009999999999998,164.92000000000016,1027.9099,39.0331491712707,97.40331491712703,2698.9799999999977,17.011657458563544,-145.91000000000017,0.00704340158133814,0.38085124750831834,2.772588722239781
Rice,IND_TELANGANA_KARIMNAGAR,Telangana,KARIMNAGAR,2017,Kharif,2.908007,135833.0,46710.0,0.04461373,79.416208,18.512553,exact_normalised,183,31.54519125683062,22.69792349726774,26.701530054644834,26.873561748633904,2.2075409836065574,864.4500000000006,671.1999999999998,852.7998000000002,76.47803278688527,97.7589617486339,3056.3799999999987,8.847267759562879,193.2500000000008,0.28283459517468407,0.27902283093070906,10.75173496195892
Rice,IND_TELANGANA_KARIMNAGAR,Telangana,KARIMNAGAR,2017,Rabi,4.214995,232575.0,55178.0,0.0602782,79.416208,18.512553,exact_normalised,181,34.44270718232044,17.749337016574575,25.740607734806627,13.004537016574579,1.6495580110497228,24.03,167.76999999999995,1012.0694,42.14806629834254,98.31276243093924,2849.050000000001,16.693370165745865,-143.73999999999995,0.008434390410838698,0.3552304803355503,10.918337725098906
Rice,IND_TELANGANA_KHAMMAM,Telangana,KHAMMAM,2017,Kharif,2.730136,153450.0,56206.0,0.05368357,80.659158,17.648369,exact_normalised,183,30.338633879781415,23.04185792349726,26.419999999999987,28.696222404371564,1.8751912568306013,1143.6599999999992,728.3099999999997,825.5804999999998,83.05961748633878,98.78513661202187,3004.8600000000015,7.296775956284154,415.34999999999945,0.38060342245562145,0.27474840757972063,10.936796583285576
Rice,IND_TELANGANA_KHAMMAM,Telangana,KHAMMAM,2017,Rabi,3.77299,192913.0,51130.0,0.05585603,80.659158,17.648369,exact_normalised,181,34.860552486187835,19.016795580110493,26.456740331491726,18.86146243093923,1.6579558011049729,21.150000000000002,196.45999999999978,999.6794999999997,55.414254143646374,99.33132596685076,2978.6699999999996,15.843756906077342,-175.30999999999977,0.0071004844443996835,0.3356127063420922,10.842146245872229
Rice,IND_TELANGANA_MAHBUBNAGAR,Telangana,MAHBUBNAGAR,2017,Kharif,1.934434,60217.0,31129.0,0.02973198,78.000858,16.644927,exact_normalised,183,30.803060109289603,21.62207650273225,25.733333333333327,25.081537704918034,2.799344262295083,651.1200000000001,558.49,889.4716000000002,75.8642076502732,95.80284153005472,2879.200000000001,9.180983606557355,92.63000000000011,0.22614615170880795,0.3089301194776326,10.345927263435653
Rice,IND_TELANGANA_MAHBUBNAGAR,Telangana,MAHBUBNAGAR,2017,Rabi,2.953984,82682.0,27990.0,0.03057716,78.000858,16.644927,exact_normalised,181,34.85546961325967,18.333149171270716,26.13552486187845,13.729985635359116,2.038453038674034,18.81,76.92000000000004,1007.9798000000001,41.43596685082875,96.22850828729283,2920.5300000000016,16.522320441988956,-58.11000000000004,0.006440611806761098,0.34513591711093516,10.239638308916676
Rice,IND_TELANGANA_MEDAK,Telangana,MEDAK,2017,Kharif,2.877993,130422.0,45317.0,0.04328325,78.103674,17.887066,exact_normalised,183,30.78896174863388,21.378797814207648,25.606010928961748,24.45721693989071,2.7016939890710385,653.9899999999999,582.7500000000001,866.0771999999998,74.25234972677595,94.98999999999997,2855.9,9.410163934426233,71.23999999999978,0.22899611330928948,0.3032589376378724,10.721459583541503
Rice,IND_TELANGANA_MEDAK,Telangana,MEDAK,2017,Rabi,3.442,110915.0,32224.0,0.03520252,78.103674,17.887066,exact_normalised,181,33.3603867403315,17.394585635359128,24.802486187845293,11.430787845303868,1.8644198895027624,11.899999999999999,158.7900000000001,1029.2066999999997,39.193535911602225,95.47574585635357,2679.2500000000005,15.965801104972371,-146.8900000000001,0.004441541476159372,0.38413985257068195,10.380497827807389
Rice,IND_TELANGANA_NALGONDA,Telangana,NALGONDA,2017,Kharif,2.679003,170548.0,63661.0,0.060804,79.1666,17.113957,exact_normalised,183,31.579617486338822,23.10174863387978,26.95557377049182,27.10162896174863,2.457978142076501,791.1699999999998,637.0700000000002,860.7718999999994,76.37688524590162,98.17743169398904,3102.8699999999985,8.477868852459043,154.09999999999968,0.2549800668413437,0.2774115254586882,11.061343117244876
Rice,IND_TELANGANA_NALGONDA,Telangana,NALGONDA,2017,Rabi,3.165997,307336.0,97074.0,0.10604672,79.1666,17.113957,exact_normalised,181,35.52314917127074,19.47298342541436,26.95011049723758,16.249631491712705,1.8611049723756907,8.349999999999998,67.57000000000009,1011.3811000000002,46.116961325966834,98.69027624309388,3067.9700000000007,16.05016574585638,-59.2200000000001,0.002721669377471095,0.3296580800985668,11.483239154599868
Rice,IND_TELANGANA_NIZAMABAD,Telangana,NIZAMABAD,2017,Kharif,3.514997,322501.0,91750.0,0.08763242,78.037692,18.417719,exact_normalised,183,31.865519125683075,21.959890710382524,26.4198907103825,24.848412568306003,2.56934426229508,597.6699999999995,541.75,870.3943000000004,71.8360655737705,95.84590163934423,3004.8399999999997,9.905628415300551,55.919999999999504,0.19890243740099292,0.2896641085715048,11.426833665039982
Rice,IND_TELANGANA_NIZAMABAD,Telangana,NIZAMABAD,2017,Rabi,4.062994,331260.0,81531.0,0.08906705,78.037692,18.417719,exact_normalised,181,34.201325966850845,17.537624309392264,25.31198895027624,10.8482955801105,1.8108839779005528,9.509999999999998,108.39000000000001,1027.3841999999997,36.10828729281768,96.35707182320442,2771.47,16.66370165745858,-98.88000000000002,0.0034313920049648737,0.3707000977820434,11.30875086020362
Rice,IND_TELANGANA_WARANGAL,Telangana,WARANGAL,2017,Kharif,2.475995,89376.0,36097.0,0.03447703,79.850573,17.980621,exact_normalised,183,30.502021857923506,22.641584699453546,26.280874316939894,27.762618032786907,1.9978688524590171,1083.3499999999992,737.9799999999993,860.7718999999994,80.99825136612019,98.08868852459014,2979.3999999999983,7.86043715846996,345.3699999999999,0.3636134792240048,0.2889078002282338,10.493992741124194
Rice,IND_TELANGANA_WARANGAL,Telangana,WARANGAL,2017,Rabi,3.233983,57898.0,17903.0,0.01955781,79.850573,17.980621,exact_normalised,181,34.16381215469612,17.984419889502774,25.83552486187845,15.728828729281776,1.6125966850828728,21.11,222.00999999999993,1011.3811000000002,49.199226519337,98.63419889502757,2866.2300000000014,16.179392265193343,-200.89999999999992,0.007365075377761027,0.3528611102388851,9.792779430551706
Rice,IND_ANDHRAPRADESH_ANANTAPUR,Andhra Pradesh,ANANTAPUR,2018,Kharif,2.674492,58673.0,21938.0,0.01402787,77.464996,14.311236,exact_normalised,183,33.280109289617485,21.74131147540983,26.921420765027303,22.506437158469936,4.123770491803277,291.80999999999983,255.05999999999997,945.1104000000001,63.33174863387973,95.77934426229508,3096.6199999999985,11.538797814207655,36.74999999999986,0.09423500461793825,0.3052070967700269,9.996021153939061
Rice,IND_ANDHRAPRADESH_ANANTAPUR,Andhra Pradesh,ANANTAPUR,2018,Rabi,2.496029,22629.0,9066.0,0.01406853,77.464996,14.311236,exact_normalised,181,33.34419889502762,19.012265193370165,25.72856353591161,16.840772375690598,2.2581767955801113,41.37,200.34999999999985,1038.363,52.85707182320444,96.0559116022099,2846.869999999999,14.331933701657452,-158.97999999999985,0.014531748903181393,0.36473846715866914,9.112396727646056
Rice,IND_ANDHRAPRADESH_CHITTOOR,Andhra Pradesh,CHITTOOR,2018,Kharif,3.680519,64122.0,17422.0,0.01114019,78.939397,13.333205,exact_normalised,183,31.67655737704917,20.68049180327868,25.49284153005465,22.26432896174864,3.3809289617486336,365.02000000000004,355.91,931.3706000000002,68.35000000000002,93.89382513661198,2835.190000000002,10.99606557377049,9.110000000000014,0.12874622159361446,0.328503768706859,9.765546451422905
Rice,IND_ANDHRAPRADESH_CHITTOOR,Andhra Pradesh,CHITTOOR,2018,Rabi,3.606659,95645.0,26519.0,0.04115192,78.939397,13.333205,exact_normalised,181,30.62149171270719,17.808066298342542,23.413149171270707,18.963907734806643,2.157127071823205,130.51000000000005,372.77000000000015,1004.278000000001,67.11508287292816,94.19563535911604,2427.78,12.813425414364648,-242.2600000000001,0.05375693019960624,0.4136610401271948,10.185654444299798
Rice,IND_ANDHRAPRADESH_EASTGODAVARI,Andhra Pradesh,EAST GODAVARI,2018,Kharif,3.735215,830017.0,222214.0,0.14209083,82.14393,17.060053,exact_normalised,183,31.542240437158483,24.03426229508197,27.302295081967205,29.07181311475408,2.3046448087431686,873.7699999999996,671.9499999999997,802.6074,80.15803278688526,99.8949726775956,3166.3200000000024,7.507978142076514,201.81999999999994,0.27595757851385805,0.2534827181080874,12.311400660659864
Rice,IND_ANDHRAPRADESH_EASTGODAVARI,Andhra Pradesh,EAST GODAVARI,2018,Rabi,5.470003,893711.0,163384.0,0.25353769,82.14393,17.060053,exact_normalised,181,33.91513812154696,20.630000000000003,26.387071823204426,22.28821104972375,1.9140883977900545,47.46,228.17000000000004,947.2386,64.6501104972376,100.42602209944755,2966.060000000001,13.285138121546957,-180.71000000000004,0.016001024928693278,0.31935921727813993,12.003864657928624
Rice,IND_ANDHRAPRADESH_GUNTUR,Andhra Pradesh,GUNTUR,2018,Kharif,3.963333,857796.0,216433.0,0.13839427,80.143541,16.120193,exact_normalised,183,34.39360655737706,24.6827868852459,28.92617486338799,26.608235519125667,3.0577049180327873,488.77999999999975,456.69999999999993,856.2467000000005,66.83273224043717,99.79765027322405,3463.4899999999993,9.710819672131162,32.079999999999814,0.14112354879038191,0.24722078019569874,12.285040930063984
Rice,IND_ANDHRAPRADESH_GUNTUR,Andhra Pradesh,GUNTUR,2018,Rabi,3.992666,121397.0,30405.0,0.04718218,80.143541,16.120193,exact_normalised,181,34.382872928176795,20.92154696132597,26.82127071823206,22.166757458563534,2.1534254143646403,52.30000000000002,188.37000000000012,957.5433999999998,62.8646961325967,100.26718232044198,3044.6500000000015,13.461325966850826,-136.0700000000001,0.01717767231044619,0.3145003202338526,10.322395236340782
Rice,IND_ANDHRAPRADESH_KRISHNA,Andhra Pradesh,KRISHNA,2018,Kharif,4.159335,1022427.0,245815.0,0.15718207,80.888919,16.541648,exact_normalised,183,32.976557377049176,24.060000000000006,27.99459016393442,28.1432693989071,2.4199453551912575,776.2000000000003,644.2199999999992,856.2467000000005,74.57322404371587,100.1274316939891,3293.0099999999998,8.91655737704917,131.98000000000104,0.23571140081566722,0.2600194654738372,12.412338567567586
Rice,IND_ANDHRAPRADESH_KRISHNA,Andhra Pradesh,KRISHNA,2018,Rabi,4.419341,124621.0,28199.0,0.04375893,80.888919,16.541648,exact_normalised,181,34.704861878453045,20.581381215469616,26.8036464088398,22.319615469613264,1.8701657458563536,48.540000000000006,222.14000000000001,957.5433999999998,63.45055248618784,100.61447513812162,3041.459999999999,14.123480662983429,-173.60000000000002,0.01595944053184984,0.31483018024238363,10.247077256926206
Rice,IND_ANDHRAPRADESH_KURNOOL,Andhra Pradesh,KURNOOL,2018,Kharif,3.896093,346199.0,88858.0,0.05681868,77.878833,15.431734,exact_normalised,183,34.12322404371585,22.437431693989073,27.7304918032787,23.280372131147548,3.642349726775952,310.15999999999974,300.5599999999999,920.2016000000003,62.49989071038252,96.84169398907103,3244.6800000000003,11.685792349726778,9.599999999999852,0.09559032015483798,0.2836031904532959,11.394806122769138
Rice,IND_ANDHRAPRADESH_KURNOOL,Andhra Pradesh,KURNOOL,2018,Rabi,3.554684,74787.0,21039.0,0.03264811,77.878833,15.431734,exact_normalised,181,34.69983425414365,19.280718232044208,26.489337016574588,17.08305745856354,1.9351933701657456,15.239999999999997,140.78000000000014,1016.0138999999997,50.94552486187848,97.1795580110497,2984.5699999999993,15.419116022099445,-125.54000000000015,0.005106263213796292,0.34042220487373387,9.954180666851647
Rice,IND_ANDHRAPRADESH_PRAKASAM,Andhra Pradesh,PRAKASAM,2018,Kharif,3.673267,102036.0,27778.0,0.01776215,79.729919,15.616436,exact_normalised,183,33.82311475409836,26.019945355191243,29.52989071038251,27.034213661202187,3.8015846994535547,411.3099999999998,373.71,894.9988000000002,65.64300546448088,100.1909836065574,3573.9699999999993,7.803169398907119,37.599999999999795,0.11508490558118839,0.2504214640861564,10.232035618540193
Rice,IND_ANDHRAPRADESH_PRAKASAM,Andhra Pradesh,PRAKASAM,2018,Rabi,3.375994,126566.0,37490.0,0.05817662,79.729919,15.616436,exact_normalised,181,32.39220994475137,22.804917127071825,26.968232044198885,23.635943646408837,2.8534806629834275,73.25999999999998,200.24000000000004,963.4407000000002,66.15425414364638,100.65817679558008,3071.25,9.587292817679547,-126.98000000000006,0.023853479853479846,0.3136966056166057,10.531856183153893
Rice,IND_ANDHRAPRADESH_SRIKAKULAM,Andhra Pradesh,SRIKAKULAM,2018,Kharif,2.058851,431177.0,209426.0,0.13391377,84.07575,18.697258,exact_normalised,183,29.608961748633863,26.217704918032794,27.788961748633877,30.22063770491804,3.7060655737704926,1185.5999999999992,683.72,828.5680000000002,80.54491803278688,99.8892349726776,3255.3799999999997,3.391256830601069,501.8799999999992,0.36419711370101165,0.2545226670926283,12.252130508934629
Rice,IND_ANDHRAPRADESH_SRIKAKULAM,Andhra Pradesh,SRIKAKULAM,2018,Rabi,2.850649,14926.0,5236.0,0.00812517,84.07575,18.697258,exact_normalised,181,28.432044198895028,22.399944751381213,25.124088397790054,22.649429281767965,3.4541988950276257,235.09,393.1,909.1286000000003,69.78209944751377,100.54414364640883,2737.46,6.032099447513815,-158.01000000000002,0.08587888042199704,0.33210662438903227,8.563504094279487
Rice,IND_ANDHRAPRADESH_VIZIANAGARAM,Andhra Pradesh,VIZIANAGARAM,2018,Kharif,2.33797,284061.0,121499.0,0.0776904,83.359673,18.506317,exact_normalised,183,28.552240437158467,20.98185792349725,24.354426229508196,24.87622786885243,2.1139344262295072,1136.65,682.6399999999999,807.9115,81.40524590163933,94.43262295081966,2626.8599999999983,7.570382513661215,454.0100000000002,0.43270292288131107,0.307557882795429,11.70766954176274
Rice,IND_ANDHRAPRADESH_VIZIANAGARAM,Andhra Pradesh,VIZIANAGARAM,2018,Rabi,3.209362,10010.0,3119.0,0.00484003,83.359673,18.506317,exact_normalised,181,30.390055248618765,16.7007182320442,22.77911602209946,16.137331491712704,1.4979005524861881,102.89999999999999,363.81999999999977,923.5687000000003,58.998674033149186,94.96806629834252,2313.020000000001,13.689337016574566,-260.9199999999998,0.044487293668018416,0.39929127288134125,8.045588280803528
Rice,IND_ANDHRAPRADESH_WESTGODAVARI,Andhra Pradesh,WEST GODAVARI,2018,Kharif,3.779024,857555.0,226925.0,0.14510319,81.315692,16.847574,exact_normalised,183,31.670054644808744,23.47038251366121,27.087650273224043,28.33871311475411,2.1483060109289616,879.8499999999999,674.3199999999997,851.9161999999997,79.13071038251366,99.41754098360656,3127.0400000000004,8.199672131147533,205.5300000000002,0.28136832275890294,0.27243533821121557,12.332379252127435
Rice,IND_ANDHRAPRADESH_WESTGODAVARI,Andhra Pradesh,WEST GODAVARI,2018,Rabi,5.219997,887149.0,169952.0,0.26372985,81.315692,16.847574,exact_normalised,181,34.5053591160221,19.8743093922652,26.342872928176806,21.57429779005525,1.6999447513812154,41.52000000000001,213.7300000000002,961.4931999999992,62.92270718232042,99.918453038674,2958.0600000000004,14.631049723756899,-172.21000000000018,0.014036226445711042,0.32504181794824955,12.043277207219125
Rice,IND_KARNATAKA_BANGALORERURAL,Karnataka,BANGALORE RURAL,2018,Kharif,2.973118,553.0,186.0,0.00017934,77.614728,13.177348,exact_normalised,183,29.961366120218592,18.945355191256834,23.688907103825134,21.12827814207651,3.4226229508196755,369.10999999999984,408.4200000000003,926.4843999999999,71.99693989071035,91.60420765027327,2505.0699999999983,11.016010928961759,-39.31000000000046,0.14734518396691512,0.36984371694204177,5.231108616854587
Rice,IND_KARNATAKA_BANGALORERURAL,Karnataka,BANGALORE RURAL,2018,Summer,3.202532,253.0,79.0,0.0005232,77.614728,13.177348,exact_normalised,122,33.08647540983607,20.339262295081962,26.2877868852459,19.959384426229512,2.7332786885245905,263.51000000000005,204.2600000000001,748.6851,58.93204918032785,91.57188524590158,1987.1100000000008,12.747213114754107,59.24999999999994,0.13260966931875937,0.3767708380512401,4.382026634673881
Rice,IND_KARNATAKA_BIDAR,Karnataka,BIDAR,2018,Kharif,0.719611,444.0,617.0,0.00059489,77.219591,17.954256,exact_normalised,183,32.48109289617488,20.981311475409832,26.146448087431686,22.120903278688534,3.1760655737704933,465.04999999999995,440.0799999999998,876.3523999999995,64.94568306010926,94.61464480874321,2954.7999999999984,11.499781420765046,24.97000000000014,0.1573879788818195,0.29658602951130364,6.42648845745769
Rice,IND_KARNATAKA_CHITRADURGA,Karnataka,CHITRADURGA,2018,Kharif,1.830749,1417.0,774.0,0.00074627,76.575818,14.279313,exact_normalised,183,32.246448087431695,20.8450819672131,25.82071038251367,22.100396174863384,4.213224043715849,267.16999999999996,271.33999999999975,929.8587999999995,66.29207650273227,94.56191256830603,2895.19,11.401366120218594,-4.1699999999997885,0.09228064479360593,0.32117367081262355,6.652863029353347
Rice,IND_KARNATAKA_CHITRADURGA,Karnataka,CHITRADURGA,2018,Rabi,2.111111,76.0,36.0,0.0031463,76.575818,14.279313,exact_normalised,181,33.01823204419888,18.30519337016576,25.157790055248626,16.035814364640885,2.2543093922651933,53.470000000000006,182.1500000000002,1041.1048999999998,51.418784530386766,94.80480662983426,2743.56,14.713038674033122,-128.6800000000002,0.019489276706177377,0.3794722550263161,3.6109179126442243
Rice,IND_KARNATAKA_CHITRADURGA,Karnataka,CHITRADURGA,2018,Summer,1.969697,65.0,33.0,0.00021855,76.575818,14.279313,exact_normalised,122,35.5527868852459,22.517622950819682,28.747950819672123,19.91860327868852,3.223606557377048,178.93,152.56,746.7448000000002,51.39352459016395,94.49901639344262,2287.2499999999995,13.035163934426219,26.370000000000005,0.07822931467919993,0.32648149524538217,3.5263605246161616
Rice,IND_KARNATAKA_DAKSHINAKANNADA,Karnataka,DAKSHINA KANNADA,2018,Kharif,2.996344,18032.0,6018.0,0.00580239,75.204445,12.828777,exact_normalised,183,28.38207650273224,24.030218579234976,25.9331693989071,28.33743825136611,2.0938797814207657,2500.8200000000024,793.6500000000004,801.3756000000004,84.68786885245899,99.08912568306013,2915.77,4.351857923497263,1707.170000000002,0.8576876776974872,0.2748418428065315,8.70267641154777
Rice,IND_KARNATAKA_DAKSHINAKANNADA,Karnataka,DAKSHINA KANNADA,2018,Rabi,2.684744,9010.0,3356.0,0.29330537,75.204445,12.828777,exact_normalised,181,32.25640883977899,23.499834254143657,27.385248618784534,23.805484530386735,1.6765745856353595,94.68999999999994,373.2199999999998,1022.4659,65.27055248618785,99.16961325966847,3146.7300000000005,8.756574585635335,-278.52999999999986,0.0300915553606442,0.32492965713613814,8.118802996980035
Rice,IND_KARNATAKA_DHARWAD,Karnataka,DHARWAD,2018,Kharif,0.910114,10105.0,11103.0,0.01070522,75.127326,15.336898,exact_normalised,183,28.93284153005464,20.055683060109292,23.85710382513661,23.14903114754097,3.247704918032789,743.6799999999998,665.6599999999996,877.1071999999999,78.1153551912568,93.87945355191252,2535.85,8.87715846994535,78.02000000000021,0.2932665575645247,0.34588291894236645,9.315060682746585
Rice,IND_KARNATAKA_DHARWAD,Karnataka,DHARWAD,2018,Summer,3.25,13.0,4.0,2.649e-05,75.127326,15.336898,exact_normalised,122,34.61754098360655,21.652295081967193,27.625081967213124,21.12102131147541,2.452295081967213,425.99,199.31999999999996,726.9188999999999,58.69901639344261,93.81737704918032,2150.259999999999,12.96524590163936,226.67000000000004,0.19811092612056228,0.3380609321663428,1.6094379124341003
Rice,IND_KARNATAKA_GADAG,Karnataka,GADAG,2018,Kharif,2.54311,6312.0,2482.0,0.00239308,75.653119,15.508228,exact_normalised,183,30.875245901639353,20.420327868852443,24.88010928961747,22.430131147540983,3.8724590163934405,400.7199999999997,430.76999999999987,877.1071999999999,71.24464480874317,94.07344262295088,2723.0599999999986,10.45491803278691,-30.050000000000182,0.1471579766879907,0.3221035158975566,7.817222785508166
Rice,IND_KARNATAKA_GADAG,Karnataka,GADAG,2018,Summer,2.469287,3015.0,1221.0,0.00808647,75.653119,15.508228,exact_normalised,122,35.06573770491804,22.130491803278684,28.28467213114755,20.27302377049181,2.85860655737705,303.37000000000006,191.20999999999992,726.9188999999999,54.26180327868852,94.0093442622951,2230.730000000001,12.935245901639359,112.16000000000014,0.13599583992684006,0.32586592729734193,7.108244139731541
Rice,IND_KARNATAKA_HASSAN,Karnataka,HASSAN,2018,Kharif,2.357903,109053.0,46250.0,0.04459301,76.105719,12.951423,exact_normalised,183,27.95535519125685,18.67049180327869,22.59945355191257,21.42898524590164,2.887158469945357,583.8799999999999,575.95,883.8163000000002,77.9339890710383,91.29650273224041,2305.7000000000003,9.28486338797816,7.929999999999836,0.253233291408249,0.38331799453528215,10.74183836432845
Rice,IND_KARNATAKA_HASSAN,Karnataka,HASSAN,2018,Summer,2.825771,1557.0,551.0,0.00364918,76.105719,12.951423,exact_normalised,122,31.682622950819685,20.239262295081968,25.47909836065573,20.526122950819673,2.0689344262295077,368.2999999999999,241.95000000000005,709.7570000000001,63.87934426229513,91.25237704918032,1888.4499999999998,11.443360655737717,126.34999999999985,0.195027668193492,0.37584103365193683,6.313548046277095
Rice,IND_KARNATAKA_HAVERI,Karnataka,HAVERI,2018,Kharif,1.362285,43446.0,31892.0,0.03074941,75.395405,14.743146,exact_normalised,183,30.397213114754106,20.44950819672133,24.68371584699455,22.805486338797817,3.6904918032786873,456.3199999999999,442.29,901.3767999999997,73.48491803278688,94.22322404371585,2687.1200000000003,9.947704918032777,14.029999999999859,0.16981749977671254,0.3354434487481019,10.370141828956715
Rice,IND_KARNATAKA_HAVERI,Karnataka,HAVERI,2018,Summer,2.125093,11467.0,5396.0,0.03573676,75.395405,14.743146,exact_normalised,122,34.565245901639344,21.945737704918027,27.73680327868851,21.525014754098358,2.826803278688525,307.48999999999995,187.87000000000012,728.2837999999998,59.076721311475424,94.15827868852458,2163.8899999999994,12.619508196721316,119.61999999999983,0.14210056888289146,0.33656230215029415,8.593598522618644
Rice,IND_KARNATAKA_KODAGU,Karnataka,KODAGU,2018,Kharif,2.800589,53228.0,19006.0,0.01832508,75.777469,12.406712,exact_normalised,183,26.46021857923497,20.19683060109291,22.8743169398907,24.681555737704915,0.7622404371584696,1666.65,856.93,801.3756000000004,88.37387978142077,94.31163934426228,2356.0000000000005,6.26338797814206,809.7200000000001,0.70740662139219,0.34014244482173184,9.852562611350837
Rice,IND_KARNATAKA_KODAGU,Karnataka,KODAGU,2018,Rabi,2.4,12.0,5.0,0.00043699,75.777469,12.406712,exact_normalised,181,31.34740331491715,19.061104972375688,24.464972375690603,20.201105524861866,0.5034806629834254,140.32999999999996,414.09999999999997,1022.4659,66.14662983425413,94.38812154696139,2618.160000000001,12.28629834254146,-273.77,0.05359871054481005,0.3905284245424266,1.791759469228055
Rice,IND_KARNATAKA_KODAGU,Karnataka,KODAGU,2018,Summer,3.166667,38.0,12.0,7.947e-05,75.777469,12.406712,exact_normalised,122,31.529016393442607,21.764836065573768,25.860737704918026,24.268074590163938,0.6081967213114752,817.4300000000001,271.89,644.2243000000003,73.77426229508195,94.23467213114756,1935.01,9.76418032786884,545.5400000000001,0.4224422612803035,0.3329307342080921,2.5649493574615367
Rice,IND_KARNATAKA_KOLAR,Karnataka,KOLAR,2018,Kharif,1.869687,6026.0,3223.0,0.00310753,78.192771,13.111229,exact_normalised,183,29.789672131147547,19.193989071038253,23.766885245901644,21.652071038251364,3.437486338797814,438.9499999999997,474.94,931.3706000000002,73.46983606557376,92.08874316939888,2519.34,10.595683060109295,-35.99000000000029,0.17423214016369354,0.3696883310708361,8.07837810362652
Rice,IND_KARNATAKA_KOPPAL,Karnataka,KOPPAL,2018,Kharif,3.322153,202555.0,60971.0,0.05878661,76.159107,15.65316,exact_normalised,183,32.146010928961736,21.008142076502747,25.858961748633877,22.21360601092896,4.015683060109292,276.0299999999999,289.39999999999986,912.8974,66.5343169398907,94.71704918032792,2902.1899999999996,11.13786885245899,-13.369999999999948,0.09511093346748488,0.31455466389175074,11.018170021381732
Rice,IND_KARNATAKA_KOPPAL,Karnataka,KOPPAL,2018,Summer,2.26101,32138.0,14214.0,0.09413681,76.159107,15.65316,exact_normalised,122,35.84516393442622,22.727868852459014,29.04877049180329,19.72894426229508,2.9197540983606567,206.31,155.35000000000005,744.4835,50.49081967213114,94.65040983606558,2323.9500000000016,13.117295081967203,50.95999999999995,0.08877557606661067,0.3203526323716085,9.5620530240851
Rice,IND_KARNATAKA_MANDYA,Karnataka,MANDYA,2018,Kharif,3.22525,188561.0,58464.0,0.05636942,76.815323,12.58214,exact_normalised,183,30.0783606557377,19.511092896174855,24.03464480874318,22.34795191256831,3.1374863387978134,457.36,509.00999999999976,883.8163000000002,74.59120218579231,92.96688524590168,2568.3399999999992,10.567267759562846,-51.64999999999975,0.17807611141827023,0.3441196648418825,10.976183563574418
Rice,IND_KARNATAKA_MANDYA,Karnataka,MANDYA,2018,Rabi,3.042857,213.0,70.0,0.00611781,76.815323,12.58214,exact_normalised,181,31.490662983425413,17.908674033149172,24.121767955801104,17.93728729281767,1.9663535911602208,115.08000000000001,325.2199999999999,1033.5651999999995,60.98370165745859,93.14049723756904,2556.0399999999995,13.58198895027624,-210.1399999999999,0.04502276959671994,0.4043619035695841,4.2626798770413155
Rice,IND_KARNATAKA_MANDYA,Karnataka,MANDYA,2018,Summer,3.26706,31024.0,9496.0,0.06289033,76.815323,12.58214,exact_normalised,122,33.20344262295082,21.317377049180337,26.833360655737707,21.09469180327868,2.4112295081967217,302.49,228.54999999999998,709.7570000000001,60.772459016393434,92.91803278688528,2053.67,11.88606557377048,73.94000000000003,0.14729240822527476,0.34560421099787214,9.158731238242952
Rice,IND_KARNATAKA_RAICHUR,Karnataka,RAICHUR,2018,Kharif,2.6809,434791.0,162181.0,0.15637058,76.856624,16.041451,exact_normalised,183,33.66010928961749,21.913497267759567,27.207377049180316,22.460199999999993,3.832459016393444,253.47999999999993,253.93000000000004,905.5107999999998,62.00688524590164,95.99338797814208,3148.9500000000003,11.74661202185792,-0.4500000000001023,0.08049667349433935,0.28755959923148977,11.996474440399325
Rice,IND_KARNATAKA_RAICHUR,Karnataka,RAICHUR,2018,Summer,2.290441,29210.0,12753.0,0.08446087,76.856624,16.041451,exact_normalised,122,37.819508196721316,24.09549180327869,30.838196721311455,18.626550819672133,2.878360655737705,104.57000000000002,94.04999999999998,740.7808000000003,42.97819672131149,95.91483606557382,2542.2599999999975,13.724016393442625,10.520000000000039,0.04113269295823406,0.2913867189036531,9.453600226875217
Rice,IND_KARNATAKA_RAMANAGARA,Karnataka,RAMANAGARA,2018,Kharif,2.185847,6610.0,3024.0,0.00291566,77.313748,12.727066,exact_normalised,183,30.8379781420765,19.73322404371585,24.506010928961757,22.03216612021858,3.1574316939890714,385.56000000000006,413.66000000000014,901.1152999999997,71.54890710382512,92.89185792349724,2654.6000000000004,11.104754098360651,-28.10000000000008,0.1452422210502524,0.33945426806298484,8.014666370464942
Rice,IND_KARNATAKA_RAMANAGARA,Karnataka,RAMANAGARA,2018,Summer,1.986667,298.0,150.0,0.00099342,77.313748,12.727066,exact_normalised,122,33.78180327868852,21.247868852459018,27.083770491803282,20.802348360655735,2.466475409836066,235.7699999999999,186.19,730.5694999999997,58.67819672131147,92.8536885245902,2084.2200000000003,12.533934426229504,49.5799999999999,0.1131214555085355,0.3505241769103068,5.017279836814924
Rice,IND_KARNATAKA_UDUPI,Karnataka,UDUPI,2018,Kharif,2.945939,91112.0,30928.0,0.02981995,74.873401,13.413125,exact_normalised,183,27.825628415300546,22.61781420765027,24.843661202185793,26.504779234972695,1.8442076502732228,2366.400000000001,784.2099999999995,876.9122000000001,84.47371584699452,96.85939890710378,2716.390000000001,5.2078142076502765,1582.1900000000014,0.8711562036379166,0.3228226432875986,10.339449534086297
Rice,IND_KARNATAKA_UDUPI,Karnataka,UDUPI,2018,Rabi,2.437689,8861.0,3635.0,0.31768922,74.873401,13.413125,exact_normalised,181,31.49519337016574,21.235193370165753,25.811160220994484,21.688580662983423,1.3586740331491702,61.04,472.5799999999996,1033.4445999999998,65.19668508287296,96.94767955801106,2861.82,10.259999999999987,-411.53999999999957,0.021329084289018873,0.36111446561978033,8.19863945529737
Rice,IND_KARNATAKA_UDUPI,Karnataka,UDUPI,2018,Summer,3.2,144.0,45.0,0.00029803,74.873401,13.413125,exact_normalised,122,31.941475409836062,24.068360655737703,27.336229508196734,26.031027049180327,1.7047540983606553,920.66,241.36,657.2722000000002,72.23991803278687,96.77581967213114,2115.019999999999,7.87311475409836,679.3,0.4352961201312519,0.31076405896870973,3.828641396489095
Rice,IND_KARNATAKA_UTTARAKANNADA,Karnataka,UTTARA KANNADA,2018,Kharif,2.084302,108713.0,52158.0,0.05028935,74.525531,14.70572,exact_normalised,183,28.10786885245901,24.452513661202193,26.026939890710395,28.436303278688506,2.4858469945355197,2810.780000000002,923.4899999999999,850.9583000000002,84.39781420765024,99.02196721311479,2932.930000000001,3.6553551912568167,1887.2900000000022,0.9583522279768016,0.29013931461030434,10.862052024637613
Rice,IND_KARNATAKA_UTTARAKANNADA,Karnataka,UTTARA KANNADA,2018,Rabi,2.226812,2857.0,1283.0,0.11213075,74.525531,14.70572,exact_normalised,181,30.33690607734805,22.57806629834253,26.04911602209944,23.44844972375692,2.013977900552485,31.46999999999999,675.9000000000002,1055.1170000000004,69.31138121546964,99.1677348066299,2904.8900000000012,7.75883977900552,-644.4300000000002,0.010833456688549301,0.36322098255011376,7.157735484249907
Rice,IND_KARNATAKA_UTTARAKANNADA,Karnataka,UTTARA KANNADA,2018,Summer,2.377637,1127.0,474.0,0.00313922,74.525531,14.70572,exact_normalised,122,31.381967213114773,25.61713114754098,27.98721311475408,28.195656557377074,2.214098360655737,1236.7599999999998,316.86999999999995,692.574,74.86401639344264,98.94655737704919,2194.439999999999,5.7648360655737925,919.8899999999999,0.5635879768870419,0.3156039809700881,6.163314804034641
Rice,IND_TAMILNADU_ARIYALUR,Tamil Nadu,ARIYALUR,2018,Autumn,4.285763,12673.0,2957.0,0.01057726,79.210178,11.196697,exact_normalised,122,31.14885245901639,23.4761475409836,26.79319672131148,27.74645409836067,2.4445901639344267,569.5599999999997,402.82999999999987,560.0709999999998,79.3639344262295,100.59180327868852,2048.7699999999995,7.672704918032789,166.72999999999985,0.2780009469096091,0.2733693874861502,7.992268643270745
Rice,IND_TAMILNADU_ARIYALUR,Tamil Nadu,ARIYALUR,2018,Summer,4.185792,3064.0,732.0,0.00308999,79.210178,11.196697,exact_normalised,122,35.87237704918032,25.69778688524589,30.1516393442623,27.813077868852453,2.865327868852457,154.76000000000005,164.38999999999993,728.2081000000003,64.99377049180329,100.31311475409841,2458.500000000001,10.174590163934432,-9.629999999999882,0.06294895261338214,0.2962001627008338,6.597145701886651
Rice,IND_TAMILNADU_ARIYALUR,Tamil Nadu,ARIYALUR,2018,Winter,3.858975,73718.0,19103.0,0.01585886,79.210178,11.196697,exact_normalised,121,30.936446280991724,21.22247933884297,25.401570247933886,25.02939586776859,2.578842975206611,136.76000000000008,359.1300000000002,651.7439999999999,77.30809917355373,100.71942148760334,1863.5900000000004,9.713966942148755,-222.37000000000015,0.0733852403157347,0.34972499315836625,9.857653016192328
Rice,IND_TAMILNADU_COIMBATORE,Tamil Nadu,COIMBATORE,2018,Autumn,4.286316,2036.0,475.0,0.00169909,76.942425,10.900215,exact_normalised,122,28.889098360655737,19.65729508196722,23.673524590163943,23.633011475409837,1.4821311475409842,393.62,463.4199999999997,619.9394,80.67688524590164,95.04647540983602,1668.17,9.231803278688517,-69.79999999999967,0.23595916483332033,0.3716284311550981,6.16541785423142
Rice,IND_TAMILNADU_COIMBATORE,Tamil Nadu,COIMBATORE,2018,Summer,4.19209,742.0,177.0,0.00074717,76.942425,10.900215,exact_normalised,122,31.966721311475414,21.932950819672126,26.322622950819675,24.11561393442624,1.9747540983606562,458.16,257.49,646.7777000000003,71.11598360655735,94.82803278688519,1991.36,10.033770491803288,200.67000000000002,0.23007391933151217,0.3247919512293108,5.181783550292085
Rice,IND_TAMILNADU_COIMBATORE,Tamil Nadu,COIMBATORE,2018,Winter,3.270327,3097.0,947.0,0.00078618,76.942425,10.900215,exact_normalised,121,31.208347107438005,18.04148760330579,23.897190082644638,19.276387603305782,1.6805785123966939,97.03000000000002,224.20000000000007,684.4935000000002,65.52115702479341,95.08818181818182,1681.5599999999995,13.166859504132216,-127.17000000000006,0.05770237160731704,0.40705862413473226,6.854354502255021
Rice,IND_TAMILNADU_CUDDALORE,Tamil Nadu,CUDDALORE,2018,Autumn,4.319489,154858.0,35851.0,0.12823989,79.398376,11.549058,exact_normalised,122,31.219098360655735,23.18073770491803,26.65598360655737,27.517839344262292,2.4127049180327877,558.3399999999996,412.9099999999999,560.0709999999998,79.13467213114754,100.4022950819672,2032.0300000000002,8.038360655737705,145.42999999999967,0.2747695654099593,0.2756214229120632,10.487154632477253
Rice,IND_TAMILNADU_CUDDALORE,Tamil Nadu,CUDDALORE,2018,Summer,3.735562,24580.0,6580.0,0.02777614,79.398376,11.549058,exact_normalised,122,36.16762295081968,25.395655737704914,30.12065573770493,27.587479508196726,2.760491803278687,149.2199999999999,167.50999999999993,728.2081000000003,64.58704918032788,100.1034426229508,2454.7199999999993,10.771967213114763,-18.29000000000002,0.0607890105592491,0.2966562785164909,8.791941988456118
Rice,IND_TAMILNADU_CUDDALORE,Tamil Nadu,CUDDALORE,2018,Winter,3.520593,320124.0,90929.0,0.07548713,79.398376,11.549058,exact_normalised,121,30.977768595041326,20.814628099173547,25.211818181818188,24.535226446280987,2.5326446280991735,131.63000000000005,339.72000000000014,651.7439999999999,76.56735537190086,100.53644628099173,1840.63,10.16314049586778,-208.0900000000001,0.07151355785790738,0.3540874591851702,11.417845258719959
Rice,IND_TAMILNADU_DHARMAPURI,Tamil Nadu,DHARMAPURI,2018,Autumn,4.286869,4244.0,990.0,0.00354125,78.208849,12.106543,exact_normalised,122,31.81967213114754,19.989180327868844,25.151557377049166,22.739981147540988,1.8455737704918025,274.86999999999995,279.42999999999984,599.2776000000003,71.15024590163934,95.65926229508196,1848.4899999999996,11.830491803278697,-4.559999999999889,0.14869974952528822,0.3241984538731616,6.898714534329988
Rice,IND_TAMILNADU_DHARMAPURI,Tamil Nadu,DHARMAPURI,2018,Summer,4.748954,2270.0,478.0,0.00201778,78.208849,12.106543,exact_normalised,122,35.17942622950819,22.536147540983617,28.39122950819671,22.88251147540984,2.1032786885245898,242.52999999999997,193.01,737.8677999999999,59.51483606557378,95.3984426229508,2243.73,12.643278688524571,49.51999999999998,0.1080923283995846,0.3288576611267844,6.171700597410915
Rice,IND_TAMILNADU_DHARMAPURI,Tamil Nadu,DHARMAPURI,2018,Winter,4.341594,10511.0,2421.0,0.00200986,78.208849,12.106543,exact_normalised,121,32.018760330578516,17.50206611570248,24.025867768595038,18.903360330578508,1.9997520661157033,63.63000000000001,181.09999999999988,681.4728000000002,64.06107438016528,95.74471074380172,1697.1299999999999,14.516694214876036,-117.46999999999987,0.03749270827809303,0.4015442541231375,7.792348924113037
Rice,IND_TAMILNADU_DINDIGUL,Tamil Nadu,DINDIGUL,2018,Autumn,4.286026,1963.0,458.0,0.00163828,77.770431,10.376407,exact_normalised,122,29.876393442622952,20.276229508196717,24.403524590163943,23.37991639344262,1.8097540983606553,390.97000000000014,364.90000000000015,589.6415000000003,76.51860655737705,95.30860655737706,1757.23,9.600163934426234,26.069999999999993,0.22249221786561812,0.3355516921518528,6.129050210060545
Rice,IND_TAMILNADU_DINDIGUL,Tamil Nadu,DINDIGUL,2018,Summer,3.785637,21086.0,5570.0,0.02351263,77.770431,10.376407,exact_normalised,122,33.106885245901644,22.475901639344258,27.176885245901637,23.169306557377045,2.4433606557377057,281.10999999999996,215.99999999999997,695.7388,64.7645081967213,95.07401639344263,2095.5800000000004,10.630983606557386,65.10999999999999,0.1341442464616001,0.33200297769591225,8.625329850020815
Rice,IND_TAMILNADU_DINDIGUL,Tamil Nadu,DINDIGUL,2018,Winter,4.008456,12799.0,3193.0,0.00265075,77.770431,10.376407,exact_normalised,121,30.66702479338844,18.522148760330584,23.863140495867754,19.773379338842982,1.7052892561983468,80.65000000000003,249.74999999999997,663.8171000000001,67.40066115702479,95.36851239669423,1677.4400000000003,12.144876033057855,-169.09999999999994,0.04807921594811142,0.395732246756963,8.069029328774958
Rice,IND_TAMILNADU_ERODE,Tamil Nadu,ERODE,2018,Autumn,4.2827,1015.0,237.0,0.00084775,77.349132,11.479934,exact_normalised,122,32.21827868852459,20.587295081967223,25.640491803278692,23.14924426229507,1.248360655737705,302.87999999999994,306.7900000000001,612.8099000000002,70.36926229508197,96.37254098360653,1908.1400000000003,11.630983606557368,-3.9100000000001387,0.15873049147337193,0.32115562799375313,5.472270673671475
Rice,IND_TAMILNADU_ERODE,Tamil Nadu,ERODE,2018,Summer,4.188023,34057.0,8132.0,0.03432759,77.349132,11.479934,exact_normalised,122,35.049098360655734,23.203606557377057,28.625327868852462,22.91260901639345,1.6013934426229501,238.22999999999993,186.76999999999998,716.7044999999999,58.98918032786887,96.11819672131152,2272.2900000000004,11.845491803278676,51.45999999999995,0.10484137147987267,0.3154106650119482,9.003685138166775
Rice,IND_TAMILNADU_ERODE,Tamil Nadu,ERODE,2018,Winter,5.203295,141488.0,27192.0,0.02257416,77.349132,11.479934,exact_normalised,121,32.563223140495865,18.723140495867767,24.92264462809916,18.921490082644638,1.2346280991735534,78.66000000000001,180.62999999999994,683.4170999999998,60.85066115702481,96.45082644628098,1805.6400000000003,13.840082644628097,-101.96999999999993,0.043563501030105665,0.37849023061075276,10.210714866221961
Rice,IND_TAMILNADU_KANNIYAKUMARI,Tamil Nadu,KANNIYAKUMARI,2018,Autumn,3.663629,21707.0,5925.0,0.02119387,77.370026,8.292621,exact_normalised,122,29.835000000000008,21.924344262295087,25.32508196721312,26.4923106557377,2.0626229508196734,417.75999999999976,378.9700000000001,588.3763000000001,82.10606557377054,98.12311475409837,1869.6600000000005,7.910655737704921,38.78999999999968,0.22344169528149485,0.3146969502476386,8.68710472813351
Rice,IND_TAMILNADU_KANNIYAKUMARI,Tamil Nadu,KANNIYAKUMARI,2018,Summer,4.181818,322.0,77.0,0.00032504,77.370026,8.292621,exact_normalised,122,32.30598360655736,23.94934426229509,27.42319672131147,27.34266639344262,2.687786885245903,300.85000000000014,212.29999999999995,657.3476999999998,75.20147540983604,97.93319672131142,2125.6299999999997,8.356639344262273,88.55000000000018,0.1415345097688686,0.30924841105930945,4.356708826689592
Rice,IND_TAMILNADU_KANNIYAKUMARI,Tamil Nadu,KANNIYAKUMARI,2018,Winter,4.290274,25540.0,5953.0,0.00494204,77.370026,8.292621,exact_normalised,121,31.237933884297515,20.836528925619838,25.36512396694215,24.02387851239669,2.39504132231405,151.05999999999997,313.37999999999977,654.8814999999998,74.57636363636362,98.15471074380162,1859.180000000001,10.401404958677677,-162.3199999999998,0.08125087404124394,0.35224211749265777,8.691818541575723
Rice,IND_TAMILNADU_KARUR,Tamil Nadu,KARUR,2018,Summer,4.192547,1350.0,322.0,0.00135926,78.090802,10.786735,exact_normalised,122,35.97811475409835,24.042049180327872,29.491557377049194,25.06118606557377,2.4613934426229505,218.14000000000004,181.54999999999998,725.8039999999997,61.16926229508196,98.3155737704918,2377.970000000001,11.936065573770477,36.59000000000006,0.09173370563968423,0.30521999857020876,5.777652323222656
Rice,IND_TAMILNADU_KARUR,Tamil Nadu,KARUR,2018,Winter,3.451671,38210.0,11070.0,0.00919005,78.090802,10.786735,exact_normalised,121,33.41297520661158,19.501322314049585,25.73743801652893,21.42400578512396,2.024297520661158,84.02,197.61999999999995,664.8607999999997,65.3285950413223,98.6703305785124,1904.229999999999,13.911652892561992,-113.59999999999995,0.04412282129784744,0.3491494199755282,9.312084355859467
Rice,IND_TAMILNADU_KRISHNAGIRI,Tamil Nadu,KRISHNAGIRI,2018,Autumn,4.86866,18238.0,3746.0,0.01339953,78.043393,12.472753,exact_normalised,122,30.903934426229508,18.998606557377048,24.11155737704918,21.507639344262287,2.122868852459016,254.91999999999996,272.8499999999999,599.2776000000003,71.43696721311474,94.04549180327874,1721.6099999999988,11.90532786885246,-17.92999999999995,0.1480707012621907,0.3480913795807417,8.228710798793687
Rice,IND_TAMILNADU_KRISHNAGIRI,Tamil Nadu,KRISHNAGIRI,2018,Summer,4.869906,36086.0,7410.0,0.03127981,78.043393,12.472753,exact_normalised,122,34.1960655737705,21.541803278688533,27.39172131147542,21.792366393442627,2.459344262295082,272.6399999999999,210.90000000000003,737.8677999999999,60.034016393442606,93.78778688524591,2121.7900000000004,12.654262295081963,61.73999999999984,0.12849527992873933,0.3477572238534444,8.910720661951359
Rice,IND_TAMILNADU_KRISHNAGIRI,Tamil Nadu,KRISHNAGIRI,2018,Winter,4.937738,58290.0,11805.0,0.00980023,78.043393,12.472753,exact_normalised,121,30.878264462809906,16.525454545454547,22.908181818181824,17.732600826446284,2.1214876033057855,50.33,200.5200000000001,681.4728000000002,64.45966942148762,94.12479338842971,1561.89,14.352809917355358,-150.1900000000001,0.03222378016377594,0.4363129285673128,9.376363155800634
Rice,IND_TAMILNADU_MADURAI,Tamil Nadu,MADURAI,2018,Autumn,4.874954,13372.0,2743.0,0.00981178,78.006559,9.898005,exact_normalised,122,31.736967213114756,21.913688524590146,26.21098360655737,25.79890983606558,1.7132786885245903,402.5399999999999,353.0600000000001,589.4787000000001,76.14639344262292,98.5622950819672,1977.7400000000005,9.82327868852461,49.47999999999979,0.20353534842800358,0.2980567213081598,7.917171988845776
Rice,IND_TAMILNADU_MADURAI,Tamil Nadu,MADURAI,2018,Summer,3.925865,35957.0,9159.0,0.03866286,78.006559,9.898005,exact_normalised,122,35.4759836065574,24.132295081967204,29.135737704918025,25.789400000000015,2.126803278688525,235.36000000000004,198.2,719.3992,64.02344262295081,98.31459016393441,2334.5600000000004,11.343688524590195,37.16000000000005,0.10081557124254678,0.30815194297854837,9.122601457668177
Rice,IND_TAMILNADU_MADURAI,Tamil Nadu,MADURAI,2018,Winter,4.14571,151563.0,36559.0,0.03035043,78.006559,9.898005,exact_normalised,121,32.7297520661157,20.05396694214877,25.64123966942148,22.466144628099173,2.142396694214876,71.06999999999998,220.90999999999994,671.8475,68.77950413223138,98.64776859504136,1892.5900000000006,12.675785123966932,-149.83999999999997,0.03755171484579331,0.35498840213675426,10.506710025568086
Rice,IND_TAMILNADU_NAMAKKAL,Tamil Nadu,NAMAKKAL,2018,Autumn,3.276412,14793.0,4515.0,0.01615026,78.154921,11.347699,exact_normalised,122,32.71516393442623,20.99975409836066,26.13426229508197,24.057016393442634,1.822786885245902,301.2099999999998,293.2100000000001,576.8611999999999,71.15352459016394,97.46786885245905,1968.3800000000008,11.715409836065568,7.999999999999716,0.15302431441083514,0.2930639409057193,8.415381925269553
Rice,IND_TAMILNADU_NAMAKKAL,Tamil Nadu,NAMAKKAL,2018,Summer,4.19457,927.0,221.0,0.00093291,78.154921,11.347699,exact_normalised,122,35.91393442622952,23.449836065573763,29.194262295081963,24.146650819672136,2.1470491803278673,226.29999999999987,185.35000000000002,718.3879,60.00237704918035,97.20237704918036,2341.7000000000003,12.464098360655754,40.94999999999985,0.09663919374813164,0.30678050134517654,5.402677381872279
Rice,IND_TAMILNADU_NAMAKKAL,Tamil Nadu,NAMAKKAL,2018,Winter,4.493618,13027.0,2899.0,0.00240668,78.154921,11.347699,exact_normalised,121,33.16074380165289,18.64628099173554,25.202892561983475,20.241992561983473,2.0139669421487603,80.18999999999998,177.09999999999997,669.3581000000005,63.797685950413225,97.55834710743798,1839.5499999999993,14.514462809917351,-96.90999999999998,0.043592182870810806,0.3638705661710749,7.9724660159745655
Rice,IND_TAMILNADU_PERAMBALUR,Tamil Nadu,PERAMBALUR,2018,Autumn,4.303371,383.0,89.0,0.00031836,78.858963,11.25245,exact_normalised,122,31.47459016393442,21.111967213114745,25.584836065573786,24.941146721311473,2.049672131147541,385.04999999999995,331.2600000000001,576.8611999999999,76.3785245901639,97.77081967213118,1901.3500000000006,10.362622950819674,53.78999999999985,0.2025140032082467,0.3033955873458331,4.499809670330265
Rice,IND_TAMILNADU_PERAMBALUR,Tamil Nadu,PERAMBALUR,2018,Summer,4.18866,4063.0,970.0,0.00409466,78.858963,11.25245,exact_normalised,122,36.04409836065574,23.4172131147541,29.06278688524589,25.016896721311475,2.4675409836065576,189.84999999999997,163.12,718.3879,62.32836065573769,97.49868852459022,2325.6600000000003,12.626885245901637,26.72999999999996,0.08163274081336049,0.30889635630315687,6.878326468291325
Rice,IND_TAMILNADU_PERAMBALUR,Tamil Nadu,PERAMBALUR,2018,Winter,4.140283,6434.0,1554.0,0.00129009,78.858963,11.25245,exact_normalised,121,31.809834710743793,18.51413223140497,24.348181818181814,21.710299173553715,2.249586776859504,89.13000000000001,232.71999999999997,669.3581000000005,71.65512396694217,97.87834710743805,1736.13,13.295702479338821,-143.58999999999997,0.051338321439062744,0.3855460708587493,7.349230824613334
Rice,IND_TAMILNADU_PUDUKKOTTAI,Tamil Nadu,PUDUKKOTTAI,2018,Autumn,4.285389,13169.0,3073.0,0.01099219,78.872829,10.352982,exact_normalised,122,32.135901639344254,22.676229508196716,26.807868852459027,26.686661475409828,2.1444262295081975,411.2899999999999,329.65999999999985,580.2443999999996,76.2204098360656,99.93532786885245,2050.5600000000004,9.459672131147538,81.63000000000005,0.20057447721597993,0.28296874999999977,8.03073492409854
Rice,IND_TAMILNADU_PUDUKKOTTAI,Tamil Nadu,PUDUKKOTTAI,2018,Summer,2.541417,12303.0,4841.0,0.0204353,78.872829,10.352982,exact_normalised,122,36.22852459016394,25.037131147540986,30.017540983606548,26.809519672131156,2.598524590163934,173.08000000000004,155.22,725.8039999999997,63.18303278688522,99.66901639344263,2442.14,11.191393442622957,17.860000000000042,0.07087226776515682,0.29719999672418446,8.485083137498004
Rice,IND_TAMILNADU_PUDUKKOTTAI,Tamil Nadu,PUDUKKOTTAI,2018,Winter,2.557132,171356.0,67011.0,0.05563096,78.872829,10.352982,exact_normalised,121,32.86264462809917,20.553801652892552,25.949504132231418,23.77778099173553,2.547851239669421,78.61000000000001,229.73999999999998,664.8607999999997,71.2605785123967,100.03966942148759,1929.8900000000008,12.308842975206616,-151.12999999999997,0.04073289151195145,0.344507096259372,11.112626986813423
Rice,IND_TAMILNADU_RAMANATHAPURAM,Tamil Nadu,RAMANATHAPURAM,2018,Winter,0.440999,55397.0,125617.0,0.10428429,78.817623,9.423787,exact_normalised,121,31.444628099173546,23.42090909090909,26.936859504132233,25.46961983471074,3.7317355371900818,84.06999999999996,224.00000000000003,671.8475,71.72066115702478,100.81132231404959,2049.36,8.023719008264457,-139.93000000000006,0.04102256314166372,0.3278328356169731,11.741000834849947
Rice,IND_TAMILNADU_SALEM,Tamil Nadu,SALEM,2018,Autumn,4.283981,1765.0,412.0,0.00147373,78.256113,11.628258,exact_normalised,122,32.71516393442623,20.99975409836066,26.13426229508197,24.057016393442634,1.822786885245902,301.2099999999998,293.2100000000001,576.8611999999999,71.15352459016394,97.46786885245905,1968.3800000000008,11.715409836065568,7.999999999999716,0.15302431441083514,0.2930639409057193,6.023447592961033
Rice,IND_TAMILNADU_SALEM,Tamil Nadu,SALEM,2018,Summer,4.187251,2102.0,502.0,0.00211909,78.256113,11.628258,exact_normalised,122,35.91393442622952,23.449836065573763,29.194262295081963,24.146650819672136,2.1470491803278673,226.29999999999987,185.35000000000002,718.3879,60.00237704918035,97.20237704918036,2341.7000000000003,12.464098360655754,40.94999999999985,0.09663919374813164,0.30678050134517654,6.220590170099739
Rice,IND_TAMILNADU_SALEM,Tamil Nadu,SALEM,2018,Winter,3.790474,33504.0,8839.0,0.00733793,78.256113,11.628258,exact_normalised,121,33.16074380165289,18.64628099173554,25.202892561983475,20.241992561983473,2.0139669421487603,80.18999999999998,177.09999999999997,669.3581000000005,63.797685950413225,97.55834710743798,1839.5499999999993,14.514462809917351,-96.90999999999998,0.043592182870810806,0.3638705661710749,9.08704215563169
Rice,IND_TAMILNADU_SIVAGANGA,Tamil Nadu,SIVAGANGA,2018,Autumn,4.2,84.0,20.0,7.154e-05,78.568693,9.944223,exact_normalised,122,31.677295081967216,23.375163934426237,26.994918032786874,27.30656475409835,2.3783606557377057,450.2399999999999,344.54999999999995,589.4787000000001,77.08762295081969,100.16655737704919,2073.3799999999997,8.30213114754098,105.68999999999994,0.21715266858945295,0.2843080863131699,3.044522437723423
Rice,IND_TAMILNADU_SIVAGANGA,Tamil Nadu,SIVAGANGA,2018,Summer,4.190776,1999.0,477.0,0.00201356,78.568693,9.944223,exact_normalised,122,35.41778688524591,25.61606557377049,29.91754098360655,27.569091803278685,2.832622950819673,177.16000000000003,154.8799999999999,719.3992,65.34090163934428,99.9118032786885,2429.94,9.801721311475418,22.280000000000115,0.07290714997078118,0.2960563635316098,6.169610732491456
Rice,IND_TAMILNADU_SIVAGANGA,Tamil Nadu,SIVAGANGA,2018,Winter,0.622272,39200.0,62995.0,0.05229697,78.568693,9.944223,exact_normalised,121,32.53553719008262,21.657520661157022,26.398512396694226,24.469576859504137,2.977438016528926,72.31,214.77999999999997,671.8475,71.27727272727272,100.26471074380164,1984.22,10.878016528925599,-142.46999999999997,0.03644253157411981,0.3385952666538992,11.05082651129447
Rice,IND_TAMILNADU_THANJAVUR,Tamil Nadu,THANJAVUR,2018,Autumn,4.027995,168773.0,41900.0,0.14987731,79.260887,10.579191,exact_normalised,122,30.749754098360647,24.31180327868853,27.089016393442616,28.260146721311475,2.783770491803278,563.7799999999999,385.5,548.8074,79.35065573770493,100.74434426229509,2084.86,6.437950819672118,178.27999999999986,0.27041623898007533,0.26323465364580834,10.643064971973882
Rice,IND_TAMILNADU_THANJAVUR,Tamil Nadu,THANJAVUR,2018,Summer,3.831113,59252.0,15466.0,0.06528658,79.260887,10.579191,exact_normalised,122,34.60827868852461,26.514754098360658,30.05688524590163,28.637504098360658,3.187540983606557,171.74000000000007,161.27,721.8179999999999,67.27311475409834,100.48475409836064,2446.9399999999982,8.093524590163948,10.470000000000056,0.0701856195901821,0.2949880258608713,9.64646400103814
Rice,IND_TAMILNADU_THANJAVUR,Tamil Nadu,THANJAVUR,2018,Winter,3.551728,455399.0,128219.0,0.10644441,79.260887,10.579191,exact_normalised,121,30.584462809917348,22.334462809917365,25.905702479338853,25.609176033057857,3.040826446280993,123.70000000000003,332.6100000000001,649.7896999999998,76.68404958677685,100.86421487603306,1924.5900000000001,8.249999999999982,-208.91000000000008,0.06427342966553916,0.33762500064948886,11.761502817541249
Rice,IND_TAMILNADU_THENILGIRIS,Tamil Nadu,THE NILGIRIS,2018,Autumn,4.289855,888.0,207.0,0.00074044,76.648605,11.435308,exact_normalised,122,28.784426229508206,18.38254098360655,22.857131147540997,21.358881967213122,1.4002459016393443,333.1400000000001,379.91000000000014,614.0395000000001,76.56754098360656,92.41286885245898,1568.5700000000002,10.401885245901656,-46.77000000000004,0.2123845285833594,0.39146451863799514,5.337538079701318
Rice,IND_TAMILNADU_THENI,Tamil Nadu,THENI,2018,Autumn,5.89849,23824.0,4039.0,0.0144476,77.429172,9.916685,exact_normalised,122,28.045327868852464,19.102213114754107,23.00303278688524,22.40432704918031,1.1477868852459017,432.52000000000004,398.6800000000002,584.7547000000004,79.82991803278688,93.25172131147545,1586.3699999999994,8.943114754098357,33.83999999999986,0.2726476168863507,0.368611799264989,8.303999970955196
Rice,IND_TAMILNADU_THENI,Tamil Nadu,THENI,2018,Summer,4.187401,15887.0,3794.0,0.0160156,77.429172,9.916685,exact_normalised,122,31.652868852459005,21.086065573770494,25.69745901639345,22.3237606557377,1.5773770491803278,301.1099999999999,231.24999999999997,668.0099000000001,67.90500000000003,93.0414754098361,1915.0899999999997,10.56680327868851,69.85999999999993,0.15723020850195027,0.348813841647129,8.24143968982973
Rice,IND_TAMILNADU_THENI,Tamil Nadu,THENI,2018,Winter,5.368913,30431.0,5668.0,0.00470544,77.429172,9.916685,exact_normalised,121,29.160330578512408,17.437685950413222,22.62272727272726,19.09981239669422,1.1920661157024788,80.53999999999999,279.0100000000001,662.4740999999999,70.08719008264461,93.30462809917356,1527.3500000000004,11.722644628099186,-198.4700000000001,0.05273185582872293,0.4337408583494286,8.642768014324304
Rice,IND_TAMILNADU_THIRUVALLUR,Tamil Nadu,THIRUVALLUR,2018,Autumn,4.429402,108888.0,24583.0,0.08793398,79.941464,13.24923,exact_normalised,122,30.527295081967203,24.102049180327864,26.834098360655737,27.464531147540985,2.904180327868852,517.9799999999998,397.73999999999984,581.2804000000001,77.7059836065574,100.51098360655737,2053.76,6.4252459016393395,120.23999999999995,0.25221057961981913,0.28303229199127455,10.109851103810321
Rice,IND_TAMILNADU_THIRUVALLUR,Tamil Nadu,THIRUVALLUR,2018,Summer,4.090437,66895.0,16354.0,0.0690351,79.941464,13.24923,exact_normalised,122,35.394426229508205,26.165245901639352,30.15877049180328,28.078120491803272,3.2482786885245902,107.61000000000001,126.35999999999991,745.9544,65.44729508196721,100.1712295081967,2459.369999999999,9.229180327868853,-18.7499999999999,0.0437551080154674,0.3033111731866292,9.702288939972485
Rice,IND_TAMILNADU_THIRUVALLUR,Tamil Nadu,THIRUVALLUR,2018,Winter,4.278517,205095.0,47936.0,0.03979534,79.941464,13.24923,exact_normalised,121,30.082644628099178,21.7204132231405,25.300247933884293,23.797492561983486,2.7287603305785124,55.839999999999996,336.26000000000005,662.0204,73.7111570247934,100.65586776859503,1851.3300000000006,8.362231404958678,-280.4200000000001,0.030162099679689726,0.35759178536511577,10.777642927807499
Rice,IND_TAMILNADU_THIRUVARUR,Tamil Nadu,THIRUVARUR,2018,Autumn,4.323757,122812.0,28404.0,0.10160179,79.587842,10.561873,exact_normalised,122,30.749754098360647,24.31180327868853,27.089016393442616,28.260146721311475,2.783770491803278,563.7799999999999,385.5,548.8074,79.35065573770493,100.74434426229509,2084.86,6.437950819672118,178.27999999999986,0.27041623898007533,0.26323465364580834,10.254320464991228
Rice,IND_TAMILNADU_THIRUVARUR,Tamil Nadu,THIRUVARUR,2018,Summer,3.624724,36124.0,9966.0,0.04206945,79.587842,10.561873,exact_normalised,122,34.60827868852461,26.514754098360658,30.05688524590163,28.637504098360658,3.187540983606557,171.74000000000007,161.27,721.8179999999999,67.27311475409834,100.48475409836064,2446.9399999999982,8.093524590163948,10.470000000000056,0.0701856195901821,0.2949880258608713,9.207034914967457
Rice,IND_TAMILNADU_THIRUVARUR,Tamil Nadu,THIRUVARUR,2018,Winter,3.309188,497500.0,150339.0,0.12480792,79.587842,10.561873,exact_normalised,121,30.584462809917348,22.334462809917365,25.905702479338853,25.609176033057857,3.040826446280993,123.70000000000003,332.6100000000001,649.7896999999998,76.68404958677685,100.86421487603306,1924.5900000000001,8.249999999999982,-208.91000000000008,0.06427342966553916,0.33762500064948886,11.920654674731459
Rice,IND_TAMILNADU_TIRUCHIRAPPALLI,Tamil Nadu,TIRUCHIRAPPALLI,2018,Autumn,4.420706,18147.0,4105.0,0.01468368,78.555677,10.845397,exact_normalised,122,32.021147540983605,21.958196721311488,26.337459016393446,25.951059016393447,2.115819672131146,398.9699999999999,332.0200000000001,580.2443999999996,76.1444262295082,99.18770491803278,1993.17,10.062950819672118,66.94999999999982,0.20016857568596752,0.29111636237751903,8.32020459757888
Rice,IND_TAMILNADU_TIRUCHIRAPPALLI,Tamil Nadu,TIRUCHIRAPPALLI,2018,Summer,4.186899,6967.0,1664.0,0.00702424,78.555677,10.845397,exact_normalised,122,36.34270491803278,24.323114754098352,29.699508196721304,26.064913114754084,2.599836065573771,178.63000000000005,157.81000000000012,725.8039999999997,62.58942622950822,98.91885245901639,2403.3400000000006,12.019590163934428,20.819999999999936,0.07432573002571422,0.3019980527099784,7.417580402414544
Rice,IND_TAMILNADU_TIRUCHIRAPPALLI,Tamil Nadu,TIRUCHIRAPPALLI,2018,Winter,5.419282,208599.0,38492.0,0.03195516,78.555677,10.845397,exact_normalised,121,32.55892561983472,19.553553719008256,25.275206611570237,22.887686776859493,2.3561983471074375,89.16000000000003,238.17999999999992,664.8607999999997,71.46586776859502,99.29380165289257,1848.2999999999997,13.00537190082646,-149.0199999999999,0.048238922252881046,0.35971476491911475,10.558231685563127
Rice,IND_TAMILNADU_TIRUNELVELI,Tamil Nadu,TIRUNELVELI,2018,Autumn,4.367222,62674.0,14351.0,0.05133387,77.568767,8.838215,exact_normalised,122,30.169999999999987,21.469016393442633,25.277540983606567,26.31473278688524,1.6851639344262284,436.0899999999998,408.2399999999999,588.3763000000001,81.7841803278689,98.2422131147541,1863.8599999999997,8.700983606557354,27.84999999999991,0.23397143562284714,0.3156762310473964,9.571644584298577
Rice,IND_TAMILNADU_TIRUNELVELI,Tamil Nadu,TIRUNELVELI,2018,Summer,3.995881,124172.0,31075.0,0.13117681,77.568767,8.838215,exact_normalised,122,33.529836065573775,23.637540983606556,27.855491803278703,26.648189344262295,2.3045901639344266,260.83999999999986,202.88999999999996,657.3476999999998,71.55573770491803,98.02631147540983,2178.3700000000003,9.89229508196722,57.9499999999999,0.11974090719207472,0.3017612710421093,10.344191096070311
Rice,IND_TAMILNADU_TIRUNELVELI,Tamil Nadu,TIRUNELVELI,2018,Winter,4.663844,175160.0,37557.0,0.03117894,77.568767,8.838215,exact_normalised,121,31.8893388429752,20.173966942148766,25.38462809917355,23.08981983471075,1.8264462809917352,134.59,322.6399999999999,654.8814999999998,71.80487603305785,98.28008264462814,1861.54,11.715371900826433,-188.04999999999987,0.07230035347078226,0.3517955563673087,10.53364168376815
Rice,IND_TAMILNADU_TIRUPPUR,Tamil Nadu,TIRUPPUR,2018,Summer,4.185507,2888.0,690.0,0.0029127,77.334294,10.83475,exact_normalised,122,35.23295081967212,24.023196721311464,29.073934426229517,24.196674590163926,2.5100000000000007,251.15,195.44,695.7388,60.747131147541005,97.56688524590164,2327.0200000000004,11.209754098360655,55.71000000000001,0.10792773590257065,0.2989827332811922,6.53813982376767
Rice,IND_TAMILNADU_TIRUPPUR,Tamil Nadu,TIRUPPUR,2018,Winter,5.054338,49113.0,9717.0,0.00806683,77.334294,10.83475,exact_normalised,121,32.969752066115696,19.669008264462796,25.59471074380165,20.341953719008274,1.7312396694214864,83.41,204.16000000000003,663.8171000000001,62.70710743801655,97.89933884297523,1886.9600000000005,13.3007438016529,-120.75000000000003,0.04420337474032304,0.35179182388603886,9.181735114965848
Rice,IND_TAMILNADU_TIRUVANNAMALAI,Tamil Nadu,TIRUVANNAMALAI,2018,Autumn,3.539491,73540.0,20777.0,0.07431983,79.247289,12.432454,exact_normalised,122,31.410245901639353,21.734016393442623,25.843032786885246,25.991653278688513,2.019590163934426,474.95,389.40999999999985,574.9097000000003,78.12909836065568,99.22696721311478,1932.8500000000008,9.67622950819673,85.54000000000013,0.24572522440955055,0.2974414465685387,9.941650013630477
Rice,IND_TAMILNADU_TIRUVANNAMALAI,Tamil Nadu,TIRUVANNAMALAI,2018,Summer,4.304226,138609.0,32203.0,0.13593844,79.247289,12.432454,exact_normalised,122,37.03368852459018,24.311229508196725,29.902540983606542,26.161731967213115,2.472295081967214,157.52,168.25999999999993,747.8992000000002,61.96336065573769,98.90270491803278,2428.1099999999997,12.722459016393458,-10.739999999999924,0.0648735024360511,0.30801701735094383,10.379845947419872
Rice,IND_TAMILNADU_TIRUVANNAMALAI,Tamil Nadu,TIRUVANNAMALAI,2018,Winter,4.05385,178641.0,44067.0,0.03658339,79.247289,12.432454,exact_normalised,121,31.218677685950407,18.69330578512396,24.17181818181819,22.496925619834716,2.066528925619835,87.46,333.3100000000002,662.7738000000002,74.79603305785126,99.35851239669421,1714.7899999999988,12.525371900826446,-245.8500000000002,0.05100332985380137,0.38650435330273714,10.693489174459955
Rice,IND_TAMILNADU_VELLORE,Tamil Nadu,VELLORE,2018,Autumn,4.613411,55933.0,12124.0,0.04336784,79.042643,12.783542,exact_normalised,122,31.258606557377053,19.565491803278686,24.5122131147541,22.186630327868873,2.1252459016393437,254.31,252.69000000000005,574.9097000000003,72.05672131147541,95.12008196721315,1770.4900000000002,11.693114754098367,1.6199999999999477,0.14363820185372408,0.3247178464718808,9.403024715805683
Rice,IND_TAMILNADU_VELLORE,Tamil Nadu,VELLORE,2018,Summer,4.825611,74879.0,15517.0,0.06550187,79.042643,12.783542,exact_normalised,122,35.232131147541,22.16696721311475,28.082704918032803,22.510204918032795,2.5614754098360653,224.76000000000005,196.21999999999989,747.8992000000002,59.193852459016384,94.82754098360654,2206.0899999999997,13.065163934426248,28.540000000000163,0.10188160954448824,0.33901572465311947,9.649755919453895
Rice,IND_TAMILNADU_VELLORE,Tamil Nadu,VELLORE,2018,Winter,4.302401,55914.0,12996.0,0.01078897,79.042643,12.783542,exact_normalised,121,30.41603305785124,16.846694214876035,22.710578512396697,18.502864462809907,1.9727272727272733,52.19000000000001,249.6000000000001,662.7738000000002,67.9794214876033,95.22132231404957,1537.9799999999996,13.569338842975206,-197.41000000000008,0.03393412137999195,0.4309378535481608,9.47247384058159
Rice,IND_TELANGANA_ADILABAD,Telangana,ADILABAD,2018,Kharif,3.174026,1222.0,385.0,0.00032373,78.785443,19.287834,exact_normalised,183,31.373333333333317,21.772185792349724,26.084207650273207,24.693375956284154,2.4837158469945337,857.4600000000004,669.8099999999994,850.6319999999996,72.78721311475407,96.8899453551913,2943.409999999997,9.601147540983593,187.650000000001,0.29131517525591105,0.28899541688042113,5.955837369464831
Rice,IND_TELANGANA_ADILABAD,Telangana,ADILABAD,2018,Rabi,3.404762,143.0,42.0,5.657e-05,78.785443,19.287834,exact_normalised,181,34.61154696132596,18.173149171270722,25.87132596685084,11.66980110497237,1.7529834254143644,23.790000000000006,73.80999999999999,975.2056000000001,36.23464088397788,97.35723756906076,2872.709999999999,16.43839779005524,-50.01999999999998,0.008281378907025079,0.33947234492865636,3.7612001156935624
Rice,IND_TELANGANA_KARIMNAGAR,Telangana,KARIMNAGAR,2018,Kharif,3.790998,207034.0,54612.0,0.04592084,79.416208,18.512553,exact_normalised,183,32.19453551912569,22.48617486338798,26.840765027322394,25.390071038251364,2.389562841530055,810.5699999999999,621.7199999999999,860.2882999999999,71.7722404371585,97.80693989071044,3081.8599999999983,9.708360655737707,188.85000000000002,0.2630132452479997,0.2791458080509823,10.90802722863092
Rice,IND_TELANGANA_KARIMNAGAR,Telangana,KARIMNAGAR,2018,Rabi,3.684008,179437.0,48707.0,0.06559795,79.416208,18.512553,exact_normalised,181,34.6137016574586,18.525138121546966,26.130552486187845,13.783915469613246,1.620441988950276,32.97,128.60999999999996,980.5436000000001,41.72082872928181,98.27723756906073,2919.6299999999983,16.088563535911632,-95.63999999999996,0.011292526792778543,0.33584515846186014,10.793598566626898
Rice,IND_TELANGANA_KHAMMAM,Telangana,KHAMMAM,2018,Kharif,3.585999,295619.0,82437.0,0.06931766,80.659158,17.648369,exact_normalised,183,31.850546448087428,22.924590163934422,26.937267759562832,27.293190163934415,2.1202185792349737,872.7899999999995,664.0400000000001,843.2316999999999,76.74284153005469,98.82355191256826,3099.5200000000004,8.925956284153006,208.74999999999943,0.2815887621309104,0.27205235004129663,11.319801774642187
Rice,IND_TELANGANA_KHAMMAM,Telangana,KHAMMAM,2018,Rabi,3.117012,99255.0,31843.0,0.04288573,80.659158,17.648369,exact_normalised,181,34.085248618784526,18.83867403314917,26.005911602209967,19.049463535911602,1.5815469613259674,46.65,253.10000000000014,986.3171,57.374198895027604,99.3108287292818,2897.070000000001,15.246574585635354,-206.45000000000013,0.01610247594983897,0.340453320078562,10.36860426020847
Rice,IND_TELANGANA_MAHBUBNAGAR,Telangana,MAHBUBNAGAR,2018,Kharif,2.438009,28749.0,11792.0,0.00991538,78.000858,16.644927,exact_normalised,183,32.8750819672131,21.711147540983617,26.720327868852458,22.92810491803281,3.463278688524587,368.3499999999998,358.74999999999994,907.5358999999994,65.16207650273223,95.84125683060105,3059.8200000000006,11.163934426229481,9.599999999999852,0.12038289834042516,0.2965978064069126,9.37526141408997
Rice,IND_TELANGANA_MAHBUBNAGAR,Telangana,MAHBUBNAGAR,2018,Rabi,2.592046,17727.0,6839.0,0.00921068,78.000858,16.644927,exact_normalised,181,34.05270718232044,18.606408839779004,25.850718232044205,14.824111049723756,1.9204972375690605,18.35,134.49999999999994,987.3004000000004,45.59475138121549,96.1975138121547,2868.9799999999996,15.446298342541436,-116.14999999999995,0.006396001366339258,0.34412941184671925,8.830543010616596
Rice,IND_TELANGANA_MEDAK,Telangana,MEDAK,2018,Kharif,3.47699,108722.0,31269.0,0.02629273,78.103674,17.887066,exact_normalised,183,32.23890710382513,21.35579234972678,26.236502732240442,22.54645081967212,3.087158469945356,467.2100000000002,444.94,878.6280000000006,65.86590163934429,95.0337704918033,2971.280000000001,10.883114754098347,22.27000000000021,0.15724199671522038,0.29570690072965194,10.350414450451886
Rice,IND_TELANGANA_MEDAK,Telangana,MEDAK,2018,Rabi,3.217995,38233.0,11881.0,0.01600117,78.103674,17.887066,exact_normalised,181,33.78099447513812,18.16215469613261,25.41270718232046,12.246666298342545,1.8995027624309393,25.180000000000007,105.05999999999989,993.5681000000002,38.64143646408839,95.42751381215473,2789.7,15.618839779005512,-79.87999999999988,0.009026060149836902,0.35615589489909316,9.382779928915687
Rice,IND_TELANGANA_NALGONDA,Telangana,NALGONDA,2018,Kharif,3.106996,290703.0,93564.0,0.07867387,79.1666,17.113957,exact_normalised,183,33.878633879781425,23.362732240437175,28.026338797814223,24.985345901639334,2.8751912568306017,467.6099999999998,444.14999999999986,871.8186999999999,65.86398907103829,98.21142076502734,3298.819999999999,10.51590163934425,23.459999999999923,0.14175068660915113,0.264281985679728,11.446411660911888
Rice,IND_TELANGANA_NALGONDA,Telangana,NALGONDA,2018,Rabi,3.291005,283655.0,86191.0,0.1160809,79.1666,17.113957,exact_normalised,181,34.25337016574584,19.30856353591161,26.23574585635357,17.39541546961325,1.7064640883977895,32.74,191.07,986.3318000000005,51.68707182320442,98.66767955801102,2938.6700000000014,14.944806629834233,-158.32999999999998,0.011141094440682345,0.33563884342236455,11.364332644920315
Rice,IND_TELANGANA_NIZAMABAD,Telangana,NIZAMABAD,2018,Kharif,4.203997,425722.0,101266.0,0.08515014,78.037692,18.417719,exact_normalised,183,32.51759562841532,21.79502732240437,26.62792349726778,23.11125792349727,2.844590163934429,532.8199999999999,479.63,880.0923999999999,66.08136612021855,95.89431693989071,3042.9100000000017,10.722568306010952,53.18999999999994,0.1751021226391841,0.28922721999664774,11.52551587210952
Rice,IND_TELANGANA_NIZAMABAD,Telangana,NIZAMABAD,2018,Rabi,3.964003,265937.0,67088.0,0.09035324,78.037692,18.417719,exact_normalised,181,34.571325966850836,18.519779005524867,26.03519337016573,11.727399999999992,1.8549723756906051,16.23,55.90000000000001,986.2597999999997,35.45508287292817,96.30723756906073,2902.3700000000013,16.05154696132597,-39.670000000000016,0.005591981725279683,0.3398118778791123,11.113775375094827
Rice,IND_TELANGANA_WARANGAL,Telangana,WARANGAL,2018,Kharif,3.342996,127659.0,38187.0,0.03210978,79.850573,17.980621,exact_normalised,183,31.811311475409823,22.526666666666667,26.712349726775958,26.266062295081955,2.204699453551912,822.2800000000003,657.5300000000005,871.8186999999999,74.79912568306013,98.1308743169399,3058.3600000000006,9.284644808743156,164.74999999999977,0.2688630507853883,0.2850608496056709,10.550276609117924
Rice,IND_TELANGANA_WARANGAL,Telangana,WARANGAL,2018,Rabi,3.447982,55347.0,16052.0,0.02161862,79.850573,17.980621,exact_normalised,181,33.725138121546955,18.120607734806615,25.637403314917126,16.41118453038674,1.5771823204419888,39.49,249.21,986.3318000000005,51.09127071823205,98.60867403314914,2830.37,15.60453038674034,-209.72,0.013952239459858606,0.3484815766136585,9.683651026979414
Rice,IND_ANDHRAPRADESH_ANANTAPUR,Andhra Pradesh,ANANTAPUR,2019,Kharif,3.609534,65726.0,18209.0,0.01192918,77.464996,14.311236,exact_normalised,183,31.377158469945357,22.307868852459002,26.30267759562842,24.976260109289612,3.739672131147544,577.58,465.2299999999999,909.6157000000001,73.60114754098359,95.76923497267762,2983.3899999999994,9.069289617486355,112.35000000000014,0.19359855734583817,0.30489332604855557,9.809726172721653
Rice,IND_ANDHRAPRADESH_ANANTAPUR,Andhra Pradesh,ANANTAPUR,2019,Rabi,3.134603,44922.0,14331.0,0.01727549,77.464996,14.311236,exact_normalised,181,35.18469613259666,20.125359116022093,27.243646408839766,16.079858011049723,2.471160220994476,84.97999999999999,71.63000000000001,1048.2245999999996,45.81745856353593,96.12381215469613,3121.0999999999995,15.05933701657457,13.34999999999998,0.02722758001986479,0.33585101406555373,9.570250078424845
Rice,IND_ANDHRAPRADESH_CHITTOOR,Andhra Pradesh,CHITTOOR,2019,Kharif,4.030476,42981.0,10664.0,0.00698626,78.939397,13.333205,exact_normalised,183,30.338142076502752,21.346830601092893,25.31021857923498,23.767275956284156,3.0660109289617483,628.7899999999997,467.8,912.9853999999998,74.54661202185791,93.89486338797813,2801.769999999999,8.991311475409859,160.98999999999972,0.22442598785767567,0.3258602240726398,9.274722630905451
Rice,IND_ANDHRAPRADESH_CHITTOOR,Andhra Pradesh,CHITTOOR,2019,Rabi,3.589328,157410.0,43855.0,0.05286557,78.939397,13.333205,exact_normalised,181,33.26270718232044,18.654530386740337,25.072320441988957,18.45850276243095,2.5008287292817677,110.25999999999999,124.59000000000005,1021.6502999999999,59.29988950276248,94.27729281767951,2728.0900000000015,14.608176795580103,-14.330000000000055,0.04041655517230001,0.3744928869648726,10.688666818542567
Rice,IND_ANDHRAPRADESH_EASTGODAVARI,Andhra Pradesh,EAST GODAVARI,2019,Kharif,3.366822,744209.0,221042.0,0.14481026,82.14393,17.060053,exact_normalised,183,31.095081967213126,24.61409836065574,27.450928961748616,30.22505737704919,2.2733879781420763,1026.5399999999995,644.3399999999997,784.4103,82.8628961748634,99.91612021857922,3193.5200000000013,6.480983606557388,382.1999999999998,0.32144467546782207,0.24562561061148816,12.306112531709323
Rice,IND_ANDHRAPRADESH_EASTGODAVARI,Andhra Pradesh,EAST GODAVARI,2019,Rabi,5.333551,888271.0,166544.0,0.20076258,82.14393,17.060053,exact_normalised,181,34.016574585635354,21.10767955801105,26.673922651933694,23.36505138121547,2.0860773480662984,171.18999999999997,246.49000000000012,936.9827000000007,66.74950276243096,100.53381215469612,3017.9799999999996,12.908895027624304,-75.30000000000015,0.05672337126157231,0.310466835432972,12.023020822156475
Rice,IND_ANDHRAPRADESH_GUNTUR,Andhra Pradesh,GUNTUR,2019,Kharif,3.985336,877858.0,220272.0,0.14430581,80.143541,16.120193,exact_normalised,183,32.5531693989071,24.942076502732252,28.358196721311472,28.646849180327862,2.7915300546448085,883.3999999999999,602.0500000000001,833.8242000000005,75.32841530054644,99.7985245901639,3359.550000000002,7.611092896174849,281.3499999999998,0.2629518834367696,0.24819520471491716,12.30262296513407
Rice,IND_ANDHRAPRADESH_GUNTUR,Andhra Pradesh,GUNTUR,2019,Rabi,3.979985,105191.0,26430.0,0.03186038,80.143541,16.120193,exact_normalised,181,34.98265193370166,21.758176795580116,27.465303867403307,23.134684530386732,2.5314364640883973,130.26999999999998,141.0399999999999,924.7590000000001,63.106187845303864,100.36182320441998,3161.2199999999993,13.224475138121544,-10.769999999999925,0.04120877382782597,0.29253231347391206,10.182292842675238
Rice,IND_ANDHRAPRADESH_KRISHNA,Andhra Pradesh,KRISHNA,2019,Kharif,3.877333,945538.0,243863.0,0.15976088,80.888919,16.541648,exact_normalised,183,32.027049180327886,24.672896174863386,27.94273224043717,29.60918196721312,2.3109289617486333,950.2100000000002,645.5099999999993,833.8242000000005,79.38475409836063,100.12994535519121,3283.520000000001,7.3541530054645,304.70000000000084,0.2893876084202319,0.25394217181561257,12.404365971833826
Rice,IND_ANDHRAPRADESH_KRISHNA,Andhra Pradesh,KRISHNA,2019,Rabi,4.436668,315771.0,71173.0,0.08579639,80.888919,16.541648,exact_normalised,181,35.141546961325965,21.213425414364632,27.308618784530385,23.358438674033152,2.1779558011049724,176.95999999999995,214.75,924.7590000000001,64.35348066298343,100.71320441988948,3132.8599999999974,13.928121546961332,-37.79000000000005,0.056485128604533905,0.2951804421518998,11.172882862170475
Rice,IND_ANDHRAPRADESH_KURNOOL,Andhra Pradesh,KURNOOL,2019,Kharif,3.982709,329605.0,82759.0,0.05421753,77.878833,15.431734,exact_normalised,183,31.749289617486337,22.82382513661203,26.83234972677597,25.965240437158474,3.2799999999999976,641.6000000000007,518.8799999999999,893.9940000000001,74.3512568306011,96.83420765027324,3080.319999999999,8.925464480874307,122.72000000000082,0.2082900477872432,0.29022763868688983,11.323700131859479
Rice,IND_ANDHRAPRADESH_KURNOOL,Andhra Pradesh,KURNOOL,2019,Rabi,3.915999,151604.0,38714.0,0.04666828,77.878833,15.431734,exact_normalised,181,36.01033149171272,20.26480662983425,27.64773480662984,17.442505524861872,2.220552486187845,55.059999999999995,55.940000000000026,1022.7596,48.21707182320444,97.25303867403316,3194.2400000000025,15.745524861878469,-0.880000000000031,0.017237277098777783,0.32018871468643534,10.563982400820825
Rice,IND_ANDHRAPRADESH_PRAKASAM,Andhra Pradesh,PRAKASAM,2019,Kharif,3.739656,111711.0,29872.0,0.01956991,79.729919,15.616436,exact_normalised,183,32.39885245901639,26.13136612021857,29.001147540983595,29.050267759562836,3.5740983606557393,907.7499999999998,545.7099999999998,864.1326999999999,73.34120218579231,100.19251366120223,3477.209999999998,6.26748633879782,362.03999999999996,0.2610569968451719,0.24851323331061406,10.30471034138616
Rice,IND_ANDHRAPRADESH_PRAKASAM,Andhra Pradesh,PRAKASAM,2019,Rabi,3.790666,191440.0,50503.0,0.06087948,79.729919,15.616436,exact_normalised,181,32.84132596685082,23.41038674033149,27.44165745856352,24.339041436464075,3.243149171270719,125.09000000000005,137.62000000000006,944.0913999999992,66.35171270718239,100.75530386740328,3156.9399999999996,9.430939226519328,-12.530000000000015,0.0396238129327767,0.29905269026335607,10.829807820047462
Rice,IND_ANDHRAPRADESH_SRIKAKULAM,Andhra Pradesh,SRIKAKULAM,2019,Kharif,2.835828,594503.0,209640.0,0.13734052,84.07575,18.697258,exact_normalised,183,29.282349726775955,26.383387978142082,27.69584699453552,31.43994918032788,3.9598360655737697,1362.8899999999999,660.5099999999999,782.1888000000004,84.3093442622951,99.94087431693987,3238.3400000000006,2.898961748633873,702.38,0.4208606878832981,0.24154004829634942,12.253151822986771
Rice,IND_ANDHRAPRADESH_SRIKAKULAM,Andhra Pradesh,SRIKAKULAM,2019,Rabi,3.199265,30457.0,9520.0,0.011476,84.07575,18.697258,exact_normalised,181,28.713591160220975,22.791049723756903,25.46922651933704,23.25157016574585,3.297734806629834,132.75000000000009,341.40999999999997,923.6429,70.14707182320443,100.65773480662989,2799.9299999999985,5.922541436464073,-208.65999999999988,0.04741189958320392,0.32988071130349705,9.161255164285691
Rice,IND_ANDHRAPRADESH_VIZIANAGARAM,Andhra Pradesh,VIZIANAGARAM,2019,Kharif,3.222565,384713.0,119381.0,0.07820954,83.359673,18.506317,exact_normalised,183,28.42344262295081,21.456393442622957,24.523333333333326,26.0868786885246,2.04568306010929,1504.9100000000003,686.3299999999997,782.9581999999999,84.89125683060111,94.46934426229508,2657.769999999999,6.967049180327852,818.5800000000006,0.5662303359583414,0.29459215808741923,11.690083714807303
Rice,IND_ANDHRAPRADESH_VIZIANAGARAM,Andhra Pradesh,VIZIANAGARAM,2019,Rabi,3.163364,22985.0,7266.0,0.00875889,83.359673,18.506317,exact_normalised,181,31.445911602209947,17.356740331491707,23.53651933701658,17.16248066298342,1.518121546961326,114.99999999999999,286.53000000000003,915.5910999999996,59.969392265193385,95.06408839779013,2450.1099999999997,14.08917127071824,-171.53000000000003,0.04693666814959328,0.37369387496887885,8.891098830616636
Rice,IND_ANDHRAPRADESH_WESTGODAVARI,Andhra Pradesh,WEST GODAVARI,2019,Kharif,3.791313,850763.0,224398.0,0.14700886,81.315692,16.847574,exact_normalised,183,31.216666666666676,24.076393442622958,27.242076502732246,29.481832240437146,2.1021857923497262,952.0200000000003,638.7499999999995,835.9184999999994,81.976174863388,99.42726775956284,3155.2999999999997,7.1402732240437174,313.2700000000008,0.30172091401768464,0.26492520521028096,12.321180996292764
Rice,IND_ANDHRAPRADESH_WESTGODAVARI,Andhra Pradesh,WEST GODAVARI,2019,Rabi,5.394664,915879.0,169775.0,0.20465743,81.315692,16.847574,exact_normalised,181,34.922265193370166,20.428397790055236,26.773701657458563,22.65146464088397,1.9793370165745858,166.92,210.90000000000003,941.9302000000002,64.36585635359117,100.01933701657454,3036.0399999999986,14.49386740331493,-43.98000000000005,0.05497951278639282,0.3102496014545265,12.042235200113371
Rice,IND_KARNATAKA_BANGALORERURAL,Karnataka,BANGALORE RURAL,2019,Kharif,2.907801,410.0,141.0,0.00014625,77.614728,13.177348,exact_normalised,183,28.68601092896175,19.693879781420762,23.54562841530055,22.699326229508188,3.267158469945356,634.1099999999999,498.6200000000002,916.7163999999998,78.4730054644809,91.6034972677596,2478.8500000000004,8.992131147540988,135.48999999999972,0.2558081368376464,0.36981519656292217,4.955827057601261
Rice,IND_KARNATAKA_BANGALORERURAL,Karnataka,BANGALORE RURAL,2019,Summer,3.030769,197.0,65.0,0.00023836,77.614728,13.177348,exact_normalised,122,35.152213114754105,21.323688524590175,27.971475409836053,19.212924590163933,2.709672131147541,197.85,162.00000000000006,790.4371000000001,51.76319672131147,91.6150819672131,2192.5200000000004,13.82852459016393,35.84999999999994,0.09023862952219362,0.3605153430755477,4.189654742026425
Rice,IND_KARNATAKA_BIDAR,Karnataka,BIDAR,2019,Kharif,1.119785,832.0,743.0,0.00077068,77.219591,17.954256,exact_normalised,183,30.60404371584697,21.794098360655745,25.702677595628423,24.948534426229507,3.004043715846994,756.7700000000001,613.74,864.4242000000002,76.68852459016394,94.58355191256825,2873.590000000001,8.809945355191225,143.0300000000001,0.26335350554532827,0.3008168179872563,6.612041034833092
Rice,IND_KARNATAKA_BIDAR,Karnataka,BIDAR,2019,Summer,3.041667,73.0,24.0,8.801e-05,77.219591,17.954256,exact_normalised,122,39.888196721311466,24.984426229508212,32.38885245901638,14.862275409836066,2.7572131147540992,95.25999999999998,65.36,777.4618999999997,31.186803278688537,94.58311475409837,2731.439999999999,14.903770491803254,29.899999999999977,0.03487537709047243,0.28463444190610077,3.2188758248682006
Rice,IND_KARNATAKA_CHITRADURGA,Karnataka,CHITRADURGA,2019,Kharif,2.25,216.0,96.0,9.958e-05,76.575818,14.279313,exact_normalised,183,30.477759562841516,21.543169398907093,25.36814207650273,24.51964207650275,3.9835519125683065,578.5500000000001,464.4200000000003,895.2678000000003,76.04655737704923,94.5471584699454,2812.37,8.934590163934423,114.12999999999977,0.2057161753254373,0.3183321540195637,4.574710978503383
Rice,IND_KARNATAKA_CHITRADURGA,Karnataka,CHITRADURGA,2019,Rabi,2.704082,2120.0,784.0,0.06958992,76.575818,14.279313,exact_normalised,181,34.66729281767955,19.43917127071823,26.641491712707197,14.982229834254134,2.3701657458563545,48.43,53.06999999999999,1056.3474999999999,43.757513812154684,94.87834254143644,3012.1100000000006,15.228121546961322,-4.6399999999999935,0.01607843007061495,0.35070017363243694,6.665683717782408
Rice,IND_KARNATAKA_CHITRADURGA,Karnataka,CHITRADURGA,2019,Summer,1.779661,210.0,118.0,0.00043271,76.575818,14.279313,exact_normalised,122,37.755,23.838032786885247,30.5360655737705,18.75856803278688,3.1687704918032784,144.83,127.85000000000002,788.9168000000001,43.72983606557375,94.52713114754098,2505.4000000000005,13.916967213114756,16.97999999999999,0.057807136584976444,0.3148865650195577,4.77912349311153
Rice,IND_KARNATAKA_DAKSHINAKANNADA,Karnataka,DAKSHINA KANNADA,2019,Kharif,2.870858,29455.0,10260.0,0.01064219,75.204445,12.828777,exact_normalised,183,28.516174863387988,24.821092896174854,26.41475409836066,29.58557267759561,2.1240437158469936,3699.1400000000003,772.9100000000004,775.6515999999996,85.95196721311474,99.06000000000002,3003.9,3.6950819672131345,2926.23,1.2314457871433804,0.2582148540231031,9.236105579862208
Rice,IND_KARNATAKA_DAKSHINAKANNADA,Karnataka,DAKSHINA KANNADA,2019,Rabi,2.600084,6157.0,2368.0,0.21018995,75.204445,12.828777,exact_normalised,181,32.995082872928165,23.812596685082873,27.799834254143644,23.528649171270725,1.8211049723756891,60.090000000000025,285.16999999999996,1058.9314000000004,62.81005524861881,99.27640883977898,3221.7700000000004,9.182486187845292,-225.07999999999993,0.018651238294477884,0.32868001129813745,7.7702232041587855
Rice,IND_KARNATAKA_DHARWAD,Karnataka,DHARWAD,2019,Kharif,1.225489,12212.0,9965.0,0.0103362,75.127326,15.336898,exact_normalised,183,27.92120218579236,20.97355191256832,23.866120218579226,25.330684699453563,3.2352459016393427,1528.9899999999993,710.7899999999996,840.2513999999999,85.72027322404367,93.84748633879778,2537.5000000000014,6.947650273224042,818.1999999999997,0.6025576354679797,0.3311335566502461,9.20693457884135
Rice,IND_KARNATAKA_DHARWAD,Karnataka,DHARWAD,2019,Summer,3.030303,200.0,66.0,0.00024202,75.127326,15.336898,exact_normalised,122,37.36795081967214,21.719508196721318,28.809672131147536,20.484295901639335,2.675655737704918,278.02000000000004,123.43000000000002,778.8445,52.43016393442624,93.86155737704917,2294.78,15.648442622950821,154.59000000000003,0.12115322601730885,0.3393983301231491,4.204692619390966
Rice,IND_KARNATAKA_GADAG,Karnataka,GADAG,2019,Kharif,2.956549,9526.0,3222.0,0.00334202,75.653119,15.508228,exact_normalised,183,29.300218579234965,21.23655737704918,24.614371584699455,24.944103278688516,3.7578688524590165,823.2500000000003,590.1300000000001,840.2513999999999,80.75841530054645,94.0455737704918,2674.4300000000003,8.063661202185784,233.12000000000023,0.30782260145152435,0.3141796195824904,8.078067881815437
Rice,IND_KARNATAKA_GADAG,Karnataka,GADAG,2019,Summer,1.961731,3127.0,1594.0,0.00584523,75.653119,15.508228,exact_normalised,122,37.82639344262292,22.637786885245905,29.860901639344263,19.16796147540984,3.029918032786885,180.47000000000006,119.38000000000002,778.8445,46.33557377049179,94.04344262295086,2423.03,15.188606557377017,61.09000000000003,0.07448112487257691,0.3214341134860072,7.374629015218945
Rice,IND_KARNATAKA_HASSAN,Karnataka,HASSAN,2019,Kharif,2.945959,124617.0,42301.0,0.04387675,76.105719,12.951423,exact_normalised,183,27.357704918032756,19.533224043715844,22.804535519125686,22.837204918032796,2.8532240437158483,815.9199999999997,551.4899999999999,874.6567000000007,82.33901639344266,91.28775956284154,2343.2299999999996,7.824480874316912,264.42999999999984,0.34820312133251957,0.3732696747651749,10.65258964524052
Rice,IND_KARNATAKA_HASSAN,Karnataka,HASSAN,2019,Rabi,2.931639,4846.0,1653.0,0.14672466,76.105719,12.951423,exact_normalised,181,32.77883977900551,17.713535911602214,24.678784530386732,15.816101104972368,1.6126519337016576,87.15000000000003,193.30999999999997,1053.0335,51.27044198895028,91.52524861878453,2656.860000000001,15.065303867403294,-106.15999999999994,0.032801878909690385,0.3963451216849964,7.4109518755836366
Rice,IND_KARNATAKA_HASSAN,Karnataka,HASSAN,2019,Summer,2.897307,6348.0,2191.0,0.00803444,76.105719,12.951423,exact_normalised,122,34.45286885245902,21.204180327868855,27.335245901639347,19.754840163934425,2.0446721311475415,207.89999999999998,174.05000000000007,773.2948,55.333770491803264,91.29516393442618,2114.9000000000005,13.248688524590165,33.84999999999991,0.09830252021372166,0.3656413069175847,7.692569648067906
Rice,IND_KARNATAKA_HAVERI,Karnataka,HAVERI,2019,Kharif,1.567494,45763.0,29195.0,0.03028254,75.395405,14.743146,exact_normalised,183,28.616885245901628,21.226939890710383,24.264043715847,25.25343934426229,3.5653005464480896,1038.2600000000002,609.4199999999997,845.9011000000003,83.44207650273222,94.20453551912568,2610.3199999999983,7.389945355191244,428.8400000000005,0.3977519997548197,0.3240603067823105,10.281786992571522
Rice,IND_KARNATAKA_HAVERI,Karnataka,HAVERI,2019,Summer,2.06335,14722.0,7135.0,0.02616419,75.395405,14.743146,exact_normalised,122,37.317950819672134,22.496967213114743,29.27049180327869,20.816057377049184,2.9290983606557375,186.95999999999995,112.78999999999999,783.4207999999999,51.98237704918033,94.19811475409841,2351.0000000000005,14.820983606557391,74.16999999999996,0.07952360697575496,0.33322875372182037,8.872907674259846
Rice,IND_KARNATAKA_KODAGU,Karnataka,KODAGU,2019,Kharif,2.560256,71298.0,27848.0,0.02888536,75.777469,12.406712,exact_normalised,183,26.659945355191255,21.105519125683053,23.391311475409836,25.798258469945353,0.7398360655737702,2257.2700000000023,777.1,775.6515999999996,89.71224043715848,94.29562841530051,2450.61,5.554426229508202,1480.1700000000023,0.9211053574416175,0.3165136843479785,10.234552338068042
Rice,IND_KARNATAKA_KODAGU,Karnataka,KODAGU,2019,Summer,3.066667,46.0,15.0,5.501e-05,75.777469,12.406712,exact_normalised,122,33.93352459016393,22.169590163934412,27.075983606557365,23.959231147540994,0.6745081967213115,363.2899999999998,202.19,733.8822,67.52073770491802,94.28934426229507,2083.27,11.763934426229515,161.0999999999998,0.1743845012888391,0.3522741651346201,2.772588722239781
Rice,IND_KARNATAKA_KOLAR,Karnataka,KOLAR,2019,Kharif,2.379791,2732.0,1148.0,0.00119076,78.192771,13.111229,exact_normalised,183,28.787814207650275,19.990054644808744,23.797486338797803,23.02855355191257,3.271202185792351,685.3800000000003,527.3300000000003,912.9853999999998,78.50530054644804,92.08732240437158,2524.939999999999,8.79775956284153,158.05000000000007,0.2714440739185884,0.36158696840320964,7.046647277848756
Rice,IND_KARNATAKA_KOLAR,Karnataka,KOLAR,2019,Summer,3.032609,279.0,92.0,0.00033737,78.192771,13.111229,exact_normalised,122,35.07729508196723,21.23303278688525,27.794754098360656,20.19945245901639,2.661557377049179,232.2499999999999,185.49000000000004,784.4534999999997,54.577377049180335,92.11959016393442,2170.96,13.844262295081979,46.75999999999985,0.10698032206949916,0.3613394535136528,4.532599493153256
Rice,IND_KARNATAKA_KOPPAL,Karnataka,KOPPAL,2019,Kharif,3.988097,224490.0,56290.0,0.05838685,76.159107,15.65316,exact_normalised,183,30.422459016393447,21.71333333333334,25.42546448087431,24.95515081967213,3.8421857923497305,594.22,497.28000000000003,876.8345000000005,77.06289617486338,94.69103825136615,2822.859999999999,8.709125683060108,96.94,0.2105028233777092,0.3106191947174145,10.93828994344506
Rice,IND_KARNATAKA_KOPPAL,Karnataka,KOPPAL,2019,Summer,2.591594,114253.0,44086.0,0.16166424,76.159107,15.65316,exact_normalised,122,38.406639344262295,23.628852459016393,30.816147540983597,18.440005737704908,2.9724590163934432,131.12999999999997,102.53,787.0776000000003,42.222622950819684,94.67508196721309,2539.5699999999997,14.777786885245902,28.599999999999966,0.05163472556377654,0.30992553857542826,10.693920233396923
Rice,IND_KARNATAKA_MANDYA,Karnataka,MANDYA,2019,Kharif,3.001993,156680.0,52192.0,0.05413619,76.815323,12.58214,exact_normalised,183,29.027267759562836,20.22065573770492,23.969180327868845,23.760230054644808,3.0121311475409827,680.6999999999998,558.8300000000003,874.6567000000007,79.95038251366117,92.96530054644805,2556.3599999999983,8.806612021857916,121.86999999999955,0.26627705018072584,0.3421492669264115,10.862703665261714
Rice,IND_KARNATAKA_MANDYA,Karnataka,MANDYA,2019,Rabi,3.860313,2957.0,766.0,0.06799219,76.815323,12.58214,exact_normalised,181,34.27292817679558,18.984751381215474,26.08740331491713,16.36097458563536,1.995801104972376,113.31,142.8599999999999,1053.0335,49.184143646408856,93.21104972375694,2911.8199999999974,15.288176795580107,-29.549999999999898,0.038913806485291025,0.36164100116078635,6.642486801367256
Rice,IND_KARNATAKA_MANDYA,Karnataka,MANDYA,2019,Summer,3.12458,42788.0,13694.0,0.05021617,76.815323,12.58214,exact_normalised,122,35.52573770491804,22.22442622950818,28.495245901639343,20.337942622950823,2.3300819672131152,248.47,210.51999999999995,773.2948,53.58024590163935,92.95590163934429,2256.42,13.301311475409864,37.950000000000045,0.11011691085879402,0.3427087155760009,9.524786081697178
Rice,IND_KARNATAKA_RAICHUR,Karnataka,RAICHUR,2019,Kharif,3.555849,510947.0,143692.0,0.14904464,76.856624,16.041451,exact_normalised,183,32.2114207650273,22.61989071038252,26.845519125683058,25.31116065573771,3.6103825136612007,457.75000000000017,427.73000000000025,883.4215,72.17519125683059,95.96415300546447,3082.729999999998,9.591530054644778,30.019999999999925,0.14848851504997207,0.28657115608567746,11.875434358284934
Rice,IND_KARNATAKA_RAICHUR,Karnataka,RAICHUR,2019,Summer,2.9868,235321.0,78787.0,0.2889135,76.856624,16.041451,exact_normalised,122,40.02032786885245,25.335327868852456,32.640081967213106,17.277369672131147,2.9337704918032794,74.8,62.61000000000001,786.9913,35.67204918032786,95.92844262295088,2762.0899999999997,14.684999999999992,12.18999999999999,0.02708094232990236,0.2849260161689156,11.274515979985585
Rice,IND_KARNATAKA_RAMANAGARA,Karnataka,RAMANAGARA,2019,Kharif,3.17296,7815.0,2463.0,0.00255475,77.313748,12.727066,exact_normalised,183,29.238469945355213,20.26754098360656,24.143825136612026,23.642683606557377,2.8933879781420786,714.52,548.4799999999997,897.0811000000004,78.86677595628413,92.89573770491802,2588.32,8.970928961748655,166.0400000000003,0.27605551091055197,0.3465881730234285,7.80954132465341
Rice,IND_KARNATAKA_RAMANAGARA,Karnataka,RAMANAGARA,2019,Summer,1.919847,503.0,262.0,0.00096076,77.313748,12.727066,exact_normalised,122,35.65090163934425,22.116885245901642,28.579180327868844,20.282260655737716,2.376311475409836,216.53,177.39000000000001,780.7332,52.76024590163933,92.89598360655732,2266.6600000000003,13.534016393442606,39.139999999999986,0.09552822214182982,0.34444213071214913,5.572154032177765
Rice,IND_KARNATAKA_UDUPI,Karnataka,UDUPI,2019,Kharif,2.880387,99526.0,34553.0,0.03584013,74.873401,13.413125,exact_normalised,183,27.796721311475405,23.451092896174863,25.268469945355182,27.796270491803288,1.9049180327868844,3645.249999999998,759.9599999999998,802.2755000000003,86.44147540983604,96.83191256830597,2794.1300000000024,4.345628415300542,2885.289999999998,1.3046100217241128,0.2871289095353472,10.450278596734728
Rice,IND_KARNATAKA_UDUPI,Karnataka,UDUPI,2019,Rabi,2.526911,9390.0,3716.0,0.329842,74.873401,13.413125,exact_normalised,181,32.499502762430936,21.59508287292817,26.37767955801105,21.496053591160212,1.436077348066298,30.94,353.30999999999983,1070.0707999999997,62.26276243093923,97.05071823204416,2964.359999999999,10.904419889502766,-322.36999999999983,0.010437328799471053,0.36097869354599305,8.220672170297252
Rice,IND_KARNATAKA_UDUPI,Karnataka,UDUPI,2019,Summer,3.037037,164.0,54.0,0.00019802,74.873401,13.413125,exact_normalised,122,33.64459016393443,24.375901639344274,28.19540983606557,25.453240983606552,1.8501639344262302,467.09999999999997,170.15000000000006,750.5881000000005,66.83245901639346,96.83713114754102,2219.840000000001,9.268688524590157,296.94999999999993,0.21042057085195318,0.3381271172697132,4.007333185232471
Rice,IND_KARNATAKA_UTTARAKANNADA,Karnataka,UTTARA KANNADA,2019,Kharif,2.282853,105639.0,46275.0,0.04799878,74.525531,14.70572,exact_normalised,183,28.203497267759555,25.241803278688526,26.498469945355186,29.846204918032765,2.62535519125683,4417.390000000001,848.5400000000002,774.9458999999999,86.24480874316937,98.98273224043717,3019.220000000001,2.96169398907103,3568.8500000000013,1.4630898046515324,0.25667089513185515,10.742378747148779
Rice,IND_KARNATAKA_UTTARAKANNADA,Karnataka,UTTARA KANNADA,2019,Rabi,2.203664,2045.0,928.0,0.08237174,74.525531,14.70572,exact_normalised,181,30.972762430939234,22.847403314917127,26.44303867403315,22.951853038674038,1.9746408839779017,17.130000000000006,547.2199999999997,1087.1899999999998,66.09408839779007,99.27143646408837,2976.190000000001,8.125359116022107,-530.0899999999997,0.005755680920908947,0.36529589844734356,6.834108738813838
Rice,IND_KARNATAKA_UTTARAKANNADA,Karnataka,UTTARA KANNADA,2019,Summer,2.384191,1297.0,544.0,0.00199486,74.525531,14.70572,exact_normalised,122,32.20245901639345,25.513360655737706,28.273196721311475,27.479970491803275,2.2817213114754105,690.9100000000001,214.99999999999994,759.0291999999998,71.4972131147541,99.0149180327869,2229.33,6.689098360655741,475.91000000000014,0.3099182265523723,0.3404741334840512,6.300785794663244
Rice,IND_TAMILNADU_ARIYALUR,Tamil Nadu,ARIYALUR,2019,Autumn,3.410131,8348.0,2448.0,0.01185386,79.210178,11.196697,exact_normalised,122,30.021967213114745,23.90975409836066,26.52918032786886,29.30330655737707,2.363688524590164,817.3,486.37000000000006,554.2062,84.6633606557377,100.59172131147542,2016.560000000001,6.112213114754084,330.9299999999999,0.4052941643194348,0.2748275280676001,7.803435056952168
Rice,IND_TAMILNADU_ARIYALUR,Tamil Nadu,ARIYALUR,2019,Summer,4.304786,1709.0,397.0,0.00116771,79.210178,11.196697,exact_normalised,122,38.30057377049179,26.799016393442617,31.81360655737704,27.33543770491803,3.03811475409836,51.879999999999995,65.97,781.1714,58.18237704918035,100.33663934426232,2661.2600000000007,11.50155737704917,-14.090000000000003,0.019494525149741093,0.29353441602849767,5.986452005284438
Rice,IND_TAMILNADU_ARIYALUR,Tamil Nadu,ARIYALUR,2019,Winter,3.905933,79599.0,20379.0,0.01497584,79.210178,11.196697,exact_normalised,121,32.564545454545446,21.91644628099174,26.45785123966942,25.02749421487604,2.676115702479338,53.81000000000001,260.43,662.1815999999999,72.93859504132233,100.81264462809914,1991.3999999999996,10.648099173553707,-206.62,0.027021191121823853,0.3325206387466104,9.922309306776716
Rice,IND_TAMILNADU_COIMBATORE,Tamil Nadu,COIMBATORE,2019,Autumn,4.363636,48.0,11.0,5.326e-05,76.942425,10.900215,exact_normalised,122,27.074426229508187,20.17549180327869,23.190491803278682,25.161740163934425,1.7166393442622947,674.8100000000001,498.61999999999983,579.1351999999999,88.4409836065573,95.03418032786881,1609.2400000000002,6.8989344262294985,176.19000000000023,0.4193345927270015,0.35988118614998377,2.4849066497880004
Rice,IND_TAMILNADU_COIMBATORE,Tamil Nadu,COIMBATORE,2019,Summer,4.307692,504.0,117.0,0.00034414,76.942425,10.900215,exact_normalised,122,35.05295081967214,22.951721311475406,28.19204918032787,23.819284426229512,2.0094262295081964,254.32,191.27,712.9871,63.207213114754104,94.87147540983602,2219.429999999999,12.101229508196734,63.04999999999998,0.1145879797966145,0.3212478429146224,4.770684624465665
Rice,IND_TAMILNADU_COIMBATORE,Tamil Nadu,COIMBATORE,2019,Winter,3.638472,2667.0,733.0,0.00053866,76.942425,10.900215,exact_normalised,121,33.32694214876034,19.08900826446281,25.421900826446286,18.962685123966942,1.661322314049587,32.81999999999999,142.18000000000004,685.1779999999997,58.972892561983464,95.17099173553719,1866.0500000000006,14.23793388429753,-109.36000000000004,0.017587953163098514,0.3671809437046164,6.598509028614515
Rice,IND_TAMILNADU_CUDDALORE,Tamil Nadu,CUDDALORE,2019,Autumn,3.957047,137820.0,34829.0,0.16865119,79.398376,11.549058,exact_normalised,122,30.044590163934426,23.6661475409836,26.412704918032787,28.997807377049178,2.363852459016392,759.8099999999998,477.9200000000001,554.2062,84.27508196721308,100.39918032786885,2002.3500000000004,6.378442622950825,281.88999999999976,0.3794591355157688,0.2767778859839688,10.458234363360047
Rice,IND_TAMILNADU_CUDDALORE,Tamil Nadu,CUDDALORE,2019,Summer,3.973753,32096.0,8077.0,0.02375721,79.398376,11.549058,exact_normalised,122,38.423934426229515,26.56344262295083,31.796639344262285,27.046324590163934,2.830327868852457,65.02999999999999,73.06000000000002,781.1714,57.652540983606556,100.12459016393449,2659.1899999999996,11.860491803278684,-8.03000000000003,0.024454815188083588,0.29376291276666955,8.996899596123358
Rice,IND_TAMILNADU_CUDDALORE,Tamil Nadu,CUDDALORE,2019,Winter,3.646064,325393.0,89245.0,0.06558313,79.398376,11.549058,exact_normalised,121,32.635041322314045,21.62702479338843,26.33727272727272,24.581518181818176,2.642066115702479,47.12,230.43000000000018,662.1815999999999,72.12991735537192,100.62694214876034,1976.8099999999997,11.008016528925616,-183.31000000000017,0.02383638285925304,0.33497483319084786,11.399151880710361
Rice,IND_TAMILNADU_DHARMAPURI,Tamil Nadu,DHARMAPURI,2019,Autumn,4.75,38.0,8.0,3.874e-05,78.208849,12.106543,exact_normalised,122,28.64139344262295,20.292786885245892,23.93762295081967,25.06935163934427,1.805983606557377,487.8899999999999,436.99999999999983,557.3549999999999,84.26311475409834,95.66147540983602,1700.3899999999999,8.348606557377057,50.89000000000004,0.2869282929210357,0.32778068560741946,2.1972245773362196
Rice,IND_TAMILNADU_DHARMAPURI,Tamil Nadu,DHARMAPURI,2019,Summer,4.377476,11272.0,2575.0,0.00757395,78.208849,12.106543,exact_normalised,122,37.09926229508197,23.500655737704918,29.823606557377058,22.527054098360647,2.039999999999999,214.19999999999996,183.57999999999998,780.8755000000001,54.011967213114744,95.43303278688528,2418.480000000001,13.598606557377053,30.619999999999976,0.08856802619827324,0.3228786262445833,7.853993087224244
Rice,IND_TAMILNADU_DHARMAPURI,Tamil Nadu,DHARMAPURI,2019,Winter,4.269484,56481.0,13229.0,0.00972154,78.208849,12.106543,exact_normalised,121,34.44636363636364,19.107190082644635,25.95099173553719,18.628739669421478,2.2052892561983475,16.089999999999993,57.05000000000004,684.4489000000001,56.27000000000002,95.8223966942149,1930.0700000000002,15.339173553719007,-40.96000000000005,0.008336485205199806,0.35462387374551185,9.490242257109001
Rice,IND_TAMILNADU_DINDIGUL,Tamil Nadu,DINDIGUL,2019,Autumn,4.105991,891.0,217.0,0.00105077,77.770431,10.376407,exact_normalised,122,28.045819672131135,20.458360655737717,23.781065573770494,24.92191557377049,1.9014754098360656,614.0399999999997,424.5599999999999,556.3171999999998,84.69934426229509,95.297868852459,1681.2900000000006,7.587459016393417,189.47999999999985,0.3652195635494171,0.3308871164403521,5.384495062789089
Rice,IND_TAMILNADU_DINDIGUL,Tamil Nadu,DINDIGUL,2019,Summer,4.795955,21577.0,4499.0,0.01323309,77.770431,10.376407,exact_normalised,122,36.09163934426228,23.471475409836067,29.150409836065577,22.214767213114758,2.558852459016392,167.54000000000002,149.71000000000004,758.1524999999999,55.47467213114753,95.11303278688528,2336.3500000000004,12.620163934426216,17.829999999999984,0.0717101461681683,0.3245029640250818,8.411832675758411
Rice,IND_TAMILNADU_DINDIGUL,Tamil Nadu,DINDIGUL,2019,Winter,4.225467,14468.0,3424.0,0.00251618,77.770431,10.376407,exact_normalised,121,32.99090909090907,19.45272727272727,25.462561983471076,19.080808264462817,1.8306611570247937,28.319999999999993,159.61999999999998,672.7910000000002,59.702644628099165,95.45074380165292,1870.9700000000005,13.538181818181801,-131.29999999999998,0.01513653345590789,0.3595947556615018,8.138856750696325
Rice,IND_TAMILNADU_ERODE,Tamil Nadu,ERODE,2019,Autumn,4.107843,1257.0,306.0,0.00148173,77.349132,11.479934,exact_normalised,122,29.176557377049186,20.77672131147541,24.443934426229504,25.517993442622956,1.2284426229508196,493.71999999999997,446.2200000000001,563.0011,83.25885245901642,96.3766393442623,1762.1600000000008,8.399836065573776,47.499999999999886,0.2801788713851181,0.31949488128206277,5.726847747587197
Rice,IND_TAMILNADU_ERODE,Tamil Nadu,ERODE,2019,Summer,4.303398,32297.0,7505.0,0.02207476,77.349132,11.479934,exact_normalised,122,37.472377049180345,24.23918032786885,30.386311475409844,22.17705573770492,1.6448360655737702,178.9,154.44,772.8667000000002,51.631967213114756,96.14860655737704,2487.1299999999997,13.233196721311494,24.460000000000008,0.07193029716983029,0.310746402479967,8.923457979694966
Rice,IND_TAMILNADU_ERODE,Tamil Nadu,ERODE,2019,Winter,4.635895,124038.0,26756.0,0.01966208,77.349132,11.479934,exact_normalised,121,34.87371900826447,20.123801652892563,26.81727272727273,18.12076776859504,1.3522314049586774,14.12,69.34999999999995,694.6894999999998,52.12743801652892,96.52619834710741,2034.8900000000006,14.74991735537191,-55.229999999999954,0.006938950016954231,0.3413892151418502,10.194551400334317
Rice,IND_TAMILNADU_KANNIYAKUMARI,Tamil Nadu,KANNIYAKUMARI,2019,Autumn,3.88184,19580.0,5044.0,0.02442438,77.370026,8.292621,exact_normalised,122,28.428688524590157,22.416475409836064,24.981229508196726,27.706802459016394,2.2715573770491804,840.1299999999995,447.32000000000016,559.4248000000001,87.58442622950814,98.12204918032788,1827.7100000000003,6.012213114754093,392.8099999999994,0.4596626379458445,0.30607962970055425,8.52615293278771
Rice,IND_TAMILNADU_KANNIYAKUMARI,Tamil Nadu,KANNIYAKUMARI,2019,Summer,4.326531,212.0,49.0,0.00014413,77.370026,8.292621,exact_normalised,122,35.13516393442621,24.844836065573777,29.106557377049167,26.86709098360657,2.834590163934426,151.79999999999998,105.7,717.177,67.1244262295082,97.97975409836064,2330.999999999999,10.290327868852433,46.09999999999998,0.06512226512226514,0.3076692406692408,3.912023005428146
Rice,IND_TAMILNADU_KANNIYAKUMARI,Tamil Nadu,KANNIYAKUMARI,2019,Winter,4.085758,24012.0,5877.0,0.00431881,77.370026,8.292621,exact_normalised,121,33.91148760330579,21.441074380165286,26.881818181818183,23.387414049586777,2.4172727272727275,24.930000000000007,146.05999999999992,668.0847000000007,66.39867768595037,98.24785123966943,2042.7000000000003,12.4704132231405,-121.12999999999991,0.012204435306212368,0.32705962696431223,8.678971846978863
Rice,IND_TAMILNADU_KARUR,Tamil Nadu,KARUR,2019,Summer,4.30597,1154.0,268.0,0.00078828,78.090802,10.786735,exact_normalised,122,38.650737704918015,25.31090163934426,31.475409836065573,24.155300819672135,2.522213114754097,130.63,123.25999999999999,775.3439000000003,52.581639344262285,98.33893442622953,2620.0000000000005,13.339836065573756,7.3700000000000045,0.04985877862595419,0.29593278625954206,5.594711379601839
Rice,IND_TAMILNADU_KARUR,Tamil Nadu,KARUR,2019,Winter,3.483981,37843.0,10862.0,0.00798212,78.090802,10.786735,exact_normalised,121,35.55272727272728,20.62272727272727,27.330991735537197,21.075767768595036,2.256776859504132,19.379999999999995,95.60999999999997,679.3263,58.69090909090906,98.75198347107444,2097.0499999999997,14.93000000000001,-76.22999999999998,0.00924155361102501,0.32394377816456454,9.293117798433752
Rice,IND_TAMILNADU_KRISHNAGIRI,Tamil Nadu,KRISHNAGIRI,2019,Autumn,4.857974,14195.0,2922.0,0.01414909,78.043393,12.472753,exact_normalised,122,27.835655737704926,19.519754098360657,23.08721311475409,23.90932049180327,2.156393442622952,466.6999999999998,426.69,557.3549999999999,84.56221311475417,94.0403278688525,1596.6399999999994,8.315901639344268,40.00999999999982,0.29230133279887766,0.3490799428800482,7.980365765111246
Rice,IND_TAMILNADU_KRISHNAGIRI,Tamil Nadu,KRISHNAGIRI,2019,Summer,5.006187,33176.0,6627.0,0.01949227,78.043393,12.472753,exact_normalised,122,36.07762295081967,22.360327868852448,28.823934426229517,21.407873770491804,2.382704918032788,239.57000000000002,192.94000000000005,780.8755000000001,54.46040983606556,93.82762295081963,2296.5200000000013,13.717295081967226,46.62999999999997,0.10431870830648106,0.3400255604131467,8.799058378546453
Rice,IND_TAMILNADU_KRISHNAGIRI,Tamil Nadu,KRISHNAGIRI,2019,Winter,4.516513,63317.0,14019.0,0.01030209,78.043393,12.472753,exact_normalised,121,33.53454545454546,18.10834710743801,24.95925619834711,17.552185123966943,2.378925619834711,24.37,53.95,684.4489000000001,56.17727272727271,94.19942148760335,1810.0699999999997,15.426198347107448,-29.580000000000002,0.013463567707326238,0.3781339395713979,9.54824016058858
Rice,IND_TAMILNADU_MADURAI,Tamil Nadu,MADURAI,2019,Autumn,4.101824,2699.0,658.0,0.00318621,78.006559,9.898005,exact_normalised,122,29.932377049180324,22.22155737704917,25.600983606557374,27.373989344262295,1.7684426229508197,672.9,432.95000000000005,572.1683,83.7105737704918,98.5639344262295,1903.32,7.710819672131155,239.94999999999993,0.3535401298783179,0.30061592375428203,6.490723534502507
Rice,IND_TAMILNADU_MADURAI,Tamil Nadu,MADURAI,2019,Summer,3.672543,28330.0,7714.0,0.0226895,78.006559,9.898005,exact_normalised,122,38.481311475409825,25.467950819672133,31.263852459016384,24.672773770491805,2.1473770491803292,121.82000000000004,118.07000000000002,767.4933,54.29672131147543,98.33901639344265,2594.1899999999996,13.013360655737692,3.750000000000014,0.04695878096824059,0.2958508436159264,8.950921764797261
Rice,IND_TAMILNADU_MADURAI,Tamil Nadu,MADURAI,2019,Winter,4.202611,134887.0,32096.0,0.02358626,78.006559,9.898005,exact_normalised,121,34.53305785123966,20.767355371900827,26.79,22.305456198347112,2.249421487603305,28.810000000000002,141.76000000000002,674.0765000000001,64.05264462809917,98.74074380165294,2031.5899999999995,13.765702479338835,-112.95000000000002,0.014181010932323948,0.33179750835552463,10.376517846806717
Rice,IND_TAMILNADU_NAMAKKAL,Tamil Nadu,NAMAKKAL,2019,Autumn,4.103618,2495.0,608.0,0.0029441,78.154921,11.347699,exact_normalised,122,29.80950819672131,21.23540983606558,25.001065573770493,26.260982786885247,1.7818032786885236,482.84000000000015,423.4599999999999,559.4451000000003,82.9068852459016,97.47262295081968,1830.1299999999999,8.574098360655732,59.38000000000022,0.26382825263779086,0.3056859895198703,6.411818267709897
Rice,IND_TAMILNADU_NAMAKKAL,Tamil Nadu,NAMAKKAL,2019,Summer,4.30285,3623.0,842.0,0.00247661,78.154921,11.347699,exact_normalised,122,38.20188524590166,24.631475409836067,30.921311475409848,23.475211475409825,2.1332786885245905,168.50999999999996,152.92,774.4458,52.796885245901656,97.23057377049177,2552.4000000000005,13.57040983606559,15.589999999999975,0.06602021626704276,0.3034186647860836,6.736966958001855
Rice,IND_TAMILNADU_NAMAKKAL,Tamil Nadu,NAMAKKAL,2019,Winter,4.57168,41616.0,9103.0,0.00668949,78.154921,11.347699,exact_normalised,121,35.40471074380167,20.036528925619834,26.953471074380168,19.896469421487613,2.2012396694214873,15.319999999999997,67.98999999999998,677.3473000000001,56.627107438016566,97.63735537190075,2051.370000000001,15.368181818181839,-52.66999999999999,0.007468179801790994,0.3301926517400566,9.116469156366112
Rice,IND_TAMILNADU_PERAMBALUR,Tamil Nadu,PERAMBALUR,2019,Autumn,4.116667,247.0,60.0,0.00029054,78.858963,11.25245,exact_normalised,122,29.050163934426237,21.545901639344258,24.78188524590165,26.75104918032788,2.021311475409836,593.9999999999999,447.1799999999997,559.4451000000003,85.6103278688525,97.77426229508195,1803.39,7.504262295081979,146.82000000000016,0.3293796682913845,0.3102185883253208,4.110873864173311
Rice,IND_TAMILNADU_PERAMBALUR,Tamil Nadu,PERAMBALUR,2019,Summer,4.303094,10293.0,2392.0,0.00703569,78.858963,11.25245,exact_normalised,122,38.393114754098356,24.660819672131144,30.850983606557392,24.2361237704918,2.4661475409836067,110.23,100.51,774.4458,54.526065573770495,97.52590163934426,2543.8200000000006,13.732295081967212,9.719999999999999,0.043332468492267524,0.3044420595796872,7.780303087908373
Rice,IND_TAMILNADU_PERAMBALUR,Tamil Nadu,PERAMBALUR,2019,Winter,4.433423,16448.0,3710.0,0.00272635,78.858963,11.25245,exact_normalised,121,33.92396694214876,19.64041322314049,25.810826446280988,21.665755371900826,2.4131404958677694,16.72,120.92000000000003,677.3473000000001,65.91297520661158,97.96371900826452,1913.1100000000008,14.283553719008268,-104.20000000000003,0.008739696096931171,0.35405559533952563,8.219056661060598
Rice,IND_TAMILNADU_PUDUKKOTTAI,Tamil Nadu,PUDUKKOTTAI,2019,Autumn,3.728389,15182.0,4072.0,0.0197177,78.872829,10.352982,exact_normalised,122,30.37811475409835,23.01286885245902,26.21213114754097,28.421083606557374,2.084590163934427,672.5099999999999,436.29000000000025,579.9676999999999,83.80459016393442,99.93598360655737,1977.8800000000006,7.365245901639327,236.21999999999963,0.3400155722288509,0.29322693995591226,8.312135107648412
Rice,IND_TAMILNADU_PUDUKKOTTAI,Tamil Nadu,PUDUKKOTTAI,2019,Summer,3.120469,11967.0,3835.0,0.01128004,78.872829,10.352982,exact_normalised,122,39.06475409836067,26.439098360655727,32.05057377049181,25.768327868852463,2.7327049180327876,52.26,53.64,775.3439000000003,54.09655737704917,99.690655737705,2690.1700000000014,12.625655737704946,-1.3800000000000026,0.019426281610455835,0.2882137188356126,8.252185436003328
Rice,IND_TAMILNADU_PUDUKKOTTAI,Tamil Nadu,PUDUKKOTTAI,2019,Winter,3.07926,246039.0,79902.0,0.05871728,78.872829,10.352982,exact_normalised,121,34.435537190082655,21.25322314049587,27.005041322314046,23.717775206611574,2.6014049586776875,29.43000000000001,160.33000000000004,679.3263,67.10363636363638,100.13049586776854,2057.609999999999,13.182314049586786,-130.90000000000003,0.014303002026623131,0.33015309023575906,11.288568677983164
Rice,IND_TAMILNADU_RAMANATHAPURAM,Tamil Nadu,RAMANATHAPURAM,2019,Winter,2.525619,321481.0,127288.0,0.09353964,78.817623,9.423787,exact_normalised,121,32.14066115702479,23.780413223140503,27.433305785123967,25.57462809917357,3.627768595041322,41.670000000000016,186.78999999999996,674.0765000000001,70.16206611570246,100.91644628099166,2109.4300000000003,8.360247933884285,-145.11999999999995,0.0197541515954547,0.3195538605215627,11.754215370756945
Rice,IND_TAMILNADU_SALEM,Tamil Nadu,SALEM,2019,Autumn,4.105085,1211.0,295.0,0.00142847,78.256113,11.628258,exact_normalised,122,29.80950819672131,21.23540983606558,25.001065573770493,26.260982786885247,1.7818032786885236,482.84000000000015,423.4599999999999,559.4451000000003,82.9068852459016,97.47262295081968,1830.1299999999999,8.574098360655732,59.38000000000022,0.26382825263779086,0.3056859895198703,5.69035945432406
Rice,IND_TAMILNADU_SALEM,Tamil Nadu,SALEM,2019,Summer,4.208955,17484.0,4154.0,0.01221833,78.256113,11.628258,exact_normalised,122,38.20188524590166,24.631475409836067,30.921311475409848,23.475211475409825,2.1332786885245905,168.50999999999996,152.92,774.4458,52.796885245901656,97.23057377049177,2552.4000000000005,13.57040983606559,15.589999999999975,0.06602021626704276,0.3034186647860836,8.332067707289548
Rice,IND_TAMILNADU_SALEM,Tamil Nadu,SALEM,2019,Winter,4.352288,65898.0,15141.0,0.01112661,78.256113,11.628258,exact_normalised,121,35.40471074380167,20.036528925619834,26.953471074380168,19.896469421487613,2.2012396694214873,15.319999999999997,67.98999999999998,677.3473000000001,56.627107438016566,97.63735537190075,2051.370000000001,15.368181818181839,-52.66999999999999,0.007468179801790994,0.3301926517400566,9.625227618663251
Rice,IND_TAMILNADU_SIVAGANGA,Tamil Nadu,SIVAGANGA,2019,Autumn,4.099237,537.0,131.0,0.00063434,78.568693,9.944223,exact_normalised,122,30.362131147540968,23.75450819672131,26.62196721311475,28.82943278688524,2.4103278688524585,793.21,435.05000000000024,572.1683,83.05655737704917,100.16426229508197,2027.8800000000003,6.607622950819657,358.1599999999998,0.39115233643016345,0.2821509655403673,4.882801922586371
Rice,IND_TAMILNADU_SIVAGANGA,Tamil Nadu,SIVAGANGA,2019,Summer,4.298654,3512.0,817.0,0.00240308,78.568693,9.944223,exact_normalised,122,38.05770491803278,26.886065573770495,31.758442622950813,26.61233688524589,3.015163934426231,41.76,44.650000000000006,767.4933,56.798934426229515,99.93852459016395,2654.5300000000007,11.171639344262289,-2.8900000000000077,0.01573159843738816,0.2891258716232251,6.706862336602747
Rice,IND_TAMILNADU_SIVAGANGA,Tamil Nadu,SIVAGANGA,2019,Winter,2.654264,184267.0,69423.0,0.05101661,78.568693,9.944223,exact_normalised,121,33.65603305785124,22.181570247933877,27.13818181818182,24.49178181818183,2.949421487603304,37.37999999999999,175.7100000000001,674.0765000000001,68.59760330578511,100.36280991735532,2073.7200000000007,11.474462809917362,-138.3300000000001,0.01802557722354029,0.32505666145863465,11.147987908038132
Rice,IND_TAMILNADU_THANJAVUR,Tamil Nadu,THANJAVUR,2019,Autumn,3.75513,139259.0,37085.0,0.17957533,79.260887,10.579191,exact_normalised,122,29.83811475409835,24.73918032786886,26.937049180327868,29.728136885245895,2.698524590163934,883.96,490.10999999999984,565.8704000000004,83.86885245901638,100.74475409836067,2066.3199999999997,5.098934426229491,393.8500000000002,0.427794339695691,0.2738541948972088,10.520994818887328
Rice,IND_TAMILNADU_THANJAVUR,Tamil Nadu,THANJAVUR,2019,Summer,4.056576,81310.0,20044.0,0.05895624,79.260887,10.579191,exact_normalised,122,36.673606557377056,27.466721311475425,31.414672131147547,28.329240983606557,3.4504098360655737,46.09999999999998,57.340000000000025,769.3470000000003,61.611311475409835,100.51516393442621,2612.5899999999997,9.206885245901631,-11.240000000000045,0.017645325137124458,0.2944767452987267,9.905735025076607
Rice,IND_TAMILNADU_THANJAVUR,Tamil Nadu,THANJAVUR,2019,Winter,3.660516,494543.0,135102.0,0.09928189,79.260887,10.579191,exact_normalised,121,31.800991735537206,22.919917355371894,26.716198347107444,25.658231404958684,3.1055371900826443,62.12999999999998,257.35,658.3099000000001,73.49876033057849,100.96132231404953,2022.6599999999996,8.881074380165312,-195.22000000000003,0.03071697665450446,0.32546740430917714,11.813792729475248
Rice,IND_TAMILNADU_THENILGIRIS,Tamil Nadu,THE NILGIRIS,2019,Autumn,4.105882,698.0,170.0,0.00082318,76.648605,11.435308,exact_normalised,122,26.22442622950819,18.778606557377042,21.99254098360655,23.15250819672131,1.5379508196721317,546.7199999999998,460.3499999999999,549.9898000000002,87.50237704918032,92.40237704918032,1463.0900000000008,7.445819672131147,86.36999999999989,0.3736748935472182,0.3759097526467954,5.14166355650266
Rice,IND_TAMILNADU_THENI,Tamil Nadu,THENI,2019,Autumn,4.107644,2633.0,641.0,0.00310389,77.429172,9.916685,exact_normalised,122,26.609918032786883,19.46418032786885,22.548196721311474,23.720145901639338,1.252540983606558,703.5300000000005,442.9200000000001,556.9503000000003,86.83098360655733,93.24196721311469,1530.8800000000003,7.145737704918034,260.61000000000047,0.45955920777591996,0.36381055340719076,6.464588303689961
Rice,IND_TAMILNADU_THENI,Tamil Nadu,THENI,2019,Summer,4.303411,7191.0,1671.0,0.00491498,77.429172,9.916685,exact_normalised,122,34.68385245901639,22.04016393442622,27.661803278688517,21.489339344262298,1.5641803278688522,180.45000000000002,155.52,732.0188999999999,58.356967213114764,93.09278688524589,2154.739999999999,12.643688524590171,24.930000000000007,0.08374560271772934,0.3397249320103587,7.421775793644647
Rice,IND_TAMILNADU_THENI,Tamil Nadu,THENI,2019,Winter,4.05621,26844.0,6618.0,0.00486334,77.429172,9.916685,exact_normalised,121,31.412561983471083,18.194545454545466,24.022314049586765,18.618709090909086,1.247190082644628,34.13,187.92999999999998,673.5947,63.214545454545465,93.39495867768592,1696.6999999999996,13.218016528925617,-153.79999999999998,0.020115518359167802,0.39700282902104095,8.797699580118923
Rice,IND_TAMILNADU_THIRUVALLUR,Tamil Nadu,THIRUVALLUR,2019,Autumn,4.959119,90737.0,18297.0,0.08859889,79.941464,13.24923,exact_normalised,122,29.40385245901639,24.50368852459016,26.635327868852464,28.959832786885247,2.7986885245901645,781.3199999999996,480.7700000000002,531.5187999999999,82.83819672131145,100.5,2029.51,4.9001639344262315,300.5499999999994,0.38497962562391885,0.261895137249878,9.81454704323948
Rice,IND_TAMILNADU_THIRUVALLUR,Tamil Nadu,THIRUVALLUR,2019,Summer,4.55846,121916.0,26745.0,0.07866616,79.941464,13.24923,exact_normalised,122,36.68606557377048,26.944262295081963,31.104344262295083,28.550303278688517,3.460327868852459,77.38,55.219999999999985,775.7146999999999,63.18729508196721,100.19795081967209,2574.730000000001,9.741803278688515,22.16000000000001,0.030053636692002644,0.30128001771059476,10.194140208432742
Rice,IND_TAMILNADU_THIRUVALLUR,Tamil Nadu,THIRUVALLUR,2019,Winter,4.01563,207074.0,51567.0,0.03789484,79.941464,13.24923,exact_normalised,121,31.298677685950413,22.444710743801654,26.20289256198346,24.282621487603286,3.1647107438016526,59.02999999999999,215.36000000000007,650.3176999999998,71.48834710743805,100.74752066115701,1960.55,8.853966942148759,-156.3300000000001,0.030108898013312586,0.33170166534900913,10.850656604055219
Rice,IND_TAMILNADU_THIRUVARUR,Tamil Nadu,THIRUVARUR,2019,Autumn,3.940445,89389.0,22685.0,0.10984674,79.587842,10.561873,exact_normalised,122,29.83811475409835,24.73918032786886,26.937049180327868,29.728136885245895,2.698524590163934,883.96,490.10999999999984,565.8704000000004,83.86885245901638,100.74475409836067,2066.3199999999997,5.098934426229491,393.8500000000002,0.427794339695691,0.2738541948972088,10.029503273118987
Rice,IND_TAMILNADU_THIRUVARUR,Tamil Nadu,THIRUVARUR,2019,Summer,4.342062,42283.0,9738.0,0.02864278,79.587842,10.561873,exact_normalised,122,36.673606557377056,27.466721311475425,31.414672131147547,28.329240983606557,3.4504098360655737,46.09999999999998,57.340000000000025,769.3470000000003,61.611311475409835,100.51516393442621,2612.5899999999997,9.206885245901631,-11.240000000000045,0.017645325137124458,0.2944767452987267,9.1838937219612
Rice,IND_TAMILNADU_THIRUVARUR,Tamil Nadu,THIRUVARUR,2019,Winter,3.553459,527607.0,148477.0,0.10911072,79.587842,10.561873,exact_normalised,121,31.800991735537206,22.919917355371894,26.716198347107444,25.658231404958684,3.1055371900826443,62.12999999999998,257.35,658.3099000000001,73.49876033057849,100.96132231404953,2022.6599999999996,8.881074380165312,-195.22000000000003,0.03071697665450446,0.32546740430917714,11.908192078101722
Rice,IND_TAMILNADU_TIRUCHIRAPPALLI,Tamil Nadu,TIRUCHIRAPPALLI,2019,Autumn,5.254969,18508.0,3522.0,0.01705445,78.555677,10.845397,exact_normalised,122,29.899180327868873,22.336721311475408,25.619508196721295,27.762425409836077,2.062295081967214,613.0899999999998,441.77,579.9676999999999,84.6445901639344,99.19213114754098,1905.5799999999992,7.562459016393465,171.31999999999982,0.32173406521898845,0.30435232317719546,8.167068178341237
Rice,IND_TAMILNADU_TIRUCHIRAPPALLI,Tamil Nadu,TIRUCHIRAPPALLI,2019,Summer,3.981145,11824.0,2970.0,0.00873578,78.555677,10.845397,exact_normalised,122,39.06696721311475,25.695983606557377,31.702049180327858,25.113336065573762,2.673688524590163,74.03000000000002,72.36,775.3439000000003,53.790819672131164,98.94114754098366,2647.6499999999983,13.370983606557374,1.670000000000016,0.0279606443449852,0.29284229410987134,7.9966538754626075
Rice,IND_TAMILNADU_TIRUCHIRAPPALLI,Tamil Nadu,TIRUCHIRAPPALLI,2019,Winter,4.168927,179810.0,43131.0,0.03169551,78.555677,10.845397,exact_normalised,121,34.44669421487603,20.43776859504132,26.562479338842966,22.793113223140484,2.4707438016528913,21.86000000000001,143.67000000000004,679.3263,66.29570247933883,99.38239669421483,2004.0600000000004,14.008925619834713,-121.81000000000003,0.010907857050188121,0.33897503068770385,10.672020460001963
Rice,IND_TAMILNADU_TIRUNELVELI,Tamil Nadu,TIRUNELVELI,2019,Autumn,4.12108,9462.0,2296.0,0.01111784,77.568767,8.838215,exact_normalised,122,28.769672131147537,21.87926229508198,24.902540983606563,27.55189754098362,1.8355737704918038,793.7700000000001,464.8000000000002,559.4248000000001,87.49991803278687,98.23532786885247,1818.1100000000001,6.890409836065558,328.9699999999999,0.43659074533444076,0.30769579398386243,7.739359202689098
Rice,IND_TAMILNADU_TIRUNELVELI,Tamil Nadu,TIRUNELVELI,2019,Summer,3.892498,131473.0,33776.0,0.09934673,77.568767,8.838215,exact_normalised,122,36.335,24.589426229508202,29.651803278688522,26.063092622950812,2.4782786885245893,151.95,119.18999999999998,717.177,63.354262295081995,98.06942622950824,2397.5200000000004,11.745573770491799,32.760000000000005,0.0633779905902766,0.2991328539490807,10.42753537647124
Rice,IND_TAMILNADU_TIRUNELVELI,Tamil Nadu,TIRUNELVELI,2019,Winter,4.043698,174433.0,43137.0,0.03169992,77.568767,8.838215,exact_normalised,121,34.6803305785124,20.98867768595042,27.125785123966924,22.264204958677684,1.9276033057851243,30.05,154.09000000000006,668.0847000000007,62.6599173553719,98.37247933884296,2072.2200000000003,13.691652892561976,-124.04000000000006,0.014501356033625772,0.3224004690621655,10.672159558182319
Rice,IND_TAMILNADU_TIRUPPUR,Tamil Nadu,TIRUPPUR,2019,Summer,4.302711,2857.0,664.0,0.00195305,77.334294,10.83475,exact_normalised,122,38.002049180327866,25.13409836065573,31.022295081967208,23.214760655737713,2.6486885245901632,157.4000000000001,142.45999999999995,758.1524999999999,52.159918032786905,97.59122950819675,2564.7200000000003,12.867950819672135,14.94000000000014,0.06137122180978823,0.29560829252316034,6.499787040655854
Rice,IND_TAMILNADU_TIRUPPUR,Tamil Nadu,TIRUPPUR,2019,Winter,4.888732,44903.0,9185.0,0.00674975,77.334294,10.83475,exact_normalised,121,35.322561983471076,20.887024793388424,27.409173553719015,19.455148760330587,1.9152066115702473,19.590000000000003,103.55999999999999,672.7910000000002,54.25942148760333,97.97454545454542,2106.5099999999993,14.435537190082652,-83.96999999999998,0.009299742227665669,0.31938656830492157,9.12543586488574
Rice,IND_TAMILNADU_TIRUVANNAMALAI,Tamil Nadu,TIRUVANNAMALAI,2019,Autumn,4.13024,46903.0,11356.0,0.05498874,79.247289,12.432454,exact_normalised,122,29.514262295081977,22.27303278688524,25.375819672131158,27.74414999999999,1.977295081967213,629.0099999999996,485.71,550.0,85.55491803278689,99.22032786885241,1875.8500000000004,7.241229508196739,143.29999999999967,0.3353199882719831,0.29320041581149875,9.337589572891646
Rice,IND_TAMILNADU_TIRUVANNAMALAI,Tamil Nadu,TIRUVANNAMALAI,2019,Summer,4.176355,259644.0,62170.0,0.18286316,79.247289,12.432454,exact_normalised,122,39.14500000000001,25.518442622950822,31.52557377049181,25.888411475409836,2.489180327868852,100.18000000000002,88.83999999999999,781.8671000000006,56.01557377049179,98.92639344262294,2626.12,13.626557377049188,11.340000000000032,0.038147533242959206,0.2977271031026764,11.037643932062444
Rice,IND_TAMILNADU_TIRUVANNAMALAI,Tamil Nadu,TIRUVANNAMALAI,2019,Winter,4.343834,382922.0,88153.0,0.06478066,79.247289,12.432454,exact_normalised,121,33.56305785123966,20.044628099173554,25.818677685950416,22.71625454545455,2.3425619834710747,34.1,170.73999999999998,660.2063999999998,68.83892561983471,99.44157024793391,1914.0600000000013,13.518429752066108,-136.64,0.017815533473349833,0.34492461051377665,11.386840563994461
Rice,IND_TAMILNADU_VELLORE,Tamil Nadu,VELLORE,2019,Autumn,4.533494,22536.0,4971.0,0.02407089,79.042643,12.783542,exact_normalised,122,28.188196721311474,20.02303278688524,23.480901639344264,24.508654918032793,2.1259836065573765,427.34000000000003,418.18000000000006,550.0,84.64549180327867,95.11180327868854,1644.6699999999994,8.165163934426236,9.159999999999968,0.25983327962448405,0.3344135905683208,8.511577452630602
Rice,IND_TAMILNADU_VELLORE,Tamil Nadu,VELLORE,2019,Summer,4.635262,122357.0,26397.0,0.07764257,79.042643,12.783542,exact_normalised,122,37.24803278688527,23.02401639344261,29.639672131147545,22.057913114754097,2.544180327868853,153.44,138.94999999999996,781.8671000000006,53.18131147540986,94.86303278688524,2396.04,14.224016393442657,14.490000000000038,0.06403899767950452,0.32631638036092914,10.1810435286889
Rice,IND_TAMILNADU_VELLORE,Tamil Nadu,VELLORE,2019,Winter,4.205408,59721.0,14201.0,0.01043583,79.042643,12.783542,exact_normalised,121,33.24644628099173,18.25479338842974,24.75,18.755619008264468,2.342396694214875,28.519999999999996,71.12000000000002,660.2063999999998,60.80206611570247,95.29561983471073,1784.75,14.991652892561987,-42.60000000000002,0.015979829107718165,0.36991533828267253,9.561138078742038
Rice,IND_TELANGANA_ADILABAD,Telangana,ADILABAD,2019,Kharif,3.633858,1846.0,508.0,0.00031144,78.785443,19.287834,exact_normalised,183,31.17224043715846,22.936612021857933,26.67584699453551,26.328948087431677,2.490437158469946,905.9699999999999,650.8599999999997,816.4952000000003,77.44901639344262,96.85092896174856,3051.6800000000017,8.235628415300528,255.11000000000024,0.29687581922088796,0.2675559691710795,6.2324480165505225
Rice,IND_TELANGANA_ADILABAD,Telangana,ADILABAD,2019,Rabi,3.720812,733.0,197.0,0.00012429,78.785443,19.287834,exact_normalised,181,34.440773480663005,18.04756906077348,25.74828729281767,12.04601160220994,1.8460773480662986,39.76,77.96999999999997,961.3591000000004,37.471878453038656,97.44762430939221,2850.439999999999,16.393204419889525,-38.20999999999997,0.013948723705813843,0.33726691317831653,5.288267030694535
Rice,IND_TELANGANA_KARIMNAGAR,Telangana,KARIMNAGAR,2019,Kharif,3.364998,267201.0,79406.0,0.04868096,79.416208,18.512553,exact_normalised,183,31.55098360655737,23.36923497267759,27.124535519125708,27.139936065573774,2.395081967213116,1012.02,629.88,844.0158999999999,77.27295081967212,97.78158469945356,3133.789999999998,8.181748633879781,382.14,0.3229380398814217,0.2693275235417818,11.282341804558325
Rice,IND_TELANGANA_KARIMNAGAR,Telangana,KARIMNAGAR,2019,Rabi,3.909999,350809.0,89721.0,0.05660409,79.416208,18.512553,exact_normalised,181,35.17359116022099,19.115911602209945,26.68016574585636,14.708410497237578,1.8464640883977905,61.530000000000015,90.25000000000011,946.1343999999998,42.49988950276243,98.35906077348068,3019.109999999999,16.057679558011042,-28.7200000000001,0.02038017826445543,0.31338189068964034,11.404471279959477
Rice,IND_TELANGANA_KHAMMAM,Telangana,KHAMMAM,2019,Kharif,3.636004,335225.0,92196.0,0.05652205,80.659158,17.648369,exact_normalised,183,31.508688524590156,23.74972677595627,27.281202185792374,28.4516994535519,2.092349726775956,871.4300000000003,631.6200000000001,817.1607,79.19857923497266,98.81912568306014,3162.460000000002,7.758961748633887,239.81000000000017,0.2755544734162645,0.2583940034024144,11.43168287105436
Rice,IND_TELANGANA_KHAMMAM,Telangana,KHAMMAM,2019,Rabi,3.883997,318849.0,82093.0,0.05179166,80.659158,17.648369,exact_normalised,181,35.16944751381216,19.825469613259667,26.899281767955813,20.210439226519334,1.9023756906077345,128.02999999999997,170.48000000000002,950.4892000000001,57.321381215469664,99.40182320441984,3058.7699999999995,15.343977900552492,-42.450000000000045,0.04185669403060707,0.31074229183626106,11.315620211162134
Rice,IND_TELANGANA_MAHBUBNAGAR,Telangana,MAHBUBNAGAR,2019,Kharif,3.462997,48385.0,13972.0,0.00856573,78.000858,16.644927,exact_normalised,183,31.681748633879764,22.55114754098361,26.610819672131118,25.283290710382513,3.2648087431694,503.44999999999965,454.7299999999998,874.8688,73.35256830601088,95.82327868852461,3039.7800000000007,9.130601092896153,48.71999999999986,0.16562053832843152,0.2878066175841672,9.544882175080447
Rice,IND_TELANGANA_MAHBUBNAGAR,Telangana,MAHBUBNAGAR,2019,Rabi,3.312993,56682.0,17109.0,0.0107939,78.000858,16.644927,exact_normalised,181,35.11839779005525,19.45845303867403,26.87740331491712,15.74604861878453,2.1512154696132595,52.06999999999999,63.09000000000003,971.5926000000001,45.08475138121548,96.27121546961322,3054.8100000000004,15.659944751381218,-11.020000000000039,0.017045249950078722,0.3180533650210651,9.747418366886238
Rice,IND_TELANGANA_MEDAK,Telangana,MEDAK,2019,Kharif,4.381008,212181.0,48432.0,0.02969192,78.103674,17.887066,exact_normalised,183,30.5639344262295,22.065136612021867,25.864754098360656,25.20295683060109,2.930601092896174,743.3899999999999,592.7099999999999,857.9105000000003,76.77229508196719,95.00704918032787,2903.249999999999,8.498797814207634,150.67999999999995,0.2560544217687075,0.29550004305519695,10.787936678554125
Rice,IND_TELANGANA_MEDAK,Telangana,MEDAK,2019,Rabi,3.741003,118399.0,31649.0,0.01996704,78.103674,17.887066,exact_normalised,181,34.37552486187847,18.584143646408844,26.070552486187854,12.836944751381218,2.138508287292818,41.98999999999999,55.0,957.0689999999998,38.42182320441991,95.50243093922656,2908.7699999999995,15.791381215469624,-13.010000000000012,0.014435654933184815,0.3290287647356099,10.362493427572323
Rice,IND_TELANGANA_NALGONDA,Telangana,NALGONDA,2019,Kharif,3.448997,445100.0,129052.0,0.07911714,79.1666,17.113957,exact_normalised,183,32.53398907103825,23.938087431693994,27.795628415300524,27.06841366120219,2.6827322404371565,622.0700000000002,527.3299999999998,849.0485999999999,73.43316939890714,98.20207650273221,3256.600000000001,8.595901639344255,94.74000000000035,0.1910182398820856,0.2607162685008904,11.767978451680122
Rice,IND_TELANGANA_NALGONDA,Telangana,NALGONDA,2019,Rabi,3.440999,512086.0,148819.0,0.09388844,79.1666,17.113957,exact_normalised,181,35.354917127071815,20.2982320441989,27.254364640883978,18.731053038674027,2.0660220994475136,95.50999999999998,111.05000000000001,945.5932999999995,51.87850828729281,98.74812154696137,3123.040000000001,15.056685082872914,-15.540000000000035,0.030582381269532236,0.3027797594651363,11.910492800951252
Rice,IND_TELANGANA_NIZAMABAD,Telangana,NIZAMABAD,2019,Kharif,4.151,594581.0,143238.0,0.08781407,78.037692,18.417719,exact_normalised,183,30.936721311475416,22.511912568306016,26.298142076502735,25.78564699453553,2.7207650273224053,792.7700000000002,624.9899999999998,863.9198999999998,76.89683060109284,95.86469945355194,2982.5599999999995,8.4248087431694,167.78000000000043,0.2658018614881177,0.2896571737031275,11.872269842797857
Rice,IND_TELANGANA_NIZAMABAD,Telangana,NIZAMABAD,2019,Rabi,4.033003,526924.0,130653.0,0.08242769,78.037692,18.417719,exact_normalised,181,34.819502762430936,18.813314917127073,26.4078453038674,12.108237569060776,2.0156906077348067,26.450000000000014,32.28000000000001,956.5539999999997,35.51209944751383,96.38734806629834,2969.8200000000006,16.006187845303863,-5.829999999999995,0.008906263679280229,0.32209157457354304,11.780307886630112
Rice,IND_TELANGANA_WARANGAL,Telangana,WARANGAL,2019,Kharif,3.432002,147480.0,42972.0,0.02634459,79.850573,17.980621,exact_normalised,183,31.59530054644811,23.527540983606556,27.246666666666663,27.496893989071033,2.237704918032787,915.5599999999996,609.73,849.0485999999999,77.25704918032787,98.11502732240437,3156.139999999998,8.067759562841555,305.8299999999996,0.2900885258575349,0.26901487259754014,10.668327290482809
Rice,IND_TELANGANA_WARANGAL,Telangana,WARANGAL,2019,Rabi,3.781993,138784.0,36696.0,0.02315114,79.850573,17.980621,exact_normalised,181,35.04624309392266,19.231823204419896,26.673591160221,17.421597790055266,1.8983425414364645,83.99,139.82999999999998,945.5932999999995,50.15033149171271,98.69033149171267,3017.9199999999996,15.814419889502766,-55.83999999999999,0.02783042625384371,0.3133261650408227,10.51045028683224
