IDREGION,STATE,DISTRICT,FYEAR,SEASON,YIELD,AE_LATENT_01,AE_LATENT_02,AE_LATENT_03,AE_LATENT_04,AE_LATENT_05,AE_LATENT_06,AE_LATENT_07,AE_LATENT_08,categorical__STATE_Andhra Pradesh,categorical__STATE_Karnataka,categorical__STATE_Tamil Nadu,categorical__STATE_Telangana,categorical__SEASON_Kharif,categorical__SEASON_Rabi,categorical__SEASON_Summer,AE_RECONSTRUCTION_MSE
IND_ANDHRAPRADESH_ADILABAD,Andhra Pradesh,ADILABAD,2001,Kharif,2.231999,-0.94921607,-1.5665702,0.11219114,-0.72523355,0.94187725,0.6826273,-0.1777291,0.82069016,1.0,0.0,0.0,0.0,1.0,0.0,0.0,0.013881058158304491
IND_ANDHRAPRADESH_ADILABAD,Andhra Pradesh,ADILABAD,2001,Rabi,2.390967,-2.0789351,-2.3979301,-4.16485,0.29860854,-2.0153012,-1.5427471,-3.8690927,-0.27065957,1.0,0.0,0.0,0.0,0.0,1.0,0.0,0.025034512952829997
IND_ANDHRAPRADESH_ANANTAPUR,Andhra Pradesh,ANANTAPUR,2001,Kharif,2.907993,-0.48133427,-0.63301045,0.75103474,-0.06627302,0.4582155,0.14713448,1.5316995,-0.8535912,1.0,0.0,0.0,0.0,1.0,0.0,0.0,0.0075298219209195315
IND_ANDHRAPRADESH_ANANTAPUR,Andhra Pradesh,ANANTAPUR,2001,Rabi,2.857,-1.6189457,-2.1722968,-2.5791028,-0.058271304,-2.1848457,-2.544968,-1.7471762,-1.1057893,1.0,0.0,0.0,0.0,0.0,1.0,0.0,0.022455838490896225
IND_ANDHRAPRADESH_CHITTOOR,Andhra Pradesh,CHITTOOR,2001,Kharif,2.268983,0.056959286,-0.87786317,1.5335716,0.44809896,0.06833144,-0.14973985,0.8156017,-0.52646613,1.0,0.0,0.0,0.0,1.0,0.0,0.0,0.013449601866483711
IND_ANDHRAPRADESH_CHITTOOR,Andhra Pradesh,CHITTOOR,2001,Rabi,2.749005,-1.494268,-3.151658,-0.63188064,0.4480905,-1.9921867,-3.6252043,-2.1863945,0.31683916,1.0,0.0,0.0,0.0,0.0,1.0,0.0,0.04092674848583459
IND_ANDHRAPRADESH_EASTGODAVARI,Andhra Pradesh,EAST GODAVARI,2001,Kharif,2.626001,-1.9454801,-1.0188732,-0.04259798,-2.0114238,-1.6490315,1.142347,-0.21974182,2.0380626,1.0,0.0,0.0,0.0,1.0,0.0,0.0,0.020341684714147854
IND_ANDHRAPRADESH_EASTGODAVARI,Andhra Pradesh,EAST GODAVARI,2001,Rabi,4.525,-3.8567376,-1.8926066,-2.444066,-1.0157931,-3.8837154,-1.1229858,-2.710299,2.733508,1.0,0.0,0.0,0.0,0.0,1.0,0.0,0.006454192356536096
IND_ANDHRAPRADESH_GUNTUR,Andhra Pradesh,GUNTUR,2001,Kharif,3.431999,-1.7814527,-1.4033499,-0.65460527,-3.305981,-1.8435863,0.89610815,0.94984555,1.2110485,1.0,0.0,0.0,0.0,1.0,0.0,0.0,0.008536061976995449
IND_ANDHRAPRADESH_GUNTUR,Andhra Pradesh,GUNTUR,2001,Rabi,4.03099,-2.907831,-1.0124851,-2.431361,0.2716173,-2.7678885,-0.506437,-1.5749028,0.61644685,1.0,0.0,0.0,0.0,0.0,1.0,0.0,0.036491436278262596
IND_ANDHRAPRADESH_KARIMNAGAR,Andhra Pradesh,KARIMNAGAR,2001,Kharif,3.039999,-0.7265791,-1.8206407,-0.176442,-1.6327755,0.15417191,0.712764,0.1933322,0.9865838,1.0,0.0,0.0,0.0,1.0,0.0,0.0,0.007088400319716202
IND_ANDHRAPRADESH_KARIMNAGAR,Andhra Pradesh,KARIMNAGAR,2001,Rabi,3.218997,-2.6930003,-2.6557949,-3.8383453,-0.67117345,-2.7666981,-1.6190994,-3.5026753,0.77221656,1.0,0.0,0.0,0.0,0.0,1.0,0.0,0.027084122163910904
IND_ANDHRAPRADESH_KHAMMAM,Andhra Pradesh,KHAMMAM,2001,Kharif,2.582,-0.49005952,-0.8373352,0.15325794,-0.8669698,0.055184014,1.0046966,-0.04106316,1.4710902,1.0,0.0,0.0,0.0,1.0,0.0,0.0,0.011116478710675512
IND_ANDHRAPRADESH_KHAMMAM,Andhra Pradesh,KHAMMAM,2001,Rabi,3.484002,-2.541024,-1.360915,-2.9541867,-0.002568975,-2.7894082,-0.49048448,-2.5726247,0.7804799,1.0,0.0,0.0,0.0,0.0,1.0,0.0,0.023952584749002397
IND_ANDHRAPRADESH_KRISHNA,Andhra Pradesh,KRISHNA,2001,Kharif,2.914999,-1.0225201,-1.0513804,-0.122852474,-2.6360152,-1.3943521,1.0862933,0.5626829,1.9850379,1.0,0.0,0.0,0.0,1.0,0.0,0.0,0.0031674501031097764
IND_ANDHRAPRADESH_KRISHNA,Andhra Pradesh,KRISHNA,2001,Rabi,3.642,-3.2687833,-1.1253291,-2.643483,-0.54075116,-3.3181946,-0.6329083,-2.098975,1.6240366,1.0,0.0,0.0,0.0,0.0,1.0,0.0,0.02078558038176357
IND_ANDHRAPRADESH_KURNOOL,Andhra Pradesh,KURNOOL,2001,Kharif,2.792008,-0.25083148,-0.79777896,0.3467271,-0.64221346,0.5510033,0.6298065,1.1025667,-0.2349657,1.0,0.0,0.0,0.0,1.0,0.0,0.0,0.005072653059048551
IND_ANDHRAPRADESH_KURNOOL,Andhra Pradesh,KURNOOL,2001,Rabi,2.581993,-1.9504656,-1.7479348,-2.841934,-0.041554883,-2.180191,-1.8549403,-1.9644979,-0.71154916,1.0,0.0,0.0,0.0,0.0,1.0,0.0,0.038481333381659634
IND_ANDHRAPRADESH_MAHBUBNAGAR,Andhra Pradesh,MAHBUBNAGAR,2001,Kharif,2.421999,-0.527665,-1.3922096,0.67581975,-0.8852768,0.7029848,0.22479503,0.9209268,0.47735903,1.0,0.0,0.0,0.0,1.0,0.0,0.0,0.002702546232772369
IND_ANDHRAPRADESH_MAHBUBNAGAR,Andhra Pradesh,MAHBUBNAGAR,2001,Rabi,2.349007,-2.0729415,-2.5680325,-2.756102,-0.048537984,-2.1633935,-2.3606956,-2.8104594,0.0939962,1.0,0.0,0.0,0.0,0.0,1.0,0.0,0.00742412865712351
IND_ANDHRAPRADESH_MEDAK,Andhra Pradesh,MEDAK,2001,Kharif,2.508999,-0.7130258,-1.7562114,0.785797,-0.6761848,1.0358894,0.08339201,0.31516504,0.8373376,1.0,0.0,0.0,0.0,1.0,0.0,0.0,0.006971479117684991
IND_ANDHRAPRADESH_MEDAK,Andhra Pradesh,MEDAK,2001,Rabi,2.640012,-1.8899031,-2.7466223,-3.1289706,0.12757955,-1.9656247,-2.3244057,-3.3478186,0.046873644,1.0,0.0,0.0,0.0,0.0,1.0,0.0,0.030565038214264244
IND_ANDHRAPRADESH_NALGONDA,Andhra Pradesh,NALGONDA,2001,Kharif,2.774001,-0.50807154,-1.4248669,0.03347698,-1.7417248,0.13421896,0.7287266,0.7599077,0.961342,1.0,0.0,0.0,0.0,1.0,0.0,0.0,0.003278568532716577
IND_ANDHRAPRADESH_NALGONDA,Andhra Pradesh,NALGONDA,2001,Rabi,2.586998,-2.6329625,-1.7740121,-2.980583,-0.29489422,-2.5713,-1.227671,-2.5015836,0.60092294,1.0,0.0,0.0,0.0,0.0,1.0,0.0,0.007798882512036271
IND_ANDHRAPRADESH_NIZAMABAD,Andhra Pradesh,NIZAMABAD,2001,Kharif,2.484002,-0.88060325,-1.9563758,0.51113665,-1.1965547,0.8967487,0.086304896,0.34670624,1.0250458,1.0,0.0,0.0,0.0,1.0,0.0,0.0,0.009291612154777567
IND_ANDHRAPRADESH_NIZAMABAD,Andhra Pradesh,NIZAMABAD,2001,Rabi,2.691006,-2.087763,-2.4500947,-3.6221693,0.0059555024,-1.9794623,-2.040541,-3.470935,-0.045680314,1.0,0.0,0.0,0.0,0.0,1.0,0.0,0.028205595338602923
IND_ANDHRAPRADESH_PRAKASAM,Andhra Pradesh,PRAKASAM,2001,Kharif,3.286012,-1.5320177,0.20772596,-1.0760243,-0.6279385,-0.6708337,1.9468987,0.7412393,-0.65690374,1.0,0.0,0.0,0.0,1.0,0.0,0.0,0.008730790016041264
IND_ANDHRAPRADESH_PRAKASAM,Andhra Pradesh,PRAKASAM,2001,Rabi,3.622001,-3.6832032,-1.6774343,-0.8519089,0.21413277,-2.3786128,-1.1106789,-0.43377343,0.73410666,1.0,0.0,0.0,0.0,0.0,1.0,0.0,0.059530540011869935
IND_ANDHRAPRADESH_SRIKAKULAM,Andhra Pradesh,SRIKAKULAM,2001,Kharif,2.202001,-4.1672263,-0.46936345,0.36728546,-1.3158422,-1.6841599,1.7298015,0.31789204,1.580754,1.0,0.0,0.0,0.0,1.0,0.0,0.0,0.011359552491700904
IND_ANDHRAPRADESH_SRIKAKULAM,Andhra Pradesh,SRIKAKULAM,2001,Rabi,2.268939,-4.7460284,-3.0406072,-0.6775359,2.2492049,-2.374081,0.18460684,-1.7827027,0.5016458,1.0,0.0,0.0,0.0,0.0,1.0,0.0,0.038795151462776525
IND_ANDHRAPRADESH_VIZIANAGARAM,Andhra Pradesh,VIZIANAGARAM,2001,Kharif,1.878001,-2.0105429,-2.5968065,1.7939092,-0.099596485,-0.26269782,0.0022304803,-1.4963696,2.0421371,1.0,0.0,0.0,0.0,1.0,0.0,0.0,0.01918797290186609
IND_ANDHRAPRADESH_VIZIANAGARAM,Andhra Pradesh,VIZIANAGARAM,2001,Rabi,2.60999,-2.1266277,-3.8476083,-1.7994477,1.1331729,-2.4633477,-1.9202409,-4.4439297,1.1391703,1.0,0.0,0.0,0.0,0.0,1.0,0.0,0.033060673898031426
IND_ANDHRAPRADESH_WARANGAL,Andhra Pradesh,WARANGAL,2001,Kharif,2.841,-0.24205928,-1.4448624,0.15766653,-1.3641241,0.2578259,0.7711381,0.2804929,1.4036905,1.0,0.0,0.0,0.0,1.0,0.0,0.0,0.004449381793824998
IND_ANDHRAPRADESH_WARANGAL,Andhra Pradesh,WARANGAL,2001,Rabi,2.941998,-2.4252272,-1.9901514,-3.3909152,-0.10496564,-2.6025288,-1.0268177,-2.9495804,0.4153987,1.0,0.0,0.0,0.0,0.0,1.0,0.0,0.00879321286900539
IND_ANDHRAPRADESH_WESTGODAVARI,Andhra Pradesh,WEST GODAVARI,2001,Kharif,2.589,-0.98515093,-1.1109617,0.42300808,-1.9528682,-1.0959433,0.87663573,0.17021516,2.2717776,1.0,0.0,0.0,0.0,1.0,0.0,0.0,0.007206456515686459
IND_ANDHRAPRADESH_WESTGODAVARI,Andhra Pradesh,WEST GODAVARI,2001,Rabi,4.681998,-3.8821354,-2.074141,-2.5228179,-1.3150654,-3.8239558,-1.4237425,-2.8536713,2.802436,1.0,0.0,0.0,0.0,0.0,1.0,0.0,0.008109091923409978
IND_KARNATAKA_BANGALORERURAL,Karnataka,BANGALORE RURAL,2001,Kharif,2.55914,-0.21038075,-1.04952,1.9049032,1.2747095,0.87045527,-1.4194888,0.47254646,-0.6353582,0.0,1.0,0.0,0.0,1.0,0.0,0.0,0.009020538563229732
IND_KARNATAKA_BANGALORERURAL,Karnataka,BANGALORE RURAL,2001,Rabi,1.91716,-1.1608902,-2.5598633,-0.45466158,1.4269204,-0.7232865,-3.4573102,-3.041898,-1.319543,0.0,1.0,0.0,0.0,0.0,1.0,0.0,0.06697294258527174
IND_KARNATAKA_BANGALORERURAL,Karnataka,BANGALORE RURAL,2001,Summer,2.567849,-1.8151702,-2.2063117,0.62720764,0.69861126,-0.45669454,-2.8222127,-1.4511667,-1.3887082,0.0,1.0,0.0,0.0,0.0,0.0,1.0,0.007927263816753542
IND_KARNATAKA_BIDAR,Karnataka,BIDAR,2001,Kharif,0.80613,-0.661812,-1.235819,0.49010816,-0.08220856,1.7530007,0.26989317,-0.25595424,0.14392516,0.0,1.0,0.0,0.0,1.0,0.0,0.0,0.006462348634246306
IND_KARNATAKA_BIDAR,Karnataka,BIDAR,2001,Rabi,1.5,-1.8163005,-2.5222318,-3.9472556,0.857399,-0.7981206,-1.4936024,-4.3031287,-1.7924334,0.0,1.0,0.0,0.0,0.0,1.0,0.0,0.01969970724407875
IND_KARNATAKA_CHITRADURGA,Karnataka,CHITRADURGA,2001,Kharif,2.103743,-0.68145096,-0.35018516,0.8648845,1.0339907,1.0846103,-0.34725082,1.4127402,-1.6065958,0.0,1.0,0.0,0.0,1.0,0.0,0.0,0.006756420930038007
IND_KARNATAKA_CHITRADURGA,Karnataka,CHITRADURGA,2001,Rabi,1.901773,-1.3782551,-1.7552509,-2.6800702,0.6860561,-1.3157908,-2.644876,-2.3269908,-1.8403728,0.0,1.0,0.0,0.0,0.0,1.0,0.0,0.02867588350318139
IND_KARNATAKA_CHITRADURGA,Karnataka,CHITRADURGA,2001,Summer,2.223277,-2.8675933,-1.4282084,-1.632587,-0.33452517,-0.83526105,-1.6862477,-0.0061885267,-2.97067,0.0,1.0,0.0,0.0,0.0,0.0,1.0,0.012020668156782068
IND_KARNATAKA_DAKSHINAKANNADA,Karnataka,DAKSHINA KANNADA,2001,Kharif,2.161065,-0.99714553,2.9126372,0.7247052,-0.048287496,1.4614934,1.00541,-0.89045095,1.5882653,0.0,1.0,0.0,0.0,1.0,0.0,0.0,0.02616195432054875
IND_KARNATAKA_DAKSHINAKANNADA,Karnataka,DAKSHINA KANNADA,2001,Rabi,2.185218,-4.769178,1.3600669,-4.1469116,-0.14140393,-0.86645955,-4.000051,-1.3352238,2.073814,0.0,1.0,0.0,0.0,0.0,1.0,0.0,0.041098220472242014
IND_KARNATAKA_DAKSHINAKANNADA,Karnataka,DAKSHINA KANNADA,2001,Summer,2.290551,-3.5903049,2.4271677,-0.67313063,-0.04229662,0.10609367,-0.24684174,-1.3351849,-0.21109936,0.0,1.0,0.0,0.0,0.0,0.0,1.0,0.01692930979031268
IND_KARNATAKA_DHARWAD,Karnataka,DHARWAD,2001,Kharif,0.213695,-1.2744789,-0.6330408,1.0745878,0.36357868,1.8706087,-1.2998202,1.3312362,-0.015233606,0.0,1.0,0.0,0.0,1.0,0.0,0.0,0.007758033702534543
IND_KARNATAKA_DHARWAD,Karnataka,DHARWAD,2001,Summer,2.680851,-2.850514,-0.93782306,-0.7305758,0.092669666,0.40999502,-2.2468834,-0.84975123,-2.6519885,0.0,1.0,0.0,0.0,0.0,0.0,1.0,0.021803678904704544
IND_KARNATAKA_GADAG,Karnataka,GADAG,2001,Kharif,2.001418,-0.97203505,-0.30649513,0.61717176,1.1731614,1.7336836,-0.629207,0.82297635,-2.064984,0.0,1.0,0.0,0.0,1.0,0.0,0.0,0.004905219543998639
IND_KARNATAKA_GADAG,Karnataka,GADAG,2001,Rabi,1.333333,-1.5941154,-1.5997505,-3.6357682,1.0558175,-0.49270242,-2.104818,-3.8034801,-3.011401,0.0,1.0,0.0,0.0,0.0,1.0,0.0,0.036356205982258735
IND_KARNATAKA_GADAG,Karnataka,GADAG,2001,Summer,2.404321,-3.0507016,-1.3436561,-1.3755667,-0.10482575,-0.25382698,-1.7877263,-0.48949036,-3.3149254,0.0,1.0,0.0,0.0,0.0,0.0,1.0,0.011635107418693844
IND_KARNATAKA_HASSAN,Karnataka,HASSAN,2001,Kharif,2.536128,-0.93796456,-0.8304129,2.774078,0.7707771,1.7298204,-2.287117,0.14001743,0.9282819,0.0,1.0,0.0,0.0,1.0,0.0,0.0,0.00870824704260891
IND_KARNATAKA_HASSAN,Karnataka,HASSAN,2001,Rabi,2.479508,-1.3642399,-1.7353469,-1.1422135,1.1459888,-0.4855013,-4.512788,-3.1707814,-0.24541408,0.0,1.0,0.0,0.0,0.0,1.0,0.0,0.04515625738126143
IND_KARNATAKA_HASSAN,Karnataka,HASSAN,2001,Summer,2.285861,-2.177627,-1.0483427,0.9891043,0.6741332,0.32989448,-3.1669238,-1.811772,-0.84358966,0.0,1.0,0.0,0.0,0.0,0.0,1.0,0.006575298803712275
IND_KARNATAKA_HAVERI,Karnataka,HAVERI,2001,Kharif,0.487431,-1.6498693,-0.40862042,2.2933528,0.08123964,1.9647669,-0.8715728,1.4365796,0.4410114,0.0,1.0,0.0,0.0,1.0,0.0,0.0,0.010256828308125427
IND_KARNATAKA_HAVERI,Karnataka,HAVERI,2001,Summer,1.979037,-3.0424607,-0.8006066,-0.16417089,-0.08495946,0.44933152,-1.9905052,-0.5549334,-2.179957,0.0,1.0,0.0,0.0,0.0,0.0,1.0,0.008720943782021328
IND_KARNATAKA_KODAGU,Karnataka,KODAGU,2001,Kharif,2.496307,-0.49543348,1.0236127,1.2384396,0.801971,1.7113131,-0.8949182,-1.776045,2.3079379,0.0,1.0,0.0,0.0,1.0,0.0,0.0,0.010377101898731873
IND_KARNATAKA_KODAGU,Karnataka,KODAGU,2001,Rabi,1.909091,-1.3507156,1.1565789,-1.8513798,1.9998748,0.7563143,-3.302221,-3.5912328,-1.4550074,0.0,1.0,0.0,0.0,0.0,1.0,0.0,0.05827588824111078
IND_KARNATAKA_KODAGU,Karnataka,KODAGU,2001,Summer,2.520548,-2.2045906,1.1011975,0.15415606,0.9604977,0.72818196,-1.8149035,-3.087468,-0.04656461,0.0,1.0,0.0,0.0,0.0,0.0,1.0,0.005544616684927657
IND_KARNATAKA_KOLAR,Karnataka,KOLAR,2001,Kharif,2.281144,-0.052632257,-0.9562067,1.88394,1.272752,0.77949953,-0.7714894,0.47821954,-0.94466794,0.0,1.0,0.0,0.0,1.0,0.0,0.0,0.009794659053807858
IND_KARNATAKA_KOLAR,Karnataka,KOLAR,2001,Summer,2.054835,-2.1394324,-2.4971492,0.20843413,0.21366082,-0.8965857,-3.0115862,-1.0504766,-0.63349676,0.0,1.0,0.0,0.0,0.0,0.0,1.0,0.0225927974000661
IND_KARNATAKA_KOPPAL,Karnataka,KOPPAL,2001,Kharif,3.591425,-1.1455704,-0.9739765,0.43135878,-0.29617327,0.9830628,-0.58481026,1.6200455,-0.8115889,0.0,1.0,0.0,0.0,1.0,0.0,0.0,0.006909370244800246
IND_KARNATAKA_KOPPAL,Karnataka,KOPPAL,2001,Summer,3.162555,-3.7180464,-1.6328955,-2.372692,-1.3683448,-0.72538036,-2.0358233,0.3954115,-1.7846009,0.0,1.0,0.0,0.0,0.0,0.0,1.0,0.012230248371260279
IND_KARNATAKA_MANDYA,Karnataka,MANDYA,2001,Kharif,3.06262,-0.7035765,-0.482023,1.6235206,0.2699333,0.77226883,-2.0638366,1.3009202,0.33521408,0.0,1.0,0.0,0.0,1.0,0.0,0.0,0.0044775663242144145
IND_KARNATAKA_MANDYA,Karnataka,MANDYA,2001,Rabi,1.894737,-1.3724458,-1.1192495,-1.7026815,1.2137883,-0.6293444,-2.4815097,-3.2575724,-2.3449833,0.0,1.0,0.0,0.0,0.0,1.0,0.0,0.028409458219124148
IND_KARNATAKA_MANDYA,Karnataka,MANDYA,2001,Summer,2.570723,-2.146997,-1.0234163,0.17547855,0.19483574,-0.4644736,-2.6844382,-0.95067346,-0.5671052,0.0,1.0,0.0,0.0,0.0,0.0,1.0,0.00756201441583682
IND_KARNATAKA_RAICHUR,Karnataka,RAICHUR,2001,Kharif,3.150453,-0.94758147,-1.2658432,0.010006696,-1.3368028,0.7068881,-0.16542928,1.6007003,-0.11555265,0.0,1.0,0.0,0.0,1.0,0.0,0.0,0.004156780279080794
IND_KARNATAKA_RAICHUR,Karnataka,RAICHUR,2001,Summer,2.46018,-3.9241567,-1.3867117,-3.6061268,-1.9925649,-1.4005626,-1.4299333,0.29087627,-1.7416198,0.0,1.0,0.0,0.0,0.0,0.0,1.0,0.012751143053350974
IND_KARNATAKA_UDUPI,Karnataka,UDUPI,2001,Kharif,2.201577,-0.7647261,1.9766974,1.5690265,-0.021057807,1.9637234,0.3993966,-0.690351,1.956714,0.0,1.0,0.0,0.0,1.0,0.0,0.0,0.011560538219809149
IND_KARNATAKA_UDUPI,Karnataka,UDUPI,2001,Rabi,1.820411,-3.0716379,0.3846923,-2.3039663,1.3108957,0.6054156,-4.4163456,-2.0717585,0.9013885,0.0,1.0,0.0,0.0,0.0,1.0,0.0,0.042711690783257476
IND_KARNATAKA_UDUPI,Karnataka,UDUPI,2001,Summer,1.933793,-2.8764515,1.6445439,0.032619163,0.6101984,1.0864228,-1.1095035,-1.8695959,-0.74857986,0.0,1.0,0.0,0.0,0.0,0.0,1.0,0.017991627171282904
IND_KARNATAKA_UTTARAKANNADA,Karnataka,UTTARA KANNADA,2001,Kharif,1.076402,-1.7239151,1.8491971,0.62275815,-0.67014086,1.8486439,-0.19320811,1.2130443,1.554036,0.0,1.0,0.0,0.0,1.0,0.0,0.0,0.010424158755473457
IND_KARNATAKA_UTTARAKANNADA,Karnataka,UTTARA KANNADA,2001,Rabi,1.873529,-2.7134662,1.7190359,-1.5403135,1.8192141,1.3718184,-3.210074,-0.5039098,-1.0440353,0.0,1.0,0.0,0.0,0.0,1.0,0.0,0.10121837421455822
IND_KARNATAKA_UTTARAKANNADA,Karnataka,UTTARA KANNADA,2001,Summer,1.868272,-3.4939587,2.55625,-1.014574,0.9237162,1.3445156,-1.9159732,0.031483144,-1.1164771,0.0,1.0,0.0,0.0,0.0,0.0,1.0,0.010820597643361537
IND_TAMILNADU_COIMBATORE,Tamil Nadu,COIMBATORE,2001,Kharif,3.526735,-0.57670426,1.3607565,1.1928585,1.4012733,0.96906495,-1.4749802,0.55514365,-0.515858,0.0,0.0,1.0,0.0,1.0,0.0,0.0,0.008274652586367401
IND_TAMILNADU_CUDDALORE,Tamil Nadu,CUDDALORE,2001,Kharif,3.716817,-0.16192321,0.6495715,-0.5394356,-1.6203963,-1.2175466,1.0829982,1.2044711,0.24933395,0.0,0.0,1.0,0.0,1.0,0.0,0.0,0.005015683871477302
IND_TAMILNADU_DHARMAPURI,Tamil Nadu,DHARMAPURI,2001,Kharif,3.487871,0.58294195,-0.17456242,0.99362016,-0.40772605,-0.21632272,-0.44936323,0.6504079,0.30164346,0.0,0.0,1.0,0.0,1.0,0.0,0.0,0.002106682657002496
IND_TAMILNADU_DINDIGUL,Tamil Nadu,DINDIGUL,2001,Kharif,4.739228,0.4571067,0.44662476,1.5075475,0.8813232,0.32611707,-0.56687164,1.2553769,-0.7031523,0.0,0.0,1.0,0.0,1.0,0.0,0.0,0.00514385756914305
IND_TAMILNADU_ERODE,Tamil Nadu,ERODE,2001,Kharif,4.634267,0.6140427,0.51019293,0.015291125,-0.52132905,-0.38502523,-0.8903222,0.19515228,-0.11362147,0.0,0.0,1.0,0.0,1.0,0.0,0.0,0.00733636644940271
IND_TAMILNADU_KANNIYAKUMARI,Tamil Nadu,KANNIYAKUMARI,2001,Kharif,4.300188,0.20401622,2.4540675,2.1629694,0.66072404,1.5754763,0.09490232,1.5665089,1.260383,0.0,0.0,1.0,0.0,1.0,0.0,0.0,0.010037816912845882
IND_TAMILNADU_KARUR,Tamil Nadu,KARUR,2001,Kharif,3.611558,1.0472293,0.72291625,-0.056471407,0.21707962,-0.09773161,0.38586617,0.752866,-1.276476,0.0,0.0,1.0,0.0,1.0,0.0,0.0,0.004139678862589214
IND_TAMILNADU_MADURAI,Tamil Nadu,MADURAI,2001,Kharif,3.986291,1.5151677,1.2595625,0.8472514,-0.9927869,0.04453709,0.18978421,0.9353999,1.2608151,0.0,0.0,1.0,0.0,1.0,0.0,0.0,0.0036901758030686307
IND_TAMILNADU_NAMAKKAL,Tamil Nadu,NAMAKKAL,2001,Kharif,4.569543,0.9123615,0.6356845,0.119427696,-0.1382649,-0.1283913,0.08473988,0.30198863,-0.6119418,0.0,0.0,1.0,0.0,1.0,0.0,0.0,0.0014123466562423626
IND_TAMILNADU_PERAMBALUR,Tamil Nadu,PERAMBALUR,2001,Kharif,2.435876,0.69752324,0.30352104,0.40361062,-0.4539293,-0.5140895,0.16717009,0.77958226,-0.3004676,0.0,0.0,1.0,0.0,1.0,0.0,0.0,0.003887422313679054
IND_TAMILNADU_PUDUKKOTTAI,Tamil Nadu,PUDUKKOTTAI,2001,Kharif,2.641916,0.6377985,0.83103925,-0.25907123,-1.1213018,-0.96749353,0.5240371,1.3673998,0.020875514,0.0,0.0,1.0,0.0,1.0,0.0,0.0,0.0030043936192431053
IND_TAMILNADU_RAMANATHAPURAM,Tamil Nadu,RAMANATHAPURAM,2001,Kharif,1.364472,-0.38288116,1.5989213,1.0146921,-0.6051051,-0.3330399,0.28071165,2.9244437,1.1271654,0.0,0.0,1.0,0.0,1.0,0.0,0.0,0.01072972513732207
IND_TAMILNADU_SALEM,Tamil Nadu,SALEM,2001,Kharif,4.418922,0.8198624,0.34386027,0.25405174,-0.5636117,-0.3721894,-0.028006122,0.56016695,-0.14213294,0.0,0.0,1.0,0.0,1.0,0.0,0.0,0.0015911132232403731
IND_TAMILNADU_SIVAGANGA,Tamil Nadu,SIVAGANGA,2001,Kharif,2.066256,0.89294994,1.338305,0.15274976,-0.9287009,-0.51125693,0.55077475,1.3795071,0.5607866,0.0,0.0,1.0,0.0,1.0,0.0,0.0,0.005929179978567074
IND_TAMILNADU_THANJAVUR,Tamil Nadu,THANJAVUR,2001,Kharif,2.92281,-1.1722467,0.9160154,-0.29908425,-2.0150554,-1.6298113,0.4624393,2.6678178,0.66945696,0.0,0.0,1.0,0.0,1.0,0.0,0.0,0.00886478804689703
IND_TAMILNADU_THENILGIRIS,Tamil Nadu,THE NILGIRIS,2001,Kharif,3.918292,-0.5089343,1.011868,1.2161074,1.9519347,1.5150228,-2.3537319,-0.122027785,-1.1742384,0.0,0.0,1.0,0.0,1.0,0.0,0.0,0.005826910848720382
IND_TAMILNADU_THENI,Tamil Nadu,THENI,2001,Kharif,4.47021,0.60006857,0.6380819,1.7774976,0.91421163,1.0690262,-1.5066941,0.048138537,0.64046085,0.0,0.0,1.0,0.0,1.0,0.0,0.0,0.0036007776601112546
IND_TAMILNADU_THIRUVALLUR,Tamil Nadu,THIRUVALLUR,2001,Kharif,3.406092,-1.2232845,0.7588536,-0.35673103,-1.242678,-0.9800149,1.6099157,0.73718655,0.2892561,0.0,0.0,1.0,0.0,1.0,0.0,0.0,0.007159261454325123
IND_TAMILNADU_THIRUVARUR,Tamil Nadu,THIRUVARUR,2001,Kharif,2.633383,-1.0061786,0.90541327,-0.29576832,-1.8131394,-1.6367503,0.6077057,2.4888544,0.63553774,0.0,0.0,1.0,0.0,1.0,0.0,0.0,0.007362407592760979
IND_TAMILNADU_TIRUCHIRAPPALLI,Tamil Nadu,TIRUCHIRAPPALLI,2001,Kharif,4.100142,0.6194057,0.45078075,-0.12904221,-0.9133196,-0.7079433,0.35016197,1.4226269,-0.36219782,0.0,0.0,1.0,0.0,1.0,0.0,0.0,0.003528060753058568
IND_TAMILNADU_TIRUNELVELI,Tamil Nadu,TIRUNELVELI,2001,Kharif,4.030535,0.3171035,2.1868248,2.2837331,-0.19672827,0.8035204,0.04040645,1.6697291,2.22906,0.0,0.0,1.0,0.0,1.0,0.0,0.0,0.008129556614968574
IND_TAMILNADU_TIRUVANNAMALAI,Tamil Nadu,TIRUVANNAMALAI,2001,Kharif,3.023605,0.2380396,0.1621886,0.31127834,-1.7861967,-0.78091764,0.8211257,1.0176691,0.84792566,0.0,0.0,1.0,0.0,1.0,0.0,0.0,0.00420354082309618
IND_TAMILNADU_VELLORE,Tamil Nadu,VELLORE,2001,Kharif,3.894831,0.3156024,-0.82218796,1.4916912,-0.40724736,-0.16114956,-0.29030693,1.1159099,0.121870846,0.0,0.0,1.0,0.0,1.0,0.0,0.0,0.007398493735172028
IND_ANDHRAPRADESH_ADILABAD,Andhra Pradesh,ADILABAD,2002,Kharif,1.544999,-0.25443944,-1.5559964,0.06729227,-1.1449252,1.2541894,0.80110645,0.029086828,0.79180694,1.0,0.0,0.0,0.0,1.0,0.0,0.0,0.013788713841888114
IND_ANDHRAPRADESH_ADILABAD,Andhra Pradesh,ADILABAD,2002,Rabi,2.177925,1.000687,-2.1605256,-3.1429107,-0.23807801,-0.25375772,-0.10841353,-1.9338607,-0.050230026,1.0,0.0,0.0,0.0,0.0,1.0,0.0,0.007898220415240948
IND_ANDHRAPRADESH_ANANTAPUR,Andhra Pradesh,ANANTAPUR,2002,Kharif,2.282013,0.12205851,-1.1233499,-0.25991374,-0.7686156,0.10216767,0.13997275,1.6517986,-1.5779017,1.0,0.0,0.0,0.0,1.0,0.0,0.0,0.005925652005652512
IND_ANDHRAPRADESH_ANANTAPUR,Andhra Pradesh,ANANTAPUR,2002,Rabi,1.866971,1.7429588,-1.7551463,-1.6402948,-0.1543156,-0.27557957,-1.0942302,0.22790992,-1.0604739,1.0,0.0,0.0,0.0,0.0,1.0,0.0,0.01262377789439462
IND_ANDHRAPRADESH_CHITTOOR,Andhra Pradesh,CHITTOOR,2002,Kharif,2.483985,0.81235385,-1.1413513,0.9426509,0.070220694,-0.085270114,-0.25334698,0.74526024,-0.6986222,1.0,0.0,0.0,0.0,1.0,0.0,0.0,0.00454775458008648
IND_ANDHRAPRADESH_CHITTOOR,Andhra Pradesh,CHITTOOR,2002,Rabi,2.558001,1.9398524,-2.171897,-0.02250421,0.42623866,-0.48938107,-2.0015965,0.08029808,0.6149919,1.0,0.0,0.0,0.0,0.0,1.0,0.0,0.007237097067536787
IND_ANDHRAPRADESH_EASTGODAVARI,Andhra Pradesh,EAST GODAVARI,2002,Kharif,2.829002,-1.3392323,-0.87485766,-0.57829654,-2.173642,-1.5235155,1.2821585,-0.11444315,1.9153277,1.0,0.0,0.0,0.0,1.0,0.0,0.0,0.009529749835371169
IND_ANDHRAPRADESH_EASTGODAVARI,Andhra Pradesh,EAST GODAVARI,2002,Rabi,4.622004,0.35977882,-0.88275075,-1.9185083,-0.8845998,-1.1375085,0.40932405,-0.056156993,2.6991432,1.0,0.0,0.0,0.0,0.0,1.0,0.0,0.024430823754946117
IND_ANDHRAPRADESH_GUNTUR,Andhra Pradesh,GUNTUR,2002,Kharif,3.186999,-1.0658007,-1.1006861,-0.94720006,-2.8812308,-1.3008785,1.1827546,0.8182353,0.9733317,1.0,0.0,0.0,0.0,1.0,0.0,0.0,0.0077064417263991505
IND_ANDHRAPRADESH_GUNTUR,Andhra Pradesh,GUNTUR,2002,Rabi,2.719072,1.5147812,-0.7970339,-1.1262571,0.5886947,-0.036822133,1.3678814,-0.037676916,-0.19253324,1.0,0.0,0.0,0.0,0.0,1.0,0.0,0.012956777126315424
IND_ANDHRAPRADESH_KARIMNAGAR,Andhra Pradesh,KARIMNAGAR,2002,Kharif,2.586998,0.15341832,-1.6328058,-0.121667475,-1.8643916,0.6369791,0.8175996,0.4768118,1.1943113,1.0,0.0,0.0,0.0,1.0,0.0,0.0,0.009971410402310013
IND_ANDHRAPRADESH_KARIMNAGAR,Andhra Pradesh,KARIMNAGAR,2002,Rabi,3.150994,0.5712947,-1.9071692,-3.3858042,-1.1467187,-0.82207125,0.216709,-1.3127459,0.32907945,1.0,0.0,0.0,0.0,0.0,1.0,0.0,0.007069299413788794
IND_ANDHRAPRADESH_KHAMMAM,Andhra Pradesh,KHAMMAM,2002,Kharif,1.708997,0.28674835,-0.80472,-0.06283085,-1.2562256,0.24615788,1.1236471,0.16263181,1.5469619,1.0,0.0,0.0,0.0,1.0,0.0,0.0,0.004644602067078565
IND_ANDHRAPRADESH_KHAMMAM,Andhra Pradesh,KHAMMAM,2002,Rabi,2.419984,1.8610225,-0.9407341,-1.6918193,-0.022293821,-0.07672075,1.2023143,-0.6826997,0.4650999,1.0,0.0,0.0,0.0,0.0,1.0,0.0,0.010247450353873509
IND_ANDHRAPRADESH_KRISHNA,Andhra Pradesh,KRISHNA,2002,Kharif,3.121,-0.768927,-1.0458943,-0.6155379,-3.0387132,-1.5044562,1.217328,0.6600461,1.8989359,1.0,0.0,0.0,0.0,1.0,0.0,0.0,0.009192580224495435
IND_ANDHRAPRADESH_KRISHNA,Andhra Pradesh,KRISHNA,2002,Rabi,2.603204,1.6689637,-0.60531574,-1.4463332,0.22328131,-0.31617075,1.7258623,-0.36028823,0.0020061582,1.0,0.0,0.0,0.0,0.0,1.0,0.0,0.017453307079805695
IND_ANDHRAPRADESH_KURNOOL,Andhra Pradesh,KURNOOL,2002,Kharif,2.096,0.42711762,-1.0590633,-0.056001335,-1.1302001,0.6086839,0.6113325,1.2063563,-0.1321537,1.0,0.0,0.0,0.0,1.0,0.0,0.0,0.005058952201577175
IND_ANDHRAPRADESH_KURNOOL,Andhra Pradesh,KURNOOL,2002,Rabi,2.26499,1.8696702,-1.4528998,-1.7451662,-0.25981694,-0.093818344,-0.29525286,0.064937904,-0.49441454,1.0,0.0,0.0,0.0,0.0,1.0,0.0,0.004568592243528734
IND_ANDHRAPRADESH_MAHBUBNAGAR,Andhra Pradesh,MAHBUBNAGAR,2002,Kharif,2.025003,0.3255108,-1.5932721,0.28474894,-1.3449525,0.7501346,0.22574176,1.0937523,0.49877498,1.0,0.0,0.0,0.0,1.0,0.0,0.0,0.004359481034987435
IND_ANDHRAPRADESH_MAHBUBNAGAR,Andhra Pradesh,MAHBUBNAGAR,2002,Rabi,2.001992,1.2782093,-1.9689794,-1.9557674,-0.48161733,-0.25628582,-0.9135591,-0.43044704,0.023620635,1.0,0.0,0.0,0.0,0.0,1.0,0.0,0.0034285642588817483
IND_ANDHRAPRADESH_MEDAK,Andhra Pradesh,MEDAK,2002,Kharif,2.112001,0.2078317,-1.7658114,0.3104155,-1.0759416,1.0971693,0.2299125,0.42533985,0.5345484,1.0,0.0,0.0,0.0,1.0,0.0,0.0,0.010726971323669622
IND_ANDHRAPRADESH_MEDAK,Andhra Pradesh,MEDAK,2002,Rabi,1.757977,1.0073228,-2.2884717,-2.5139592,-0.23596512,-0.16496345,-0.9391053,-1.348663,-0.061981767,1.0,0.0,0.0,0.0,0.0,1.0,0.0,0.009000843881528471
IND_ANDHRAPRADESH_NALGONDA,Andhra Pradesh,NALGONDA,2002,Kharif,2.244001,0.280764,-1.2441592,-0.513125,-1.7585319,0.35112518,1.0540189,0.7461331,0.618348,1.0,0.0,0.0,0.0,1.0,0.0,0.0,0.004316302219671326
IND_ANDHRAPRADESH_NALGONDA,Andhra Pradesh,NALGONDA,2002,Rabi,2.301009,1.223191,-1.3490319,-2.3200126,-0.76716375,-0.5113207,0.3847432,-0.25955692,0.42510685,1.0,0.0,0.0,0.0,0.0,1.0,0.0,0.005976238698244379
IND_ANDHRAPRADESH_NIZAMABAD,Andhra Pradesh,NIZAMABAD,2002,Kharif,1.558995,-0.027998073,-1.8084885,0.12673259,-1.4400446,1.0970718,0.36216658,0.41713047,0.7428839,1.0,0.0,0.0,0.0,1.0,0.0,0.0,0.007472050250139144
IND_ANDHRAPRADESH_NIZAMABAD,Andhra Pradesh,NIZAMABAD,2002,Rabi,2.296015,0.78758126,-2.1698325,-3.1171129,-0.48179895,-0.30521542,-0.59144723,-1.5865018,-0.19299778,1.0,0.0,0.0,0.0,0.0,1.0,0.0,0.00485640735733678
IND_ANDHRAPRADESH_PRAKASAM,Andhra Pradesh,PRAKASAM,2002,Kharif,2.437007,-0.78366715,0.19048132,-1.0312034,-0.38017148,-0.48931468,2.284974,0.5535416,-0.9952817,1.0,0.0,0.0,0.0,1.0,0.0,0.0,0.009696335304274198
IND_ANDHRAPRADESH_PRAKASAM,Andhra Pradesh,PRAKASAM,2002,Rabi,2.256993,0.022202598,-1.1096572,-0.55174315,0.37305564,-0.2538843,0.47706008,1.520337,0.6142708,1.0,0.0,0.0,0.0,0.0,1.0,0.0,0.02358272989038103
IND_ANDHRAPRADESH_SRIKAKULAM,Andhra Pradesh,SRIKAKULAM,2002,Kharif,1.747003,-3.2326913,-0.84874606,-0.051461905,-0.86376894,-1.4612683,1.5735167,0.71148896,1.4552127,1.0,0.0,0.0,0.0,1.0,0.0,0.0,0.012008275901438034
IND_ANDHRAPRADESH_SRIKAKULAM,Andhra Pradesh,SRIKAKULAM,2002,Rabi,2.53481,-0.38200358,-2.7041194,0.2747187,2.3222482,-0.4959004,1.4120624,0.2603075,0.4675139,1.0,0.0,0.0,0.0,0.0,1.0,0.0,0.01861791905435913
IND_ANDHRAPRADESH_VIZIANAGARAM,Andhra Pradesh,VIZIANAGARAM,2002,Kharif,1.228001,-0.8359095,-2.7864985,1.0988162,-0.15812938,-0.14769894,-0.16268511,-1.2908429,1.9102119,1.0,0.0,0.0,0.0,1.0,0.0,0.0,0.0179327342365496
IND_ANDHRAPRADESH_VIZIANAGARAM,Andhra Pradesh,VIZIANAGARAM,2002,Rabi,2.622896,1.0799701,-2.88127,-0.23600547,1.8154223,0.07463854,-0.7873548,-2.512312,1.8557423,1.0,0.0,0.0,0.0,0.0,1.0,0.0,0.009793079611596795
IND_ANDHRAPRADESH_WARANGAL,Andhra Pradesh,WARANGAL,2002,Kharif,2.076004,0.6059925,-1.1702154,0.098839164,-1.5138097,0.6785263,0.93786377,0.46395394,1.5107533,1.0,0.0,0.0,0.0,1.0,0.0,0.0,0.00650416691073189
IND_ANDHRAPRADESH_WARANGAL,Andhra Pradesh,WARANGAL,2002,Rabi,2.553016,1.2951438,-1.5116167,-2.4771755,-0.63696456,-0.5040101,0.60479635,-0.85845363,0.47745952,1.0,0.0,0.0,0.0,0.0,1.0,0.0,0.0061707580142498645
IND_ANDHRAPRADESH_WESTGODAVARI,Andhra Pradesh,WEST GODAVARI,2002,Kharif,3.072001,-0.6809005,-1.1036788,-0.08670816,-2.2510276,-1.1217111,0.97580904,0.24774179,2.1385348,1.0,0.0,0.0,0.0,1.0,0.0,0.0,0.00797255178945588
IND_ANDHRAPRADESH_WESTGODAVARI,Andhra Pradesh,WEST GODAVARI,2002,Rabi,4.326998,0.56063724,-0.8563577,-2.0024312,-1.0562296,-0.91605103,0.09390661,-0.10503434,2.844505,1.0,0.0,0.0,0.0,0.0,1.0,0.0,0.014258659230263412
IND_KARNATAKA_BANGALORERURAL,Karnataka,BANGALORE RURAL,2002,Kharif,2.263719,0.80027235,-1.2957959,1.3253491,0.858424,0.77624,-1.157086,0.38334283,-0.7871131,0.0,1.0,0.0,0.0,1.0,0.0,0.0,0.008362401697485191
IND_KARNATAKA_BANGALORERURAL,Karnataka,BANGALORE RURAL,2002,Rabi,2.09375,1.9012401,-1.8270998,-0.74834,1.8106548,0.91660506,-2.251642,-1.2861434,-2.0579214,0.0,1.0,0.0,0.0,0.0,1.0,0.0,0.012002685565509
IND_KARNATAKA_BANGALORERURAL,Karnataka,BANGALORE RURAL,2002,Summer,2.765661,-1.6853225,-1.9664954,-0.06316605,0.5914824,-0.63056946,-2.4664388,-1.5876502,-2.5712097,0.0,1.0,0.0,0.0,0.0,0.0,1.0,0.0159075473169363
IND_KARNATAKA_BIDAR,Karnataka,BIDAR,2002,Kharif,0.562531,-0.12574245,-1.3596408,0.027621776,-0.55091447,1.7353346,0.443851,-0.21517882,-0.11263543,0.0,1.0,0.0,0.0,1.0,0.0,0.0,0.015694049380756015
IND_KARNATAKA_BIDAR,Karnataka,BIDAR,2002,Rabi,1.6,1.1302139,-1.8412783,-3.0288923,0.59782326,0.8157829,-0.58329654,-2.316634,-1.7546339,0.0,1.0,0.0,0.0,0.0,1.0,0.0,0.013144649831054017
IND_KARNATAKA_CHITRADURGA,Karnataka,CHITRADURGA,2002,Kharif,2.051402,-0.11705257,-0.77763194,0.1343145,0.27527803,0.7206421,-0.18412067,1.3426095,-2.1336882,0.0,1.0,0.0,0.0,1.0,0.0,0.0,0.004321484366236333
IND_KARNATAKA_CHITRADURGA,Karnataka,CHITRADURGA,2002,Rabi,2.181887,1.3793616,-1.6155274,-2.1795194,0.25186777,0.18873367,-1.7751667,-0.26571664,-1.9681078,0.0,1.0,0.0,0.0,0.0,1.0,0.0,0.007469782437574545
IND_KARNATAKA_CHITRADURGA,Karnataka,CHITRADURGA,2002,Summer,2.309461,-2.6261635,-1.2234188,-1.8810853,-0.2994629,-0.8506236,-1.5051148,-0.30532014,-3.059208,0.0,1.0,0.0,0.0,0.0,0.0,1.0,0.006802443377343313
IND_KARNATAKA_DAKSHINAKANNADA,Karnataka,DAKSHINA KANNADA,2002,Kharif,2.252987,-0.65438086,2.7357314,0.37943992,-0.06864917,1.5584077,0.6605114,-0.3328216,1.6404423,0.0,1.0,0.0,0.0,1.0,0.0,0.0,0.01708279365857695
IND_KARNATAKA_DAKSHINAKANNADA,Karnataka,DAKSHINA KANNADA,2002,Rabi,1.970171,-1.4167985,2.1567016,-4.4002876,-0.9230988,0.83467436,-1.9281628,0.35178316,1.4058396,0.0,1.0,0.0,0.0,0.0,1.0,0.0,0.00590960775253537
IND_KARNATAKA_DAKSHINAKANNADA,Karnataka,DAKSHINA KANNADA,2002,Summer,2.053859,-3.5745502,2.8391733,-1.5580931,-0.07218045,-0.092729695,-0.5549995,-0.9010843,-0.31465366,0.0,1.0,0.0,0.0,0.0,0.0,1.0,0.01844824834639807
IND_KARNATAKA_DHARWAD,Karnataka,DHARWAD,2002,Kharif,0.197625,-0.86683863,-0.72881544,0.7068231,-0.24663384,1.7793686,-0.86898243,1.1497861,0.019285321,0.0,1.0,0.0,0.0,1.0,0.0,0.0,0.004502588359456198
IND_KARNATAKA_DHARWAD,Karnataka,DHARWAD,2002,Summer,2.494297,-2.868085,-0.47241032,-1.1199415,-0.2839747,0.34541455,-1.557657,-1.3113703,-2.3973882,0.0,1.0,0.0,0.0,0.0,0.0,1.0,0.007601125043679413
IND_KARNATAKA_GADAG,Karnataka,GADAG,2002,Kharif,2.215734,-0.79352856,-0.53762776,0.05122885,0.4412188,1.3969163,-0.42650765,0.7397933,-2.1074164,0.0,1.0,0.0,0.0,1.0,0.0,0.0,0.0030413151677012953
IND_KARNATAKA_GADAG,Karnataka,GADAG,2002,Summer,1.85,-2.955492,-0.85242355,-1.8153409,-0.31942296,-0.2569093,-1.2760962,-1.0740467,-3.0641634,0.0,1.0,0.0,0.0,0.0,0.0,1.0,0.009546348919891964
IND_KARNATAKA_HASSAN,Karnataka,HASSAN,2002,Kharif,1.663698,-0.18170269,-0.91735345,2.2182004,0.4895792,1.615086,-2.192646,0.3048364,0.92691004,0.0,1.0,0.0,0.0,1.0,0.0,0.0,0.0063133502127181145
IND_KARNATAKA_HASSAN,Karnataka,HASSAN,2002,Rabi,1.702186,1.2311403,-1.2631193,-1.1289251,0.9841037,0.9541351,-3.462473,-1.2457469,-0.5379944,0.0,1.0,0.0,0.0,0.0,1.0,0.0,0.012089798841468723
IND_KARNATAKA_HASSAN,Karnataka,HASSAN,2002,Summer,2.510898,-1.839961,-0.9159303,0.23717698,0.4181264,0.055874065,-3.03654,-1.888883,-1.534048,0.0,1.0,0.0,0.0,0.0,0.0,1.0,0.014693848031071755
IND_KARNATAKA_HAVERI,Karnataka,HAVERI,2002,Kharif,0.433306,-1.153945,-0.5293688,1.8367528,-0.43072057,1.8655756,-0.6182476,1.408439,0.4928291,0.0,1.0,0.0,0.0,1.0,0.0,0.0,0.010228677972757996
IND_KARNATAKA_HAVERI,Karnataka,HAVERI,2002,Rabi,2.09434,1.4910665,-1.0155555,-2.1707776,0.58287245,1.182798,-1.6445823,-0.8689276,-2.5224612,0.0,1.0,0.0,0.0,0.0,1.0,0.0,0.02392194081507812
IND_KARNATAKA_HAVERI,Karnataka,HAVERI,2002,Summer,1.70448,-2.991468,-0.61373997,-0.67830455,-0.50327885,0.22273755,-1.6363504,-0.7479646,-1.9621576,0.0,1.0,0.0,0.0,0.0,0.0,1.0,0.010502829256319306
IND_KARNATAKA_KODAGU,Karnataka,KODAGU,2002,Kharif,1.97824,-0.12994134,0.9786186,0.8704994,0.6931415,1.8932257,-0.93284094,-1.5193905,2.3598125,0.0,1.0,0.0,0.0,1.0,0.0,0.0,0.008401990409543602
IND_KARNATAKA_KODAGU,Karnataka,KODAGU,2002,Rabi,2.111111,0.924315,1.604909,-1.5866828,1.6428171,2.2349932,-2.2466893,-2.1391356,-1.83388,0.0,1.0,0.0,0.0,0.0,1.0,0.0,0.014394709069968184
IND_KARNATAKA_KODAGU,Karnataka,KODAGU,2002,Summer,2.511111,-2.0476422,1.4807422,-0.5689931,0.942341,0.6379839,-1.7308452,-3.1784766,-0.9123286,0.0,1.0,0.0,0.0,0.0,0.0,1.0,0.007490105067957674
IND_KARNATAKA_KOLAR,Karnataka,KOLAR,2002,Kharif,1.992007,0.75223184,-1.2505417,1.3449965,0.80072707,0.53032553,-0.7761318,0.48119906,-0.98155296,0.0,1.0,0.0,0.0,1.0,0.0,0.0,0.005518557275532189
IND_KARNATAKA_KOLAR,Karnataka,KOLAR,2002,Summer,1.577273,-1.6206114,-2.054969,-0.21217075,0.8521309,-0.8576226,-2.1797574,-1.6270504,-2.7355006,0.0,1.0,0.0,0.0,0.0,0.0,1.0,0.016692106322926625
IND_KARNATAKA_KOPPAL,Karnataka,KOPPAL,2002,Kharif,4.047511,-0.76580864,-1.2255704,-0.2671719,-0.99184406,0.65714777,-0.42473704,1.6061742,-1.1601349,0.0,1.0,0.0,0.0,1.0,0.0,0.0,0.004583456021121795
IND_KARNATAKA_KOPPAL,Karnataka,KOPPAL,2002,Rabi,1.625,1.2775569,-1.1620476,-2.974374,0.4463281,0.80285865,-0.7826798,-1.4546919,-3.2097454,0.0,1.0,0.0,0.0,0.0,1.0,0.0,0.015817268229528884
IND_KARNATAKA_KOPPAL,Karnataka,KOPPAL,2002,Summer,3.27049,-2.9904037,-1.0863583,-2.3360112,-0.8978672,-0.612166,-1.3455496,-0.4140946,-2.2104387,0.0,1.0,0.0,0.0,0.0,0.0,1.0,0.005510015529392501
IND_KARNATAKA_MANDYA,Karnataka,MANDYA,2002,Kharif,2.895687,0.17319442,-0.69762397,1.314377,-0.056202084,0.70016825,-1.482172,1.1253997,0.14052057,0.0,1.0,0.0,0.0,1.0,0.0,0.0,0.0038485730848091615
IND_KARNATAKA_MANDYA,Karnataka,MANDYA,2002,Rabi,2.088,1.379875,-1.0667744,-1.5895143,0.36736995,0.13835266,-2.5686407,-0.47081116,-1.6192886,0.0,1.0,0.0,0.0,0.0,1.0,0.0,0.009605159763993208
IND_KARNATAKA_MANDYA,Karnataka,MANDYA,2002,Summer,2.574544,-1.8013268,-0.80292076,-0.5089648,0.037751034,-0.6717274,-2.2637622,-1.155819,-1.6669537,0.0,1.0,0.0,0.0,0.0,0.0,1.0,0.014464917257563933
IND_KARNATAKA_RAICHUR,Karnataka,RAICHUR,2002,Kharif,3.318153,-0.6439119,-1.5380919,-0.6363121,-1.8951509,0.48901734,-0.052502587,1.6634268,-0.3669475,0.0,1.0,0.0,0.0,1.0,0.0,0.0,0.007193760870038068
IND_KARNATAKA_RAICHUR,Karnataka,RAICHUR,2002,Summer,2.247733,-3.2257156,-0.83713484,-3.2499218,-1.2807535,-1.0759234,-0.7803028,-0.5551543,-1.9341105,0.0,1.0,0.0,0.0,0.0,0.0,1.0,0.013743208539778637
IND_KARNATAKA_UDUPI,Karnataka,UDUPI,2002,Kharif,2.106509,-0.37456563,1.7774069,1.1396241,-0.14540562,1.8582363,0.21049865,-0.11292949,1.971969,0.0,1.0,0.0,0.0,1.0,0.0,0.0,0.013286190733508304
IND_KARNATAKA_UDUPI,Karnataka,UDUPI,2002,Rabi,2.023478,-0.11037002,1.1098423,-2.445618,0.1219316,2.003432,-2.6695566,-0.22455803,0.4625832,0.0,1.0,0.0,0.0,0.0,1.0,0.0,0.0034665969288844626
IND_KARNATAKA_UDUPI,Karnataka,UDUPI,2002,Summer,2.418803,-2.8287568,2.0377328,-0.76633036,0.603089,0.813046,-1.3170223,-1.6242572,-1.1543609,0.0,1.0,0.0,0.0,0.0,0.0,1.0,0.008017581499889594
IND_KARNATAKA_UTTARAKANNADA,Karnataka,UTTARA KANNADA,2002,Kharif,1.170623,-1.5148662,1.9219229,0.4340072,-0.81624395,1.8008065,-0.15387724,1.2015487,1.552117,0.0,1.0,0.0,0.0,1.0,0.0,0.0,0.01300053720540031
IND_KARNATAKA_UTTARAKANNADA,Karnataka,UTTARA KANNADA,2002,Rabi,1.694064,0.515082,1.9698565,-1.9962984,0.2689262,2.8203585,-1.1670413,0.43630734,-0.6041835,0.0,1.0,0.0,0.0,0.0,1.0,0.0,0.004361341484534388
IND_KARNATAKA_UTTARAKANNADA,Karnataka,UTTARA KANNADA,2002,Summer,2.329964,-3.6935432,2.872543,-1.6206676,0.50174385,0.974288,-1.4975252,-0.30706802,-0.90178716,0.0,1.0,0.0,0.0,0.0,0.0,1.0,0.01460481115686805
IND_TAMILNADU_COIMBATORE,Tamil Nadu,COIMBATORE,2002,Kharif,3.368101,-0.06788425,1.2735167,1.0440766,1.2236583,0.9802119,-1.119329,0.3727744,-0.7050438,0.0,0.0,1.0,0.0,1.0,0.0,0.0,0.004555362995380093
IND_TAMILNADU_CUDDALORE,Tamil Nadu,CUDDALORE,2002,Kharif,2.752775,-0.28252378,0.525058,-1.6517315,-2.0692308,-1.6658411,1.0901402,1.1524767,-0.29095322,0.0,0.0,1.0,0.0,1.0,0.0,0.0,0.007269200322532747
IND_TAMILNADU_DHARMAPURI,Tamil Nadu,DHARMAPURI,2002,Kharif,2.573494,0.9454991,-0.15862584,0.28124,-0.47818363,-0.2889108,-0.3585922,0.41609877,-0.47198394,0.0,0.0,1.0,0.0,1.0,0.0,0.0,0.0019159086461635769
IND_TAMILNADU_DINDIGUL,Tamil Nadu,DINDIGUL,2002,Kharif,3.428897,0.85961264,0.23114954,0.96106815,0.5123144,-0.03926141,-0.6336966,1.1566104,-1.1726723,0.0,0.0,1.0,0.0,1.0,0.0,0.0,0.006071936097817305
IND_TAMILNADU_ERODE,Tamil Nadu,ERODE,2002,Kharif,4.461746,0.8067766,0.7208433,-0.6578095,-0.3948505,-0.27632257,-0.67350066,-0.03476359,-1.0736982,0.0,0.0,1.0,0.0,1.0,0.0,0.0,0.008058564212772354
IND_TAMILNADU_KANNIYAKUMARI,Tamil Nadu,KANNIYAKUMARI,2002,Kharif,3.77971,0.1622477,1.9662757,1.4829619,0.7455097,0.76843137,-0.14925583,1.652611,0.095220715,0.0,0.0,1.0,0.0,1.0,0.0,0.0,0.0049865325838104515
IND_TAMILNADU_KARUR,Tamil Nadu,KARUR,2002,Kharif,2.922022,0.9951084,0.5697955,-0.9352789,-0.1319987,-0.4962257,0.357786,0.63887143,-2.1112928,0.0,0.0,1.0,0.0,1.0,0.0,0.0,0.006656494835988006
IND_TAMILNADU_MADURAI,Tamil Nadu,MADURAI,2002,Kharif,2.551719,1.2297342,1.2561433,-0.43060678,-1.0476373,-0.3174078,0.015250877,0.6016334,-0.29563344,0.0,0.0,1.0,0.0,1.0,0.0,0.0,0.007840714215189845
IND_TAMILNADU_NAMAKKAL,Tamil Nadu,NAMAKKAL,2002,Kharif,3.703453,1.0284654,0.62524176,-0.6691153,-0.18199457,-0.3026406,0.20048167,0.11657417,-1.6241163,0.0,0.0,1.0,0.0,1.0,0.0,0.0,0.0034553381880768844
IND_TAMILNADU_PERAMBALUR,Tamil Nadu,PERAMBALUR,2002,Kharif,1.686558,0.8023298,0.22308473,-0.5174674,-0.6569948,-0.77491677,0.17142557,0.64797294,-1.1363152,0.0,0.0,1.0,0.0,1.0,0.0,0.0,0.005383217426448915
IND_TAMILNADU_PUDUKKOTTAI,Tamil Nadu,PUDUKKOTTAI,2002,Kharif,2.071831,0.29997602,0.561889,-1.6870086,-1.680061,-1.5517824,0.54935074,1.2709056,-0.9327489,0.0,0.0,1.0,0.0,1.0,0.0,0.0,0.008123925181629065
IND_TAMILNADU_RAMANATHAPURAM,Tamil Nadu,RAMANATHAPURAM,2002,Kharif,1.266662,-0.8180762,1.3184338,-0.32970154,-1.2068105,-0.9033984,0.28293347,3.0645947,0.13928574,0.0,0.0,1.0,0.0,1.0,0.0,0.0,0.004904858587422213
IND_TAMILNADU_SALEM,Tamil Nadu,SALEM,2002,Kharif,3.580394,1.0342578,0.52194226,-0.64278805,-0.25037718,-0.31822985,0.26745886,0.14439276,-1.4932152,0.0,0.0,1.0,0.0,1.0,0.0,0.0,0.0038429911851634566
IND_TAMILNADU_SIVAGANGA,Tamil Nadu,SIVAGANGA,2002,Kharif,1.747329,0.346243,1.0525746,-1.4000094,-1.5780671,-1.3153353,0.49931264,1.333159,-0.5767437,0.0,0.0,1.0,0.0,1.0,0.0,0.0,0.008270131077573148
IND_TAMILNADU_THANJAVUR,Tamil Nadu,THANJAVUR,2002,Kharif,2.287048,-1.0144198,0.71833396,-1.6197364,-2.1171248,-1.7863983,0.68698764,2.264206,-0.26795617,0.0,0.0,1.0,0.0,1.0,0.0,0.0,0.00635561100761576
IND_TAMILNADU_THENILGIRIS,Tamil Nadu,THE NILGIRIS,2002,Kharif,3.370671,0.028545277,0.797781,1.0162935,1.5890846,1.4084662,-1.9631968,-0.19364536,-1.1737462,0.0,0.0,1.0,0.0,1.0,0.0,0.0,0.005499157302639086
IND_TAMILNADU_THENI,Tamil Nadu,THENI,2002,Kharif,3.987013,1.0589777,0.49929678,1.3281512,0.5822357,0.70295334,-1.4010373,0.13071737,0.19935143,0.0,0.0,1.0,0.0,1.0,0.0,0.0,0.005306920483152454
IND_TAMILNADU_THIRUVALLUR,Tamil Nadu,THIRUVALLUR,2002,Kharif,3.185111,-1.0074536,0.7568028,-0.8139056,-1.4280314,-1.0542517,1.6838403,0.91621697,0.1119445,0.0,0.0,1.0,0.0,1.0,0.0,0.0,0.005209167521247712
IND_TAMILNADU_THIRUVARUR,Tamil Nadu,THIRUVARUR,2002,Kharif,0.855999,-0.8815543,0.7092108,-1.599181,-1.98388,-1.8310887,0.7997093,2.1532283,-0.25661075,0.0,0.0,1.0,0.0,1.0,0.0,0.0,0.007353087890851999
IND_TAMILNADU_TIRUCHIRAPPALLI,Tamil Nadu,TIRUCHIRAPPALLI,2002,Kharif,2.994376,0.5321485,0.30271006,-1.3038771,-1.1211898,-1.0739331,0.40521973,1.16778,-1.3713225,0.0,0.0,1.0,0.0,1.0,0.0,0.0,0.006141376806518627
IND_TAMILNADU_TIRUNELVELI,Tamil Nadu,TIRUNELVELI,2002,Kharif,4.022189,0.39848056,1.7723583,1.6835142,-0.23726721,0.36465353,-0.1902882,1.721086,1.4330362,0.0,0.0,1.0,0.0,1.0,0.0,0.0,0.002224806387387159
IND_TAMILNADU_TIRUVANNAMALAI,Tamil Nadu,TIRUVANNAMALAI,2002,Kharif,2.631587,0.62508374,0.6160315,-0.5302532,-0.9894532,-0.520873,1.139132,0.3578582,-0.26438147,0.0,0.0,1.0,0.0,1.0,0.0,0.0,0.0028010242552106526
IND_TAMILNADU_VELLORE,Tamil Nadu,VELLORE,2002,Kharif,3.418534,0.8463147,-0.7231913,0.8391843,-0.19295724,-0.106858276,-0.07428746,0.7330278,-0.45905378,0.0,0.0,1.0,0.0,1.0,0.0,0.0,0.008150382709903045
IND_ANDHRAPRADESH_ADILABAD,Andhra Pradesh,ADILABAD,2003,Kharif,2.467996,-0.7456122,-1.4451026,0.5410849,-0.81347805,1.2454234,0.72743726,0.0068083107,1.0550768,1.0,0.0,0.0,0.0,1.0,0.0,0.0,0.004368579299273238
IND_ANDHRAPRADESH_ADILABAD,Andhra Pradesh,ADILABAD,2003,Rabi,2.638985,0.50259626,-2.1786563,-3.7170417,-0.808445,-0.8562304,0.284136,-2.093067,-0.6351819,1.0,0.0,0.0,0.0,0.0,1.0,0.0,0.01017930321419566
IND_ANDHRAPRADESH_ANANTAPUR,Andhra Pradesh,ANANTAPUR,2003,Kharif,2.563003,0.0074351896,-0.87248456,-0.3360974,-0.39401793,0.057487346,0.2251748,1.4039184,-1.8514637,1.0,0.0,0.0,0.0,1.0,0.0,0.0,0.006992371914101645
IND_ANDHRAPRADESH_ANANTAPUR,Andhra Pradesh,ANANTAPUR,2003,Rabi,2.352023,1.3792833,-1.72319,-2.3776786,-0.64465487,-0.75582445,-0.9320408,0.16601758,-1.8278533,1.0,0.0,0.0,0.0,0.0,1.0,0.0,0.005984742671855862
IND_ANDHRAPRADESH_CHITTOOR,Andhra Pradesh,CHITTOOR,2003,Kharif,2.084996,0.76620114,-1.023753,1.0559642,0.1829608,-0.0018933043,-0.21077792,0.6259794,-0.53991437,1.0,0.0,0.0,0.0,1.0,0.0,0.0,0.005433083487947297
IND_ANDHRAPRADESH_CHITTOOR,Andhra Pradesh,CHITTOOR,2003,Rabi,1.712013,1.9531878,-2.2307186,-0.42509744,0.14443322,-0.8171305,-1.9581614,0.05392603,-0.093931496,1.0,0.0,0.0,0.0,0.0,1.0,0.0,0.007683801400799097
IND_ANDHRAPRADESH_EASTGODAVARI,Andhra Pradesh,EAST GODAVARI,2003,Kharif,3.249002,-1.9610779,-0.85186887,0.4556041,-2.0219662,-1.510249,1.0350484,0.041481405,2.494503,1.0,0.0,0.0,0.0,1.0,0.0,0.0,0.008831991240955727
IND_ANDHRAPRADESH_EASTGODAVARI,Andhra Pradesh,EAST GODAVARI,2003,Rabi,5.256997,-0.0031834673,-1.1263031,-2.3045597,-1.3716207,-1.614689,0.12739201,-0.112894684,3.287531,1.0,0.0,0.0,0.0,0.0,1.0,0.0,0.01132553768414059
IND_ANDHRAPRADESH_GUNTUR,Andhra Pradesh,GUNTUR,2003,Kharif,2.833002,-1.1322002,-0.8718821,-0.7431551,-2.2556522,-0.9690825,1.146718,0.66245866,0.93713355,1.0,0.0,0.0,0.0,1.0,0.0,0.0,0.004912314079521695
IND_ANDHRAPRADESH_GUNTUR,Andhra Pradesh,GUNTUR,2003,Rabi,2.917013,1.2238414,-0.7217368,-1.3724158,0.35745853,-0.4227572,1.286309,-0.081364095,-0.08359055,1.0,0.0,0.0,0.0,0.0,1.0,0.0,0.007061802121023033
IND_ANDHRAPRADESH_KARIMNAGAR,Andhra Pradesh,KARIMNAGAR,2003,Kharif,3.221003,-0.34995344,-1.3635283,0.484082,-1.3368986,0.80415964,0.77332395,0.348873,1.4563638,1.0,0.0,0.0,0.0,1.0,0.0,0.0,0.00398702019491842
IND_ANDHRAPRADESH_KARIMNAGAR,Andhra Pradesh,KARIMNAGAR,2003,Rabi,3.188,0.10958487,-2.1763117,-3.9417045,-1.715847,-1.4253145,0.29034996,-1.3376704,-0.11240192,1.0,0.0,0.0,0.0,0.0,1.0,0.0,0.01529755580380921
IND_ANDHRAPRADESH_KHAMMAM,Andhra Pradesh,KHAMMAM,2003,Kharif,2.900998,-0.37453017,-0.812639,0.46000585,-1.1992662,0.15782082,0.961241,0.098643154,1.8927668,1.0,0.0,0.0,0.0,1.0,0.0,0.0,0.004778475436722466
IND_ANDHRAPRADESH_KHAMMAM,Andhra Pradesh,KHAMMAM,2003,Rabi,2.919993,1.5067064,-1.0556281,-2.1856215,-0.56752,-0.7315867,1.3504283,-0.71800864,0.3538083,1.0,0.0,0.0,0.0,0.0,1.0,0.0,0.0071941152312050265
IND_ANDHRAPRADESH_KRISHNA,Andhra Pradesh,KRISHNA,2003,Kharif,2.368,-0.90362954,-0.8991082,-0.20495781,-2.4151323,-1.1560177,1.0673326,0.63883317,1.9763998,1.0,0.0,0.0,0.0,1.0,0.0,0.0,0.0036779382215018706
IND_ANDHRAPRADESH_KRISHNA,Andhra Pradesh,KRISHNA,2003,Rabi,2.586027,1.3963002,-0.53102916,-1.5250671,-0.020695433,-0.637319,1.5408111,-0.30600545,0.38350222,1.0,0.0,0.0,0.0,0.0,1.0,0.0,0.007730114478185514
IND_ANDHRAPRADESH_KURNOOL,Andhra Pradesh,KURNOOL,2003,Kharif,2.907014,0.34768087,-0.8587494,-0.07359046,-0.8794237,0.63591266,0.75238574,0.99466884,-0.29980323,1.0,0.0,0.0,0.0,1.0,0.0,0.0,0.0045814662239414446
IND_ANDHRAPRADESH_KURNOOL,Andhra Pradesh,KURNOOL,2003,Rabi,2.290979,1.6450679,-1.3878949,-2.3061101,-0.43831986,-0.34721816,0.043582484,-0.11325577,-1.2682198,1.0,0.0,0.0,0.0,0.0,1.0,0.0,0.004472853850132628
IND_ANDHRAPRADESH_MAHBUBNAGAR,Andhra Pradesh,MAHBUBNAGAR,2003,Kharif,2.430008,-0.0007940363,-1.388867,0.48499218,-1.0054066,0.8299046,0.30602145,0.9734788,0.5090232,1.0,0.0,0.0,0.0,1.0,0.0,0.0,0.0028458628818139576
IND_ANDHRAPRADESH_MAHBUBNAGAR,Andhra Pradesh,MAHBUBNAGAR,2003,Rabi,2.093013,1.0221671,-1.8936597,-2.3887913,-0.89016134,-0.61026245,-0.5749359,-0.44113138,-0.47720182,1.0,0.0,0.0,0.0,0.0,1.0,0.0,0.004857604882018232
IND_ANDHRAPRADESH_MEDAK,Andhra Pradesh,MEDAK,2003,Kharif,2.568997,-0.24485329,-1.6164334,0.7940699,-0.7511586,1.209526,0.23802157,0.45267895,0.838534,1.0,0.0,0.0,0.0,1.0,0.0,0.0,0.0073269764181942715
IND_ANDHRAPRADESH_MEDAK,Andhra Pradesh,MEDAK,2003,Rabi,2.313986,0.54535973,-2.3363154,-3.0808766,-0.7526723,-0.6882081,-0.6441245,-1.3278672,-0.66850424,1.0,0.0,0.0,0.0,0.0,1.0,0.0,0.012134540080650912
IND_ANDHRAPRADESH_NALGONDA,Andhra Pradesh,NALGONDA,2003,Kharif,2.994999,-0.22547011,-0.8285091,-0.17869653,-1.0296812,0.48574582,1.098896,0.46519598,0.5840926,1.0,0.0,0.0,0.0,1.0,0.0,0.0,0.0020399991076103935
IND_ANDHRAPRADESH_NALGONDA,Andhra Pradesh,NALGONDA,2003,Rabi,2.823993,0.8216911,-1.4358256,-2.729421,-1.3056242,-0.9544729,0.41095835,-0.2773709,0.37646905,1.0,0.0,0.0,0.0,0.0,1.0,0.0,0.004283668555443272
IND_ANDHRAPRADESH_NIZAMABAD,Andhra Pradesh,NIZAMABAD,2003,Kharif,3.110998,-0.39073846,-1.5482326,0.60434103,-0.92921805,1.2912854,0.43640614,0.35729387,0.9426199,1.0,0.0,0.0,0.0,1.0,0.0,0.0,0.0031637121276111213
IND_ANDHRAPRADESH_NIZAMABAD,Andhra Pradesh,NIZAMABAD,2003,Rabi,3.004011,0.2747866,-2.157235,-3.669287,-1.0129399,-0.90799105,-0.17573,-1.5902939,-0.8744112,1.0,0.0,0.0,0.0,0.0,1.0,0.0,0.010903954702230143
IND_ANDHRAPRADESH_PRAKASAM,Andhra Pradesh,PRAKASAM,2003,Kharif,2.872033,-0.9399793,0.3056562,-0.85518813,-0.19951592,-0.4084987,2.1153371,0.49027562,-0.8154782,1.0,0.0,0.0,0.0,1.0,0.0,0.0,0.00973970257836752
IND_ANDHRAPRADESH_PRAKASAM,Andhra Pradesh,PRAKASAM,2003,Rabi,2.517002,0.3803213,-1.1465387,-0.7906852,0.53576654,-0.46332777,0.7230108,1.2216741,0.31370226,1.0,0.0,0.0,0.0,0.0,1.0,0.0,0.015596118671675933
IND_ANDHRAPRADESH_SRIKAKULAM,Andhra Pradesh,SRIKAKULAM,2003,Kharif,2.241001,-4.1270504,-0.289016,0.69685054,-1.2032521,-1.5731454,1.6978581,0.7004124,1.8541682,1.0,0.0,0.0,0.0,1.0,0.0,0.0,0.013646928723482579
IND_ANDHRAPRADESH_SRIKAKULAM,Andhra Pradesh,SRIKAKULAM,2003,Rabi,2.039927,-0.7310172,-2.8333032,-0.26019552,2.103461,-1.0818537,1.464769,0.13088076,0.37888762,1.0,0.0,0.0,0.0,0.0,1.0,0.0,0.013405931713185892
IND_ANDHRAPRADESH_VIZIANAGARAM,Andhra Pradesh,VIZIANAGARAM,2003,Kharif,2.100999,-1.8049383,-2.3868966,1.9819827,-0.4079708,-0.09711904,0.17132868,-1.5794274,2.0774474,1.0,0.0,0.0,0.0,1.0,0.0,0.0,0.011161605597955402
IND_ANDHRAPRADESH_VIZIANAGARAM,Andhra Pradesh,VIZIANAGARAM,2003,Rabi,2.437015,0.6919457,-3.0224047,-1.0477641,0.94291914,-1.0242975,-0.6536829,-2.602187,1.1257428,1.0,0.0,0.0,0.0,0.0,1.0,0.0,0.03154772250804314
IND_ANDHRAPRADESH_WARANGAL,Andhra Pradesh,WARANGAL,2003,Kharif,3.071003,-0.036659762,-1.0535672,0.5902202,-1.2679288,0.65553665,0.8241731,0.33277613,1.7817528,1.0,0.0,0.0,0.0,1.0,0.0,0.0,0.004420580039352011
IND_ANDHRAPRADESH_WARANGAL,Andhra Pradesh,WARANGAL,2003,Rabi,2.809006,0.7472915,-1.7438107,-3.074268,-1.273204,-1.1393954,0.6693396,-0.93840945,0.27110198,1.0,0.0,0.0,0.0,0.0,1.0,0.0,0.006394184646448907
IND_ANDHRAPRADESH_WESTGODAVARI,Andhra Pradesh,WEST GODAVARI,2003,Kharif,3.498999,-1.1773293,-0.9718794,0.64048004,-1.9935257,-1.0354698,0.8056171,0.27387744,2.5324008,1.0,0.0,0.0,0.0,1.0,0.0,0.0,0.005373804056879259
IND_ANDHRAPRADESH_WESTGODAVARI,Andhra Pradesh,WEST GODAVARI,2003,Rabi,4.871999,0.08111061,-1.2362586,-2.4244335,-1.5347195,-1.4608291,-0.21683194,-0.21859607,3.2578642,1.0,0.0,0.0,0.0,0.0,1.0,0.0,0.0075436919702998135
IND_KARNATAKA_BANGALORERURAL,Karnataka,BANGALORE RURAL,2003,Kharif,2.372308,0.70569116,-1.2291243,1.447161,0.951834,0.78313816,-1.1777337,0.29386216,-0.7469969,0.0,1.0,0.0,0.0,1.0,0.0,0.0,0.0139937068968673
IND_KARNATAKA_BANGALORERURAL,Karnataka,BANGALORE RURAL,2003,Rabi,2.9625,1.6727136,-1.8501542,-1.3203816,0.95831215,0.15671849,-2.3288307,-0.96627104,-2.074016,0.0,1.0,0.0,0.0,0.0,1.0,0.0,0.018057834729372436
IND_KARNATAKA_BANGALORERURAL,Karnataka,BANGALORE RURAL,2003,Summer,3.991684,-1.6146325,-1.7517517,-0.57707226,0.49378914,-0.92113984,-2.3331234,-1.5355569,-2.733761,0.0,1.0,0.0,0.0,0.0,0.0,1.0,0.013281480483717896
IND_KARNATAKA_BIDAR,Karnataka,BIDAR,2003,Kharif,0.403285,-0.25937164,-1.2387171,0.27193025,-0.29766023,1.8002738,0.44560885,-0.12217608,-0.00830546,0.0,1.0,0.0,0.0,1.0,0.0,0.0,0.005801536463197715
IND_KARNATAKA_CHITRADURGA,Karnataka,CHITRADURGA,2003,Kharif,1.983663,-0.089014694,-0.7055072,0.072442204,0.4762472,0.6876859,-0.23838292,1.2800015,-2.2929657,0.0,1.0,0.0,0.0,1.0,0.0,0.0,0.008902155286710942
IND_KARNATAKA_CHITRADURGA,Karnataka,CHITRADURGA,2003,Rabi,3.34799,1.2152655,-1.4103737,-2.574445,0.009882495,-0.016414322,-1.4323089,-0.4422153,-2.4689844,0.0,1.0,0.0,0.0,0.0,1.0,0.0,0.004548970124046095
IND_KARNATAKA_CHITRADURGA,Karnataka,CHITRADURGA,2003,Summer,2.882547,-2.6663766,-1.1851089,-2.511646,-0.5024656,-1.2313355,-1.272229,-0.32141468,-3.5677116,0.0,1.0,0.0,0.0,0.0,0.0,1.0,0.011076989210055118
IND_KARNATAKA_DAKSHINAKANNADA,Karnataka,DAKSHINA KANNADA,2003,Kharif,2.406452,-0.83296853,3.0470405,0.37143987,-0.12986411,1.2193547,1.1294318,-0.96480525,1.5663296,0.0,1.0,0.0,0.0,1.0,0.0,0.0,0.021642261583925185
IND_KARNATAKA_DAKSHINAKANNADA,Karnataka,DAKSHINA KANNADA,2003,Rabi,3.055541,-1.2355802,2.2135594,-4.1466417,-0.9049687,0.9569942,-1.8314471,0.36668018,1.0896953,0.0,1.0,0.0,0.0,0.0,1.0,0.0,0.00815144218109348
IND_KARNATAKA_DAKSHINAKANNADA,Karnataka,DAKSHINA KANNADA,2003,Summer,3.629973,-3.691403,2.9321034,-1.5583651,-0.52841574,-0.5865823,0.24254297,-1.5997528,-0.30228367,0.0,1.0,0.0,0.0,0.0,0.0,1.0,0.034027592331157736
IND_KARNATAKA_DHARWAD,Karnataka,DHARWAD,2003,Kharif,0.222619,-0.7661622,-0.649903,0.57309103,-0.021125928,1.6866397,-0.9483645,1.0867308,-0.21823576,0.0,1.0,0.0,0.0,1.0,0.0,0.0,0.010554463659930548
IND_KARNATAKA_DHARWAD,Karnataka,DHARWAD,2003,Summer,3.884956,-2.7561884,-0.5551285,-1.4479909,-0.4539553,0.28994307,-1.5488265,-1.2002076,-2.5883873,0.0,1.0,0.0,0.0,0.0,0.0,1.0,0.014322855702173872
IND_KARNATAKA_GADAG,Karnataka,GADAG,2003,Kharif,2.304662,-0.69864845,-0.5325758,0.008024365,0.586405,1.3022493,-0.5211055,0.86673975,-2.233355,0.0,1.0,0.0,0.0,1.0,0.0,0.0,0.009194200815680372
IND_KARNATAKA_GADAG,Karnataka,GADAG,2003,Summer,3.608696,-2.9398417,-0.87497544,-1.9906825,-0.65278804,-0.28308755,-1.2805779,-0.78592527,-3.1338215,0.0,1.0,0.0,0.0,0.0,0.0,1.0,0.005426459275531551
IND_KARNATAKA_HASSAN,Karnataka,HASSAN,2003,Kharif,1.661262,-0.2954428,-0.80494434,2.359278,0.6608367,1.6582937,-2.0615911,0.062754646,0.8442515,0.0,1.0,0.0,0.0,1.0,0.0,0.0,0.009253011237695822
IND_KARNATAKA_HASSAN,Karnataka,HASSAN,2003,Rabi,1.662043,1.1856558,-0.8002218,-1.3292731,0.97723585,1.0360142,-3.2133744,-1.3772343,-1.042871,0.0,1.0,0.0,0.0,0.0,1.0,0.0,0.01647043883028101
IND_KARNATAKA_HASSAN,Karnataka,HASSAN,2003,Summer,4.3498,-1.9887342,-0.7186414,0.11339426,0.18885437,-0.03019093,-2.5855823,-1.8982501,-1.8088839,0.0,1.0,0.0,0.0,0.0,0.0,1.0,0.016285790843983756
IND_KARNATAKA_HAVERI,Karnataka,HAVERI,2003,Kharif,0.678937,-0.9461791,-0.4106738,1.7230539,-0.08059792,1.9038019,-0.5222152,1.1973464,0.17956385,0.0,1.0,0.0,0.0,1.0,0.0,0.0,0.019428230501048926
IND_KARNATAKA_HAVERI,Karnataka,HAVERI,2003,Summer,3.670757,-2.98428,-0.54700744,-1.018237,-0.7048539,0.07274317,-1.4907885,-0.7179245,-2.2929223,0.0,1.0,0.0,0.0,0.0,0.0,1.0,0.018761664333783006
IND_KARNATAKA_KODAGU,Karnataka,KODAGU,2003,Kharif,1.989587,-0.3626018,1.0633881,1.086591,0.6855768,1.7028296,-0.7544378,-1.7107751,2.2275488,0.0,1.0,0.0,0.0,1.0,0.0,0.0,0.006881739786471732
IND_KARNATAKA_KODAGU,Karnataka,KODAGU,2003,Rabi,3.0,0.9422574,1.5767817,-1.4926661,1.6060889,2.3376184,-2.2246537,-2.1282766,-1.6494926,0.0,1.0,0.0,0.0,0.0,1.0,0.0,0.011034194300620467
IND_KARNATAKA_KODAGU,Karnataka,KODAGU,2003,Summer,3.836158,-2.2105768,1.3532676,-0.48444805,0.5270682,0.44337606,-1.2087332,-3.3077781,-0.7165874,0.0,1.0,0.0,0.0,0.0,0.0,1.0,0.01095923959752533
IND_KARNATAKA_KOLAR,Karnataka,KOLAR,2003,Kharif,2.270315,0.6502949,-1.1859848,1.5618148,0.78645295,0.58674407,-0.818415,0.46797606,-0.62444186,0.0,1.0,0.0,0.0,1.0,0.0,0.0,0.006479690882784325
IND_KARNATAKA_KOLAR,Karnataka,KOLAR,2003,Summer,2.625181,-1.6114426,-1.9282604,-0.661561,0.4972998,-1.251316,-2.0292468,-1.4957072,-2.5463207,0.0,1.0,0.0,0.0,0.0,0.0,1.0,0.015664377318633363
IND_KARNATAKA_KOPPAL,Karnataka,KOPPAL,2003,Kharif,4.106345,-0.80991596,-1.2061169,-0.34184936,-0.9387187,0.59726435,-0.503526,1.6941322,-1.2654372,0.0,1.0,0.0,0.0,1.0,0.0,0.0,0.011919050664015492
IND_KARNATAKA_KOPPAL,Karnataka,KOPPAL,2003,Summer,4.547386,-3.2074218,-1.1172538,-2.8225524,-1.3164213,-0.77869123,-1.3907305,-0.08784366,-2.28851,0.0,1.0,0.0,0.0,0.0,0.0,1.0,0.006845802181525085
IND_KARNATAKA_MANDYA,Karnataka,MANDYA,2003,Kharif,3.215773,-0.08402629,-0.7169279,1.3583657,-0.12963775,0.54334486,-1.8125283,1.1805081,0.28401053,0.0,1.0,0.0,0.0,1.0,0.0,0.0,0.004076223801452046
IND_KARNATAKA_MANDYA,Karnataka,MANDYA,2003,Rabi,2.964206,1.3756516,-0.81148064,-1.7531446,0.36377633,0.18393627,-2.2441635,-0.7215749,-1.9187344,0.0,1.0,0.0,0.0,0.0,1.0,0.0,0.010637507279682056
IND_KARNATAKA_MANDYA,Karnataka,MANDYA,2003,Summer,4.218036,-1.7750566,-0.5165591,-0.6779536,0.12556385,-0.72932136,-2.0940647,-1.1943257,-2.0144868,0.0,1.0,0.0,0.0,0.0,0.0,1.0,0.013596827106557423
IND_KARNATAKA_RAICHUR,Karnataka,RAICHUR,2003,Kharif,2.630726,-0.5738912,-1.4209698,-0.7105446,-1.6941844,0.4988553,0.0034733117,1.6306616,-0.540267,0.0,1.0,0.0,0.0,1.0,0.0,0.0,0.004673409940719043
IND_KARNATAKA_RAICHUR,Karnataka,RAICHUR,2003,Rabi,2.964012,-0.0700071,-1.2223237,-4.141917,-0.8544154,0.011161789,-1.1723766,-0.568097,-1.0507653,0.0,1.0,0.0,0.0,0.0,1.0,0.0,0.02409196384410462
IND_KARNATAKA_RAICHUR,Karnataka,RAICHUR,2003,Summer,3.005775,-3.4618845,-1.0049504,-4.0831985,-1.8245057,-1.5585805,-0.80658144,-0.29232275,-2.5133228,0.0,1.0,0.0,0.0,0.0,0.0,1.0,0.02686373085651505
IND_KARNATAKA_UDUPI,Karnataka,UDUPI,2003,Kharif,2.481354,-0.7546041,2.0021207,1.1683259,-0.14846098,1.7532424,0.49023366,-0.65688276,1.7963609,0.0,1.0,0.0,0.0,1.0,0.0,0.0,0.017048156297826987
IND_KARNATAKA_UDUPI,Karnataka,UDUPI,2003,Rabi,2.779894,-0.06959762,1.2701705,-2.3349042,0.07340065,2.0220068,-2.5580428,-0.21701193,0.262193,0.0,1.0,0.0,0.0,0.0,1.0,0.0,0.0036650868441176904
IND_KARNATAKA_UDUPI,Karnataka,UDUPI,2003,Summer,3.902913,-2.9648347,1.9473679,-0.8172126,0.258465,0.5533598,-0.41062987,-2.368789,-1.3351039,0.0,1.0,0.0,0.0,0.0,0.0,1.0,0.018075142836218083
IND_KARNATAKA_UTTARAKANNADA,Karnataka,UTTARA KANNADA,2003,Kharif,1.569132,-1.863648,2.0107913,0.21727833,-0.8865885,1.6143593,-0.04858148,1.0347816,1.3128428,0.0,1.0,0.0,0.0,1.0,0.0,0.0,0.01843242441144515
IND_KARNATAKA_UTTARAKANNADA,Karnataka,UTTARA KANNADA,2003,Rabi,3.274135,0.46720505,2.0583308,-2.0441177,0.21198694,2.7871144,-1.0806336,0.33213583,-0.654035,0.0,1.0,0.0,0.0,0.0,1.0,0.0,0.007782350652317625
IND_KARNATAKA_UTTARAKANNADA,Karnataka,UTTARA KANNADA,2003,Summer,3.723565,-3.6040936,2.8803184,-1.809792,0.3950613,0.7940293,-1.2620686,-0.53572595,-0.94852686,0.0,1.0,0.0,0.0,0.0,0.0,1.0,0.02223562247707356
IND_TAMILNADU_COIMBATORE,Tamil Nadu,COIMBATORE,2003,Kharif,2.912698,-0.084852114,1.3976425,0.98691213,1.5079339,1.102854,-1.3155925,0.3375203,-0.98285353,0.0,0.0,1.0,0.0,1.0,0.0,0.0,0.006543115739729828
IND_TAMILNADU_CUDDALORE,Tamil Nadu,CUDDALORE,2003,Kharif,3.049625,-0.27698883,0.97066987,-0.5155063,-1.592957,-1.1163443,1.0844012,1.1431283,0.6078993,0.0,0.0,1.0,0.0,1.0,0.0,0.0,0.006248312428582496
IND_TAMILNADU_DHARMAPURI,Tamil Nadu,DHARMAPURI,2003,Kharif,2.42608,1.0745095,0.25668162,0.5766412,-0.079952285,0.23137733,-0.08537741,0.1009499,-0.11245991,0.0,0.0,1.0,0.0,1.0,0.0,0.0,0.005594330794954663
IND_TAMILNADU_DINDIGUL,Tamil Nadu,DINDIGUL,2003,Kharif,2.830987,0.70787394,0.5461856,1.2103416,0.8044856,0.25359228,-0.53821796,0.98457944,-0.91279733,0.0,0.0,1.0,0.0,1.0,0.0,0.0,0.005818537466799732
IND_TAMILNADU_ERODE,Tamil Nadu,ERODE,2003,Kharif,4.095679,0.8191063,1.1611583,-0.5903448,0.3682722,0.3887285,-0.36080998,-0.57672167,-1.4624616,0.0,0.0,1.0,0.0,1.0,0.0,0.0,0.011034284877333374
IND_TAMILNADU_KANNIYAKUMARI,Tamil Nadu,KANNIYAKUMARI,2003,Kharif,3.054099,0.26355654,2.1819909,1.4552993,0.9887721,0.9715521,-0.18431039,1.4514321,0.15087658,0.0,0.0,1.0,0.0,1.0,0.0,0.0,0.012154314006573982
IND_TAMILNADU_KARUR,Tamil Nadu,KARUR,2003,Kharif,2.582341,1.0994787,1.0196598,-0.1021983,0.25443196,0.1386526,0.5394928,0.35997573,-1.1460313,0.0,0.0,1.0,0.0,1.0,0.0,0.0,0.0025884008551794995
IND_TAMILNADU_MADURAI,Tamil Nadu,MADURAI,2003,Kharif,2.716805,1.516326,1.6354655,0.28954738,-0.5761968,0.38436413,0.39520508,0.2934261,0.46324894,0.0,0.0,1.0,0.0,1.0,0.0,0.0,0.00906274063124172
IND_TAMILNADU_NAMAKKAL,Tamil Nadu,NAMAKKAL,2003,Kharif,3.256853,1.1052939,0.94022024,-0.030050904,0.0824755,0.25245208,0.34209013,-0.0562493,-0.8184787,0.0,0.0,1.0,0.0,1.0,0.0,0.0,0.00280522931422449
IND_TAMILNADU_PERAMBALUR,Tamil Nadu,PERAMBALUR,2003,Kharif,2.361333,0.877835,0.57320106,0.4008108,-0.38569087,-0.2688511,0.32238722,0.6032438,-0.15768155,0.0,0.0,1.0,0.0,1.0,0.0,0.0,0.005220375424680833
IND_TAMILNADU_PUDUKKOTTAI,Tamil Nadu,PUDUKKOTTAI,2003,Kharif,1.837867,0.6666132,1.2594241,-0.122198075,-1.2193413,-0.7188935,0.6278866,1.0998914,0.623489,0.0,0.0,1.0,0.0,1.0,0.0,0.0,0.006812226795197049
IND_TAMILNADU_RAMANATHAPURAM,Tamil Nadu,RAMANATHAPURAM,2003,Kharif,0.171617,-0.9631302,1.7864885,0.6926081,-0.7984347,-0.26251683,0.249952,3.13915,0.9500029,0.0,0.0,1.0,0.0,1.0,0.0,0.0,0.01035515496116342
IND_TAMILNADU_SALEM,Tamil Nadu,SALEM,2003,Kharif,3.212735,1.0877138,0.78773594,0.05651632,-0.1269241,0.13489759,0.33407176,0.07773261,-0.52381694,0.0,0.0,1.0,0.0,1.0,0.0,0.0,0.003110377328588259
IND_TAMILNADU_SIVAGANGA,Tamil Nadu,SIVAGANGA,2003,Kharif,0.692558,0.81142426,1.596371,0.17190006,-0.98417497,-0.33291718,0.6913365,1.352994,0.8195087,0.0,0.0,1.0,0.0,1.0,0.0,0.0,0.008794312209997572
IND_TAMILNADU_THANJAVUR,Tamil Nadu,THANJAVUR,2003,Kharif,2.878809,-0.9546618,1.433183,-0.2553536,-1.27516,-1.0214806,0.73494655,2.0764956,0.74188936,0.0,0.0,1.0,0.0,1.0,0.0,0.0,0.012060320684168301
IND_TAMILNADU_THENILGIRIS,Tamil Nadu,THE NILGIRIS,2003,Kharif,3.311315,0.030798452,0.8285917,0.96776366,1.7049515,1.3403977,-2.1558614,-0.18095532,-1.2720829,0.0,0.0,1.0,0.0,1.0,0.0,0.0,0.012485458396185381
IND_TAMILNADU_THENI,Tamil Nadu,THENI,2003,Kharif,3.882064,0.95934254,0.5969515,1.4009674,0.7698993,0.855143,-1.5378203,-0.023323312,0.52974546,0.0,0.0,1.0,0.0,1.0,0.0,0.0,0.007480350060726968
IND_TAMILNADU_THIRUVALLUR,Tamil Nadu,THIRUVALLUR,2003,Kharif,2.609164,-0.88472754,0.7929422,-0.4129087,-0.91330355,-0.6601081,1.4382505,1.0268357,0.44346556,0.0,0.0,1.0,0.0,1.0,0.0,0.0,0.007660408419368114
IND_TAMILNADU_THIRUVARUR,Tamil Nadu,THIRUVARUR,2003,Kharif,1.395193,-0.889843,1.3866779,-0.22182041,-1.2344813,-1.1267277,0.8179965,2.0162895,0.786224,0.0,0.0,1.0,0.0,1.0,0.0,0.0,0.013162374374723892
IND_TAMILNADU_TIRUCHIRAPPALLI,Tamil Nadu,TIRUCHIRAPPALLI,2003,Kharif,2.936964,0.8222578,0.9457686,-0.063864455,-0.543342,-0.32140005,0.5804787,0.8676491,-0.23522207,0.0,0.0,1.0,0.0,1.0,0.0,0.0,0.002046241421202556
IND_TAMILNADU_TIRUNELVELI,Tamil Nadu,TIRUNELVELI,2003,Kharif,3.770401,0.5020927,1.9314747,1.664191,-0.025051616,0.48334828,-0.1571771,1.489678,1.5648295,0.0,0.0,1.0,0.0,1.0,0.0,0.0,0.004231816422929116
IND_TAMILNADU_TIRUVANNAMALAI,Tamil Nadu,TIRUVANNAMALAI,2003,Kharif,2.8061,0.5526907,0.7333698,-0.07400401,-1.2537186,-0.43340063,0.9467679,0.5389682,0.6860467,0.0,0.0,1.0,0.0,1.0,0.0,0.0,0.004833907524506955
IND_TAMILNADU_VELLORE,Tamil Nadu,VELLORE,2003,Kharif,3.49966,0.7401793,-0.60128087,1.0336168,-0.19029348,-0.04451222,-0.09356777,0.65963435,-0.093703836,0.0,0.0,1.0,0.0,1.0,0.0,0.0,0.004544949879339792
IND_ANDHRAPRADESH_ADILABAD,Andhra Pradesh,ADILABAD,2004,Kharif,1.519011,-0.21514763,-1.392381,-0.28542483,-0.70785975,1.0875313,0.92420256,-0.15737821,0.48968408,1.0,0.0,0.0,0.0,1.0,0.0,0.0,0.003596299522433638
IND_ANDHRAPRADESH_ADILABAD,Andhra Pradesh,ADILABAD,2004,Rabi,2.196034,1.493692,-1.7515056,-2.382096,0.27364728,0.4251269,-0.25996172,-1.6782163,0.5512024,1.0,0.0,0.0,0.0,0.0,1.0,0.0,0.010404504722158215
IND_ANDHRAPRADESH_ANANTAPUR,Andhra Pradesh,ANANTAPUR,2004,Kharif,3.495007,0.27924,-1.0446501,0.2810022,-0.03105925,0.38638312,0.054269463,1.71239,-0.8921932,1.0,0.0,0.0,0.0,1.0,0.0,0.0,0.011428543270329966
IND_ANDHRAPRADESH_ANANTAPUR,Andhra Pradesh,ANANTAPUR,2004,Rabi,2.340043,1.8560759,-1.822018,-2.0931945,-0.3522038,-0.40671557,-1.07259,0.09484239,-1.401415,1.0,0.0,0.0,0.0,0.0,1.0,0.0,0.005107779413208323
IND_ANDHRAPRADESH_CHITTOOR,Andhra Pradesh,CHITTOOR,2004,Kharif,2.273996,0.74874854,-0.97826195,1.6002564,0.62828255,0.5945803,-0.19852446,0.91230583,0.1845626,1.0,0.0,0.0,0.0,1.0,0.0,0.0,0.008618827950609472
IND_ANDHRAPRADESH_CHITTOOR,Andhra Pradesh,CHITTOOR,2004,Rabi,2.678995,2.1879792,-2.3226178,-0.4850382,0.17678957,-0.7001287,-2.0345752,-0.030151464,0.11699656,1.0,0.0,0.0,0.0,0.0,1.0,0.0,0.0104528628981794
IND_ANDHRAPRADESH_EASTGODAVARI,Andhra Pradesh,EAST GODAVARI,2004,Kharif,3.312002,-0.75513273,-0.9060192,0.7980803,-1.6414393,-1.0385123,0.81332177,0.50824165,2.9626653,1.0,0.0,0.0,0.0,1.0,0.0,0.0,0.009563932676538375
IND_ANDHRAPRADESH_EASTGODAVARI,Andhra Pradesh,EAST GODAVARI,2004,Rabi,4.704002,0.6801165,-1.0914413,-1.3758633,-0.94737196,-0.90585464,-0.37192452,0.13738087,4.058118,1.0,0.0,0.0,0.0,0.0,1.0,0.0,0.016549207571469663
IND_ANDHRAPRADESH_GUNTUR,Andhra Pradesh,GUNTUR,2004,Kharif,3.468998,-1.0249828,-1.404537,-0.6380762,-2.8742929,-1.4166056,0.8173766,1.1860571,1.3202931,1.0,0.0,0.0,0.0,1.0,0.0,0.0,0.008738166664744727
IND_ANDHRAPRADESH_GUNTUR,Andhra Pradesh,GUNTUR,2004,Rabi,3.337977,1.4664316,-0.783194,-1.3270065,-0.018638223,-0.42878163,0.94782627,0.15926966,0.5716313,1.0,0.0,0.0,0.0,0.0,1.0,0.0,0.004946610630239724
IND_ANDHRAPRADESH_KARIMNAGAR,Andhra Pradesh,KARIMNAGAR,2004,Kharif,2.260996,-0.16463272,-1.3143651,-0.48427507,-1.0652877,0.4856456,1.0451952,0.07199985,0.64689183,1.0,0.0,0.0,0.0,1.0,0.0,0.0,0.0036646180209753184
IND_ANDHRAPRADESH_KARIMNAGAR,Andhra Pradesh,KARIMNAGAR,2004,Rabi,2.770982,1.5720811,-1.4688714,-2.002718,0.057744935,0.27718496,-0.033449784,-1.2061034,1.04197,1.0,0.0,0.0,0.0,0.0,1.0,0.0,0.006067667335356673
IND_ANDHRAPRADESH_KHAMMAM,Andhra Pradesh,KHAMMAM,2004,Kharif,2.844003,0.24559532,-0.9350487,0.5133703,-1.1579986,0.25951296,0.7729194,0.33304378,2.195498,1.0,0.0,0.0,0.0,1.0,0.0,0.0,0.004048564590379143
IND_ANDHRAPRADESH_KHAMMAM,Andhra Pradesh,KHAMMAM,2004,Rabi,3.288994,1.9161252,-0.9011586,-1.1235001,0.04543701,0.1080017,0.33137292,-0.5456705,1.8191541,1.0,0.0,0.0,0.0,0.0,1.0,0.0,0.014109907222851728
IND_ANDHRAPRADESH_KRISHNA,Andhra Pradesh,KRISHNA,2004,Kharif,3.281,-0.37989852,-1.0766338,-0.0066849887,-2.474416,-1.1542238,0.8782834,0.91217995,2.3638237,1.0,0.0,0.0,0.0,1.0,0.0,0.0,0.004655390394862887
IND_ANDHRAPRADESH_KRISHNA,Andhra Pradesh,KRISHNA,2004,Rabi,3.15304,1.8151486,-0.49434817,-1.180288,0.057916924,-0.23949665,1.2884626,-0.16311797,0.8738042,1.0,0.0,0.0,0.0,0.0,1.0,0.0,0.006730934097036173
IND_ANDHRAPRADESH_KURNOOL,Andhra Pradesh,KURNOOL,2004,Kharif,3.428,0.33360612,-1.3125763,-0.019348145,-0.9662602,0.34367758,0.26969615,1.5087066,-0.03328053,1.0,0.0,0.0,0.0,1.0,0.0,0.0,0.00784299210518653
IND_ANDHRAPRADESH_KURNOOL,Andhra Pradesh,KURNOOL,2004,Rabi,3.114032,2.0681915,-1.5537133,-1.9801024,-0.4882301,-0.113360725,-0.28991437,-0.016392589,-0.5650104,1.0,0.0,0.0,0.0,0.0,1.0,0.0,0.0032784515010416747
IND_ANDHRAPRADESH_MAHBUBNAGAR,Andhra Pradesh,MAHBUBNAGAR,2004,Kharif,2.268999,-0.051334187,-1.5507598,0.20888531,-0.752291,0.53733903,0.15512179,0.9873457,0.16651005,1.0,0.0,0.0,0.0,1.0,0.0,0.0,0.004468333721987068
IND_ANDHRAPRADESH_MAHBUBNAGAR,Andhra Pradesh,MAHBUBNAGAR,2004,Rabi,2.254997,1.7031968,-1.9943706,-1.7612295,-0.3646912,-0.042405494,-0.8351433,-0.54930913,0.10789922,1.0,0.0,0.0,0.0,0.0,1.0,0.0,0.005994402792892375
IND_ANDHRAPRADESH_MEDAK,Andhra Pradesh,MEDAK,2004,Kharif,1.936992,-0.16320033,-1.7421522,0.34959504,-0.6011406,0.96709937,0.17428267,0.36324027,0.44701853,1.0,0.0,0.0,0.0,1.0,0.0,0.0,0.008919382450581837
IND_ANDHRAPRADESH_MEDAK,Andhra Pradesh,MEDAK,2004,Rabi,2.202985,1.5791764,-2.2782087,-1.8480548,0.17184158,0.27704567,-1.159055,-1.3019563,0.5220183,1.0,0.0,0.0,0.0,0.0,1.0,0.0,0.008321178615366832
IND_ANDHRAPRADESH_NALGONDA,Andhra Pradesh,NALGONDA,2004,Kharif,2.818,-0.08688758,-1.47123,-0.40617844,-1.6615103,0.060543306,0.7699503,0.7993759,0.72965837,1.0,0.0,0.0,0.0,1.0,0.0,0.0,0.004316673215915545
IND_ANDHRAPRADESH_NALGONDA,Andhra Pradesh,NALGONDA,2004,Rabi,2.979001,1.5147974,-1.36501,-1.7770727,-0.78943646,-0.15692684,-0.32608438,-0.28293073,1.7283267,1.0,0.0,0.0,0.0,0.0,1.0,0.0,0.009278401798267529
IND_ANDHRAPRADESH_NIZAMABAD,Andhra Pradesh,NIZAMABAD,2004,Kharif,2.246997,-0.3109565,-1.673708,0.0016138852,-0.9346596,0.9887565,0.4353482,0.2519586,0.49824724,1.0,0.0,0.0,0.0,1.0,0.0,0.0,0.0037748477396600745
IND_ANDHRAPRADESH_NIZAMABAD,Andhra Pradesh,NIZAMABAD,2004,Rabi,2.575988,1.3671131,-2.0374773,-2.2869966,-0.008871987,0.25421172,-0.71441674,-1.4221538,0.39678416,1.0,0.0,0.0,0.0,0.0,1.0,0.0,0.007192024915739546
IND_ANDHRAPRADESH_PRAKASAM,Andhra Pradesh,PRAKASAM,2004,Kharif,3.478987,-0.9493393,0.010071203,-0.78985727,-0.30150515,-0.37181717,1.9133735,0.8769059,-0.64895403,1.0,0.0,0.0,0.0,1.0,0.0,0.0,0.005295013197873618
IND_ANDHRAPRADESH_PRAKASAM,Andhra Pradesh,PRAKASAM,2004,Rabi,3.334004,0.19888663,-1.3675534,-1.1013039,-0.07566409,-0.5751277,0.370452,1.5491834,0.5313128,1.0,0.0,0.0,0.0,0.0,1.0,0.0,0.027836355254630595
IND_ANDHRAPRADESH_SRIKAKULAM,Andhra Pradesh,SRIKAKULAM,2004,Kharif,2.35101,-2.941988,-0.83602154,0.41257167,-0.7857274,-1.4176233,1.3882949,0.96301186,2.030864,1.0,0.0,0.0,0.0,1.0,0.0,0.0,0.01582034233236446
IND_ANDHRAPRADESH_SRIKAKULAM,Andhra Pradesh,SRIKAKULAM,2004,Rabi,2.61283,-0.18703072,-2.8985398,0.49702016,2.4909463,-0.55857646,0.9658145,0.5043961,0.8910266,1.0,0.0,0.0,0.0,0.0,1.0,0.0,0.013704959319549544
IND_ANDHRAPRADESH_VIZIANAGARAM,Andhra Pradesh,VIZIANAGARAM,2004,Kharif,2.327,-0.8638643,-2.7022276,1.8299803,-0.21369024,0.08063846,-0.2485859,-1.416125,2.7551877,1.0,0.0,0.0,0.0,1.0,0.0,0.0,0.018911778343696107
IND_ANDHRAPRADESH_VIZIANAGARAM,Andhra Pradesh,VIZIANAGARAM,2004,Rabi,1.678903,1.5494628,-3.1201065,-0.18345502,1.9597555,0.07132911,-1.3093696,-2.345977,2.5177643,1.0,0.0,0.0,0.0,0.0,1.0,0.0,0.008445354555111233
IND_ANDHRAPRADESH_WARANGAL,Andhra Pradesh,WARANGAL,2004,Kharif,2.691996,0.3260081,-1.2377573,0.1028862,-1.26713,0.48692548,0.8202323,0.3644034,1.5044774,1.0,0.0,0.0,0.0,1.0,0.0,0.0,0.005798773132631861
IND_ANDHRAPRADESH_WARANGAL,Andhra Pradesh,WARANGAL,2004,Rabi,2.91699,1.8456548,-1.2259812,-1.3807982,0.21402688,0.36059666,-0.0853582,-0.8931614,1.6091996,1.0,0.0,0.0,0.0,0.0,1.0,0.0,0.010931072122097383
IND_ANDHRAPRADESH_WESTGODAVARI,Andhra Pradesh,WEST GODAVARI,2004,Kharif,3.447999,-0.077946216,-1.0431795,0.9678047,-1.7809397,-0.74735063,0.5047783,0.7240372,3.1702588,1.0,0.0,0.0,0.0,1.0,0.0,0.0,0.010958509078634496
IND_ANDHRAPRADESH_WESTGODAVARI,Andhra Pradesh,WEST GODAVARI,2004,Rabi,4.594,0.7308336,-1.158953,-1.6026177,-1.0943298,-0.8801577,-0.65825766,-0.076671064,4.1045775,1.0,0.0,0.0,0.0,0.0,1.0,0.0,0.011680350644590883
IND_KARNATAKA_BANGALORERURAL,Karnataka,BANGALORE RURAL,2004,Kharif,2.774043,0.48313078,-1.1685456,1.9453869,1.4575173,1.479404,-1.4188602,0.37804607,0.04120359,0.0,1.0,0.0,0.0,1.0,0.0,0.0,0.01840430378529411
IND_KARNATAKA_BANGALORERURAL,Karnataka,BANGALORE RURAL,2004,Rabi,3.4,2.053207,-1.8494246,-1.2353511,1.6787143,0.77749956,-2.2144263,-1.5650872,-2.8385804,0.0,1.0,0.0,0.0,0.0,1.0,0.0,0.0169072606881359
IND_KARNATAKA_BANGALORERURAL,Karnataka,BANGALORE RURAL,2004,Summer,4.47375,-1.8334663,-2.0463097,0.65101933,0.9469642,-0.3189612,-2.671245,-1.5742966,-1.8499652,0.0,1.0,0.0,0.0,0.0,0.0,1.0,0.004906659852848793
IND_KARNATAKA_BIDAR,Karnataka,BIDAR,2004,Kharif,0.437055,-0.3069126,-1.3280427,0.17177986,-0.11827551,1.6931973,0.30728692,-0.16647094,-0.074182674,0.0,1.0,0.0,0.0,1.0,0.0,0.0,0.005607491743750648
IND_KARNATAKA_CHITRADURGA,Karnataka,CHITRADURGA,2004,Kharif,1.947546,-0.08720313,-0.6055001,0.47534946,1.0146646,1.0811285,-0.30486584,1.3911511,-1.7632123,0.0,1.0,0.0,0.0,1.0,0.0,0.0,0.014111150582657125
IND_KARNATAKA_CHITRADURGA,Karnataka,CHITRADURGA,2004,Rabi,4.127962,1.7060455,-1.6520544,-2.3599832,0.30258936,0.24466279,-1.623059,-0.4957126,-2.0871828,0.0,1.0,0.0,0.0,0.0,1.0,0.0,0.0061690586172047385
IND_KARNATAKA_CHITRADURGA,Karnataka,CHITRADURGA,2004,Summer,3.217304,-2.6139646,-1.048165,-0.5061148,0.48327172,-0.015824296,-1.5815766,-0.51556027,-2.6885538,0.0,1.0,0.0,0.0,0.0,0.0,1.0,0.01583696414811865
IND_KARNATAKA_DAKSHINAKANNADA,Karnataka,DAKSHINA KANNADA,2004,Kharif,2.270514,-0.8328303,2.6742463,0.56044483,-0.044966467,1.6477256,0.7506918,-0.34961236,1.5776885,0.0,1.0,0.0,0.0,1.0,0.0,0.0,0.013094737823048687
IND_KARNATAKA_DAKSHINAKANNADA,Karnataka,DAKSHINA KANNADA,2004,Rabi,3.298574,-1.5001242,2.0494542,-4.8966446,-0.90905404,0.71441704,-2.146594,0.31891367,1.7004201,0.0,1.0,0.0,0.0,0.0,1.0,0.0,0.011182834140920922
IND_KARNATAKA_DAKSHINAKANNADA,Karnataka,DAKSHINA KANNADA,2004,Summer,3.226157,-3.8372421,2.595919,-0.86262953,-0.2337987,-0.03795726,-0.095203206,-1.3221929,-0.28266674,0.0,1.0,0.0,0.0,0.0,0.0,1.0,0.030169900128041056
IND_KARNATAKA_DHARWAD,Karnataka,DHARWAD,2004,Kharif,0.655505,-0.7238259,-0.5537729,1.1021309,0.5165619,2.2904866,-1.0520208,1.1476159,0.13667786,0.0,1.0,0.0,0.0,1.0,0.0,0.0,0.00506090244544478
IND_KARNATAKA_DHARWAD,Karnataka,DHARWAD,2004,Summer,4.450495,-2.8588123,-0.6421691,-0.5512557,0.015852049,0.8308021,-1.7432196,-1.3408096,-2.1733708,0.0,1.0,0.0,0.0,0.0,0.0,1.0,0.003553418955503674
IND_KARNATAKA_GADAG,Karnataka,GADAG,2004,Kharif,2.061856,-0.55676603,-0.40625066,0.5009408,1.1430368,1.9175953,-0.5425525,0.8270687,-1.8391665,0.0,1.0,0.0,0.0,1.0,0.0,0.0,0.004572210748037527
IND_KARNATAKA_GADAG,Karnataka,GADAG,2004,Summer,4.040663,-3.0005438,-1.0467865,-0.8747709,-0.19535734,0.21716022,-1.6203096,-0.69969094,-2.524939,0.0,1.0,0.0,0.0,0.0,0.0,1.0,0.003031742070954422
IND_KARNATAKA_HASSAN,Karnataka,HASSAN,2004,Kharif,2.498502,-0.46817955,-0.9335009,2.4785426,0.9435153,1.8772783,-2.5360823,0.21486168,1.184609,0.0,1.0,0.0,0.0,1.0,0.0,0.0,0.00877161140811627
IND_KARNATAKA_HASSAN,Karnataka,HASSAN,2004,Rabi,4.110791,1.4953349,-1.2900335,-1.4304174,1.0879755,0.9138318,-3.377945,-1.3606608,-1.0523231,0.0,1.0,0.0,0.0,0.0,1.0,0.0,0.024494783955493045
IND_KARNATAKA_HASSAN,Karnataka,HASSAN,2004,Summer,3.732225,-2.3152764,-0.89564824,1.2153363,0.78083503,0.5985582,-2.956715,-1.8507469,-1.0773808,0.0,1.0,0.0,0.0,0.0,0.0,1.0,0.013389572173900507
IND_KARNATAKA_HAVERI,Karnataka,HAVERI,2004,Kharif,1.291994,-0.97914004,-0.34181106,2.0780663,0.23859005,2.1881907,-0.63218105,1.2175742,0.31588537,0.0,1.0,0.0,0.0,1.0,0.0,0.0,0.01570258491059678
IND_KARNATAKA_HAVERI,Karnataka,HAVERI,2004,Summer,4.473459,-3.1451616,-0.7149223,0.20435452,-0.21709724,0.6312814,-1.6654412,-0.7244749,-1.5445417,0.0,1.0,0.0,0.0,0.0,0.0,1.0,0.008707742403983337
IND_KARNATAKA_KODAGU,Karnataka,KODAGU,2004,Kharif,2.337014,-0.22559763,0.9195213,1.0312437,0.81033474,1.8310322,-1.0167695,-1.589669,2.4325392,0.0,1.0,0.0,0.0,1.0,0.0,0.0,0.005518673830631861
IND_KARNATAKA_KODAGU,Karnataka,KODAGU,2004,Rabi,3.36,1.2140578,1.3296828,-1.6327863,1.4336952,2.0191684,-2.2130394,-1.9147531,-1.6313459,0.0,1.0,0.0,0.0,0.0,1.0,0.0,0.02596343492341282
IND_KARNATAKA_KODAGU,Karnataka,KODAGU,2004,Summer,4.323224,-2.3914723,0.9785538,0.16131309,0.67606544,0.40820903,-1.5598053,-3.1161437,0.18684015,0.0,1.0,0.0,0.0,0.0,0.0,1.0,0.012525499232866737
IND_KARNATAKA_KOLAR,Karnataka,KOLAR,2004,Kharif,2.375072,0.47414085,-1.1032071,2.004005,1.3309937,1.2512598,-0.8636135,0.5210284,-0.17008421,0.0,1.0,0.0,0.0,1.0,0.0,0.0,0.011732255012204271
IND_KARNATAKA_KOLAR,Karnataka,KOLAR,2004,Summer,4.472934,-1.8371353,-2.088968,0.5915601,1.0943761,-0.43568558,-2.1673598,-1.5977163,-2.0317476,0.0,1.0,0.0,0.0,0.0,0.0,1.0,0.005698226705554223
IND_KARNATAKA_KOPPAL,Karnataka,KOPPAL,2004,Kharif,3.106499,-0.63948125,-1.2655301,0.20979133,-0.5117799,0.95279497,-0.6363898,1.7675749,-0.6484208,0.0,1.0,0.0,0.0,1.0,0.0,0.0,0.012316665846282701
IND_KARNATAKA_KOPPAL,Karnataka,KOPPAL,2004,Summer,5.168733,-3.2759175,-1.5265598,-1.4183089,-0.8973846,-0.22365713,-1.8964255,0.0052490532,-1.2997123,0.0,1.0,0.0,0.0,0.0,0.0,1.0,0.008275632160078289
IND_KARNATAKA_MANDYA,Karnataka,MANDYA,2004,Kharif,3.382003,-0.3857132,-0.7645954,1.796555,0.1686014,1.2143306,-2.2172418,1.3989855,1.1321899,0.0,1.0,0.0,0.0,1.0,0.0,0.0,0.011865964340033655
IND_KARNATAKA_MANDYA,Karnataka,MANDYA,2004,Rabi,4.135294,1.597396,-1.0088117,-2.0154102,0.6664771,0.23525667,-2.2190328,-0.9109098,-2.5229185,0.0,1.0,0.0,0.0,0.0,1.0,0.0,0.021268648120119544
IND_KARNATAKA_MANDYA,Karnataka,MANDYA,2004,Summer,4.830744,-2.4429579,-1.0984737,0.092674226,0.13100265,-0.37571654,-2.9152834,-0.9302645,-0.15556815,0.0,1.0,0.0,0.0,0.0,0.0,1.0,0.014340277309397353
IND_KARNATAKA_RAICHUR,Karnataka,RAICHUR,2004,Kharif,2.679004,-0.5745961,-1.6545182,-0.36820236,-1.6371417,0.57137465,-0.35886317,1.8519387,-0.13294378,0.0,1.0,0.0,0.0,1.0,0.0,0.0,0.008303055427226355
IND_KARNATAKA_RAICHUR,Karnataka,RAICHUR,2004,Rabi,3.372973,1.5500222,-1.4837123,-2.9631605,-0.11620267,0.24103308,-0.41185218,-0.8415431,-1.8957571,0.0,1.0,0.0,0.0,0.0,1.0,0.0,0.006062239211420184
IND_KARNATAKA_RAICHUR,Karnataka,RAICHUR,2004,Summer,3.032383,-3.1021008,-1.1063722,-2.1016622,-1.012214,-0.56363094,-1.1069537,-0.2766437,-1.3534908,0.0,1.0,0.0,0.0,0.0,0.0,1.0,0.011899245635645692
IND_KARNATAKA_UDUPI,Karnataka,UDUPI,2004,Kharif,2.422495,-0.6146411,1.770892,1.381829,-0.07658206,1.9301689,0.2817126,-0.18787801,1.8668369,0.0,1.0,0.0,0.0,1.0,0.0,0.0,0.01076265728640233
IND_KARNATAKA_UDUPI,Karnataka,UDUPI,2004,Rabi,3.185023,-0.024653813,0.96215665,-2.66578,0.17282878,1.9404153,-2.773027,-0.3014581,0.48325828,0.0,1.0,0.0,0.0,0.0,1.0,0.0,0.006172131198322606
IND_KARNATAKA_UDUPI,Karnataka,UDUPI,2004,Summer,4.474576,-3.053235,1.8195616,-0.19756174,0.5307491,1.0113294,-0.7949111,-2.1263013,-1.128919,0.0,1.0,0.0,0.0,0.0,0.0,1.0,0.009405589590032288
IND_KARNATAKA_UTTARAKANNADA,Karnataka,UTTARA KANNADA,2004,Kharif,1.776499,-1.4694941,1.8882201,0.63680494,-0.6902096,1.9587057,-0.17811693,1.2834059,1.6617982,0.0,1.0,0.0,0.0,1.0,0.0,0.0,0.009045421673254955
IND_KARNATAKA_UTTARAKANNADA,Karnataka,UTTARA KANNADA,2004,Rabi,3.142788,0.76407653,1.7904712,-2.0948708,0.20999442,2.6871364,-1.0537617,0.37363765,-0.64443386,0.0,1.0,0.0,0.0,0.0,1.0,0.0,0.008763051909924931
IND_KARNATAKA_UTTARAKANNADA,Karnataka,UTTARA KANNADA,2004,Summer,3.218334,-3.751813,2.7021034,-1.2501614,0.45593572,1.1199526,-1.4496207,-0.27872694,-0.8770473,0.0,1.0,0.0,0.0,0.0,0.0,1.0,0.007934595028870986
IND_TAMILNADU_COIMBATORE,Tamil Nadu,COIMBATORE,2004,Kharif,3.378091,-0.3692997,1.367562,1.4435297,1.5139828,1.6043899,-1.3096256,0.56775904,-0.20339364,0.0,0.0,1.0,0.0,1.0,0.0,0.0,0.006402131020073302
IND_TAMILNADU_CUDDALORE,Tamil Nadu,CUDDALORE,2004,Kharif,2.754841,0.031258956,1.0256661,0.6473397,-1.2947304,-0.55664396,1.0209599,1.4390672,1.3207456,0.0,0.0,1.0,0.0,1.0,0.0,0.0,0.01122890372527124
IND_TAMILNADU_DHARMAPURI,Tamil Nadu,DHARMAPURI,2004,Kharif,2.771685,1.1100881,0.25925732,1.1688945,0.36963844,0.809711,0.059151903,0.31276214,0.51979506,0.0,0.0,1.0,0.0,1.0,0.0,0.0,0.0032843938913210235
IND_TAMILNADU_DINDIGUL,Tamil Nadu,DINDIGUL,2004,Kharif,3.530312,0.26256067,0.51525563,1.8199136,0.84174836,0.61784333,-0.57796115,1.26938,-0.1522617,0.0,0.0,1.0,0.0,1.0,0.0,0.0,0.009492819077677888
IND_TAMILNADU_ERODE,Tamil Nadu,ERODE,2004,Kharif,3.907113,1.0197635,0.49544084,0.60224605,-0.38926107,0.18609709,-0.70959157,0.37091205,0.89663994,0.0,0.0,1.0,0.0,1.0,0.0,0.0,0.004162552573260585
IND_TAMILNADU_KANNIYAKUMARI,Tamil Nadu,KANNIYAKUMARI,2004,Kharif,3.928325,-0.049073175,2.4344447,1.8430316,0.9960963,1.5180207,-0.29378068,1.7350997,0.91206944,0.0,0.0,1.0,0.0,1.0,0.0,0.0,0.007536178028345346
IND_TAMILNADU_KARUR,Tamil Nadu,KARUR,2004,Kharif,2.97691,1.1560203,0.9325688,0.7390003,0.26207298,0.39866915,0.5728868,0.76382077,-0.14253733,0.0,0.0,1.0,0.0,1.0,0.0,0.0,0.00561451901757865
IND_TAMILNADU_KRISHNAGIRI,Tamil Nadu,KRISHNAGIRI,2004,Kharif,2.568331,0.48796505,-0.38973927,1.822612,0.66698086,1.0551581,-0.42385823,0.82080066,0.2770366,0.0,0.0,1.0,0.0,1.0,0.0,0.0,0.007748598217521633
IND_TAMILNADU_MADURAI,Tamil Nadu,MADURAI,2004,Kharif,3.256411,1.384691,1.3932602,1.1629741,-0.74820477,0.20424575,0.3568319,0.8877511,1.6309237,0.0,0.0,1.0,0.0,1.0,0.0,0.0,0.004000429882756398
IND_TAMILNADU_NAMAKKAL,Tamil Nadu,NAMAKKAL,2004,Kharif,3.184362,1.186346,0.88917243,0.66226304,0.29867214,0.6387935,0.4163382,0.14070946,-0.0013018548,0.0,0.0,1.0,0.0,1.0,0.0,0.0,0.004822199179789446
IND_TAMILNADU_PERAMBALUR,Tamil Nadu,PERAMBALUR,2004,Kharif,2.336865,0.83132726,0.57818806,1.2139475,-0.21510564,0.068659864,0.37666172,0.88359666,0.63700247,0.0,0.0,1.0,0.0,1.0,0.0,0.0,0.006294206294057608
IND_TAMILNADU_PUDUKKOTTAI,Tamil Nadu,PUDUKKOTTAI,2004,Kharif,2.948751,0.74028045,1.1569494,0.77585924,-0.9759939,-0.51000935,0.5996069,1.4508233,1.1845306,0.0,0.0,1.0,0.0,1.0,0.0,0.0,0.005887364389425782
IND_TAMILNADU_RAMANATHAPURAM,Tamil Nadu,RAMANATHAPURAM,2004,Kharif,2.011737,-0.83549625,1.7628329,1.378294,-0.5498415,-0.08455276,0.20240562,3.0670452,1.4254428,0.0,0.0,1.0,0.0,1.0,0.0,0.0,0.008887097793423615
IND_TAMILNADU_SALEM,Tamil Nadu,SALEM,2004,Kharif,3.538895,1.1028714,0.6474181,0.851027,-0.092375174,0.34142545,0.30827612,0.4334899,0.53033555,0.0,0.0,1.0,0.0,1.0,0.0,0.0,0.004852770999863304
IND_TAMILNADU_SIVAGANGA,Tamil Nadu,SIVAGANGA,2004,Kharif,2.108679,0.8037829,1.5682092,0.8735068,-0.83618236,-0.24309665,0.67675024,1.4894171,1.3882147,0.0,0.0,1.0,0.0,1.0,0.0,0.0,0.006341639360454631
IND_TAMILNADU_THANJAVUR,Tamil Nadu,THANJAVUR,2004,Kharif,2.735374,-1.055567,1.3912262,0.6255454,-1.369925,-0.9447179,0.58362174,2.4221504,1.2969328,0.0,0.0,1.0,0.0,1.0,0.0,0.0,0.007152390178014485
IND_TAMILNADU_THENILGIRIS,Tamil Nadu,THE NILGIRIS,2004,Kharif,3.300762,-0.21144901,0.86009884,1.3510162,2.079296,2.1863048,-2.3235502,-0.25534046,-0.68819106,0.0,0.0,1.0,0.0,1.0,0.0,0.0,0.012228361360056672
IND_TAMILNADU_THENI,Tamil Nadu,THENI,2004,Kharif,4.033303,0.40053207,0.70474154,1.79633,1.1746739,1.242559,-1.7140968,-0.06940648,0.7972796,0.0,0.0,1.0,0.0,1.0,0.0,0.0,0.004085664780360778
IND_TAMILNADU_THIRUVALLUR,Tamil Nadu,THIRUVALLUR,2004,Kharif,2.995265,-0.48983204,0.9309913,0.33629063,-0.59442294,-0.254103,1.4894738,1.0210916,0.69742644,0.0,0.0,1.0,0.0,1.0,0.0,0.0,0.007138641492092365
IND_TAMILNADU_THIRUVARUR,Tamil Nadu,THIRUVARUR,2004,Kharif,1.613675,-0.92987883,1.3475691,0.6242651,-1.2260823,-1.0129461,0.7151022,2.2718341,1.2635504,0.0,0.0,1.0,0.0,1.0,0.0,0.0,0.00793829473851186
IND_TAMILNADU_TIRUCHIRAPPALLI,Tamil Nadu,TIRUCHIRAPPALLI,2004,Kharif,3.303371,0.8020528,0.8616705,0.88654554,-0.48574704,-0.06432942,0.5517386,1.329224,0.6304153,0.0,0.0,1.0,0.0,1.0,0.0,0.0,0.004992080631114142
IND_TAMILNADU_TIRUNELVELI,Tamil Nadu,TIRUNELVELI,2004,Kharif,4.133499,0.004742028,2.1501076,2.1500533,-0.16376592,0.7235311,-0.4218539,2.0443127,2.3283982,0.0,0.0,1.0,0.0,1.0,0.0,0.0,0.00728685766902825
IND_TAMILNADU_TIRUVANNAMALAI,Tamil Nadu,TIRUVANNAMALAI,2004,Kharif,2.829028,0.64289254,0.6023623,1.1484616,-1.2501287,-0.12463734,0.6878316,1.2167295,1.8814479,0.0,0.0,1.0,0.0,1.0,0.0,0.0,0.006424415067319911
IND_TAMILNADU_VELLORE,Tamil Nadu,VELLORE,2004,Kharif,3.066261,0.66663444,-0.4521752,1.6300601,0.2625314,0.59439456,0.0076159686,0.95880747,0.5710634,0.0,0.0,1.0,0.0,1.0,0.0,0.0,0.014210515350539934
IND_ANDHRAPRADESH_ADILABAD,Andhra Pradesh,ADILABAD,2005,Kharif,2.571994,-0.6447484,-1.3471036,0.6024245,-0.8137677,1.3675288,0.82479787,-0.3178968,1.0438342,1.0,0.0,0.0,0.0,1.0,0.0,0.0,0.004585353280129774
IND_ANDHRAPRADESH_ADILABAD,Andhra Pradesh,ADILABAD,2005,Rabi,2.386013,0.97048753,-2.1011548,-2.9379518,-0.23763157,-0.21343705,-0.13451196,-1.9327601,0.19553879,1.0,0.0,0.0,0.0,0.0,1.0,0.0,0.007998682596641113
IND_ANDHRAPRADESH_ANANTAPUR,Andhra Pradesh,ANANTAPUR,2005,Kharif,2.797985,-0.31719172,-0.35122836,1.2550334,0.3561175,0.9636588,0.20600457,1.2500944,-0.03331366,1.0,0.0,0.0,0.0,1.0,0.0,0.0,0.01005378406488288
IND_ANDHRAPRADESH_ANANTAPUR,Andhra Pradesh,ANANTAPUR,2005,Rabi,2.401996,1.4806961,-1.8755074,-2.216996,-0.76054597,-0.8924584,-1.1886861,0.23212475,-1.5600356,1.0,0.0,0.0,0.0,0.0,1.0,0.0,0.005538611493362723
IND_ANDHRAPRADESH_CHITTOOR,Andhra Pradesh,CHITTOOR,2005,Kharif,2.288978,0.041844532,-0.46699083,2.000025,0.51193905,0.71306777,0.19713484,0.35661432,0.018598795,1.0,0.0,0.0,0.0,1.0,0.0,0.0,0.01318603849795448
IND_ANDHRAPRADESH_CHITTOOR,Andhra Pradesh,CHITTOOR,2005,Rabi,2.917997,1.9773275,-2.3489015,-0.020465642,0.032311,-0.79428786,-2.3657007,0.058252275,0.8716222,1.0,0.0,0.0,0.0,0.0,1.0,0.0,0.009147076313287605
IND_ANDHRAPRADESH_EASTGODAVARI,Andhra Pradesh,EAST GODAVARI,2005,Kharif,1.603999,-2.15362,-0.30931795,0.91362095,-2.1224742,-1.6590642,1.382805,-0.35392904,2.4489021,1.0,0.0,0.0,0.0,1.0,0.0,0.0,0.011011331118149108
IND_ANDHRAPRADESH_EASTGODAVARI,Andhra Pradesh,EAST GODAVARI,2005,Rabi,4.711003,0.54743785,-1.5980515,-1.628855,-1.3098739,-1.910283,0.19679494,0.08777854,2.9144952,1.0,0.0,0.0,0.0,0.0,1.0,0.0,0.006749899526612202
IND_ANDHRAPRADESH_GUNTUR,Andhra Pradesh,GUNTUR,2005,Kharif,3.09,-1.9353755,-0.96258557,0.5285456,-3.0838058,-1.7547797,0.79396087,0.9434633,1.8997358,1.0,0.0,0.0,0.0,1.0,0.0,0.0,0.02467897662874423
IND_ANDHRAPRADESH_GUNTUR,Andhra Pradesh,GUNTUR,2005,Rabi,3.548992,0.93510866,-0.9363605,-1.791779,-0.331172,-1.1234441,1.0632678,0.10030107,0.2457206,1.0,0.0,0.0,0.0,0.0,1.0,0.0,0.005403481258220871
IND_ANDHRAPRADESH_KARIMNAGAR,Andhra Pradesh,KARIMNAGAR,2005,Kharif,3.412998,-0.5307484,-1.4524481,1.0039941,-1.3837471,0.7878009,0.6699053,0.27015537,1.7030034,1.0,0.0,0.0,0.0,1.0,0.0,0.0,0.008150548520264426
IND_ANDHRAPRADESH_KARIMNAGAR,Andhra Pradesh,KARIMNAGAR,2005,Rabi,3.438999,0.5515141,-2.4975247,-2.9891272,-1.667341,-1.1644615,-0.32767856,-1.2813011,1.106762,1.0,0.0,0.0,0.0,0.0,1.0,0.0,0.004940392013870028
IND_ANDHRAPRADESH_KHAMMAM,Andhra Pradesh,KHAMMAM,2005,Kharif,2.573,-0.6827546,-0.7998348,1.144423,-1.3708504,-0.016725667,0.9435872,0.04670915,2.2013886,1.0,0.0,0.0,0.0,1.0,0.0,0.0,0.01339265489452506
IND_ANDHRAPRADESH_KHAMMAM,Andhra Pradesh,KHAMMAM,2005,Rabi,2.970008,1.4395329,-1.2167577,-1.7870039,-0.5495235,-0.7518086,0.75379336,-0.5248114,1.1632831,1.0,0.0,0.0,0.0,0.0,1.0,0.0,0.006228925528334746
IND_ANDHRAPRADESH_KRISHNA,Andhra Pradesh,KRISHNA,2005,Kharif,2.734998,-1.3762519,-0.5430332,0.8928243,-2.6181777,-1.5379041,1.1509765,0.43825912,2.4115274,1.0,0.0,0.0,0.0,1.0,0.0,0.0,0.01802693367920227
IND_ANDHRAPRADESH_KRISHNA,Andhra Pradesh,KRISHNA,2005,Rabi,3.924002,0.735233,-1.1489844,-2.1307375,-1.420645,-1.761272,0.94860184,0.10186428,1.4595531,1.0,0.0,0.0,0.0,0.0,1.0,0.0,0.006536789916155359
IND_ANDHRAPRADESH_KURNOOL,Andhra Pradesh,KURNOOL,2005,Kharif,3.304003,-0.27794734,-0.7437018,1.2381113,-0.732301,0.8680268,0.26156032,1.2595632,1.1850994,1.0,0.0,0.0,0.0,1.0,0.0,0.0,0.007272289278323851
IND_ANDHRAPRADESH_KURNOOL,Andhra Pradesh,KURNOOL,2005,Rabi,3.28602,1.7160937,-1.6234481,-2.1294668,-0.7191909,-0.5729673,-0.34948778,0.07452494,-0.7854053,1.0,0.0,0.0,0.0,0.0,1.0,0.0,0.0027256461147410487
IND_ANDHRAPRADESH_MAHBUBNAGAR,Andhra Pradesh,MAHBUBNAGAR,2005,Kharif,2.462994,-0.76715934,-1.1484067,1.4061315,-0.46746337,1.081459,0.22671515,0.7351965,0.9792887,1.0,0.0,0.0,0.0,1.0,0.0,0.0,0.003551331111893644
IND_ANDHRAPRADESH_MAHBUBNAGAR,Andhra Pradesh,MAHBUBNAGAR,2005,Rabi,2.553009,1.2560616,-2.2289093,-2.0040848,-0.8857765,-0.66717064,-0.981509,-0.46599355,-0.09109202,1.0,0.0,0.0,0.0,0.0,1.0,0.0,0.00433221800892273
IND_ANDHRAPRADESH_MEDAK,Andhra Pradesh,MEDAK,2005,Kharif,2.885,-0.78508353,-1.4306515,1.4314997,-0.41790074,1.3784856,0.31687355,0.061766386,0.88915884,1.0,0.0,0.0,0.0,1.0,0.0,0.0,0.004324078473839055
IND_ANDHRAPRADESH_MEDAK,Andhra Pradesh,MEDAK,2005,Rabi,2.935982,1.0379184,-2.4814403,-2.3945138,-0.36194384,-0.34305727,-0.9698012,-1.3219603,-0.0863308,1.0,0.0,0.0,0.0,0.0,1.0,0.0,0.008992039474617039
IND_ANDHRAPRADESH_NALGONDA,Andhra Pradesh,NALGONDA,2005,Kharif,2.845003,-0.5815543,-1.182467,1.0370709,-1.5120075,0.4352173,0.5897557,0.9106816,1.6188384,1.0,0.0,0.0,0.0,1.0,0.0,0.0,0.009694886305628172
IND_ANDHRAPRADESH_NALGONDA,Andhra Pradesh,NALGONDA,2005,Rabi,3.208998,0.85518837,-2.1975148,-2.3807251,-1.9879138,-1.3912841,-0.36589313,-0.13911563,1.2839365,1.0,0.0,0.0,0.0,0.0,1.0,0.0,0.01237498599143386
IND_ANDHRAPRADESH_NIZAMABAD,Andhra Pradesh,NIZAMABAD,2005,Kharif,3.482005,-0.6736121,-1.5798632,1.2110963,-0.9458177,1.3471248,0.35039598,0.18622823,1.2572027,1.0,0.0,0.0,0.0,1.0,0.0,0.0,0.006193746257183383
IND_ANDHRAPRADESH_NIZAMABAD,Andhra Pradesh,NIZAMABAD,2005,Rabi,3.192001,0.6945652,-2.472645,-2.877147,-0.81162,-0.5143537,-0.7936822,-1.5446005,0.08319792,1.0,0.0,0.0,0.0,0.0,1.0,0.0,0.006158216529213639
IND_ANDHRAPRADESH_PRAKASAM,Andhra Pradesh,PRAKASAM,2005,Kharif,2.653999,-1.6683426,0.34990138,-0.48300254,-0.5229988,-0.53225684,1.8218594,0.60363376,-0.20010237,1.0,0.0,0.0,0.0,1.0,0.0,0.0,0.022531123895205615
IND_ANDHRAPRADESH_PRAKASAM,Andhra Pradesh,PRAKASAM,2005,Rabi,3.588003,0.1004605,-1.4907551,-1.0988586,-0.284391,-0.96539974,0.34822005,1.5632814,0.5980712,1.0,0.0,0.0,0.0,0.0,1.0,0.0,0.02289072037650459
IND_ANDHRAPRADESH_SRIKAKULAM,Andhra Pradesh,SRIKAKULAM,2005,Kharif,1.767999,-4.150476,-0.058246717,0.57541,-1.204024,-1.6012957,1.9756899,0.07018009,1.4714015,1.0,0.0,0.0,0.0,1.0,0.0,0.0,0.022358309580144103
IND_ANDHRAPRADESH_SRIKAKULAM,Andhra Pradesh,SRIKAKULAM,2005,Rabi,2.384942,-0.46096435,-2.7110894,-0.14919391,2.0110104,-0.9529512,1.2972054,0.26327327,0.7518935,1.0,0.0,0.0,0.0,0.0,1.0,0.0,0.012514027218256682
IND_ANDHRAPRADESH_VIZIANAGARAM,Andhra Pradesh,VIZIANAGARAM,2005,Kharif,1.39,-1.8814908,-2.1296542,2.1489985,-0.3594185,-0.01674854,0.33070707,-1.837412,2.0174186,1.0,0.0,0.0,0.0,1.0,0.0,0.0,0.021899130867726064
IND_ANDHRAPRADESH_VIZIANAGARAM,Andhra Pradesh,VIZIANAGARAM,2005,Rabi,2.541067,1.0414944,-2.9172838,-0.45593894,1.5737059,-0.50229156,-1.0170326,-2.4131215,1.9192351,1.0,0.0,0.0,0.0,0.0,1.0,0.0,0.011826866450987787
IND_ANDHRAPRADESH_WARANGAL,Andhra Pradesh,WARANGAL,2005,Kharif,3.163998,-0.24594872,-1.0808898,1.1577436,-1.2267706,0.6267662,0.7534177,0.30832922,1.9840585,1.0,0.0,0.0,0.0,1.0,0.0,0.0,0.008351254432207125
IND_ANDHRAPRADESH_WARANGAL,Andhra Pradesh,WARANGAL,2005,Rabi,3.282994,1.1763296,-1.8174586,-2.296805,-0.95418656,-0.8127658,0.24858798,-0.8291111,0.9446161,1.0,0.0,0.0,0.0,0.0,1.0,0.0,0.00399355002570097
IND_ANDHRAPRADESH_WESTGODAVARI,Andhra Pradesh,WEST GODAVARI,2005,Kharif,1.877,-1.2110969,-0.6161436,1.4864519,-2.3252754,-1.3908464,0.99097073,0.16663828,2.9133682,1.0,0.0,0.0,0.0,1.0,0.0,0.0,0.02392524336305346
IND_ANDHRAPRADESH_WESTGODAVARI,Andhra Pradesh,WEST GODAVARI,2005,Rabi,4.609999,0.64482373,-1.7587658,-1.8142884,-1.7324193,-1.9106365,-0.14647786,0.029773533,2.8840334,1.0,0.0,0.0,0.0,0.0,1.0,0.0,0.005582315132311648
IND_KARNATAKA_BANGALORERURAL,Karnataka,BANGALORE RURAL,2005,Kharif,2.279885,-0.33055338,-0.76888746,2.5398743,1.1700672,1.5045694,-0.9596057,0.058882385,-0.06693825,0.0,1.0,0.0,0.0,1.0,0.0,0.0,0.01177818853750271
IND_KARNATAKA_BANGALORERURAL,Karnataka,BANGALORE RURAL,2005,Rabi,2.222222,2.0266051,-1.7298208,-0.67336535,1.9384651,1.1416613,-2.1509936,-1.53043,-1.8726373,0.0,1.0,0.0,0.0,0.0,1.0,0.0,0.0074036642766134005
IND_KARNATAKA_BANGALORERURAL,Karnataka,BANGALORE RURAL,2005,Summer,3.10936,-1.6283798,-1.6454554,0.37333134,0.51285166,-0.6176799,-2.492207,-1.7571596,-1.260518,0.0,1.0,0.0,0.0,0.0,0.0,1.0,0.009355694669577617
IND_KARNATAKA_BIDAR,Karnataka,BIDAR,2005,Kharif,0.545858,-0.77709043,-1.0119427,1.0133628,0.010726437,1.9647211,0.38799816,-0.4422473,0.1853979,0.0,1.0,0.0,0.0,1.0,0.0,0.0,0.007723654685479841
IND_KARNATAKA_BIDAR,Karnataka,BIDAR,2005,Rabi,1.607143,1.090369,-2.0141416,-3.0279062,0.33926266,0.4911351,-0.64318365,-2.049583,-1.5872296,0.0,1.0,0.0,0.0,0.0,1.0,0.0,0.011458688697196955
IND_KARNATAKA_CHITRADURGA,Karnataka,CHITRADURGA,2005,Kharif,2.718688,-0.7187225,0.06456871,1.422603,1.3356963,1.7831694,-0.29417795,0.90944755,-1.005713,0.0,1.0,0.0,0.0,1.0,0.0,0.0,0.00828487628338241
IND_KARNATAKA_CHITRADURGA,Karnataka,CHITRADURGA,2005,Rabi,3.099141,1.2601156,-1.4907045,-2.5227835,0.032717243,0.0021192953,-1.7302661,-0.38410556,-2.0940368,0.0,1.0,0.0,0.0,0.0,1.0,0.0,0.007328623601066478
IND_KARNATAKA_CHITRADURGA,Karnataka,CHITRADURGA,2005,Summer,2.956378,-2.4590087,-0.8334832,-1.1202006,-0.38852292,-0.61519563,-1.4558444,-0.49270526,-2.0283866,0.0,1.0,0.0,0.0,0.0,0.0,1.0,0.009234890534659654
IND_KARNATAKA_DAKSHINAKANNADA,Karnataka,DAKSHINA KANNADA,2005,Kharif,2.412068,-1.3099029,2.9390454,0.7800995,-0.09815791,1.2758378,1.2092776,-1.0197251,1.425747,0.0,1.0,0.0,0.0,1.0,0.0,0.0,0.026450029173389466
IND_KARNATAKA_DAKSHINAKANNADA,Karnataka,DAKSHINA KANNADA,2005,Rabi,2.161834,-1.426793,2.0475843,-4.609404,-0.879514,0.7514865,-2.034559,0.2902409,1.6521003,0.0,1.0,0.0,0.0,0.0,1.0,0.0,0.007902302677307406
IND_KARNATAKA_DAKSHINAKANNADA,Karnataka,DAKSHINA KANNADA,2005,Summer,1.951548,-3.390505,2.7691777,-1.432032,0.06301188,-0.118429966,-0.3602128,-1.1734049,-0.5565059,0.0,1.0,0.0,0.0,0.0,0.0,1.0,0.007083892147824084
IND_KARNATAKA_DHARWAD,Karnataka,DHARWAD,2005,Kharif,1.728849,-1.383332,-0.17989837,1.9631295,0.60087174,2.544605,-0.748358,0.63600576,0.26402274,0.0,1.0,0.0,0.0,1.0,0.0,0.0,0.005633860858522764
IND_KARNATAKA_DHARWAD,Karnataka,DHARWAD,2005,Summer,3.099315,-2.7338076,-0.58959574,-0.806865,-0.19700126,0.62280047,-1.5049502,-1.6487249,-1.9962517,0.0,1.0,0.0,0.0,0.0,0.0,1.0,0.004173681795230552
IND_KARNATAKA_GADAG,Karnataka,GADAG,2005,Kharif,4.446129,-1.0833757,0.088761225,1.229648,1.1897112,2.503099,-0.67643356,0.67331886,-0.94237006,0.0,1.0,0.0,0.0,1.0,0.0,0.0,0.004688709279976465
IND_KARNATAKA_GADAG,Karnataka,GADAG,2005,Summer,4.049678,-2.832515,-0.8831784,-1.0452085,-0.37713552,0.109008454,-1.3684723,-1.0484214,-2.1824248,0.0,1.0,0.0,0.0,0.0,0.0,1.0,0.006570435119625878
IND_KARNATAKA_HASSAN,Karnataka,HASSAN,2005,Kharif,2.286337,-1.2274588,-0.5996669,3.1132479,0.77341086,1.808869,-1.7946557,-0.15190423,0.89918375,0.0,1.0,0.0,0.0,1.0,0.0,0.0,0.00949109124149744
IND_KARNATAKA_HASSAN,Karnataka,HASSAN,2005,Rabi,1.725038,1.3622816,-1.043731,-1.1330206,1.209993,1.143445,-3.2361457,-1.4391968,-0.75798464,0.0,1.0,0.0,0.0,0.0,1.0,0.0,0.012634102509692734
IND_KARNATAKA_HASSAN,Karnataka,HASSAN,2005,Summer,2.235284,-1.9086033,-0.7714064,0.39490962,0.3357824,-0.18690342,-2.9809985,-1.9098186,-0.6538602,0.0,1.0,0.0,0.0,0.0,0.0,1.0,0.0073965655245769035
IND_KARNATAKA_HAVERI,Karnataka,HAVERI,2005,Kharif,2.067473,-1.8085468,0.11541243,2.7956495,0.47353858,2.4338863,-0.36518973,0.56694007,0.22237608,0.0,1.0,0.0,0.0,1.0,0.0,0.0,0.010447010845730246
IND_KARNATAKA_HAVERI,Karnataka,HAVERI,2005,Summer,3.173988,-2.860632,-0.5956826,-0.3271154,-0.49288583,0.16361758,-1.5243889,-0.9887818,-1.5601481,0.0,1.0,0.0,0.0,0.0,0.0,1.0,0.009225144930669074
IND_KARNATAKA_KODAGU,Karnataka,KODAGU,2005,Kharif,2.304761,-0.6517465,1.1300217,1.4202752,0.7679121,1.5795579,-0.6723049,-1.8582289,2.1422539,0.0,1.0,0.0,0.0,1.0,0.0,0.0,0.016773204008504596
IND_KARNATAKA_KODAGU,Karnataka,KODAGU,2005,Rabi,2.215385,1.1472948,1.2513126,-1.4824883,1.3386902,2.011149,-2.1682467,-1.8780819,-1.2432222,0.0,1.0,0.0,0.0,0.0,1.0,0.0,0.02117901914293117
IND_KARNATAKA_KODAGU,Karnataka,KODAGU,2005,Summer,2.149223,-2.050353,1.231765,-0.4569122,0.7458151,0.35812354,-1.9178724,-2.7865741,-0.2742641,0.0,1.0,0.0,0.0,0.0,0.0,1.0,0.015602858396240715
IND_KARNATAKA_KOLAR,Karnataka,KOLAR,2005,Kharif,2.248189,-0.26253262,-0.6572474,2.420856,1.0762205,1.2787427,-0.4428084,0.11283919,-0.41645068,0.0,1.0,0.0,0.0,1.0,0.0,0.0,0.01904653343552626
IND_KARNATAKA_KOLAR,Karnataka,KOLAR,2005,Rabi,2.2,1.9768159,-1.546692,-0.21586916,2.1426854,1.2485342,-1.607609,-1.4816037,-1.3334894,0.0,1.0,0.0,0.0,0.0,1.0,0.0,0.010606934070316322
IND_KARNATAKA_KOLAR,Karnataka,KOLAR,2005,Summer,4.408953,-1.8021369,-1.7885134,0.37451616,0.34419703,-0.9698384,-2.442205,-1.518836,-0.5559119,0.0,1.0,0.0,0.0,0.0,0.0,1.0,0.014656577759720032
IND_KARNATAKA_KOPPAL,Karnataka,KOPPAL,2005,Kharif,3.21928,-1.1356595,-0.71600354,1.1731496,0.14882253,1.6744816,-0.6156355,1.51602,0.2819965,0.0,1.0,0.0,0.0,1.0,0.0,0.0,0.004616736333269193
IND_KARNATAKA_KOPPAL,Karnataka,KOPPAL,2005,Summer,3.642302,-3.0004902,-1.3892651,-1.545389,-1.0242447,-0.4619733,-1.6966262,-0.34588328,-1.0620842,0.0,1.0,0.0,0.0,0.0,0.0,1.0,0.00925408471222145
IND_KARNATAKA_MANDYA,Karnataka,MANDYA,2005,Kharif,2.964595,-1.0124414,-0.2960809,2.2910144,0.18097986,1.2060353,-1.585007,1.0336374,0.8100033,0.0,1.0,0.0,0.0,1.0,0.0,0.0,0.006941059836901807
IND_KARNATAKA_MANDYA,Karnataka,MANDYA,2005,Rabi,2.5,1.6677992,-0.5820127,-1.3597809,1.47932,1.1,-2.0041614,-1.3908474,-2.6620033,0.0,1.0,0.0,0.0,0.0,1.0,0.0,0.010308911808209975
IND_KARNATAKA_MANDYA,Karnataka,MANDYA,2005,Summer,3.326921,-1.9403613,-0.71105725,-0.20208946,-0.10626872,-0.82364655,-2.5710735,-1.137525,-0.35270768,0.0,1.0,0.0,0.0,0.0,0.0,1.0,0.012451461826742288
IND_KARNATAKA_RAICHUR,Karnataka,RAICHUR,2005,Kharif,2.721421,-0.8804169,-1.0911591,0.9653336,-0.9728404,1.3299171,-0.41305208,1.6535395,1.1708034,0.0,1.0,0.0,0.0,1.0,0.0,0.0,0.004118249212215004
IND_KARNATAKA_RAICHUR,Karnataka,RAICHUR,2005,Summer,2.002605,-3.5976243,-1.2433519,-2.9219296,-1.693336,-1.0314133,-1.5266395,-0.298544,-0.39509705,0.0,1.0,0.0,0.0,0.0,0.0,1.0,0.010094581383824823
IND_KARNATAKA_UDUPI,Karnataka,UDUPI,2005,Kharif,2.563403,-0.97558385,2.1116152,1.6992607,-0.09383118,1.9368881,0.6570959,-0.83529985,1.8582035,0.0,1.0,0.0,0.0,1.0,0.0,0.0,0.017434248834395583
IND_KARNATAKA_UDUPI,Karnataka,UDUPI,2005,Rabi,2.105041,-0.055820964,0.9408438,-2.4590814,0.22701381,1.9393703,-2.772716,-0.35051525,0.5807438,0.0,1.0,0.0,0.0,0.0,1.0,0.0,0.00613306868721343
IND_KARNATAKA_UDUPI,Karnataka,UDUPI,2005,Summer,2.315068,-2.7734342,2.044244,-0.7033969,0.74675417,0.8756617,-1.1003883,-2.026408,-1.439742,0.0,1.0,0.0,0.0,0.0,0.0,1.0,0.0071038321589269576
IND_KARNATAKA_UTTARAKANNADA,Karnataka,UTTARA KANNADA,2005,Kharif,2.011923,-2.1517076,1.9410186,0.9251982,-0.8627356,1.7708972,0.3281703,0.6937523,1.7461478,0.0,1.0,0.0,0.0,1.0,0.0,0.0,0.00856962302862015
IND_KARNATAKA_UTTARAKANNADA,Karnataka,UTTARA KANNADA,2005,Rabi,2.176355,0.586999,1.843311,-1.9032865,0.37293696,2.8474562,-1.1916649,0.32920286,-0.5309409,0.0,1.0,0.0,0.0,0.0,1.0,0.0,0.006717721110669277
IND_KARNATAKA_UTTARAKANNADA,Karnataka,UTTARA KANNADA,2005,Summer,2.363592,-3.5425355,2.7255888,-1.4761548,0.50750136,0.90356517,-1.3665785,-0.4968728,-0.88094854,0.0,1.0,0.0,0.0,0.0,0.0,1.0,0.011019929382362773
IND_TAMILNADU_COIMBATORE,Tamil Nadu,COIMBATORE,2005,Kharif,2.790305,-0.71128553,1.4371743,1.469944,1.4574671,1.2427616,-1.0895243,0.3478713,-0.5490595,0.0,0.0,1.0,0.0,1.0,0.0,0.0,0.007831775135662963
IND_TAMILNADU_CUDDALORE,Tamil Nadu,CUDDALORE,2005,Kharif,1.91043,-0.49920693,1.1667583,-0.26980796,-2.0448196,-1.4737363,1.6046565,0.8541486,0.40864608,0.0,0.0,1.0,0.0,1.0,0.0,0.0,0.014131605746309334
IND_TAMILNADU_DHARMAPURI,Tamil Nadu,DHARMAPURI,2005,Kharif,2.942149,0.3932822,0.29529756,1.2823876,-0.20817317,0.20229948,0.20166324,0.011836231,0.18848711,0.0,0.0,1.0,0.0,1.0,0.0,0.0,0.010481130959561089
IND_TAMILNADU_DINDIGUL,Tamil Nadu,DINDIGUL,2005,Kharif,3.172699,0.16642387,0.51044196,1.8885472,0.6477207,0.3632104,-0.36944407,1.1828438,-0.43636063,0.0,0.0,1.0,0.0,1.0,0.0,0.0,0.021261946984693122
IND_TAMILNADU_ERODE,Tamil Nadu,ERODE,2005,Kharif,4.12421,0.49328628,0.71059144,0.48524818,-0.45709825,-0.14682716,-0.4539169,-0.008273393,0.17466235,0.0,0.0,1.0,0.0,1.0,0.0,0.0,0.010942112031444932
IND_TAMILNADU_KANNIYAKUMARI,Tamil Nadu,KANNIYAKUMARI,2005,Kharif,3.801327,0.0051448513,2.4071383,1.8036491,0.925099,1.4335483,-0.13867952,1.579536,0.75670373,0.0,0.0,1.0,0.0,1.0,0.0,0.0,0.008476740438017322
IND_TAMILNADU_KARUR,Tamil Nadu,KARUR,2005,Kharif,2.621209,0.91538244,0.8950467,0.16380958,0.039661244,-0.13383627,0.7589536,0.5197185,-1.137982,0.0,0.0,1.0,0.0,1.0,0.0,0.0,0.03735946532658059
IND_TAMILNADU_KRISHNAGIRI,Tamil Nadu,KRISHNAGIRI,2005,Kharif,2.629527,-0.010809256,-0.17526485,2.1696336,0.29512092,0.8182067,-0.052762136,0.4690507,0.050858706,0.0,0.0,1.0,0.0,1.0,0.0,0.0,0.010962781304780357
IND_TAMILNADU_MADURAI,Tamil Nadu,MADURAI,2005,Kharif,3.30289,1.2793572,1.4748124,0.9784374,-1.1147903,-0.14650556,0.46026307,0.7896304,1.1956214,0.0,0.0,1.0,0.0,1.0,0.0,0.0,0.018132516159872453
IND_TAMILNADU_NAMAKKAL,Tamil Nadu,NAMAKKAL,2005,Kharif,3.655764,0.6934656,0.8723619,0.37982687,-0.18565299,-0.022666723,0.5638227,-0.06722063,-0.5534854,0.0,0.0,1.0,0.0,1.0,0.0,0.0,0.02093156381953608
IND_TAMILNADU_PERAMBALUR,Tamil Nadu,PERAMBALUR,2005,Kharif,2.49308,0.44788128,0.658602,0.7731608,-0.5818769,-0.40926874,0.64543724,0.3701494,-0.17803138,0.0,0.0,1.0,0.0,1.0,0.0,0.0,0.02262184652063469
IND_TAMILNADU_PUDUKKOTTAI,Tamil Nadu,PUDUKKOTTAI,2005,Kharif,2.422937,0.32227767,1.1286879,-0.15571293,-1.6590827,-1.294015,0.9644202,1.2266377,0.11674303,0.0,0.0,1.0,0.0,1.0,0.0,0.0,0.019176310772806394
IND_TAMILNADU_RAMANATHAPURAM,Tamil Nadu,RAMANATHAPURAM,2005,Kharif,1.939472,-1.0301359,1.814023,1.1405702,-0.80928373,-0.45149863,0.534736,2.982412,0.9042115,0.0,0.0,1.0,0.0,1.0,0.0,0.0,0.018830028424340645
IND_TAMILNADU_SALEM,Tamil Nadu,SALEM,2005,Kharif,3.677963,0.58828115,0.67079926,0.5551752,-0.5604546,-0.2315171,0.4563051,0.1426116,-0.16722801,0.0,0.0,1.0,0.0,1.0,0.0,0.0,0.020406290547986296
IND_TAMILNADU_SIVAGANGA,Tamil Nadu,SIVAGANGA,2005,Kharif,2.143343,0.45992008,1.5672407,0.28105494,-1.3093421,-0.88854766,0.97729945,1.3422695,0.51992,0.0,0.0,1.0,0.0,1.0,0.0,0.0,0.017790365895904665
IND_TAMILNADU_THANJAVUR,Tamil Nadu,THANJAVUR,2005,Kharif,2.578957,-1.2481102,1.3774184,-0.21643111,-2.0969162,-1.6401618,1.2303782,2.0583053,0.5647192,0.0,0.0,1.0,0.0,1.0,0.0,0.0,0.01991807367008254
IND_TAMILNADU_THENILGIRIS,Tamil Nadu,THE NILGIRIS,2005,Kharif,3.297902,-0.85861516,1.2470381,1.5328493,1.9689118,1.7648207,-1.9857647,-0.33593965,-1.1541911,0.0,0.0,1.0,0.0,1.0,0.0,0.0,0.0147398128604573
IND_TAMILNADU_THENI,Tamil Nadu,THENI,2005,Kharif,4.15987,0.5564924,0.7276086,1.9208031,0.8455041,1.0901684,-1.1230642,-0.038527273,0.60097945,0.0,0.0,1.0,0.0,1.0,0.0,0.0,0.01001264391075315
IND_TAMILNADU_THIRUVALLUR,Tamil Nadu,THIRUVALLUR,2005,Kharif,2.799988,-1.3860211,1.384468,0.01161325,-1.3727264,-1.1100856,1.9635746,0.3021174,0.5688664,0.0,0.0,1.0,0.0,1.0,0.0,0.0,0.03355260243033293
IND_TAMILNADU_THIRUVARUR,Tamil Nadu,THIRUVARUR,2005,Kharif,1.559597,-1.1987078,1.3736999,-0.18793805,-2.1001623,-1.739688,1.2900286,2.0173852,0.6430738,0.0,0.0,1.0,0.0,1.0,0.0,0.0,0.019962855771896264
IND_TAMILNADU_TIRUCHIRAPPALLI,Tamil Nadu,TIRUCHIRAPPALLI,2005,Kharif,2.975018,0.37972698,0.7719236,0.12957351,-1.2965798,-0.857648,0.76525944,1.2090873,-0.22516143,0.0,0.0,1.0,0.0,1.0,0.0,0.0,0.0299019417224407
IND_TAMILNADU_TIRUNELVELI,Tamil Nadu,TIRUNELVELI,2005,Kharif,3.577265,0.022000672,2.141564,2.19783,-0.28556764,0.6519632,-0.1765392,1.9058964,2.202287,0.0,0.0,1.0,0.0,1.0,0.0,0.0,0.005292492981994612
IND_TAMILNADU_TIRUVANNAMALAI,Tamil Nadu,TIRUVANNAMALAI,2005,Kharif,2.756879,-0.231314,0.6491565,0.9096309,-2.1221852,-1.1261882,1.1164287,0.72102785,1.3742082,0.0,0.0,1.0,0.0,1.0,0.0,0.0,0.025177105370056
IND_TAMILNADU_VELLORE,Tamil Nadu,VELLORE,2005,Kharif,2.878995,0.12539314,-0.31997168,2.186104,-0.35841805,0.38619515,0.10313098,0.75397587,0.7747785,0.0,0.0,1.0,0.0,1.0,0.0,0.0,0.008972171438239142
IND_ANDHRAPRADESH_ADILABAD,Andhra Pradesh,ADILABAD,2006,Kharif,2.398993,-0.82153577,-1.2322834,0.63175964,-0.80504465,1.3518258,0.9254092,-0.28462675,0.9376502,1.0,0.0,0.0,0.0,1.0,0.0,0.0,0.005741284216098994
IND_ANDHRAPRADESH_ADILABAD,Andhra Pradesh,ADILABAD,2006,Rabi,2.500055,1.5388335,-1.8922071,-2.0287874,0.6917818,0.59250754,-1.0777855,-2.0377436,1.5806621,1.0,0.0,0.0,0.0,0.0,1.0,0.0,0.021655904731271432
IND_ANDHRAPRADESH_ANANTAPUR,Andhra Pradesh,ANANTAPUR,2006,Kharif,3.017003,0.030512797,-0.7945764,0.2560365,-0.2126017,0.42962316,0.28585184,1.5913044,-1.2091905,1.0,0.0,0.0,0.0,1.0,0.0,0.0,0.004097521645263157
IND_ANDHRAPRADESH_ANANTAPUR,Andhra Pradesh,ANANTAPUR,2006,Rabi,2.947999,2.1962118,-1.626553,-1.0180393,0.26288426,0.2223571,-1.2434713,-0.16873276,0.20838276,1.0,0.0,0.0,0.0,0.0,1.0,0.0,0.010431739095805767
IND_ANDHRAPRADESH_CHITTOOR,Andhra Pradesh,CHITTOOR,2006,Kharif,2.493988,0.7992632,-1.0664831,1.033712,0.20611624,-0.009916842,-0.13962506,0.7671405,-0.7302828,1.0,0.0,0.0,0.0,1.0,0.0,0.0,0.004844613052918543
IND_ANDHRAPRADESH_CHITTOOR,Andhra Pradesh,CHITTOOR,2006,Rabi,2.918015,1.9508483,-2.0353143,0.34499356,0.9996004,0.14110094,-2.1086345,-0.4309847,1.5661694,1.0,0.0,0.0,0.0,0.0,1.0,0.0,0.011881055423911237
IND_ANDHRAPRADESH_EASTGODAVARI,Andhra Pradesh,EAST GODAVARI,2006,Kharif,2.403001,-1.5031326,-0.31858712,1.1923099,-2.1661437,-1.4141666,1.3151569,-0.010800511,2.7713945,1.0,0.0,0.0,0.0,1.0,0.0,0.0,0.0096774062704272
IND_ANDHRAPRADESH_EASTGODAVARI,Andhra Pradesh,EAST GODAVARI,2006,Rabi,5.006001,1.0947882,-1.3067977,-0.95548093,-0.8498828,-0.95641613,-0.39532834,0.03653863,3.8923233,1.0,0.0,0.0,0.0,0.0,1.0,0.0,0.012391689491543748
IND_ANDHRAPRADESH_GUNTUR,Andhra Pradesh,GUNTUR,2006,Kharif,2.716001,-1.5677757,-0.97878975,0.22743562,-3.5627816,-1.8433266,1.0558527,0.9907391,1.6787387,1.0,0.0,0.0,0.0,1.0,0.0,0.0,0.024938553988815577
IND_ANDHRAPRADESH_GUNTUR,Andhra Pradesh,GUNTUR,2006,Rabi,3.488992,1.5369054,-0.80381966,-0.7184025,0.29583424,-0.13416526,0.40122443,0.058866743,1.4571615,1.0,0.0,0.0,0.0,0.0,1.0,0.0,0.004579689246711922
IND_ANDHRAPRADESH_KARIMNAGAR,Andhra Pradesh,KARIMNAGAR,2006,Kharif,3.125001,-0.50525457,-1.5933943,0.7325175,-1.7496867,0.5272485,0.7371299,0.27788803,1.5666453,1.0,0.0,0.0,0.0,1.0,0.0,0.0,0.007073725431027371
IND_ANDHRAPRADESH_KARIMNAGAR,Andhra Pradesh,KARIMNAGAR,2006,Rabi,3.288998,1.2556167,-2.874602,-1.8481606,-0.5706972,-0.27074158,-2.0012429,-1.3864789,3.3818972,1.0,0.0,0.0,0.0,0.0,1.0,0.0,0.018570106506085995
IND_ANDHRAPRADESH_KHAMMAM,Andhra Pradesh,KHAMMAM,2006,Kharif,2.460001,-0.23611876,-0.6437419,0.9511974,-1.4754201,0.10783296,1.0547633,0.08316964,2.239201,1.0,0.0,0.0,0.0,1.0,0.0,0.0,0.004771011403458389
IND_ANDHRAPRADESH_KHAMMAM,Andhra Pradesh,KHAMMAM,2006,Rabi,2.892981,1.932859,-1.0005822,-0.9659138,0.29504603,0.2515511,0.10712543,-0.8225944,2.103243,1.0,0.0,0.0,0.0,0.0,1.0,0.0,0.010484770317917669
IND_ANDHRAPRADESH_KRISHNA,Andhra Pradesh,KRISHNA,2006,Kharif,2.073002,-0.8690444,-0.30718857,0.9522109,-2.8434596,-1.358616,1.3498429,0.56655896,2.4426544,1.0,0.0,0.0,0.0,1.0,0.0,0.0,0.024533484832223923
IND_ANDHRAPRADESH_KRISHNA,Andhra Pradesh,KRISHNA,2006,Rabi,3.749004,1.466909,-0.77780926,-0.904057,-0.51929736,-0.4698025,0.12210451,0.0052368343,2.770103,1.0,0.0,0.0,0.0,0.0,1.0,0.0,0.004068610760089131
IND_ANDHRAPRADESH_KURNOOL,Andhra Pradesh,KURNOOL,2006,Kharif,3.349006,-0.008282019,-1.0856589,0.48677674,-1.1308303,0.59590954,0.36931866,1.5225668,0.41978708,1.0,0.0,0.0,0.0,1.0,0.0,0.0,0.005018816916197368
IND_ANDHRAPRADESH_KURNOOL,Andhra Pradesh,KURNOOL,2006,Rabi,2.947014,2.2053027,-1.3793417,-1.2357116,0.10875131,0.3240344,-0.663443,-0.28258136,0.5698718,1.0,0.0,0.0,0.0,0.0,1.0,0.0,0.007188177946008196
IND_ANDHRAPRADESH_MAHBUBNAGAR,Andhra Pradesh,MAHBUBNAGAR,2006,Kharif,2.439999,-0.4333747,-1.3126707,0.8993231,-0.6822994,0.90713954,0.20867713,1.1435155,0.743124,1.0,0.0,0.0,0.0,1.0,0.0,0.0,0.0034317251060697997
IND_ANDHRAPRADESH_MAHBUBNAGAR,Andhra Pradesh,MAHBUBNAGAR,2006,Rabi,2.453008,1.8980514,-2.184568,-1.1135111,0.2682682,0.2640087,-1.5514953,-0.8857764,1.3127489,1.0,0.0,0.0,0.0,0.0,1.0,0.0,0.003324333702388913
IND_ANDHRAPRADESH_MEDAK,Andhra Pradesh,MEDAK,2006,Kharif,2.614997,-0.6803555,-1.5503271,1.017516,-0.55917525,1.237645,0.27608833,0.2892292,0.86082804,1.0,0.0,0.0,0.0,1.0,0.0,0.0,0.003340891151737863
IND_ANDHRAPRADESH_MEDAK,Andhra Pradesh,MEDAK,2006,Rabi,2.838007,1.7409855,-2.6911006,-1.2823367,0.55165553,0.50608784,-2.111678,-1.620812,1.8179263,1.0,0.0,0.0,0.0,0.0,1.0,0.0,0.01333386322250327
IND_ANDHRAPRADESH_NALGONDA,Andhra Pradesh,NALGONDA,2006,Kharif,2.591001,-0.43917468,-1.3493559,0.54166675,-1.7233148,0.32556126,0.66565764,0.9338256,1.3294696,1.0,0.0,0.0,0.0,1.0,0.0,0.0,0.004930497396459508
IND_ANDHRAPRADESH_NALGONDA,Andhra Pradesh,NALGONDA,2006,Rabi,3.149003,1.7000841,-1.8488879,-1.0594208,-0.520774,-0.0018530563,-1.2808796,-0.42617822,2.919978,1.0,0.0,0.0,0.0,0.0,1.0,0.0,0.010651954970311564
IND_ANDHRAPRADESH_NIZAMABAD,Andhra Pradesh,NIZAMABAD,2006,Kharif,3.162997,-0.79614204,-1.742009,0.9678987,-1.1631746,1.1497376,0.30147058,0.3155313,1.1814189,1.0,0.0,0.0,0.0,1.0,0.0,0.0,0.002287814235739182
IND_ANDHRAPRADESH_NIZAMABAD,Andhra Pradesh,NIZAMABAD,2006,Rabi,3.324007,1.4914191,-2.4853117,-1.6943759,0.20971213,0.42295402,-1.7883515,-1.7412578,1.7911358,1.0,0.0,0.0,0.0,0.0,1.0,0.0,0.009093734730338606
IND_ANDHRAPRADESH_PRAKASAM,Andhra Pradesh,PRAKASAM,2006,Kharif,3.030007,-1.1456223,0.38967633,-0.5388082,-0.5651436,-0.32444376,2.123582,0.601429,-0.55904365,1.0,0.0,0.0,0.0,1.0,0.0,0.0,0.015510429518508204
IND_ANDHRAPRADESH_PRAKASAM,Andhra Pradesh,PRAKASAM,2006,Rabi,3.721002,0.7534846,-1.2084258,-0.327211,0.15068436,-0.2942086,0.07046889,1.4005793,1.4152867,1.0,0.0,0.0,0.0,0.0,1.0,0.0,0.019552962798053523
IND_ANDHRAPRADESH_SRIKAKULAM,Andhra Pradesh,SRIKAKULAM,2006,Kharif,2.535001,-3.5712044,-0.3106923,0.86533177,-1.15611,-1.621409,1.6840491,0.45465383,1.9822141,1.0,0.0,0.0,0.0,1.0,0.0,0.0,0.008877878864177504
IND_ANDHRAPRADESH_SRIKAKULAM,Andhra Pradesh,SRIKAKULAM,2006,Rabi,2.108905,-0.27387586,-2.9186728,0.36876076,2.3612926,-0.62051105,0.9404905,0.4894582,0.9373338,1.0,0.0,0.0,0.0,0.0,1.0,0.0,0.009431839311248195
IND_ANDHRAPRADESH_VIZIANAGARAM,Andhra Pradesh,VIZIANAGARAM,2006,Kharif,2.396996,-1.390031,-2.4373517,2.1349843,-0.34650564,0.054866783,0.057484552,-1.5882038,2.4454029,1.0,0.0,0.0,0.0,1.0,0.0,0.0,0.003682817027032013
IND_ANDHRAPRADESH_VIZIANAGARAM,Andhra Pradesh,VIZIANAGARAM,2006,Rabi,1.803,1.3647218,-3.171823,-0.3255267,2.0468817,-0.01098866,-1.3343863,-2.6050122,2.419523,1.0,0.0,0.0,0.0,0.0,1.0,0.0,0.01747707445995571
IND_ANDHRAPRADESH_WARANGAL,Andhra Pradesh,WARANGAL,2006,Kharif,2.909001,-0.05268894,-1.0467719,0.8309772,-1.425359,0.56912434,0.897822,0.24451694,1.8618513,1.0,0.0,0.0,0.0,1.0,0.0,0.0,0.0033438810299738727
IND_ANDHRAPRADESH_WARANGAL,Andhra Pradesh,WARANGAL,2006,Rabi,2.641002,1.7740059,-1.6937912,-1.1289439,0.098902166,0.3126995,-0.9400021,-1.1608346,2.6991823,1.0,0.0,0.0,0.0,0.0,1.0,0.0,0.012914296703003572
IND_ANDHRAPRADESH_WESTGODAVARI,Andhra Pradesh,WEST GODAVARI,2006,Kharif,2.780999,-0.82463664,-0.50257534,1.5732555,-2.2641072,-1.107242,1.0320979,0.28594765,2.993336,1.0,0.0,0.0,0.0,1.0,0.0,0.0,0.015872791026727187
IND_ANDHRAPRADESH_WESTGODAVARI,Andhra Pradesh,WEST GODAVARI,2006,Rabi,4.635002,0.94412,-1.3520064,-1.1515833,-0.9137858,-0.9487096,-0.6955748,-0.3632513,3.9521062,1.0,0.0,0.0,0.0,0.0,1.0,0.0,0.009523425874580282
IND_KARNATAKA_BANGALORERURAL,Karnataka,BANGALORE RURAL,2006,Kharif,2.032561,0.47529992,-1.2673373,1.3708295,1.0305192,0.5208593,-1.2940128,0.6294526,-1.0350538,0.0,1.0,0.0,0.0,1.0,0.0,0.0,0.015337527252962002
IND_KARNATAKA_BANGALORERURAL,Karnataka,BANGALORE RURAL,2006,Rabi,2.307692,2.1731706,-1.7025046,0.11142725,2.8515413,2.0449803,-2.179512,-1.8188591,-0.57189506,0.0,1.0,0.0,0.0,0.0,1.0,0.0,0.02517406041476535
IND_KARNATAKA_BANGALORERURAL,Karnataka,BANGALORE RURAL,2006,Summer,0.771955,-1.6881576,-1.7785918,0.6382191,0.8708388,-0.14726806,-2.5431175,-1.8581399,-1.4328874,0.0,1.0,0.0,0.0,0.0,0.0,1.0,0.012353246820811504
IND_KARNATAKA_BIDAR,Karnataka,BIDAR,2006,Kharif,0.628656,-0.7861838,-1.0464218,0.619987,-0.006487593,1.8647829,0.3644299,-0.29186043,0.097650975,0.0,1.0,0.0,0.0,1.0,0.0,0.0,0.010478534157184104
IND_KARNATAKA_BIDAR,Karnataka,BIDAR,2006,Rabi,1.71875,1.6261641,-1.9400549,-1.8779426,1.4261644,1.4087657,-1.4406565,-2.3099926,0.031070858,0.0,1.0,0.0,0.0,0.0,1.0,0.0,0.02399352989439503
IND_KARNATAKA_CHITRADURGA,Karnataka,CHITRADURGA,2006,Kharif,2.356945,-0.41024348,-0.41125274,0.6206864,0.80584323,1.0840266,-0.12651111,1.4350045,-1.8363186,0.0,1.0,0.0,0.0,1.0,0.0,0.0,0.0037633849214588283
IND_KARNATAKA_CHITRADURGA,Karnataka,CHITRADURGA,2006,Rabi,1.561656,1.9068302,-1.5766091,-1.442127,0.8571484,0.88252723,-1.9434195,-0.7700381,-0.5486325,0.0,1.0,0.0,0.0,0.0,1.0,0.0,0.011446729720507216
IND_KARNATAKA_CHITRADURGA,Karnataka,CHITRADURGA,2006,Summer,2.574361,-2.426447,-0.7932569,-0.9553993,-0.20032807,-0.3990848,-1.3606489,-0.6747416,-2.151777,0.0,1.0,0.0,0.0,0.0,0.0,1.0,0.010709773588137565
IND_KARNATAKA_DAKSHINAKANNADA,Karnataka,DAKSHINA KANNADA,2006,Kharif,2.573587,-1.040037,3.1270995,0.66710615,-0.08326444,1.4254909,1.1148982,-0.936829,1.6398796,0.0,1.0,0.0,0.0,1.0,0.0,0.0,0.02321130622103731
IND_KARNATAKA_DAKSHINAKANNADA,Karnataka,DAKSHINA KANNADA,2006,Rabi,2.140284,-1.2845515,1.9039005,-4.4328604,-0.6034229,1.1176788,-2.2914422,0.16487369,1.7830213,0.0,1.0,0.0,0.0,0.0,1.0,0.0,0.004834474977904171
IND_KARNATAKA_DAKSHINAKANNADA,Karnataka,DAKSHINA KANNADA,2006,Summer,2.280299,-3.5894723,2.512532,-0.8715254,-0.13782436,-0.20889133,0.16098218,-1.7268854,-0.45116928,0.0,1.0,0.0,0.0,0.0,0.0,1.0,0.019367877158960607
IND_KARNATAKA_DHARWAD,Karnataka,DHARWAD,2006,Kharif,1.32531,-1.3227937,-0.10776149,1.6756053,0.5447378,2.564161,-0.7959652,1.1363016,0.20584038,0.0,1.0,0.0,0.0,1.0,0.0,0.0,0.008044165919310361
IND_KARNATAKA_DHARWAD,Karnataka,DHARWAD,2006,Summer,2.856115,-2.779927,-0.7073528,-0.6496198,-0.16087301,0.8051746,-1.4999697,-1.7247102,-2.1034148,0.0,1.0,0.0,0.0,0.0,0.0,1.0,0.00865450739545058
IND_KARNATAKA_GADAG,Karnataka,GADAG,2006,Kharif,2.757191,-1.1231232,-0.0020074397,0.995931,1.0471866,2.1636822,-0.45532525,0.97610116,-1.4470297,0.0,1.0,0.0,0.0,1.0,0.0,0.0,0.0034067633584374942
IND_KARNATAKA_GADAG,Karnataka,GADAG,2006,Summer,1.539071,-2.8660276,-0.9417671,-1.0661577,-0.48398602,0.1052473,-1.3273414,-1.0408307,-2.2740724,0.0,1.0,0.0,0.0,0.0,0.0,1.0,0.003388570796960876
IND_KARNATAKA_HASSAN,Karnataka,HASSAN,2006,Kharif,2.419688,-0.7658053,-0.7141374,2.8117726,0.6217948,1.817193,-1.9012327,0.298746,0.9119787,0.0,1.0,0.0,0.0,1.0,0.0,0.0,0.006486845927947203
IND_KARNATAKA_HASSAN,Karnataka,HASSAN,2006,Rabi,2.530831,1.5906948,-1.43636,-0.5390476,1.9518497,1.5958496,-3.4305754,-1.5849432,0.004682228,0.0,1.0,0.0,0.0,0.0,1.0,0.0,0.01522767120802661
IND_KARNATAKA_HASSAN,Karnataka,HASSAN,2006,Summer,2.863158,-2.1132498,-0.9256233,0.7720542,0.32841635,0.14321731,-2.7215266,-1.9932612,-0.8205924,0.0,1.0,0.0,0.0,0.0,0.0,1.0,0.007594261311227964
IND_KARNATAKA_HAVERI,Karnataka,HAVERI,2006,Kharif,1.895781,-1.6973428,0.03094627,2.5899086,0.19171095,2.365584,-0.3353877,1.1322511,0.26120815,0.0,1.0,0.0,0.0,1.0,0.0,0.0,0.007359898912841061
IND_KARNATAKA_HAVERI,Karnataka,HAVERI,2006,Summer,3.379256,-3.0193195,-0.7198516,-0.10494286,-0.5393179,0.33730948,-1.4639214,-1.0307866,-1.67634,0.0,1.0,0.0,0.0,0.0,0.0,1.0,0.02629934802147505
IND_KARNATAKA_KODAGU,Karnataka,KODAGU,2006,Kharif,2.465916,-0.4465051,1.2949871,1.3581779,0.65270823,1.8045441,-0.5764843,-1.8773702,2.3452466,0.0,1.0,0.0,0.0,1.0,0.0,0.0,0.007321261858823942
IND_KARNATAKA_KODAGU,Karnataka,KODAGU,2006,Rabi,2.266667,1.2888389,1.1906912,-1.3430882,1.7487996,2.3625185,-2.361382,-2.069356,-1.324382,0.0,1.0,0.0,0.0,0.0,1.0,0.0,0.01863008753179804
IND_KARNATAKA_KODAGU,Karnataka,KODAGU,2006,Summer,2.302932,-2.357646,1.0974629,-0.027295321,0.5390754,0.5182356,-1.1558781,-3.439747,-0.33283082,0.0,1.0,0.0,0.0,0.0,0.0,1.0,0.01569651250045336
IND_KARNATAKA_KOLAR,Karnataka,KOLAR,2006,Kharif,1.863879,0.5779279,-1.2897615,1.5776739,0.8019393,0.4224031,-0.83754444,0.7151997,-0.82178676,0.0,1.0,0.0,0.0,1.0,0.0,0.0,0.008561272776190362
IND_KARNATAKA_KOLAR,Karnataka,KOLAR,2006,Summer,2.704415,-1.7312988,-1.8357704,0.42867315,0.9131805,-0.5637833,-2.0632439,-1.7567484,-1.6694945,0.0,1.0,0.0,0.0,0.0,0.0,1.0,0.0075613326990463725
IND_KARNATAKA_KOPPAL,Karnataka,KOPPAL,2006,Kharif,3.553483,-1.146161,-0.82573426,0.6537347,-0.30259544,1.2236723,-0.44344652,1.7872171,-0.4714041,0.0,1.0,0.0,0.0,1.0,0.0,0.0,0.0038434619656847113
IND_KARNATAKA_KOPPAL,Karnataka,KOPPAL,2006,Summer,2.71036,-3.0879374,-1.3290093,-1.7758782,-1.1250681,-0.47244203,-1.6208156,-0.42554218,-0.89708865,0.0,1.0,0.0,0.0,0.0,0.0,1.0,0.0071102649376191
IND_KARNATAKA_MANDYA,Karnataka,MANDYA,2006,Kharif,3.016231,-0.46776357,-0.5483113,1.5578349,-0.050280333,0.72058916,-1.7297734,1.4815266,0.2904221,0.0,1.0,0.0,0.0,1.0,0.0,0.0,0.002677964166795934
IND_KARNATAKA_MANDYA,Karnataka,MANDYA,2006,Rabi,2.846154,1.8957317,-0.5521443,-0.5453644,2.0910966,1.9297198,-2.0010343,-1.4962822,-1.5255698,0.0,1.0,0.0,0.0,0.0,1.0,0.0,0.01660964076376613
IND_KARNATAKA_MANDYA,Karnataka,MANDYA,2006,Summer,3.009573,-1.9841079,-0.7556646,0.09164801,-0.06018178,-0.59635687,-2.3394096,-1.1316943,-0.57032025,0.0,1.0,0.0,0.0,0.0,0.0,1.0,0.009604610112411026
IND_KARNATAKA_RAICHUR,Karnataka,RAICHUR,2006,Kharif,3.49648,-0.87083775,-1.1931012,0.22116694,-1.280537,0.9409501,-0.16330658,1.7362621,0.26784903,0.0,1.0,0.0,0.0,1.0,0.0,0.0,0.004081897752671175
IND_KARNATAKA_RAICHUR,Karnataka,RAICHUR,2006,Summer,2.317045,-3.5137935,-0.9626956,-2.936508,-1.622859,-0.9564605,-1.2661659,-0.4509445,-0.5081731,0.0,1.0,0.0,0.0,0.0,0.0,1.0,0.00974368900277214
IND_KARNATAKA_UDUPI,Karnataka,UDUPI,2006,Kharif,2.565729,-0.7564589,2.1877038,1.5016987,-0.08217944,1.9823283,0.5459251,-0.6339681,1.9598519,0.0,1.0,0.0,0.0,1.0,0.0,0.0,0.018206443994745903
IND_KARNATAKA_UDUPI,Karnataka,UDUPI,2006,Rabi,2.216276,-0.036506742,0.7457098,-2.3392925,0.40766537,2.0520313,-3.1013665,-0.38882568,0.7948884,0.0,1.0,0.0,0.0,0.0,1.0,0.0,0.010471983770787788
IND_KARNATAKA_UDUPI,Karnataka,UDUPI,2006,Summer,2.525,-2.936826,1.6996146,-0.22012354,0.5518682,0.89217204,-0.6402149,-2.3778088,-1.2038238,0.0,1.0,0.0,0.0,0.0,0.0,1.0,0.023481216810387534
IND_KARNATAKA_UTTARAKANNADA,Karnataka,UTTARA KANNADA,2006,Kharif,1.985314,-1.8785634,2.020007,0.693663,-0.82801974,1.7363888,0.14481114,0.8909371,1.7397088,0.0,1.0,0.0,0.0,1.0,0.0,0.0,0.008424708535671191
IND_KARNATAKA_UTTARAKANNADA,Karnataka,UTTARA KANNADA,2006,Rabi,2.504443,0.6731449,1.738938,-1.5402802,0.5726375,3.1064835,-1.4696107,0.59924984,-0.2687917,0.0,1.0,0.0,0.0,0.0,1.0,0.0,0.01479043693170531
IND_KARNATAKA_UTTARAKANNADA,Karnataka,UTTARA KANNADA,2006,Summer,2.57767,-3.4964998,2.4573307,-0.93436563,0.64628273,1.1470824,-1.4255749,-0.49931297,-0.8887001,0.0,1.0,0.0,0.0,0.0,0.0,1.0,0.019507426404986053
IND_TAMILNADU_COIMBATORE,Tamil Nadu,COIMBATORE,2006,Kharif,3.859347,-0.5237061,1.50301,1.4509261,1.4675095,1.5202047,-1.1202947,0.44495034,-0.4317557,0.0,0.0,1.0,0.0,1.0,0.0,0.0,0.004931932393429207
IND_TAMILNADU_CUDDALORE,Tamil Nadu,CUDDALORE,2006,Kharif,3.721396,-0.35738057,0.76791483,-0.8553395,-1.8531466,-1.4285047,1.3005521,1.0577985,0.02191493,0.0,0.0,1.0,0.0,1.0,0.0,0.0,0.002199627260368219
IND_TAMILNADU_DHARMAPURI,Tamil Nadu,DHARMAPURI,2006,Kharif,3.611813,0.8613215,0.04744494,0.6074507,-0.17872514,-0.031966127,-0.07765405,0.342938,-0.46868813,0.0,0.0,1.0,0.0,1.0,0.0,0.0,0.0018939707596726026
IND_TAMILNADU_DINDIGUL,Tamil Nadu,DINDIGUL,2006,Kharif,4.366529,0.3060559,0.50446993,1.6849972,0.76304305,0.42189103,-0.41025853,1.2341928,-0.5536529,0.0,0.0,1.0,0.0,1.0,0.0,0.0,0.0043764738124356896
IND_TAMILNADU_ERODE,Tamil Nadu,ERODE,2006,Kharif,4.19215,0.6154409,0.6095401,-0.05559098,-0.43223536,-0.34542412,-0.7642263,0.17359754,-0.34803128,0.0,0.0,1.0,0.0,1.0,0.0,0.0,0.008795197575883578
IND_TAMILNADU_KANNIYAKUMARI,Tamil Nadu,KANNIYAKUMARI,2006,Kharif,4.397365,0.4561766,2.4960318,2.0299063,0.66705805,1.403908,0.3453707,1.0077242,1.2033277,0.0,0.0,1.0,0.0,1.0,0.0,0.0,0.02751984493119642
IND_TAMILNADU_KARUR,Tamil Nadu,KARUR,2006,Kharif,3.511968,0.9870307,0.7726283,-0.08636497,0.21931057,-0.075546525,0.5289057,0.6584785,-1.3804351,0.0,0.0,1.0,0.0,1.0,0.0,0.0,0.0032762540358406145
IND_TAMILNADU_KRISHNAGIRI,Tamil Nadu,KRISHNAGIRI,2006,Kharif,2.852823,0.60231763,-0.5656177,1.256227,0.23086998,0.22819766,-0.3771701,0.87159073,-0.6453788,0.0,0.0,1.0,0.0,1.0,0.0,0.0,0.001616236669977027
IND_TAMILNADU_MADURAI,Tamil Nadu,MADURAI,2006,Kharif,3.979146,1.5547667,1.3506203,0.9727639,-1.0457635,0.066339545,0.35786462,0.9674853,1.3656797,0.0,0.0,1.0,0.0,1.0,0.0,0.0,0.00621953413380195
IND_TAMILNADU_NAMAKKAL,Tamil Nadu,NAMAKKAL,2006,Kharif,3.789121,0.8447435,0.6862426,-0.043832153,-0.08692022,-0.14488906,0.28416115,0.19034557,-1.0296059,0.0,0.0,1.0,0.0,1.0,0.0,0.0,0.0010055527334796204
IND_TAMILNADU_PERAMBALUR,Tamil Nadu,PERAMBALUR,2006,Kharif,3.147699,0.5857749,0.3583563,0.15252714,-0.48750645,-0.5723828,0.3372656,0.66130555,-0.7026719,0.0,0.0,1.0,0.0,1.0,0.0,0.0,0.0034771477358333308
IND_TAMILNADU_PUDUKKOTTAI,Tamil Nadu,PUDUKKOTTAI,2006,Kharif,3.041664,0.42710862,0.87372947,-0.30719805,-1.34759,-1.1025555,0.627308,1.4390506,0.0710783,0.0,0.0,1.0,0.0,1.0,0.0,0.0,0.0023206670707866636
IND_TAMILNADU_RAMANATHAPURAM,Tamil Nadu,RAMANATHAPURAM,2006,Kharif,1.711291,-0.6946036,1.7737865,1.1380789,-0.8101674,-0.36241394,0.4170897,3.0951793,1.1360449,0.0,0.0,1.0,0.0,1.0,0.0,0.0,0.012265960825586297
IND_TAMILNADU_SALEM,Tamil Nadu,SALEM,2006,Kharif,3.631736,0.77911454,0.4891547,0.036332235,-0.3732921,-0.29276645,0.23814203,0.357941,-0.708948,0.0,0.0,1.0,0.0,1.0,0.0,0.0,0.0012468869830738962
IND_TAMILNADU_SIVAGANGA,Tamil Nadu,SIVAGANGA,2006,Kharif,1.344842,0.75842464,1.4063035,0.19961914,-1.0317943,-0.5781326,0.7383583,1.5423537,0.5248531,0.0,0.0,1.0,0.0,1.0,0.0,0.0,0.004617242895934635
IND_TAMILNADU_THANJAVUR,Tamil Nadu,THANJAVUR,2006,Kharif,3.641921,-1.2385969,1.0343244,-0.4970681,-1.9317,-1.5270833,0.73285216,2.5567012,0.38384202,0.0,0.0,1.0,0.0,1.0,0.0,0.0,0.0030127411204626457
IND_TAMILNADU_THENILGIRIS,Tamil Nadu,THE NILGIRIS,2006,Kharif,3.198559,-0.5487345,1.1381136,1.4495709,1.9923464,1.9832455,-2.0411322,-0.18462604,-1.1428012,0.0,0.0,1.0,0.0,1.0,0.0,0.0,0.009234726293398623
IND_TAMILNADU_THENI,Tamil Nadu,THENI,2006,Kharif,4.304995,0.61857516,0.64440733,1.9218442,0.8939721,1.2147346,-1.1409874,-0.07915357,0.73196507,0.0,0.0,1.0,0.0,1.0,0.0,0.0,0.008023411877128774
IND_TAMILNADU_THIRUVALLUR,Tamil Nadu,THIRUVALLUR,2006,Kharif,3.551675,-0.53919774,1.0979862,0.031214863,-1.3163165,-0.7270514,1.7765853,0.8839226,0.6706636,0.0,0.0,1.0,0.0,1.0,0.0,0.0,0.0062205438620643715
IND_TAMILNADU_THIRUVARUR,Tamil Nadu,THIRUVARUR,2006,Kharif,3.314726,-1.258875,0.9878534,-0.44781563,-2.063876,-1.7172606,0.7375888,2.602785,0.54159606,0.0,0.0,1.0,0.0,1.0,0.0,0.0,0.003886988315013123
IND_TAMILNADU_TIRUCHIRAPPALLI,Tamil Nadu,TIRUCHIRAPPALLI,2006,Kharif,3.938039,0.45404527,0.4977662,-0.23594017,-1.0024452,-0.7556003,0.47739148,1.395837,-0.49010566,0.0,0.0,1.0,0.0,1.0,0.0,0.0,0.0034214396021913585
IND_TAMILNADU_TIRUNELVELI,Tamil Nadu,TIRUNELVELI,2006,Kharif,4.193091,0.18481988,2.248766,2.4178708,-0.4957142,0.5177291,0.039861664,1.5918919,2.627574,0.0,0.0,1.0,0.0,1.0,0.0,0.0,0.011916085960301168
IND_TAMILNADU_TIRUVANNAMALAI,Tamil Nadu,TIRUVANNAMALAI,2006,Kharif,3.284176,0.355509,0.42035174,0.11389963,-1.9357774,-0.88133264,1.0350308,0.8301636,0.76552916,0.0,0.0,1.0,0.0,1.0,0.0,0.0,0.0018894630949310104
IND_TAMILNADU_VELLORE,Tamil Nadu,VELLORE,2006,Kharif,3.09912,0.59909934,-0.7886817,0.94855917,-0.34922838,-0.30885583,-0.19138493,0.91184175,-0.34351107,0.0,0.0,1.0,0.0,1.0,0.0,0.0,0.006826616097767716
IND_ANDHRAPRADESH_ADILABAD,Andhra Pradesh,ADILABAD,2007,Kharif,2.4,-0.18747209,-1.2993735,0.27990413,-0.47369808,1.4059083,0.72460824,-0.30391464,1.0030733,1.0,0.0,0.0,0.0,1.0,0.0,0.0,0.003701152428202365
IND_ANDHRAPRADESH_ADILABAD,Andhra Pradesh,ADILABAD,2007,Rabi,2.333333,0.90135723,-1.7685018,-2.57987,0.006207362,0.066144235,-0.21308686,-1.9092063,0.62595224,1.0,0.0,0.0,0.0,0.0,1.0,0.0,0.0075460117112739295
IND_ANDHRAPRADESH_ANANTAPUR,Andhra Pradesh,ANANTAPUR,2007,Kharif,3.166667,0.010253238,-0.4849614,1.2494296,0.03420444,1.0853305,0.20334056,1.2173125,0.23473313,1.0,0.0,0.0,0.0,1.0,0.0,0.0,0.004860989447091119
IND_ANDHRAPRADESH_ANANTAPUR,Andhra Pradesh,ANANTAPUR,2007,Rabi,2.642857,1.6779273,-1.7491558,-1.798538,-0.37549055,-0.51313066,-1.078168,0.09575212,-1.2959709,1.0,0.0,0.0,0.0,0.0,1.0,0.0,0.005100659242950763
IND_ANDHRAPRADESH_CHITTOOR,Andhra Pradesh,CHITTOOR,2007,Kharif,2.8,0.66603094,-0.6367743,1.6746742,0.5887901,0.8185996,-0.06478728,0.38767254,0.37524322,1.0,0.0,0.0,0.0,1.0,0.0,0.0,0.004674052532260089
IND_ANDHRAPRADESH_CHITTOOR,Andhra Pradesh,CHITTOOR,2007,Rabi,3.135135,1.9912062,-2.1998105,-0.15286571,0.2090702,-0.8068418,-2.049552,-0.06364134,0.26791108,1.0,0.0,0.0,0.0,0.0,1.0,0.0,0.009466987048934597
IND_ANDHRAPRADESH_EASTGODAVARI,Andhra Pradesh,EAST GODAVARI,2007,Kharif,2.954545,-1.3509083,-0.7558298,1.3285339,-1.8548472,-1.310955,0.9535912,0.22236678,3.0138972,1.0,0.0,0.0,0.0,1.0,0.0,0.0,0.006599587273754804
IND_ANDHRAPRADESH_EASTGODAVARI,Andhra Pradesh,EAST GODAVARI,2007,Rabi,4.751479,0.8047798,-1.3414038,-0.86809576,-0.68661374,-1.1534748,-0.2818814,0.07663149,3.6130724,1.0,0.0,0.0,0.0,0.0,1.0,0.0,0.007487119049777285
IND_ANDHRAPRADESH_GUNTUR,Andhra Pradesh,GUNTUR,2007,Kharif,3.448763,-1.1782355,-0.9336267,1.1266813,-2.4337113,-0.9151422,0.458394,1.385031,2.5080025,1.0,0.0,0.0,0.0,1.0,0.0,0.0,0.01877908784739658
IND_ANDHRAPRADESH_GUNTUR,Andhra Pradesh,GUNTUR,2007,Rabi,3.541667,1.1548722,-0.7158849,-0.8589188,0.33493596,-0.38067693,0.761876,0.099839434,0.9142468,1.0,0.0,0.0,0.0,0.0,1.0,0.0,0.005394384836041359
IND_ANDHRAPRADESH_KARIMNAGAR,Andhra Pradesh,KARIMNAGAR,2007,Kharif,3.392308,-0.031214906,-1.6207488,0.4702185,-1.2374973,0.7190361,0.55767953,0.30237034,1.6099858,1.0,0.0,0.0,0.0,1.0,0.0,0.0,0.002353622435373849
IND_ANDHRAPRADESH_KARIMNAGAR,Andhra Pradesh,KARIMNAGAR,2007,Rabi,3.585526,0.60425854,-2.581201,-2.511389,-1.4644673,-0.90285224,-0.73110765,-1.1856272,1.8962144,1.0,0.0,0.0,0.0,0.0,1.0,0.0,0.0059657102867361304
IND_ANDHRAPRADESH_KHAMMAM,Andhra Pradesh,KHAMMAM,2007,Kharif,3.082192,-0.03295715,-0.8926362,1.0102725,-1.0570538,0.28927967,0.7196375,0.2124053,2.3848307,1.0,0.0,0.0,0.0,1.0,0.0,0.0,0.00330397586928644
IND_ANDHRAPRADESH_KHAMMAM,Andhra Pradesh,KHAMMAM,2007,Rabi,3.266667,1.6276114,-0.83793044,-1.0895731,0.043304816,-0.07144203,0.50895894,-0.5226921,1.7006699,1.0,0.0,0.0,0.0,0.0,1.0,0.0,0.005207226705240786
IND_ANDHRAPRADESH_KRISHNA,Andhra Pradesh,KRISHNA,2007,Kharif,3.616858,-0.66998893,-0.7581122,1.2988635,-2.0967176,-0.9317796,0.734071,0.88371813,2.9745018,1.0,0.0,0.0,0.0,1.0,0.0,0.0,0.00665149435543609
IND_ANDHRAPRADESH_KRISHNA,Andhra Pradesh,KRISHNA,2007,Rabi,3.776596,1.1513023,-0.7658938,-0.985242,-0.5340909,-0.714903,0.4067794,0.14735821,2.3017805,1.0,0.0,0.0,0.0,0.0,1.0,0.0,0.0029999030969597227
IND_ANDHRAPRADESH_KURNOOL,Andhra Pradesh,KURNOOL,2007,Kharif,3.688889,-0.021323888,-0.70473605,1.5180395,-0.87796706,1.0117923,0.32176685,1.1239351,1.3613039,1.0,0.0,0.0,0.0,1.0,0.0,0.0,0.009643074963969453
IND_ANDHRAPRADESH_KURNOOL,Andhra Pradesh,KURNOOL,2007,Rabi,2.684211,1.764945,-1.4882841,-1.7834423,-0.49171585,-0.3395778,-0.36739844,-0.031290315,-0.48078305,1.0,0.0,0.0,0.0,0.0,1.0,0.0,0.0032775583096070356
IND_ANDHRAPRADESH_MAHBUBNAGAR,Andhra Pradesh,MAHBUBNAGAR,2007,Kharif,2.911765,-0.37767482,-1.3579468,1.6258223,-0.7193476,1.0577624,-0.03161992,0.8629018,1.3765986,1.0,0.0,0.0,0.0,1.0,0.0,0.0,0.005319444658772769
IND_ANDHRAPRADESH_MAHBUBNAGAR,Andhra Pradesh,MAHBUBNAGAR,2007,Rabi,2.782609,1.2987087,-1.9775324,-1.60869,-0.5870064,-0.40206954,-0.862463,-0.5140979,0.18341562,1.0,0.0,0.0,0.0,0.0,1.0,0.0,0.006447835294719255
IND_ANDHRAPRADESH_MEDAK,Andhra Pradesh,MEDAK,2007,Kharif,2.827586,-0.39138395,-1.6670791,0.87592316,-0.36222297,1.2454118,0.06879912,0.10349694,0.9549706,1.0,0.0,0.0,0.0,1.0,0.0,0.0,0.006145960589100462
IND_ANDHRAPRADESH_MEDAK,Andhra Pradesh,MEDAK,2007,Rabi,3.371429,1.0219839,-2.2570794,-1.8366537,-0.11668922,-0.07772938,-1.132946,-1.4184754,0.6163353,1.0,0.0,0.0,0.0,0.0,1.0,0.0,0.007192358996288567
IND_ANDHRAPRADESH_NALGONDA,Andhra Pradesh,NALGONDA,2007,Kharif,3.165644,-0.021206928,-1.3689172,0.8571503,-1.4514462,0.49337265,0.40468544,0.9754231,1.807009,1.0,0.0,0.0,0.0,1.0,0.0,0.0,0.004781439222735878
IND_ANDHRAPRADESH_NALGONDA,Andhra Pradesh,NALGONDA,2007,Rabi,3.202703,1.1054615,-1.8760366,-1.5073996,-1.2379081,-0.7066022,-0.6385105,-0.083839536,2.0662076,1.0,0.0,0.0,0.0,0.0,1.0,0.0,0.012605559426504669
IND_ANDHRAPRADESH_NIZAMABAD,Andhra Pradesh,NIZAMABAD,2007,Kharif,3.577465,-0.27845293,-1.6362422,0.60894895,-0.658725,1.3043284,0.2425759,0.10355881,1.1202891,1.0,0.0,0.0,0.0,1.0,0.0,0.0,0.003222013262757767
IND_ANDHRAPRADESH_NIZAMABAD,Andhra Pradesh,NIZAMABAD,2007,Rabi,3.491228,0.7592892,-2.2402282,-2.3842533,-0.5484017,-0.20033514,-0.8887627,-1.5807288,0.67362,1.0,0.0,0.0,0.0,0.0,1.0,0.0,0.0058913589924296525
IND_ANDHRAPRADESH_PRAKASAM,Andhra Pradesh,PRAKASAM,2007,Kharif,3.680851,-1.0844738,0.2712986,0.2129688,-0.20274611,0.10483882,1.4939106,0.90069795,0.27198145,1.0,0.0,0.0,0.0,1.0,0.0,0.0,0.008511871759736013
IND_ANDHRAPRADESH_PRAKASAM,Andhra Pradesh,PRAKASAM,2007,Rabi,3.5875,0.24982305,-1.1517715,-0.393136,0.22319575,-0.51900005,0.31301653,1.432366,1.0917082,1.0,0.0,0.0,0.0,0.0,1.0,0.0,0.01708597170326375
IND_ANDHRAPRADESH_SRIKAKULAM,Andhra Pradesh,SRIKAKULAM,2007,Kharif,3.049751,-3.2833214,-0.4177246,0.973274,-0.9341217,-1.4701189,1.5711973,0.90238905,2.1076715,1.0,0.0,0.0,0.0,1.0,0.0,0.0,0.02832595824328807
IND_ANDHRAPRADESH_SRIKAKULAM,Andhra Pradesh,SRIKAKULAM,2007,Rabi,3.0,-0.32974932,-2.7514195,0.19412914,2.2549844,-0.6729876,1.1066945,0.25842446,0.91039526,1.0,0.0,0.0,0.0,0.0,1.0,0.0,0.005380613068484773
IND_ANDHRAPRADESH_VIZIANAGARAM,Andhra Pradesh,VIZIANAGARAM,2007,Kharif,2.919355,-1.188385,-2.6217945,2.1108353,-0.32898247,0.039062373,-0.07446374,-1.4964114,2.545955,1.0,0.0,0.0,0.0,1.0,0.0,0.0,0.007281662565552669
IND_ANDHRAPRADESH_VIZIANAGARAM,Andhra Pradesh,VIZIANAGARAM,2007,Rabi,2.333333,1.1164457,-2.8425756,-0.29293293,1.7238119,-0.24873921,-1.0470777,-2.4232178,2.1359253,1.0,0.0,0.0,0.0,0.0,1.0,0.0,0.006096118832889014
IND_ANDHRAPRADESH_WARANGAL,Andhra Pradesh,WARANGAL,2007,Kharif,3.078261,0.2907133,-1.1475189,0.6963818,-0.98680973,0.7203947,0.6505437,0.3084585,1.9291478,1.0,0.0,0.0,0.0,1.0,0.0,0.0,0.0023362326071490907
IND_ANDHRAPRADESH_WARANGAL,Andhra Pradesh,WARANGAL,2007,Rabi,2.847222,1.3125405,-1.3760507,-1.4696574,-0.38457137,-0.1749556,-0.15489331,-0.7713634,1.8971342,1.0,0.0,0.0,0.0,0.0,1.0,0.0,0.004073485349623586
IND_ANDHRAPRADESH_WESTGODAVARI,Andhra Pradesh,WEST GODAVARI,2007,Kharif,3.248031,-0.60682863,-0.9101443,1.6444755,-1.8382025,-0.8982325,0.6092808,0.48167366,3.2664282,1.0,0.0,0.0,0.0,1.0,0.0,0.0,0.007702344961835948
IND_ANDHRAPRADESH_WESTGODAVARI,Andhra Pradesh,WEST GODAVARI,2007,Rabi,4.239583,0.8056475,-1.3809853,-1.0233998,-0.9410927,-1.1549021,-0.56075406,-0.08737463,3.6522772,1.0,0.0,0.0,0.0,0.0,1.0,0.0,0.009686441028815588
IND_KARNATAKA_BANGALORERURAL,Karnataka,BANGALORE RURAL,2007,Kharif,2.978894,0.29672986,-0.76829076,1.8857504,1.6664218,1.7891563,-1.1299326,-0.25930348,-0.40188628,0.0,1.0,0.0,0.0,1.0,0.0,0.0,0.00921724260331768
IND_KARNATAKA_BANGALORERURAL,Karnataka,BANGALORE RURAL,2007,Rabi,2.1875,1.8681703,-1.9428418,-1.0826496,1.483288,0.5594318,-2.1088948,-1.4471943,-2.707319,0.0,1.0,0.0,0.0,0.0,1.0,0.0,0.016979677110894088
IND_KARNATAKA_BANGALORERURAL,Karnataka,BANGALORE RURAL,2007,Summer,3.05,-1.640688,-1.670297,0.09417668,0.96238196,-0.28601623,-2.3193128,-2.0090015,-2.3887446,0.0,1.0,0.0,0.0,0.0,0.0,1.0,0.0051128438825406245
IND_KARNATAKA_BIDAR,Karnataka,BIDAR,2007,Kharif,0.619935,-0.3895493,-1.2026789,0.5316113,0.06480843,1.936118,0.21364461,-0.43133658,0.23449963,0.0,1.0,0.0,0.0,1.0,0.0,0.0,0.005898178385727918
IND_KARNATAKA_BIDAR,Karnataka,BIDAR,2007,Rabi,1.730769,0.9878203,-1.7393048,-2.6617558,0.7209153,1.000973,-0.46521068,-2.3927138,-1.4459138,0.0,1.0,0.0,0.0,0.0,1.0,0.0,0.012202486765693696
IND_KARNATAKA_CHITRADURGA,Karnataka,CHITRADURGA,2007,Kharif,2.513563,-0.40299436,-0.088316545,1.2023125,1.1899331,1.8528576,-0.2449937,0.78939795,-1.0041512,0.0,1.0,0.0,0.0,1.0,0.0,0.0,0.00454360607170688
IND_KARNATAKA_CHITRADURGA,Karnataka,CHITRADURGA,2007,Rabi,2.165138,1.4831806,-1.4562297,-2.077969,0.43319744,0.3964978,-1.5056452,-0.6558968,-2.1455135,0.0,1.0,0.0,0.0,0.0,1.0,0.0,0.005132668914937318
IND_KARNATAKA_CHITRADURGA,Karnataka,CHITRADURGA,2007,Summer,2.495726,-2.6268868,-0.8370123,-0.8899951,-0.38213992,-0.414868,-1.1889052,-0.67091715,-2.0447755,0.0,1.0,0.0,0.0,0.0,0.0,1.0,0.010383597361586545
IND_KARNATAKA_DAKSHINAKANNADA,Karnataka,DAKSHINA KANNADA,2007,Kharif,2.337007,-1.5895891,3.2846146,1.2195191,-0.20711975,1.2159415,1.6251527,-1.5877993,1.5897571,0.0,1.0,0.0,0.0,1.0,0.0,0.0,0.017745830941419564
IND_KARNATAKA_DAKSHINAKANNADA,Karnataka,DAKSHINA KANNADA,2007,Rabi,2.187497,-1.4634483,2.1126297,-4.288163,-0.7273891,1.1199261,-2.228447,0.08339748,2.2197907,0.0,1.0,0.0,0.0,0.0,1.0,0.0,0.009453418950941676
IND_KARNATAKA_DAKSHINAKANNADA,Karnataka,DAKSHINA KANNADA,2007,Summer,2.278027,-3.545795,2.735632,-1.0747132,-0.16305383,-0.20983756,0.13755651,-1.7543024,-0.43284768,0.0,1.0,0.0,0.0,0.0,0.0,1.0,0.008957834034705282
IND_KARNATAKA_DHARWAD,Karnataka,DHARWAD,2007,Kharif,1.743705,-1.4604666,-0.21618436,2.0164466,0.47826147,2.5028942,-0.68733495,0.53660274,0.3131304,0.0,1.0,0.0,0.0,1.0,0.0,0.0,0.004088587151668092
IND_KARNATAKA_DHARWAD,Karnataka,DHARWAD,2007,Summer,3.054054,-3.0737195,-0.5082979,-0.7392647,-0.4542526,0.50035864,-1.1670175,-1.5624241,-2.1763535,0.0,1.0,0.0,0.0,0.0,0.0,1.0,0.00621049873056264
IND_KARNATAKA_GADAG,Karnataka,GADAG,2007,Kharif,2.515275,-1.1135905,0.04135172,1.2200365,1.0658114,2.4535706,-0.5777195,0.5010982,-1.0363274,0.0,1.0,0.0,0.0,1.0,0.0,0.0,0.006011562867310806
IND_KARNATAKA_GADAG,Karnataka,GADAG,2007,Summer,2.365571,-3.099411,-0.70929575,-1.277874,-0.54970354,-0.016569592,-1.0684236,-1.0885285,-2.4923239,0.0,1.0,0.0,0.0,0.0,0.0,1.0,0.009279055390837556
IND_KARNATAKA_HASSAN,Karnataka,HASSAN,2007,Kharif,2.467284,-0.9838847,-0.7355931,3.0552166,0.87504524,1.8093948,-1.9649935,-0.3788859,1.1147019,0.0,1.0,0.0,0.0,1.0,0.0,0.0,0.005378750342300944
IND_KARNATAKA_HASSAN,Karnataka,HASSAN,2007,Rabi,2.027273,1.4934639,-0.960664,-1.0194172,1.4661741,1.4982495,-3.0848494,-1.6253304,-0.8679913,0.0,1.0,0.0,0.0,0.0,1.0,0.0,0.0162184005719443
IND_KARNATAKA_HASSAN,Karnataka,HASSAN,2007,Summer,2.367337,-2.0066001,-0.958088,0.65407383,0.2531619,-0.033080682,-2.851345,-2.0580513,-0.48851475,0.0,1.0,0.0,0.0,0.0,0.0,1.0,0.012842384718133667
IND_KARNATAKA_HAVERI,Karnataka,HAVERI,2007,Kharif,2.438182,-1.8876243,-0.009038612,3.0429769,0.24305373,2.424627,-0.3272363,0.45030835,0.40900037,0.0,1.0,0.0,0.0,1.0,0.0,0.0,0.010352969602211057
IND_KARNATAKA_HAVERI,Karnataka,HAVERI,2007,Summer,3.003392,-3.0913215,-0.58836216,-0.12240535,-0.65612984,0.23737806,-1.1936486,-1.1496891,-1.4648843,0.0,1.0,0.0,0.0,0.0,0.0,1.0,0.02392757966436111
IND_KARNATAKA_KODAGU,Karnataka,KODAGU,2007,Kharif,2.564677,-0.8419155,1.4086452,1.9746916,0.57183135,1.8668597,-0.28101367,-2.5362217,2.6015716,0.0,1.0,0.0,0.0,1.0,0.0,0.0,0.010239737780169364
IND_KARNATAKA_KODAGU,Karnataka,KODAGU,2007,Rabi,2.16,1.1035008,1.290247,-1.2691115,1.6387308,2.4163218,-2.2070885,-2.102756,-1.1316843,0.0,1.0,0.0,0.0,0.0,1.0,0.0,0.013505385261573355
IND_KARNATAKA_KODAGU,Karnataka,KODAGU,2007,Summer,2.767221,-2.3313386,1.1879268,-0.04614395,0.57168907,0.54576665,-1.2597393,-3.3286831,-0.24204859,0.0,1.0,0.0,0.0,0.0,0.0,1.0,0.012189080426555561
IND_KARNATAKA_KOLAR,Karnataka,KOLAR,2007,Kharif,1.517756,0.3709487,-0.8819603,1.9417255,1.2808952,1.3119767,-0.77804315,0.06568,-0.21354237,0.0,1.0,0.0,0.0,1.0,0.0,0.0,0.007762569228332673
IND_KARNATAKA_KOLAR,Karnataka,KOLAR,2007,Summer,3.007491,-1.5989225,-1.8635676,0.0617747,0.73427457,-0.9622768,-2.1052737,-1.7612845,-1.7488118,0.0,1.0,0.0,0.0,0.0,0.0,1.0,0.007429744661150635
IND_KARNATAKA_KOPPAL,Karnataka,KOPPAL,2007,Kharif,3.770376,-0.8608942,-0.8292388,1.1497476,-0.04850422,1.6844465,-0.46830267,1.3635936,0.25422505,0.0,1.0,0.0,0.0,1.0,0.0,0.0,0.0023423822629678485
IND_KARNATAKA_KOPPAL,Karnataka,KOPPAL,2007,Summer,3.70785,-3.2694468,-1.2376177,-1.8227086,-1.3332069,-0.56149435,-1.4527209,-0.27872297,-1.1915851,0.0,1.0,0.0,0.0,0.0,0.0,1.0,0.009719820815023802
IND_KARNATAKA_MANDYA,Karnataka,MANDYA,2007,Kharif,3.24178,-0.6224618,-0.52303827,2.0053077,0.21480818,1.1723334,-1.9701529,0.8871863,1.0605685,0.0,1.0,0.0,0.0,1.0,0.0,0.0,0.005883021751588479
IND_KARNATAKA_MANDYA,Karnataka,MANDYA,2007,Rabi,2.528302,1.5725816,-0.8217847,-1.6788505,0.9466107,0.602588,-1.9593039,-1.2317922,-2.6384056,0.0,1.0,0.0,0.0,0.0,1.0,0.0,0.013777344936984293
IND_KARNATAKA_MANDYA,Karnataka,MANDYA,2007,Summer,3.102698,-1.8860343,-0.9403933,-0.27436164,-0.15411784,-0.8361299,-2.6468508,-1.1413689,-0.43678808,0.0,1.0,0.0,0.0,0.0,0.0,1.0,0.00876533353855559
IND_KARNATAKA_RAICHUR,Karnataka,RAICHUR,2007,Kharif,2.972966,-0.52223945,-1.2055788,0.9758525,-1.2270806,1.2957402,-0.3145854,1.501994,1.1575109,0.0,1.0,0.0,0.0,1.0,0.0,0.0,0.015263525327669522
IND_KARNATAKA_RAICHUR,Karnataka,RAICHUR,2007,Summer,2.746448,-3.881887,-1.0741314,-3.1151779,-2.054407,-1.2379334,-1.1992397,-0.25197303,-0.78424156,0.0,1.0,0.0,0.0,0.0,0.0,1.0,0.022400084781672797
IND_KARNATAKA_RAMANAGARA,Karnataka,RAMANAGARA,2007,Kharif,2.749136,0.17971174,-0.16879319,1.5284512,1.1974435,1.4886994,-1.0174189,0.05228336,-0.16398065,0.0,1.0,0.0,0.0,1.0,0.0,0.0,0.006456315408390707
IND_KARNATAKA_RAMANAGARA,Karnataka,RAMANAGARA,2007,Summer,3.12069,-1.5593097,-0.7573535,-0.38205004,0.7131278,-0.53838784,-1.9448323,-1.8224982,-2.0997417,0.0,1.0,0.0,0.0,0.0,0.0,1.0,0.007929685012324985
IND_KARNATAKA_UDUPI,Karnataka,UDUPI,2007,Kharif,2.422195,-1.4014328,2.1675107,1.9640553,-0.17533691,1.9060997,0.83676386,-1.335919,1.7953836,0.0,1.0,0.0,0.0,1.0,0.0,0.0,0.014929921611108706
IND_KARNATAKA_UDUPI,Karnataka,UDUPI,2007,Rabi,2.198858,-0.2985141,0.9638859,-2.222061,0.38689798,2.0713563,-2.8939123,-0.55397403,0.9552325,0.0,1.0,0.0,0.0,0.0,1.0,0.0,0.008489537681970107
IND_KARNATAKA_UDUPI,Karnataka,UDUPI,2007,Summer,2.415493,-3.0130894,1.8886213,-0.35457826,0.5119124,0.8976778,-0.6167498,-2.4468663,-1.135504,0.0,1.0,0.0,0.0,0.0,0.0,1.0,0.012185870091430039
IND_KARNATAKA_UTTARAKANNADA,Karnataka,UTTARA KANNADA,2007,Kharif,2.00835,-2.5430171,2.1899416,1.1841863,-0.95138264,1.7210959,0.66236526,0.0430772,1.7063526,0.0,1.0,0.0,0.0,1.0,0.0,0.0,0.026843623149651254
IND_KARNATAKA_UTTARAKANNADA,Karnataka,UTTARA KANNADA,2007,Rabi,2.134625,0.2749378,2.1469548,-1.7300645,0.46557957,3.0876622,-1.4038383,0.38861737,-0.39124697,0.0,1.0,0.0,0.0,0.0,1.0,0.0,0.0039841052814625294
IND_KARNATAKA_UTTARAKANNADA,Karnataka,UTTARA KANNADA,2007,Summer,2.254982,-3.6733847,2.635555,-1.265921,0.25725728,0.84045345,-0.9976313,-0.88517225,-0.672423,0.0,1.0,0.0,0.0,0.0,0.0,1.0,0.01380655921792908
IND_TAMILNADU_COIMBATORE,Tamil Nadu,COIMBATORE,2007,Kharif,3.774657,-0.56176126,1.4690529,1.4535587,1.5126503,1.5063542,-1.135372,0.050556526,-0.18733004,0.0,0.0,1.0,0.0,1.0,0.0,0.0,0.0078112473090437545
IND_TAMILNADU_CUDDALORE,Tamil Nadu,CUDDALORE,2007,Kharif,3.259976,-0.011127187,0.8825943,-0.37781632,-1.491265,-1.1962067,1.0352283,1.0009907,0.5606538,0.0,0.0,1.0,0.0,1.0,0.0,0.0,0.0035181607143994057
IND_TAMILNADU_DHARMAPURI,Tamil Nadu,DHARMAPURI,2007,Kharif,3.744216,0.7971645,0.28406286,0.8113369,0.17757533,0.2612259,-0.21871899,0.036396936,0.20232823,0.0,0.0,1.0,0.0,1.0,0.0,0.0,0.0049166536085192706
IND_TAMILNADU_DINDIGUL,Tamil Nadu,DINDIGUL,2007,Kharif,3.926661,0.48400864,0.50727826,1.2844794,0.83736426,0.121258534,-0.81054884,1.0262706,-0.67288864,0.0,0.0,1.0,0.0,1.0,0.0,0.0,0.004184718911291576
IND_TAMILNADU_ERODE,Tamil Nadu,ERODE,2007,Kharif,4.349844,0.68345225,0.66267717,0.16674787,-0.24209018,-0.09272743,-0.85986394,0.025331244,0.15908298,0.0,0.0,1.0,0.0,1.0,0.0,0.0,0.006232516371634436
IND_TAMILNADU_KANNIYAKUMARI,Tamil Nadu,KANNIYAKUMARI,2007,Kharif,4.433142,-0.1390187,2.332939,1.411725,1.117877,1.0986668,-0.66097355,1.5880094,0.3889964,0.0,0.0,1.0,0.0,1.0,0.0,0.0,0.004500805936939571
IND_TAMILNADU_KARUR,Tamil Nadu,KARUR,2007,Kharif,3.239685,1.053943,0.866977,-0.2092825,0.23815797,-0.1168844,0.24529432,0.48674902,-1.2097145,0.0,0.0,1.0,0.0,1.0,0.0,0.0,0.005466669766209888
IND_TAMILNADU_KRISHNAGIRI,Tamil Nadu,KRISHNAGIRI,2007,Kharif,3.181952,0.49742243,-0.25169718,1.5964867,0.615685,0.82401955,-0.43771088,0.41016242,0.1381143,0.0,0.0,1.0,0.0,1.0,0.0,0.0,0.0031431047773473673
IND_TAMILNADU_MADURAI,Tamil Nadu,MADURAI,2007,Kharif,3.473426,1.0917997,1.162327,-0.15456688,-0.9853473,-0.4592688,-0.31630975,0.674271,0.18288562,0.0,0.0,1.0,0.0,1.0,0.0,0.0,0.005601741959245906
IND_TAMILNADU_NAMAKKAL,Tamil Nadu,NAMAKKAL,2007,Kharif,3.711594,0.7654524,0.8406948,0.051189557,0.14707153,-0.02259595,0.059854493,-0.04257998,-0.64709616,0.0,0.0,1.0,0.0,1.0,0.0,0.0,0.003977700574953828
IND_TAMILNADU_PERAMBALUR,Tamil Nadu,PERAMBALUR,2007,Kharif,2.503292,0.5971198,0.50890607,0.41860086,-0.21537234,-0.49099636,0.110947475,0.41758087,-0.13482222,0.0,0.0,1.0,0.0,1.0,0.0,0.0,0.004966093594709811
IND_TAMILNADU_PUDUKKOTTAI,Tamil Nadu,PUDUKKOTTAI,2007,Kharif,1.799492,0.48771793,0.87600327,-0.71108675,-1.3899803,-1.2781113,0.366917,1.0936527,-0.0030748546,0.0,0.0,1.0,0.0,1.0,0.0,0.0,0.005704932355597751
IND_TAMILNADU_RAMANATHAPURAM,Tamil Nadu,RAMANATHAPURAM,2007,Kharif,0.241405,-0.96083784,1.3169779,-0.037254453,-0.7532018,-0.8200006,0.11348499,3.1387637,0.05722414,0.0,0.0,1.0,0.0,1.0,0.0,0.0,0.005710499320150431
IND_TAMILNADU_SALEM,Tamil Nadu,SALEM,2007,Kharif,3.320114,0.72502804,0.64993095,0.1469,-0.073523775,-0.1771945,0.034856364,0.08758025,-0.3366387,0.0,0.0,1.0,0.0,1.0,0.0,0.0,0.004126524345816851
IND_TAMILNADU_SIVAGANGA,Tamil Nadu,SIVAGANGA,2007,Kharif,1.028749,0.46778762,1.1855655,-0.6969912,-1.0790195,-1.0436964,0.3522684,1.2425748,-0.20818338,0.0,0.0,1.0,0.0,1.0,0.0,0.0,0.004236343247166065
IND_TAMILNADU_THANJAVUR,Tamil Nadu,THANJAVUR,2007,Kharif,3.192767,-0.7366303,1.097707,-0.6033745,-1.739738,-1.5869296,0.66682005,2.1158295,0.50695443,0.0,0.0,1.0,0.0,1.0,0.0,0.0,0.008066546784977988
IND_TAMILNADU_THENILGIRIS,Tamil Nadu,THE NILGIRIS,2007,Kharif,3.862162,-0.6547472,1.2279112,1.4235264,2.0507994,2.1124568,-2.1972725,-0.57705224,-0.76666164,0.0,0.0,1.0,0.0,1.0,0.0,0.0,0.016372758716886076
IND_TAMILNADU_THENI,Tamil Nadu,THENI,2007,Kharif,4.282083,0.45981047,0.77696544,1.3023779,1.0642107,0.704423,-1.978776,-0.06716362,0.24397808,0.0,0.0,1.0,0.0,1.0,0.0,0.0,0.005525841693217622
IND_TAMILNADU_THIRUVALLUR,Tamil Nadu,THIRUVALLUR,2007,Kharif,3.633588,-0.60148185,0.9982923,0.28550652,-0.7875134,-0.46400613,1.4081163,0.88907576,0.95150065,0.0,0.0,1.0,0.0,1.0,0.0,0.0,0.007836177109006791
IND_TAMILNADU_THIRUVARUR,Tamil Nadu,THIRUVARUR,2007,Kharif,2.053077,-0.69281924,1.0482973,-0.5625106,-1.7462198,-1.7061225,0.73075074,2.085626,0.59918845,0.0,0.0,1.0,0.0,1.0,0.0,0.0,0.008186830040924842
IND_TAMILNADU_TIRUCHIRAPPALLI,Tamil Nadu,TIRUCHIRAPPALLI,2007,Kharif,3.709181,0.71800244,0.65228105,-0.254386,-0.7658274,-0.75331604,0.23244667,1.0363355,-0.27474672,0.0,0.0,1.0,0.0,1.0,0.0,0.0,0.003134857793665724
IND_TAMILNADU_TIRUNELVELI,Tamil Nadu,TIRUNELVELI,2007,Kharif,3.86979,-0.03625901,1.9994037,1.7497227,-0.028177038,0.45521173,-0.7429375,1.8603249,1.8752247,0.0,0.0,1.0,0.0,1.0,0.0,0.0,0.006715176957628779
IND_TAMILNADU_TIRUVANNAMALAI,Tamil Nadu,TIRUVANNAMALAI,2007,Kharif,3.441114,0.65467674,0.61200136,0.7283069,-1.390455,-0.41408205,0.70458484,0.80076146,1.6142992,0.0,0.0,1.0,0.0,1.0,0.0,0.0,0.005055464019716428
IND_TAMILNADU_VELLORE,Tamil Nadu,VELLORE,2007,Kharif,3.347178,0.7026699,-0.43345314,1.6884077,-0.08221339,0.4373932,-0.11333455,0.70920885,0.89826715,0.0,0.0,1.0,0.0,1.0,0.0,0.0,0.0033852747534164193
IND_ANDHRAPRADESH_ADILABAD,Andhra Pradesh,ADILABAD,2008,Kharif,2.440997,-0.6225231,-1.335153,0.24146792,-0.5969068,1.2061728,0.7479255,-0.4528567,0.9961325,1.0,0.0,0.0,0.0,1.0,0.0,0.0,0.009526032972667941
IND_ANDHRAPRADESH_ADILABAD,Andhra Pradesh,ADILABAD,2008,Rabi,2.866991,0.99962467,-2.0420115,-2.366171,0.23638037,0.11683049,-0.816416,-2.137025,1.199466,1.0,0.0,0.0,0.0,0.0,1.0,0.0,0.013589220112607402
IND_ANDHRAPRADESH_ANANTAPUR,Andhra Pradesh,ANANTAPUR,2008,Kharif,3.121989,0.43022615,-0.7835112,0.81499124,-0.23422967,0.79936415,0.18230118,1.3088483,-0.12479319,1.0,0.0,0.0,0.0,1.0,0.0,0.0,0.005235198375623888
IND_ANDHRAPRADESH_ANANTAPUR,Andhra Pradesh,ANANTAPUR,2008,Rabi,2.704985,1.8807956,-1.630247,-1.0553533,0.0036078095,-0.1321463,-1.1974369,-0.027800947,-0.1819511,1.0,0.0,0.0,0.0,0.0,1.0,0.0,0.007812055887414288
IND_ANDHRAPRADESH_CHITTOOR,Andhra Pradesh,CHITTOOR,2008,Kharif,2.627984,0.75517267,-0.6869608,1.6131961,0.36303115,0.7082129,-0.019506529,0.39396408,0.31670165,1.0,0.0,0.0,0.0,1.0,0.0,0.0,0.003307501727201059
IND_ANDHRAPRADESH_CHITTOOR,Andhra Pradesh,CHITTOOR,2008,Rabi,3.128009,1.8970293,-2.0089111,0.28836015,0.7302104,-0.22262704,-2.034564,-0.22262743,1.2325743,1.0,0.0,0.0,0.0,0.0,1.0,0.0,0.008442673898609124
IND_ANDHRAPRADESH_EASTGODAVARI,Andhra Pradesh,EAST GODAVARI,2008,Kharif,2.983,-1.5095215,-1.059744,0.6891675,-1.9443457,-1.3936317,1.0180988,0.016925812,2.5603364,1.0,0.0,0.0,0.0,1.0,0.0,0.0,0.016185420450661833
IND_ANDHRAPRADESH_EASTGODAVARI,Andhra Pradesh,EAST GODAVARI,2008,Rabi,4.689999,0.9508787,-1.2719511,-0.76171243,-0.75406504,-0.94867766,-0.26502508,-0.10591586,3.6369767,1.0,0.0,0.0,0.0,0.0,1.0,0.0,0.011464286706837443
IND_ANDHRAPRADESH_GUNTUR,Andhra Pradesh,GUNTUR,2008,Kharif,3.407999,-1.1662664,-1.3056136,0.075132996,-3.1883872,-1.6054844,0.890543,0.9930029,1.704708,1.0,0.0,0.0,0.0,1.0,0.0,0.0,0.010088350310107722
IND_ANDHRAPRADESH_GUNTUR,Andhra Pradesh,GUNTUR,2008,Rabi,3.653997,1.2893324,-0.7737915,-0.80159307,-0.07420555,-0.38137424,0.45983243,0.16009553,1.4780434,1.0,0.0,0.0,0.0,0.0,1.0,0.0,0.00444032985868618
IND_ANDHRAPRADESH_KARIMNAGAR,Andhra Pradesh,KARIMNAGAR,2008,Kharif,3.386002,-0.20692334,-1.6106668,0.59549594,-1.5507505,0.577967,0.6543134,0.08887905,1.7349614,1.0,0.0,0.0,0.0,1.0,0.0,0.0,0.0043519717384036686
IND_ANDHRAPRADESH_KARIMNAGAR,Andhra Pradesh,KARIMNAGAR,2008,Rabi,3.604998,0.8716894,-2.8696225,-2.1377418,-1.1256585,-0.694378,-1.3962446,-1.4755272,2.654372,1.0,0.0,0.0,0.0,0.0,1.0,0.0,0.014362954570103437
IND_ANDHRAPRADESH_KHAMMAM,Andhra Pradesh,KHAMMAM,2008,Kharif,3.018,0.0842901,-0.92569005,0.86390865,-1.2859911,0.18892837,0.79435086,0.14680713,2.373721,1.0,0.0,0.0,0.0,1.0,0.0,0.0,0.0020423876226361485
IND_ANDHRAPRADESH_KHAMMAM,Andhra Pradesh,KHAMMAM,2008,Rabi,3.228998,1.7153513,-0.8847927,-0.90596974,0.12554912,0.105430506,0.17779101,-0.74748755,2.060771,1.0,0.0,0.0,0.0,0.0,1.0,0.0,0.00446369456194415
IND_ANDHRAPRADESH_KRISHNA,Andhra Pradesh,KRISHNA,2008,Kharif,3.503001,-0.51458085,-0.8961092,0.8274708,-2.6255558,-1.2329772,0.9595008,0.77492666,2.6840792,1.0,0.0,0.0,0.0,1.0,0.0,0.0,0.005933281490250626
IND_ANDHRAPRADESH_KRISHNA,Andhra Pradesh,KRISHNA,2008,Rabi,3.877999,1.3551356,-0.77204984,-0.7874625,-0.73809683,-0.54136455,0.13166031,0.08807557,2.8568404,1.0,0.0,0.0,0.0,0.0,1.0,0.0,0.006203355993770492
IND_ANDHRAPRADESH_KURNOOL,Andhra Pradesh,KURNOOL,2008,Kharif,3.329003,0.19137801,-1.1904429,0.4249513,-1.20175,0.44848645,0.28963763,1.2444245,0.45277163,1.0,0.0,0.0,0.0,1.0,0.0,0.0,0.004381756555579214
IND_ANDHRAPRADESH_KURNOOL,Andhra Pradesh,KURNOOL,2008,Rabi,3.54501,1.9546564,-1.4258444,-1.24739,-0.28604764,-0.025924422,-0.62816274,-0.13121673,0.36223945,1.0,0.0,0.0,0.0,0.0,1.0,0.0,0.003174865189206185
IND_ANDHRAPRADESH_MAHBUBNAGAR,Andhra Pradesh,MAHBUBNAGAR,2008,Kharif,2.961996,-0.25568476,-1.5731202,0.80722666,-1.0509907,0.65508395,0.057046298,0.9320797,0.74624515,1.0,0.0,0.0,0.0,1.0,0.0,0.0,0.004366343925132244
IND_ANDHRAPRADESH_MAHBUBNAGAR,Andhra Pradesh,MAHBUBNAGAR,2008,Rabi,2.807003,1.6076462,-1.9520218,-1.0723357,-0.04608482,0.10336303,-1.2930237,-0.8676467,1.1666223,1.0,0.0,0.0,0.0,0.0,1.0,0.0,0.008307419716647826
IND_ANDHRAPRADESH_MEDAK,Andhra Pradesh,MEDAK,2008,Kharif,2.624997,-0.4967027,-1.6739997,1.0025866,-0.79855144,1.1616279,0.2173799,-0.0299111,1.009525,1.0,0.0,0.0,0.0,1.0,0.0,0.0,0.010334752481818546
IND_ANDHRAPRADESH_MEDAK,Andhra Pradesh,MEDAK,2008,Rabi,3.335992,1.3082453,-2.392147,-1.4418081,0.18704274,0.25861067,-1.6579467,-1.6903054,1.4360274,1.0,0.0,0.0,0.0,0.0,1.0,0.0,0.011887679960836709
IND_ANDHRAPRADESH_NALGONDA,Andhra Pradesh,NALGONDA,2008,Kharif,3.111002,-0.23684648,-1.5861075,0.50985277,-2.0766017,0.04539668,0.57205355,0.77410066,1.4905351,1.0,0.0,0.0,0.0,1.0,0.0,0.0,0.008485224935374602
IND_ANDHRAPRADESH_NALGONDA,Andhra Pradesh,NALGONDA,2008,Rabi,3.257999,1.3222249,-1.9072458,-1.150352,-1.000108,-0.41427624,-1.0872802,-0.42430475,2.8075397,1.0,0.0,0.0,0.0,0.0,1.0,0.0,0.018407520756880697
IND_ANDHRAPRADESH_NIZAMABAD,Andhra Pradesh,NIZAMABAD,2008,Kharif,3.650998,-0.54650205,-1.7806479,0.79726076,-1.1633191,1.1244054,0.28431684,-0.005550742,1.2207593,1.0,0.0,0.0,0.0,1.0,0.0,0.0,0.006475983917322288
IND_ANDHRAPRADESH_NIZAMABAD,Andhra Pradesh,NIZAMABAD,2008,Rabi,3.469996,1.0868285,-2.5275416,-1.8940936,-0.24216737,0.08194404,-1.5461181,-1.7879562,1.5540999,1.0,0.0,0.0,0.0,0.0,1.0,0.0,0.009567114220045903
IND_ANDHRAPRADESH_PRAKASAM,Andhra Pradesh,PRAKASAM,2008,Kharif,3.536999,-1.2502868,0.19209786,-0.7505212,-0.61019146,-0.47956198,1.8891863,0.674754,-0.39408895,1.0,0.0,0.0,0.0,1.0,0.0,0.0,0.005753289787444313
IND_ANDHRAPRADESH_PRAKASAM,Andhra Pradesh,PRAKASAM,2008,Rabi,3.746001,0.4369685,-1.2271807,-0.4421546,0.12882331,-0.49320358,0.23951946,1.3690585,1.1316504,1.0,0.0,0.0,0.0,0.0,1.0,0.0,0.016736584768640206
IND_ANDHRAPRADESH_SRIKAKULAM,Andhra Pradesh,SRIKAKULAM,2008,Kharif,2.010001,-3.7420037,-0.8082987,0.59840035,-1.1025105,-1.5458311,1.5449698,0.6994076,1.8120579,1.0,0.0,0.0,0.0,1.0,0.0,0.0,0.006741234117134766
IND_ANDHRAPRADESH_SRIKAKULAM,Andhra Pradesh,SRIKAKULAM,2008,Rabi,2.32096,-0.2262908,-2.769216,0.38803613,2.2785301,-0.5291356,0.9868962,0.35475662,0.96473277,1.0,0.0,0.0,0.0,0.0,1.0,0.0,0.005706340317099363
IND_ANDHRAPRADESH_VIZIANAGARAM,Andhra Pradesh,VIZIANAGARAM,2008,Kharif,2.388,-1.5229087,-2.8535726,1.75506,-0.19053365,-0.20686775,-0.25274366,-1.6205844,2.4501665,1.0,0.0,0.0,0.0,1.0,0.0,0.0,0.016640391814441196
IND_ANDHRAPRADESH_VIZIANAGARAM,Andhra Pradesh,VIZIANAGARAM,2008,Rabi,2.385251,1.4115889,-3.0321095,-0.12967962,2.033404,0.12903458,-1.3140087,-2.520634,2.5235636,1.0,0.0,0.0,0.0,0.0,1.0,0.0,0.009201394578679783
IND_ANDHRAPRADESH_WARANGAL,Andhra Pradesh,WARANGAL,2008,Kharif,3.009002,0.24594565,-1.2044344,0.8102282,-1.3545722,0.5493585,0.6809442,0.22159323,2.1425073,1.0,0.0,0.0,0.0,1.0,0.0,0.0,0.0027248467391697887
IND_ANDHRAPRADESH_WARANGAL,Andhra Pradesh,WARANGAL,2008,Rabi,2.949004,1.404057,-1.4808838,-1.342381,-0.21617122,0.020079426,-0.54533565,-1.1428756,2.242404,1.0,0.0,0.0,0.0,0.0,1.0,0.0,0.00789578069774964
IND_ANDHRAPRADESH_WESTGODAVARI,Andhra Pradesh,WEST GODAVARI,2008,Kharif,3.047999,-0.55196965,-1.117348,1.1664265,-2.0222864,-0.9667927,0.71024317,0.37969166,2.9380498,1.0,0.0,0.0,0.0,1.0,0.0,0.0,0.004440944388311234
IND_ANDHRAPRADESH_WESTGODAVARI,Andhra Pradesh,WEST GODAVARI,2008,Rabi,4.214,1.1142173,-1.3044415,-0.79209137,-0.9422184,-0.88242495,-0.65443397,-0.20669001,3.8884265,1.0,0.0,0.0,0.0,0.0,1.0,0.0,0.013435010045306416
IND_KARNATAKA_BANGALORERURAL,Karnataka,BANGALORE RURAL,2008,Kharif,4.35073,0.49241933,-0.74338055,1.8122525,1.5548097,1.8797361,-0.99823177,-0.35207835,-0.29508555,0.0,1.0,0.0,0.0,1.0,0.0,0.0,0.008032944396412273
IND_KARNATAKA_BANGALORERURAL,Karnataka,BANGALORE RURAL,2008,Rabi,2.166667,1.9907749,-1.5599968,0.03590577,2.5986774,1.8530748,-2.0247245,-1.7083322,-1.1052815,0.0,1.0,0.0,0.0,0.0,1.0,0.0,0.015347099796874507
IND_KARNATAKA_BANGALORERURAL,Karnataka,BANGALORE RURAL,2008,Summer,3.020501,-1.715254,-2.202685,0.61839545,1.2434876,-0.2391794,-2.9650755,-1.7062341,-1.8917705,0.0,1.0,0.0,0.0,0.0,0.0,1.0,0.012247552796938378
IND_KARNATAKA_BIDAR,Karnataka,BIDAR,2008,Kharif,0.74105,-0.6127115,-1.0867151,0.4702957,-0.17498578,1.8761091,0.49364185,-0.6892867,0.029017985,0.0,1.0,0.0,0.0,1.0,0.0,0.0,0.00793615786683908
IND_KARNATAKA_CHITRADURGA,Karnataka,CHITRADURGA,2008,Kharif,2.137512,-0.052232057,-0.44312698,0.8492987,0.7417657,1.4604603,-0.17715652,0.9602152,-0.99808323,0.0,1.0,0.0,0.0,1.0,0.0,0.0,0.005064057775273197
IND_KARNATAKA_CHITRADURGA,Karnataka,CHITRADURGA,2008,Rabi,1.71558,1.7327707,-1.361659,-1.3964454,0.90563446,0.90642095,-1.6277043,-0.8353051,-1.039592,0.0,1.0,0.0,0.0,0.0,1.0,0.0,0.010844224155339954
IND_KARNATAKA_CHITRADURGA,Karnataka,CHITRADURGA,2008,Summer,2.098596,-2.6591887,-1.3205634,-0.35565242,0.15787707,-0.10344916,-1.8095583,-0.35849327,-2.1930733,0.0,1.0,0.0,0.0,0.0,0.0,1.0,0.011261677271855992
IND_KARNATAKA_DAKSHINAKANNADA,Karnataka,DAKSHINA KANNADA,2008,Kharif,2.53649,-0.7203142,2.8912961,0.48287085,-0.06898758,1.4788469,1.0440127,-0.83184385,1.5553992,0.0,1.0,0.0,0.0,1.0,0.0,0.0,0.015323739156002384
IND_KARNATAKA_DAKSHINAKANNADA,Karnataka,DAKSHINA KANNADA,2008,Rabi,2.248004,-1.31591,1.9014196,-3.8927226,-0.55311143,1.385213,-2.2893136,-0.020100087,2.3410506,0.0,1.0,0.0,0.0,0.0,1.0,0.0,0.01531973640379374
IND_KARNATAKA_DAKSHINAKANNADA,Karnataka,DAKSHINA KANNADA,2008,Summer,2.243781,-3.3500552,2.5752761,-0.85706794,0.16074455,0.31628427,-0.42947537,-1.4340492,-0.3729905,0.0,1.0,0.0,0.0,0.0,0.0,1.0,0.015620953746754204
IND_KARNATAKA_DHARWAD,Karnataka,DHARWAD,2008,Kharif,0.8455,-1.0613644,-0.52807987,1.1422855,0.24964587,2.1482134,-0.96354043,0.893891,0.22316438,0.0,1.0,0.0,0.0,1.0,0.0,0.0,0.005106575814085985
IND_KARNATAKA_DHARWAD,Karnataka,DHARWAD,2008,Summer,3.022222,-2.7413604,-0.6365111,-0.14443913,0.5182223,1.3632532,-2.16537,-1.5041271,-1.8411893,0.0,1.0,0.0,0.0,0.0,0.0,1.0,0.01942268878076423
IND_KARNATAKA_GADAG,Karnataka,GADAG,2008,Kharif,1.596364,-0.8778367,-0.3118868,0.44762287,0.85586935,1.8089429,-0.53575957,0.54262936,-1.7122403,0.0,1.0,0.0,0.0,1.0,0.0,0.0,0.002812265068362762
IND_KARNATAKA_GADAG,Karnataka,GADAG,2008,Summer,1.125466,-2.976306,-1.1301306,-0.14626232,0.17693645,0.7716441,-1.882933,-0.8130057,-1.9339584,0.0,1.0,0.0,0.0,0.0,0.0,1.0,0.013422462637851544
IND_KARNATAKA_HASSAN,Karnataka,HASSAN,2008,Kharif,2.450999,-0.44148126,-0.86929786,2.536938,0.8136671,1.7688514,-2.211956,-0.20597944,1.208974,0.0,1.0,0.0,0.0,1.0,0.0,0.0,0.007680675284859113
IND_KARNATAKA_HASSAN,Karnataka,HASSAN,2008,Rabi,2.013333,1.4803767,-1.3405596,-0.16134334,2.2056363,1.9121388,-3.2829413,-1.6338547,0.25488636,0.0,1.0,0.0,0.0,0.0,1.0,0.0,0.024433447306831595
IND_KARNATAKA_HASSAN,Karnataka,HASSAN,2008,Summer,2.664798,-2.2250984,-1.2551057,1.2603432,0.9329091,0.51665753,-3.5876384,-1.9697472,-0.31176096,0.0,1.0,0.0,0.0,0.0,0.0,1.0,0.014883830781291896
IND_KARNATAKA_HAVERI,Karnataka,HAVERI,2008,Kharif,1.2065,-1.2192428,-0.41994464,2.1496446,-0.10918096,2.029419,-0.5471855,0.94599783,0.494365,0.0,1.0,0.0,0.0,1.0,0.0,0.0,0.0065108069538977065
IND_KARNATAKA_HAVERI,Karnataka,HAVERI,2008,Summer,3.20912,-3.021634,-0.92457783,0.46495268,0.098502964,0.71855175,-2.0817869,-0.7908902,-1.214793,0.0,1.0,0.0,0.0,0.0,0.0,1.0,0.014066402378465067
IND_KARNATAKA_KODAGU,Karnataka,KODAGU,2008,Kharif,2.393997,-0.25565764,1.0561684,1.232187,0.6887645,1.8351642,-0.7188446,-1.967204,2.5022347,0.0,1.0,0.0,0.0,1.0,0.0,0.0,0.006764693894620435
IND_KARNATAKA_KODAGU,Karnataka,KODAGU,2008,Rabi,2.2,1.1330223,1.1579474,-1.0984359,1.7931529,2.6540766,-2.2565668,-2.2517502,-0.793362,0.0,1.0,0.0,0.0,0.0,1.0,0.0,0.020934945731979123
IND_KARNATAKA_KODAGU,Karnataka,KODAGU,2008,Summer,2.520607,-2.134697,1.1656632,0.23397121,1.1666945,1.008155,-2.0690048,-3.0718892,0.073259324,0.0,1.0,0.0,0.0,0.0,0.0,1.0,0.01858815693231006
IND_KARNATAKA_KOLAR,Karnataka,KOLAR,2008,Kharif,1.57705,0.48928687,-0.81602156,1.9126275,1.1494404,1.4020637,-0.60569876,-0.030325234,-0.22846761,0.0,1.0,0.0,0.0,1.0,0.0,0.0,0.006885123661091973
IND_KARNATAKA_KOLAR,Karnataka,KOLAR,2008,Summer,2.137615,-1.7253723,-2.185793,0.47110757,1.3621389,-0.46412665,-2.4258184,-1.7302052,-2.0456915,0.0,1.0,0.0,0.0,0.0,0.0,1.0,0.01009255994815966
IND_KARNATAKA_KOPPAL,Karnataka,KOPPAL,2008,Kharif,3.704999,-0.78833157,-1.1048208,0.34195915,-0.5213876,1.0156509,-0.5067003,1.38007,-0.48379147,0.0,1.0,0.0,0.0,1.0,0.0,0.0,0.0031682235646557718
IND_KARNATAKA_KOPPAL,Karnataka,KOPPAL,2008,Summer,3.286062,-3.266316,-1.8831291,-0.74461126,-0.6502021,-0.07217679,-2.1642628,-0.20762584,-0.7674978,0.0,1.0,0.0,0.0,0.0,0.0,1.0,0.020161006903806317
IND_KARNATAKA_MANDYA,Karnataka,MANDYA,2008,Kharif,3.192001,-0.14559348,-0.7394145,1.8713424,0.023236036,1.096792,-1.9613428,0.87654483,1.2152177,0.0,1.0,0.0,0.0,1.0,0.0,0.0,0.003751407849076844
IND_KARNATAKA_MANDYA,Karnataka,MANDYA,2008,Rabi,3.142857,1.8103296,-0.57086575,-0.3627761,2.127305,1.9338466,-1.8511955,-1.4795309,-1.457251,0.0,1.0,0.0,0.0,0.0,1.0,0.0,0.020523071915333733
IND_KARNATAKA_MANDYA,Karnataka,MANDYA,2008,Summer,3.22145,-2.2328825,-1.2792156,0.29215303,0.36266416,-0.40242583,-3.1393435,-1.0324517,-0.21915491,0.0,1.0,0.0,0.0,0.0,0.0,1.0,0.012242280712145353
IND_KARNATAKA_RAICHUR,Karnataka,RAICHUR,2008,Kharif,3.543501,-0.70676214,-1.4671044,0.0026534498,-1.564992,0.6996112,-0.26340187,1.4866718,0.2196041,0.0,1.0,0.0,0.0,1.0,0.0,0.0,0.00439475777579781
IND_KARNATAKA_RAICHUR,Karnataka,RAICHUR,2008,Summer,2.669499,-3.8070183,-1.8416569,-2.1645234,-1.3988276,-0.6747368,-1.9194517,0.045033038,-0.43994185,0.0,1.0,0.0,0.0,0.0,0.0,1.0,0.019705809429670523
IND_KARNATAKA_RAMANAGARA,Karnataka,RAMANAGARA,2008,Kharif,2.644114,0.48999688,-0.29273695,1.5521443,0.99157465,1.5724381,-0.8091397,-0.017725438,0.08810094,0.0,1.0,0.0,0.0,1.0,0.0,0.0,0.0046163267363351895
IND_KARNATAKA_RAMANAGARA,Karnataka,RAMANAGARA,2008,Summer,3.138889,-1.711437,-1.1471539,0.25416288,1.170686,-0.23786065,-2.3630292,-1.6081179,-1.8322285,0.0,1.0,0.0,0.0,0.0,0.0,1.0,0.017091498159378445
IND_KARNATAKA_UDUPI,Karnataka,UDUPI,2008,Kharif,2.308503,-0.6661782,1.8233452,1.2499499,-0.119555235,1.9152582,0.41898435,-0.53936756,1.7513045,0.0,1.0,0.0,0.0,1.0,0.0,0.0,0.009268663767767804
IND_KARNATAKA_UDUPI,Karnataka,UDUPI,2008,Rabi,2.189765,-0.21768646,0.7205082,-1.9183688,0.5231396,2.1680076,-3.0753045,-0.5678289,1.2291901,0.0,1.0,0.0,0.0,0.0,1.0,0.0,0.01847579944542411
IND_KARNATAKA_UDUPI,Karnataka,UDUPI,2008,Summer,2.181818,-2.7294607,1.9840398,-0.14229782,0.94214785,1.4064875,-1.3876613,-2.0382042,-1.0732853,0.0,1.0,0.0,0.0,0.0,0.0,1.0,0.015709049165486617
IND_KARNATAKA_UTTARAKANNADA,Karnataka,UTTARA KANNADA,2008,Kharif,1.491502,-1.6682383,1.9493873,0.67940676,-0.83414996,1.7350774,0.26225525,0.6843102,1.6795198,0.0,1.0,0.0,0.0,1.0,0.0,0.0,0.006174484320373928
IND_KARNATAKA_UTTARAKANNADA,Karnataka,UTTARA KANNADA,2008,Rabi,2.323253,0.3848558,1.9763505,-1.2764353,0.6433998,3.351588,-1.5847788,0.49954244,-0.0046997666,0.0,1.0,0.0,0.0,0.0,1.0,0.0,0.011237883183319305
IND_KARNATAKA_UTTARAKANNADA,Karnataka,UTTARA KANNADA,2008,Summer,2.210175,-3.4705536,2.718184,-1.1720737,0.70351005,1.2961309,-1.6709174,-0.42498448,-0.94628453,0.0,1.0,0.0,0.0,0.0,0.0,1.0,0.009237557067468267
IND_TAMILNADU_COIMBATORE,Tamil Nadu,COIMBATORE,2008,Kharif,9.886125,0.10159774,1.3785108,1.0359119,1.509632,1.4891437,-1.1517144,-0.05549428,-0.6264464,0.0,0.0,1.0,0.0,1.0,0.0,0.0,0.00549605499781135
IND_TAMILNADU_CUDDALORE,Tamil Nadu,CUDDALORE,2008,Kharif,2.0765,0.1979584,1.1928471,-0.09171362,-1.9523194,-1.1592797,1.4448991,0.9026201,0.7754724,0.0,0.0,1.0,0.0,1.0,0.0,0.0,0.005572918383949472
IND_TAMILNADU_DHARMAPURI,Tamil Nadu,DHARMAPURI,2008,Kharif,3.816133,1.05722,0.2893663,0.99743295,-0.099743456,0.49171185,0.11297853,-0.06287798,0.4437264,0.0,0.0,1.0,0.0,1.0,0.0,0.0,0.005947108607675936
IND_TAMILNADU_DINDIGUL,Tamil Nadu,DINDIGUL,2008,Kharif,3.70002,0.7697322,0.326167,1.1364086,0.468013,-0.05513332,-0.7418688,0.8180376,-0.66363466,0.0,0.0,1.0,0.0,1.0,0.0,0.0,0.00579287579526979
IND_TAMILNADU_ERODE,Tamil Nadu,ERODE,2008,Kharif,5.159146,0.9144439,0.624587,0.14611164,-0.5079812,-0.034523375,-0.61317223,-0.07363394,0.22565874,0.0,0.0,1.0,0.0,1.0,0.0,0.0,0.003484649157157022
IND_TAMILNADU_KANNIYAKUMARI,Tamil Nadu,KANNIYAKUMARI,2008,Kharif,4.599824,0.3672487,2.0393205,1.2224867,0.9702108,0.77611864,-0.461236,1.3432349,0.03127557,0.0,0.0,1.0,0.0,1.0,0.0,0.0,0.0030333804320133856
IND_TAMILNADU_KARUR,Tamil Nadu,KARUR,2008,Kharif,3.849373,1.279754,0.9973917,0.056400374,-0.13455822,0.105751894,0.63985616,0.26181406,-0.7422073,0.0,0.0,1.0,0.0,1.0,0.0,0.0,0.014908961076386886
IND_TAMILNADU_KRISHNAGIRI,Tamil Nadu,KRISHNAGIRI,2008,Kharif,3.577252,0.7273558,-0.2754221,1.7107877,0.3802775,0.9690063,-0.18710737,0.30156618,0.26619515,0.0,0.0,1.0,0.0,1.0,0.0,0.0,0.0028336677519786397
IND_TAMILNADU_MADURAI,Tamil Nadu,MADURAI,2008,Kharif,4.006477,1.201815,1.2774357,0.024672762,-1.2920138,-0.4726535,0.011076942,0.56328785,0.42892912,0.0,0.0,1.0,0.0,1.0,0.0,0.0,0.011942653151287291
IND_TAMILNADU_NAMAKKAL,Tamil Nadu,NAMAKKAL,2008,Kharif,4.838666,1.1364217,0.92092097,0.27143198,-0.19610323,0.280318,0.46752065,-0.14750974,-0.25682256,0.0,0.0,1.0,0.0,1.0,0.0,0.0,0.0075052150238943535
IND_TAMILNADU_PERAMBALUR,Tamil Nadu,PERAMBALUR,2008,Kharif,9.177676,1.1155493,0.88146186,0.4801421,-0.036660925,0.22618347,0.79279655,-0.046513006,-0.34570664,0.0,0.0,1.0,0.0,1.0,0.0,0.0,0.008944101167425833
IND_TAMILNADU_PUDUKKOTTAI,Tamil Nadu,PUDUKKOTTAI,2008,Kharif,1.865105,0.7469849,1.1182263,-0.18804222,-1.742656,-1.1095799,0.7488762,1.007724,0.5212406,0.0,0.0,1.0,0.0,1.0,0.0,0.0,0.004736129972756164
IND_TAMILNADU_RAMANATHAPURAM,Tamil Nadu,RAMANATHAPURAM,2008,Kharif,1.576063,-0.94683844,1.2817585,-0.19755402,-1.16842,-1.0195005,0.3853901,2.9801228,-0.015928268,0.0,0.0,1.0,0.0,1.0,0.0,0.0,0.004935207033271761
IND_TAMILNADU_SALEM,Tamil Nadu,SALEM,2008,Kharif,4.022286,1.0980418,0.7247182,0.43743142,-0.5290697,0.0667947,0.36127847,0.05985062,0.14740297,0.0,0.0,1.0,0.0,1.0,0.0,0.0,0.007463335681621239
IND_TAMILNADU_SIVAGANGA,Tamil Nadu,SIVAGANGA,2008,Kharif,1.634716,0.633952,1.3502126,-0.4396079,-1.399471,-0.9933295,0.6898508,1.0927345,0.08203021,0.0,0.0,1.0,0.0,1.0,0.0,0.0,0.00340968660946688
IND_TAMILNADU_THANJAVUR,Tamil Nadu,THANJAVUR,2008,Kharif,2.016788,-0.75933856,1.1868074,-0.12313603,-2.2942178,-1.6901761,0.9210698,2.2486196,0.98196304,0.0,0.0,1.0,0.0,1.0,0.0,0.0,0.006010208373766603
IND_TAMILNADU_THENILGIRIS,Tamil Nadu,THE NILGIRIS,2008,Kharif,3.930323,-0.078593686,0.9791261,1.0531088,1.9154556,1.9715179,-2.0735765,-0.63050973,-0.9606544,0.0,0.0,1.0,0.0,1.0,0.0,0.0,0.008567277419910842
IND_TAMILNADU_THENI,Tamil Nadu,THENI,2008,Kharif,5.153861,0.91503686,0.4987343,1.1254452,0.7400943,0.48579407,-1.8168105,-0.105743006,0.29279736,0.0,0.0,1.0,0.0,1.0,0.0,0.0,0.007553131909512646
IND_TAMILNADU_THIRUVALLUR,Tamil Nadu,THIRUVALLUR,2008,Kharif,3.840759,-0.7073803,1.2183057,-0.08833414,-1.1877544,-0.8846553,1.8760695,0.54214644,0.5270561,0.0,0.0,1.0,0.0,1.0,0.0,0.0,0.01512994641628427
IND_TAMILNADU_THIRUVARUR,Tamil Nadu,THIRUVARUR,2008,Kharif,1.160475,-0.71263725,1.1640579,-0.08497703,-2.297385,-1.8031106,0.97807956,2.2101834,1.0637792,0.0,0.0,1.0,0.0,1.0,0.0,0.0,0.006146473894585164
IND_TAMILNADU_TIRUCHIRAPPALLI,Tamil Nadu,TIRUCHIRAPPALLI,2008,Kharif,3.617593,0.9462322,0.86357427,0.20533311,-1.2367028,-0.5730089,0.6193447,0.94023085,0.24942818,0.0,0.0,1.0,0.0,1.0,0.0,0.0,0.011084549571883902
IND_TAMILNADU_TIRUNELVELI,Tamil Nadu,TIRUNELVELI,2008,Kharif,4.097832,0.382871,1.6403031,1.6564537,-0.28221476,0.10176497,-0.7319695,1.7592322,1.7362751,0.0,0.0,1.0,0.0,1.0,0.0,0.0,0.0037591683206344957
IND_TAMILNADU_TIRUVANNAMALAI,Tamil Nadu,TIRUVANNAMALAI,2008,Kharif,3.120586,0.6715367,0.88509303,0.7163271,-1.5772419,-0.5018661,1.0230275,0.5704535,1.4510211,0.0,0.0,1.0,0.0,1.0,0.0,0.0,0.009152935633312473
IND_TAMILNADU_VELLORE,Tamil Nadu,VELLORE,2008,Kharif,3.624713,0.791192,-0.4178986,1.7554178,-0.25093687,0.4723286,-0.03670697,0.6570852,0.9363781,0.0,0.0,1.0,0.0,1.0,0.0,0.0,0.004035831030817742
IND_ANDHRAPRADESH_ADILABAD,Andhra Pradesh,ADILABAD,2009,Kharif,1.987011,-0.12623285,-1.1286442,-0.04700327,-0.8929288,1.4036329,1.1072092,-0.18114804,0.66968,1.0,0.0,0.0,0.0,1.0,0.0,0.0,0.004943073115352462
IND_ANDHRAPRADESH_ADILABAD,Andhra Pradesh,ADILABAD,2009,Rabi,2.269043,0.6223596,-2.050507,-3.3331344,-0.5659003,-0.49472642,0.009520963,-2.1093228,-0.008333296,1.0,0.0,0.0,0.0,0.0,1.0,0.0,0.009868411973900744
IND_ANDHRAPRADESH_ANANTAPUR,Andhra Pradesh,ANANTAPUR,2009,Kharif,3.150003,-0.12513596,-0.72270364,0.71914494,-0.24041237,0.68939275,0.22088356,1.787512,-0.6018439,1.0,0.0,0.0,0.0,1.0,0.0,0.0,0.006555435489950465
IND_ANDHRAPRADESH_ANANTAPUR,Andhra Pradesh,ANANTAPUR,2009,Rabi,2.41399,1.5960237,-1.8548834,-2.045907,-0.5973596,-0.65015155,-1.2154965,0.12712702,-1.3470763,1.0,0.0,0.0,0.0,0.0,1.0,0.0,0.007802053209525849
IND_ANDHRAPRADESH_CHITTOOR,Andhra Pradesh,CHITTOOR,2009,Kharif,2.844013,0.7250703,-0.96540785,1.4776206,0.24003564,0.3861851,-0.03125675,0.92146826,-0.29836792,1.0,0.0,0.0,0.0,1.0,0.0,0.0,0.006003592731769647
IND_ANDHRAPRADESH_CHITTOOR,Andhra Pradesh,CHITTOOR,2009,Rabi,3.24099,2.1122637,-2.269609,-0.14598706,0.32645458,-0.537433,-2.1277514,-0.21627834,0.73164,1.0,0.0,0.0,0.0,0.0,1.0,0.0,0.004202669006230784
IND_ANDHRAPRADESH_EASTGODAVARI,Andhra Pradesh,EAST GODAVARI,2009,Kharif,3.050002,-1.4203773,-0.78332233,-0.73934424,-2.3261392,-1.6108087,1.376859,-0.22977182,1.9481107,1.0,0.0,0.0,0.0,1.0,0.0,0.0,0.02036857220159959
IND_ANDHRAPRADESH_EASTGODAVARI,Andhra Pradesh,EAST GODAVARI,2009,Rabi,4.371997,0.46932712,-1.0689347,-1.9384743,-1.2706835,-1.8749352,1.0523257,-0.32933393,1.895718,1.0,0.0,0.0,0.0,0.0,1.0,0.0,0.008958244515722243
IND_ANDHRAPRADESH_GUNTUR,Andhra Pradesh,GUNTUR,2009,Kharif,3.585999,-1.0817565,-0.97229993,-0.76178396,-2.6611512,-1.0162572,1.157741,1.0105342,0.94491744,1.0,0.0,0.0,0.0,1.0,0.0,0.0,0.008359388862170693
IND_ANDHRAPRADESH_GUNTUR,Andhra Pradesh,GUNTUR,2009,Rabi,3.412998,0.621061,-1.0672121,-1.7087319,-1.2923752,-1.3059503,0.5647317,0.23359196,1.3833641,1.0,0.0,0.0,0.0,0.0,1.0,0.0,0.00836308671856815
IND_ANDHRAPRADESH_KARIMNAGAR,Andhra Pradesh,KARIMNAGAR,2009,Kharif,3.230003,0.23622735,-1.1590993,-0.11067507,-1.4285985,0.853729,1.12572,0.2922794,1.0605892,1.0,0.0,0.0,0.0,1.0,0.0,0.0,0.007964143761338308
IND_ANDHRAPRADESH_KARIMNAGAR,Andhra Pradesh,KARIMNAGAR,2009,Rabi,3.088999,0.38373438,-1.9304638,-3.3101456,-1.5661728,-1.0478795,0.2397436,-1.6415256,0.60722244,1.0,0.0,0.0,0.0,0.0,1.0,0.0,0.015157341604945853
IND_ANDHRAPRADESH_KHAMMAM,Andhra Pradesh,KHAMMAM,2009,Kharif,2.256998,0.31582946,-0.2643492,-0.1725288,-0.7531475,0.38306963,1.3581905,-0.10733163,1.2372626,1.0,0.0,0.0,0.0,1.0,0.0,0.0,0.022530367990641644
IND_ANDHRAPRADESH_KHAMMAM,Andhra Pradesh,KHAMMAM,2009,Rabi,3.608,1.3133162,-0.9039835,-1.9738468,-0.9838191,-0.7503096,0.94182336,-0.68450487,1.4633017,1.0,0.0,0.0,0.0,0.0,1.0,0.0,0.012205146447993682
IND_ANDHRAPRADESH_KRISHNA,Andhra Pradesh,KRISHNA,2009,Kharif,3.437002,-0.60432786,-0.9101007,-0.5159347,-2.8375444,-1.2000653,1.2568355,0.7124562,1.9170386,1.0,0.0,0.0,0.0,1.0,0.0,0.0,0.00819297542086031
IND_ANDHRAPRADESH_KRISHNA,Andhra Pradesh,KRISHNA,2009,Rabi,3.918998,0.84988004,-0.6835293,-1.7580295,-1.3758743,-1.2648467,0.9177344,-0.05925645,1.9338549,1.0,0.0,0.0,0.0,0.0,1.0,0.0,0.005830193823351938
IND_ANDHRAPRADESH_KURNOOL,Andhra Pradesh,KURNOOL,2009,Kharif,3.131001,-0.08181296,-1.0468805,0.48771575,-1.2465808,0.69094145,0.38244915,1.622008,0.40399334,1.0,0.0,0.0,0.0,1.0,0.0,0.0,0.00601498101520014
IND_ANDHRAPRADESH_KURNOOL,Andhra Pradesh,KURNOOL,2009,Rabi,3.527003,1.338474,-1.723317,-2.3692856,-1.2863256,-0.93167865,-0.5617997,0.10739638,-0.72555065,1.0,0.0,0.0,0.0,0.0,1.0,0.0,0.004654109911349087
IND_ANDHRAPRADESH_MAHBUBNAGAR,Andhra Pradesh,MAHBUBNAGAR,2009,Kharif,2.271999,-0.30160183,-1.489625,0.68753815,-1.1542215,0.75724554,0.10475488,1.2952768,0.7083523,1.0,0.0,0.0,0.0,1.0,0.0,0.0,0.0033264204757340017
IND_ANDHRAPRADESH_MAHBUBNAGAR,Andhra Pradesh,MAHBUBNAGAR,2009,Rabi,2.692995,0.9123523,-2.1107318,-2.1873033,-1.173218,-0.8177806,-0.9418807,-0.61054564,-0.004804224,1.0,0.0,0.0,0.0,0.0,1.0,0.0,0.006299733678656744
IND_ANDHRAPRADESH_MEDAK,Andhra Pradesh,MEDAK,2009,Kharif,2.693996,-0.17527926,-1.5287173,0.53541064,-0.8409896,1.1938618,0.45064986,0.3516666,0.49608335,1.0,0.0,0.0,0.0,1.0,0.0,0.0,0.010599532683190119
IND_ANDHRAPRADESH_MEDAK,Andhra Pradesh,MEDAK,2009,Rabi,2.955001,0.8344221,-2.1568184,-2.2345145,-0.35275215,-0.11837528,-0.98684895,-1.5455704,0.40202984,1.0,0.0,0.0,0.0,0.0,1.0,0.0,0.015391470657055616
IND_ANDHRAPRADESH_NALGONDA,Andhra Pradesh,NALGONDA,2009,Kharif,3.234998,-0.16345102,-1.1344707,-0.28745246,-1.5869735,0.35618663,1.0192326,0.8002192,0.6706958,1.0,0.0,0.0,0.0,1.0,0.0,0.0,0.0047597294453108445
IND_ANDHRAPRADESH_NALGONDA,Andhra Pradesh,NALGONDA,2009,Rabi,3.432002,0.7645988,-2.1683128,-2.3670537,-2.0637615,-1.2253631,-0.45522237,-0.3657018,1.6889188,1.0,0.0,0.0,0.0,0.0,1.0,0.0,0.02039525380051742
IND_ANDHRAPRADESH_NIZAMABAD,Andhra Pradesh,NIZAMABAD,2009,Kharif,3.248006,-0.07467125,-1.5848005,0.29098967,-1.2663242,1.227728,0.56196934,0.39973655,0.79171216,1.0,0.0,0.0,0.0,1.0,0.0,0.0,0.0064891018530086435
IND_ANDHRAPRADESH_NIZAMABAD,Andhra Pradesh,NIZAMABAD,2009,Rabi,3.141991,0.52610767,-2.1599376,-2.966449,-0.8546134,-0.4093793,-0.63341415,-1.6897932,0.12552121,1.0,0.0,0.0,0.0,0.0,1.0,0.0,0.009125216261766834
IND_ANDHRAPRADESH_PRAKASAM,Andhra Pradesh,PRAKASAM,2009,Kharif,3.572014,-1.0342003,0.10213257,-0.88864815,-0.6118023,-0.38448694,2.0779002,0.8832234,-0.78841555,1.0,0.0,0.0,0.0,1.0,0.0,0.0,0.00815656696536295
IND_ANDHRAPRADESH_PRAKASAM,Andhra Pradesh,PRAKASAM,2009,Rabi,3.858998,0.15175496,-1.2441814,-1.0661235,-0.43189746,-0.91626537,0.42086816,1.2294296,0.83513606,1.0,0.0,0.0,0.0,0.0,1.0,0.0,0.020850351436616923
IND_ANDHRAPRADESH_SRIKAKULAM,Andhra Pradesh,SRIKAKULAM,2009,Kharif,2.100001,-3.4752645,-0.766407,-0.25772133,-1.2646936,-1.7164445,1.607058,0.60909593,1.5412068,1.0,0.0,0.0,0.0,1.0,0.0,0.0,0.009465589819540321
IND_ANDHRAPRADESH_SRIKAKULAM,Andhra Pradesh,SRIKAKULAM,2009,Rabi,2.365953,-0.8999984,-2.528798,-0.732425,1.5843165,-1.3062956,1.5547782,-0.15494898,0.4411181,1.0,0.0,0.0,0.0,0.0,1.0,0.0,0.015272393212130812
IND_ANDHRAPRADESH_VIZIANAGARAM,Andhra Pradesh,VIZIANAGARAM,2009,Kharif,2.198001,-1.1967846,-2.580314,1.3249042,-0.3188491,-0.082669,-0.028203294,-1.3693844,2.0722096,1.0,0.0,0.0,0.0,1.0,0.0,0.0,0.013063596798566765
IND_ANDHRAPRADESH_VIZIANAGARAM,Andhra Pradesh,VIZIANAGARAM,2009,Rabi,2.521043,0.58665913,-2.9799452,-1.0658654,0.98037463,-1.0013663,-0.63088924,-2.6855462,1.2039331,1.0,0.0,0.0,0.0,0.0,1.0,0.0,0.024181084103925714
IND_ANDHRAPRADESH_WARANGAL,Andhra Pradesh,WARANGAL,2009,Kharif,2.481006,0.40249282,-0.857404,0.0322825,-1.2574662,0.6868798,1.1179147,0.24385315,1.3728143,1.0,0.0,0.0,0.0,1.0,0.0,0.0,0.009898129700033188
IND_ANDHRAPRADESH_WARANGAL,Andhra Pradesh,WARANGAL,2009,Rabi,2.670991,1.070914,-1.2414821,-2.4060822,-0.8655567,-0.54018223,0.64933133,-1.1601932,0.9216796,1.0,0.0,0.0,0.0,0.0,1.0,0.0,0.014370065724746325
IND_ANDHRAPRADESH_WESTGODAVARI,Andhra Pradesh,WEST GODAVARI,2009,Kharif,3.101002,-0.42142093,-0.94269186,-0.074089855,-2.2546234,-0.99889433,1.0571616,0.30600265,2.273268,1.0,0.0,0.0,0.0,1.0,0.0,0.0,0.010406347543001184
IND_ANDHRAPRADESH_WESTGODAVARI,Andhra Pradesh,WEST GODAVARI,2009,Rabi,3.931999,0.6865045,-0.92473674,-1.8699362,-1.4463973,-1.5520513,0.78132874,-0.41407484,2.060219,1.0,0.0,0.0,0.0,0.0,1.0,0.0,0.005579413282336991
IND_KARNATAKA_BANGALORERURAL,Karnataka,BANGALORE RURAL,2009,Kharif,4.426885,0.40469784,-0.8586257,1.7049158,1.6442984,1.556789,-0.95739985,0.11736116,-0.9727659,0.0,1.0,0.0,0.0,1.0,0.0,0.0,0.006491247957389977
IND_KARNATAKA_BANGALORERURAL,Karnataka,BANGALORE RURAL,2009,Rabi,2.333333,2.189784,-1.8398545,-0.4859549,2.3593676,1.4627112,-2.2155411,-1.8563524,-1.8962282,0.0,1.0,0.0,0.0,0.0,1.0,0.0,0.014620002085318612
IND_KARNATAKA_BANGALORERURAL,Karnataka,BANGALORE RURAL,2009,Summer,3.057554,-1.5542519,-1.9052519,0.021776289,0.90170914,-0.38694894,-2.4106555,-2.0864513,-2.2949073,0.0,1.0,0.0,0.0,0.0,0.0,1.0,0.00928440211801249
IND_KARNATAKA_BIDAR,Karnataka,BIDAR,2009,Kharif,0.769597,-0.34248793,-1.1509434,0.25392988,-0.29149503,1.8537085,0.59073067,-0.24416918,-0.20074591,0.0,1.0,0.0,0.0,1.0,0.0,0.0,0.005509382712623172
IND_KARNATAKA_CHITRADURGA,Karnataka,CHITRADURGA,2009,Kharif,1.966537,-0.5658914,-0.2051322,1.1305566,0.90034616,1.5180684,-0.06377402,1.3346394,-1.192371,0.0,1.0,0.0,0.0,1.0,0.0,0.0,0.0046647487414936736
IND_KARNATAKA_CHITRADURGA,Karnataka,CHITRADURGA,2009,Rabi,1.74548,1.211299,-1.5276337,-2.420649,0.14791068,0.16246274,-1.8524275,-0.47065678,-1.9044569,0.0,1.0,0.0,0.0,0.0,1.0,0.0,0.0075106026113440656
IND_KARNATAKA_CHITRADURGA,Karnataka,CHITRADURGA,2009,Summer,2.141389,-2.4841866,-1.0670823,-1.3360424,-0.31741035,-0.7121882,-1.4669679,-0.5288309,-2.434293,0.0,1.0,0.0,0.0,0.0,0.0,1.0,0.008953969677571547
IND_KARNATAKA_DAKSHINAKANNADA,Karnataka,DAKSHINA KANNADA,2009,Kharif,2.270509,-1.4015743,3.3716238,0.99372125,-0.19187795,1.325553,1.4891686,-1.413974,1.6402541,0.0,1.0,0.0,0.0,1.0,0.0,0.0,0.01902354111469563
IND_KARNATAKA_DAKSHINAKANNADA,Karnataka,DAKSHINA KANNADA,2009,Rabi,2.251002,-1.7827005,2.2219162,-4.964158,-0.8791086,0.70711786,-2.2229915,0.1308048,1.9783891,0.0,1.0,0.0,0.0,0.0,1.0,0.0,0.013398459931879709
IND_KARNATAKA_DAKSHINAKANNADA,Karnataka,DAKSHINA KANNADA,2009,Summer,2.152047,-3.29022,2.8588207,-1.6477604,0.31473407,-0.03528566,-0.6121323,-1.1448752,-0.73784995,0.0,1.0,0.0,0.0,0.0,0.0,1.0,0.0143619126808027
IND_KARNATAKA_DHARWAD,Karnataka,DHARWAD,2009,Kharif,1.149507,-1.3815156,-0.14117377,1.7335457,0.39880127,2.4276052,-0.6387397,0.8419868,0.21837178,0.0,1.0,0.0,0.0,1.0,0.0,0.0,0.003673874129259951
IND_KARNATAKA_DHARWAD,Karnataka,DHARWAD,2009,Summer,3.054152,-2.726912,-0.4010048,-1.0131937,-0.13762544,0.52021736,-1.6321727,-1.4612545,-2.1674287,0.0,1.0,0.0,0.0,0.0,0.0,1.0,0.005535131920820607
IND_KARNATAKA_GADAG,Karnataka,GADAG,2009,Kharif,0.883621,-1.1232941,0.06765087,1.0103697,1.007631,2.2058678,-0.44380462,0.67317617,-1.4557313,0.0,1.0,0.0,0.0,1.0,0.0,0.0,0.006259191383746433
IND_KARNATAKA_GADAG,Karnataka,GADAG,2009,Summer,2.674354,-2.8502607,-0.77795875,-1.3541584,-0.47719127,-0.0661268,-1.3300989,-0.9716052,-2.3549447,0.0,1.0,0.0,0.0,0.0,0.0,1.0,0.0066576495719562825
IND_KARNATAKA_HASSAN,Karnataka,HASSAN,2009,Kharif,2.698001,-0.8888137,-0.6643353,3.1033976,0.7656375,1.895522,-1.6951371,-0.05953756,0.88965213,0.0,1.0,0.0,0.0,1.0,0.0,0.0,0.005101610871079148
IND_KARNATAKA_HASSAN,Karnataka,HASSAN,2009,Rabi,2.031532,1.3062172,-1.4152999,-1.0607498,1.3078599,1.1022974,-3.586155,-1.4975104,-0.34134132,0.0,1.0,0.0,0.0,0.0,1.0,0.0,0.012884896858741092
IND_KARNATAKA_HASSAN,Karnataka,HASSAN,2009,Summer,2.735136,-1.8610148,-0.9776082,0.42813373,0.45712602,-0.14298138,-3.201541,-1.947158,-0.7197342,0.0,1.0,0.0,0.0,0.0,0.0,1.0,0.01234820869664138
IND_KARNATAKA_HAVERI,Karnataka,HAVERI,2009,Kharif,1.083007,-1.8592112,0.0028499514,2.8511589,0.028103232,2.357628,-0.21506532,0.81315756,0.41212454,0.0,1.0,0.0,0.0,1.0,0.0,0.0,0.006535469099141711
IND_KARNATAKA_HAVERI,Karnataka,HAVERI,2009,Summer,2.088133,-2.8548512,-0.6316923,-0.3348749,-0.4852966,0.16752252,-1.6499631,-0.8511524,-1.4937046,0.0,1.0,0.0,0.0,0.0,0.0,1.0,0.007040384216706962
IND_KARNATAKA_KODAGU,Karnataka,KODAGU,2009,Kharif,2.441499,-0.65139174,1.4784036,1.7354598,0.53500104,1.9150871,-0.29886836,-2.289195,2.4569945,0.0,1.0,0.0,0.0,1.0,0.0,0.0,0.005805394312164057
IND_KARNATAKA_KODAGU,Karnataka,KODAGU,2009,Rabi,2.2,0.97017485,1.4813633,-1.54653,1.7502793,2.2255938,-2.3879888,-2.1871204,-1.6781735,0.0,1.0,0.0,0.0,0.0,1.0,0.0,0.014962092596507982
IND_KARNATAKA_KODAGU,Karnataka,KODAGU,2009,Summer,2.653465,-2.0193198,1.4196355,-0.5369097,1.0671955,0.5840698,-2.1115313,-2.9734075,-0.6901871,0.0,1.0,0.0,0.0,0.0,0.0,1.0,0.00864571150765691
IND_KARNATAKA_KOLAR,Karnataka,KOLAR,2009,Kharif,1.662578,0.5786595,-1.0592772,1.7734357,1.185518,1.003642,-0.57514185,0.46434876,-0.8283838,0.0,1.0,0.0,0.0,1.0,0.0,0.0,0.005450715379832659
IND_KARNATAKA_KOLAR,Karnataka,KOLAR,2009,Summer,1.980699,-1.4450501,-2.209967,-0.053480476,0.4780798,-1.2150369,-2.4233267,-1.6496804,-1.3827952,0.0,1.0,0.0,0.0,0.0,0.0,1.0,0.003945037950146062
IND_KARNATAKA_KOPPAL,Karnataka,KOPPAL,2009,Kharif,3.09699,-0.8785612,-0.7980758,0.7754911,-0.34617096,1.4099866,-0.27870083,1.6712312,-0.2697801,0.0,1.0,0.0,0.0,1.0,0.0,0.0,0.005897600828412163
IND_KARNATAKA_KOPPAL,Karnataka,KOPPAL,2009,Summer,3.541603,-3.0606494,-1.3198956,-1.9417946,-1.1695838,-0.6056334,-1.6627684,-0.2501785,-1.2933925,0.0,1.0,0.0,0.0,0.0,0.0,1.0,0.007492689377847835
IND_KARNATAKA_MANDYA,Karnataka,MANDYA,2009,Kharif,3.248996,-0.5014429,-0.5957261,1.7761979,-0.026068814,0.95936155,-1.7706834,1.4137715,0.6129854,0.0,1.0,0.0,0.0,1.0,0.0,0.0,0.00314854417439223
IND_KARNATAKA_MANDYA,Karnataka,MANDYA,2009,Summer,3.435199,-1.8200629,-1.0902725,-0.3191279,-0.035779223,-0.9208418,-2.672007,-1.2228901,-0.58246076,0.0,1.0,0.0,0.0,0.0,0.0,1.0,0.006127642229950976
IND_KARNATAKA_RAICHUR,Karnataka,RAICHUR,2009,Kharif,2.621999,-0.7572572,-1.3613594,0.0052118003,-1.6598923,0.8340649,-0.18390952,1.8770022,0.18639654,0.0,1.0,0.0,0.0,1.0,0.0,0.0,0.005884455355046152
IND_KARNATAKA_RAICHUR,Karnataka,RAICHUR,2009,Summer,2.994402,-3.8182836,-1.2355266,-3.6283991,-1.9846809,-1.3527459,-1.5802464,-0.15272439,-0.6942239,0.0,1.0,0.0,0.0,0.0,0.0,1.0,0.010101888288089177
IND_KARNATAKA_RAMANAGARA,Karnataka,RAMANAGARA,2009,Kharif,2.857507,0.39902994,-0.44090313,1.3740214,0.93720543,1.1086158,-0.88283336,0.6165434,-0.5384115,0.0,1.0,0.0,0.0,1.0,0.0,0.0,0.005104582410109673
IND_KARNATAKA_RAMANAGARA,Karnataka,RAMANAGARA,2009,Summer,3.154378,-1.492454,-1.0396469,-0.30897644,0.54306126,-0.71729475,-2.0936632,-1.7692229,-1.7408139,0.0,1.0,0.0,0.0,0.0,0.0,1.0,0.003984744129806488
IND_KARNATAKA_UDUPI,Karnataka,UDUPI,2009,Kharif,2.422499,-1.1934679,2.2473862,1.7049563,-0.17782263,1.9859725,0.810737,-1.1261265,1.7636924,0.0,1.0,0.0,0.0,1.0,0.0,0.0,0.01046777165221257
IND_KARNATAKA_UDUPI,Karnataka,UDUPI,2009,Rabi,2.305289,-0.2520321,1.13093,-2.6355333,0.21001641,1.9359043,-2.7130299,-0.4710559,0.43141153,0.0,1.0,0.0,0.0,0.0,1.0,0.0,0.005871417184061787
IND_KARNATAKA_UDUPI,Karnataka,UDUPI,2009,Summer,2.20979,-2.6947584,2.1940408,-0.86433697,0.9047316,0.9315121,-1.4241295,-1.9073693,-1.4857987,0.0,1.0,0.0,0.0,0.0,0.0,1.0,0.007546881861454581
IND_KARNATAKA_UTTARAKANNADA,Karnataka,UTTARA KANNADA,2009,Kharif,1.919002,-2.2021794,2.2190158,0.9338616,-0.8983904,1.7592564,0.5682622,0.25536463,1.7918438,0.0,1.0,0.0,0.0,1.0,0.0,0.0,0.014507185566382651
IND_KARNATAKA_UTTARAKANNADA,Karnataka,UTTARA KANNADA,2009,Rabi,2.335738,0.24779843,2.1143281,-2.0347462,0.34490597,2.8197045,-1.2134722,0.23668867,-0.6805961,0.0,1.0,0.0,0.0,0.0,1.0,0.0,0.0059483884832252825
IND_KARNATAKA_UTTARAKANNADA,Karnataka,UTTARA KANNADA,2009,Summer,2.283843,-3.481855,2.8686938,-1.6893462,0.50904375,0.8827691,-1.4126959,-0.58354807,-0.8800683,0.0,1.0,0.0,0.0,0.0,0.0,1.0,0.006842138681284193
IND_TAMILNADU_ARIYALUR,Tamil Nadu,ARIYALUR,2009,Kharif,3.097313,0.2496471,0.94846237,-1.7828344,-0.7373023,-1.0641114,1.8306155,0.4372742,-1.9836153,0.0,0.0,1.0,0.0,1.0,0.0,0.0,0.01056717668987204
IND_TAMILNADU_COIMBATORE,Tamil Nadu,COIMBATORE,2009,Kharif,3.508697,-0.27092236,1.5026808,1.265314,1.513319,1.5808047,-1.0144746,0.24330556,-0.823822,0.0,0.0,1.0,0.0,1.0,0.0,0.0,0.004487305820140476
IND_TAMILNADU_CUDDALORE,Tamil Nadu,CUDDALORE,2009,Kharif,2.896079,-0.2446282,0.50377655,-1.5131962,-2.5148625,-1.7490842,1.3804283,1.2089543,-0.33140257,0.0,0.0,1.0,0.0,1.0,0.0,0.0,0.007475607562142132
IND_TAMILNADU_DHARMAPURI,Tamil Nadu,DHARMAPURI,2009,Kharif,3.922944,1.0727731,-0.052942008,0.5883101,-0.17943443,0.0444436,-0.11843236,0.42362323,-0.42984042,0.0,0.0,1.0,0.0,1.0,0.0,0.0,0.0022279248116798393
IND_TAMILNADU_DINDIGUL,Tamil Nadu,DINDIGUL,2009,Kharif,4.736529,0.6039769,0.21016331,0.99885833,0.58584106,-0.1266042,-0.656983,1.2421325,-1.332199,0.0,0.0,1.0,0.0,1.0,0.0,0.0,0.004907295138449783
IND_TAMILNADU_ERODE,Tamil Nadu,ERODE,2009,Kharif,4.103978,0.76738614,0.49904448,-0.2642883,-0.5916545,-0.389878,-0.77763474,0.21576716,-0.5141983,0.0,0.0,1.0,0.0,1.0,0.0,0.0,0.005877837246196605
IND_TAMILNADU_KANNIYAKUMARI,Tamil Nadu,KANNIYAKUMARI,2009,Kharif,4.404981,-0.031415656,1.9631338,1.1426666,1.18717,0.62012845,-0.48236537,1.5806037,-0.58045256,0.0,0.0,1.0,0.0,1.0,0.0,0.0,0.0030856798010918283
IND_TAMILNADU_KARUR,Tamil Nadu,KARUR,2009,Kharif,4.268767,0.9611187,0.4341007,-0.79928637,-0.1865287,-0.50138855,0.48354036,0.7508398,-2.1932764,0.0,0.0,1.0,0.0,1.0,0.0,0.0,0.010747091871390805
IND_TAMILNADU_KRISHNAGIRI,Tamil Nadu,KRISHNAGIRI,2009,Kharif,3.940327,0.8029989,-0.61647946,1.453781,0.30781233,0.5391307,-0.325907,0.9169494,-0.34700486,0.0,0.0,1.0,0.0,1.0,0.0,0.0,0.00292640199590096
IND_TAMILNADU_MADURAI,Tamil Nadu,MADURAI,2009,Kharif,3.993567,0.7741727,0.83614105,-1.3202136,-1.3901017,-1.1489961,-0.065694556,0.6853527,-1.3209668,0.0,0.0,1.0,0.0,1.0,0.0,0.0,0.012704110894819678
IND_TAMILNADU_NAMAKKAL,Tamil Nadu,NAMAKKAL,2009,Kharif,4.299242,0.9873205,0.5575341,-0.43259814,-0.12076777,-0.2864368,0.27903914,0.18330604,-1.5772176,0.0,0.0,1.0,0.0,1.0,0.0,0.0,0.0022369182533747
IND_TAMILNADU_PERAMBALUR,Tamil Nadu,PERAMBALUR,2009,Kharif,3.505005,0.9035427,0.43659693,-0.36448398,-0.080636054,-0.4418872,0.63876337,0.27435377,-1.722673,0.0,0.0,1.0,0.0,1.0,0.0,0.0,0.0060080458355668016
IND_TAMILNADU_PUDUKKOTTAI,Tamil Nadu,PUDUKKOTTAI,2009,Kharif,1.977388,0.0020692516,0.34680206,-2.0107481,-2.2966259,-1.948223,0.70093983,1.3354715,-1.1309998,0.0,0.0,1.0,0.0,1.0,0.0,0.0,0.013159480883077482
IND_TAMILNADU_RAMANATHAPURAM,Tamil Nadu,RAMANATHAPURAM,2009,Kharif,1.754341,-1.1928979,0.85989493,-1.1605291,-1.8252228,-1.5196958,0.49480343,3.1024446,-0.71958506,0.0,0.0,1.0,0.0,1.0,0.0,0.0,0.023864769706770587
IND_TAMILNADU_SALEM,Tamil Nadu,SALEM,2009,Kharif,4.3665,0.9063564,0.3223577,-0.37195292,-0.48730725,-0.4763832,0.182606,0.4056327,-1.186846,0.0,0.0,1.0,0.0,1.0,0.0,0.0,0.0020570186606238775
IND_TAMILNADU_SIVAGANGA,Tamil Nadu,SIVAGANGA,2009,Kharif,1.785742,0.08905323,0.8145915,-2.117629,-1.956011,-1.821044,0.7150029,1.1634023,-1.3410331,0.0,0.0,1.0,0.0,1.0,0.0,0.0,0.011759791533421151
IND_TAMILNADU_THANJAVUR,Tamil Nadu,THANJAVUR,2009,Kharif,2.6215,-1.2191391,0.5207065,-1.7692803,-2.9123042,-2.223274,0.9665565,2.3557024,-0.38610107,0.0,0.0,1.0,0.0,1.0,0.0,0.0,0.010847543990958605
IND_TAMILNADU_THENILGIRIS,Tamil Nadu,THE NILGIRIS,2009,Kharif,3.502947,-0.36420754,1.1578636,1.2374324,2.023668,2.0432575,-1.9316335,-0.37218812,-1.4379517,0.0,0.0,1.0,0.0,1.0,0.0,0.0,0.009007945777449042
IND_TAMILNADU_THENI,Tamil Nadu,THENI,2009,Kharif,5.055624,0.80211705,0.47379565,1.1427795,0.6562154,0.23905972,-1.7381747,0.22063558,-0.24690886,0.0,0.0,1.0,0.0,1.0,0.0,0.0,0.004738912253890986
IND_TAMILNADU_THIRUVALLUR,Tamil Nadu,THIRUVALLUR,2009,Kharif,3.166391,-0.64595145,0.789929,-0.6563698,-1.385859,-0.8927622,1.8533801,0.9227164,0.03795585,0.0,0.0,1.0,0.0,1.0,0.0,0.0,0.006913192691113765
IND_TAMILNADU_THIRUVARUR,Tamil Nadu,THIRUVARUR,2009,Kharif,2.90598,-1.1673915,0.502635,-1.734413,-2.9453247,-2.3291907,1.0271603,2.3407714,-0.28273046,0.0,0.0,1.0,0.0,1.0,0.0,0.0,0.012437545218713653
IND_TAMILNADU_TIRUCHIRAPPALLI,Tamil Nadu,TIRUCHIRAPPALLI,2009,Kharif,4.141346,0.3522266,0.12034084,-1.2807335,-1.4768679,-1.1949941,0.53702116,1.3284934,-1.4606956,0.0,0.0,1.0,0.0,1.0,0.0,0.0,0.01484697857237233
IND_TAMILNADU_TIRUNELVELI,Tamil Nadu,TIRUNELVELI,2009,Kharif,4.138393,-0.008111579,1.5885593,1.5242232,-0.16324006,0.022199534,-0.67567825,2.0223792,1.050622,0.0,0.0,1.0,0.0,1.0,0.0,0.0,0.004675182201274668
IND_TAMILNADU_TIRUPPUR,Tamil Nadu,TIRUPPUR,2009,Kharif,4.19627,0.43905616,0.6080121,-0.29807356,0.32162887,-0.25589547,0.016258046,0.93278897,-2.0938213,0.0,0.0,1.0,0.0,1.0,0.0,0.0,0.008574211138150208
IND_TAMILNADU_TIRUVANNAMALAI,Tamil Nadu,TIRUVANNAMALAI,2009,Kharif,3.089877,0.7113624,0.29848528,0.04071431,-1.9323447,-0.61104465,1.0300624,1.1053765,0.7312412,0.0,0.0,1.0,0.0,1.0,0.0,0.0,0.003083394621345834
IND_TAMILNADU_VELLORE,Tamil Nadu,VELLORE,2009,Kharif,3.415919,0.9420008,-0.75672144,1.4129796,-0.2976076,0.25397775,-0.048862055,1.1080859,0.17627579,0.0,0.0,1.0,0.0,1.0,0.0,0.0,0.01345781017366373
IND_ANDHRAPRADESH_ADILABAD,Andhra Pradesh,ADILABAD,2010,Kharif,2.786242,-1.2155464,-0.9320024,0.4831417,-0.8580043,1.1144372,1.0952604,-0.5033357,0.8125057,1.0,0.0,0.0,0.0,1.0,0.0,0.0,0.022837187010746433
IND_ANDHRAPRADESH_ADILABAD,Andhra Pradesh,ADILABAD,2010,Rabi,2.889994,0.5517659,-2.0463297,-2.9743948,-0.6797941,-0.42925864,0.03964226,-1.9147321,0.20190403,1.0,0.0,0.0,0.0,0.0,1.0,0.0,0.009892279293491317
IND_ANDHRAPRADESH_ANANTAPUR,Andhra Pradesh,ANANTAPUR,2010,Kharif,2.916736,-0.4100556,-0.38376015,1.0313616,-0.18480004,0.77375335,0.30740854,1.3198999,-0.14488865,1.0,0.0,0.0,0.0,1.0,0.0,0.0,0.008567726796212101
IND_ANDHRAPRADESH_ANANTAPUR,Andhra Pradesh,ANANTAPUR,2010,Rabi,2.79499,1.105516,-1.3526523,-1.5633895,-0.7395967,-0.6593753,-0.72559935,0.21010774,-1.2085013,1.0,0.0,0.0,0.0,0.0,1.0,0.0,0.00899972865546109
IND_ANDHRAPRADESH_CHITTOOR,Andhra Pradesh,CHITTOOR,2010,Kharif,2.976802,0.06611888,-0.42362505,1.5770426,0.41296,0.44409582,0.08141141,0.41866413,-0.09457642,1.0,0.0,0.0,0.0,1.0,0.0,0.0,0.01358870959943225
IND_ANDHRAPRADESH_CHITTOOR,Andhra Pradesh,CHITTOOR,2010,Rabi,3.019009,1.4068456,-1.7900486,0.013222486,-0.009931944,-0.9674586,-1.6553348,0.06942038,0.011660963,1.0,0.0,0.0,0.0,0.0,1.0,0.0,0.00626194073007185
IND_ANDHRAPRADESH_EASTGODAVARI,Andhra Pradesh,EAST GODAVARI,2010,Kharif,1.926039,-2.0894012,-0.1172366,1.4589093,-2.1583638,-1.6408116,1.320507,-0.23788875,2.864192,1.0,0.0,0.0,0.0,1.0,0.0,0.0,0.0411616058592458
IND_ANDHRAPRADESH_EASTGODAVARI,Andhra Pradesh,EAST GODAVARI,2010,Rabi,4.915998,-0.1927324,-1.6892146,-2.1760848,-1.9760907,-2.6930234,0.8318293,-0.3021205,1.9464906,1.0,0.0,0.0,0.0,0.0,1.0,0.0,0.015793110522286668
IND_ANDHRAPRADESH_GUNTUR,Andhra Pradesh,GUNTUR,2010,Kharif,2.397002,-1.733632,-0.74570644,0.7492136,-2.7789145,-1.2044396,0.9441127,0.789474,1.963477,1.0,0.0,0.0,0.0,1.0,0.0,0.0,0.02591971617594655
IND_ANDHRAPRADESH_GUNTUR,Andhra Pradesh,GUNTUR,2010,Rabi,3.455996,0.40130207,-0.7829489,-1.5547116,-0.6284616,-1.208062,1.0355173,0.049803376,0.5098412,1.0,0.0,0.0,0.0,0.0,1.0,0.0,0.014311617165280859
IND_ANDHRAPRADESH_KARIMNAGAR,Andhra Pradesh,KARIMNAGAR,2010,Kharif,3.280925,-1.1326199,-1.167455,0.8542943,-1.7346861,0.39284724,1.028417,-0.094433844,1.4459785,1.0,0.0,0.0,0.0,1.0,0.0,0.0,0.02023318677474769
IND_ANDHRAPRADESH_KARIMNAGAR,Andhra Pradesh,KARIMNAGAR,2010,Rabi,3.732001,-0.021496816,-3.305504,-3.1047082,-2.8451164,-2.0468988,-0.526439,-1.3290873,1.3625779,1.0,0.0,0.0,0.0,0.0,1.0,0.0,0.03678973386286118
IND_ANDHRAPRADESH_KHAMMAM,Andhra Pradesh,KHAMMAM,2010,Kharif,3.130588,-0.9447085,-0.68005985,0.9071536,-1.5386992,-0.23578092,1.0964252,-0.13171792,2.0535178,1.0,0.0,0.0,0.0,1.0,0.0,0.0,0.018046886288112626
IND_ANDHRAPRADESH_KHAMMAM,Andhra Pradesh,KHAMMAM,2010,Rabi,3.536991,0.95668226,-1.0621696,-2.1976745,-1.1888905,-1.1971279,1.2610643,-0.72357106,0.8214555,1.0,0.0,0.0,0.0,0.0,1.0,0.0,0.005642412928061104
IND_ANDHRAPRADESH_KRISHNA,Andhra Pradesh,KRISHNA,2010,Kharif,2.776946,-1.3523592,-0.30324042,1.2205293,-2.554526,-1.3209357,1.2163086,0.38042665,2.6301496,1.0,0.0,0.0,0.0,1.0,0.0,0.0,0.01808035957300594
IND_ANDHRAPRADESH_KRISHNA,Andhra Pradesh,KRISHNA,2010,Rabi,3.870998,0.38679686,-0.8587712,-2.0175953,-1.4393713,-1.797689,1.2588933,-0.1817132,1.0980425,1.0,0.0,0.0,0.0,0.0,1.0,0.0,0.01769449935950862
IND_ANDHRAPRADESH_KURNOOL,Andhra Pradesh,KURNOOL,2010,Kharif,2.799683,-0.27075723,-0.8527148,0.99493444,-1.1590756,0.7091321,0.3853808,1.3111364,1.0169307,1.0,0.0,0.0,0.0,1.0,0.0,0.0,0.012917312592625959
IND_ANDHRAPRADESH_KURNOOL,Andhra Pradesh,KURNOOL,2010,Rabi,3.203992,1.0625751,-1.2260619,-1.8550922,-0.9887626,-0.7040938,-0.03971064,0.025037646,-0.62091774,1.0,0.0,0.0,0.0,0.0,1.0,0.0,0.009228344498815828
IND_ANDHRAPRADESH_MAHBUBNAGAR,Andhra Pradesh,MAHBUBNAGAR,2010,Kharif,2.762267,-0.96310997,-1.3545582,1.1680319,-1.2466921,0.6870129,0.17169996,0.9344363,1.0948205,1.0,0.0,0.0,0.0,1.0,0.0,0.0,0.019734336474065067
IND_ANDHRAPRADESH_MAHBUBNAGAR,Andhra Pradesh,MAHBUBNAGAR,2010,Rabi,2.798995,0.5584187,-1.9277738,-1.919349,-1.2635429,-0.9529029,-0.46475488,-0.43003172,-0.23683599,1.0,0.0,0.0,0.0,0.0,1.0,0.0,0.01460364041229508
IND_ANDHRAPRADESH_MEDAK,Andhra Pradesh,MEDAK,2010,Kharif,3.49016,-1.0789609,-1.4132402,1.2254925,-0.8151128,1.1539152,0.4327696,0.17090118,0.9914175,1.0,0.0,0.0,0.0,1.0,0.0,0.0,0.01665082492305129
IND_ANDHRAPRADESH_MEDAK,Andhra Pradesh,MEDAK,2010,Rabi,3.655993,0.4381638,-2.388672,-2.3045337,-0.9741509,-0.66807353,-0.78453374,-1.2995305,0.092034176,1.0,0.0,0.0,0.0,0.0,1.0,0.0,0.01919055863979815
IND_ANDHRAPRADESH_NALGONDA,Andhra Pradesh,NALGONDA,2010,Kharif,3.116998,-1.0119632,-1.389127,0.62270737,-2.0836935,-0.073084675,0.6584218,0.6843715,1.4389209,1.0,0.0,0.0,0.0,1.0,0.0,0.0,0.021908175825652836
IND_ANDHRAPRADESH_NALGONDA,Andhra Pradesh,NALGONDA,2010,Rabi,3.420001,0.27174625,-2.436994,-2.279421,-2.6937652,-1.901488,-0.036089435,-0.15420577,1.0931705,1.0,0.0,0.0,0.0,0.0,1.0,0.0,0.02042606738759954
IND_ANDHRAPRADESH_NIZAMABAD,Andhra Pradesh,NIZAMABAD,2010,Kharif,3.662295,-1.2689412,-1.5155628,1.0396453,-1.2047745,1.0551741,0.49840206,0.101469815,1.1084476,1.0,0.0,0.0,0.0,1.0,0.0,0.0,0.02542517101526054
IND_ANDHRAPRADESH_NIZAMABAD,Andhra Pradesh,NIZAMABAD,2010,Rabi,3.973001,0.20882298,-2.6076834,-2.8100278,-1.5957284,-0.9252306,-0.6715336,-1.4560611,0.26587898,1.0,0.0,0.0,0.0,0.0,1.0,0.0,0.02170083925227618
IND_ANDHRAPRADESH_PRAKASAM,Andhra Pradesh,PRAKASAM,2010,Kharif,2.931789,-1.5953871,0.592826,-0.1705809,-0.47647542,-0.1936909,1.6096201,0.5870472,0.16225326,1.0,0.0,0.0,0.0,1.0,0.0,0.0,0.01907438551684656
IND_ANDHRAPRADESH_PRAKASAM,Andhra Pradesh,PRAKASAM,2010,Rabi,3.486001,-0.61027277,-1.0182698,-0.79965127,-0.4647081,-0.96599054,0.6240827,1.2391989,0.65560484,1.0,0.0,0.0,0.0,0.0,1.0,0.0,0.02290264534876247
IND_ANDHRAPRADESH_SRIKAKULAM,Andhra Pradesh,SRIKAKULAM,2010,Kharif,0.8136,-3.8426971,-0.21103166,0.7781223,-1.2670491,-1.7212509,1.7563368,0.5396207,1.9561871,1.0,0.0,0.0,0.0,1.0,0.0,0.0,0.018777787020145334
IND_ANDHRAPRADESH_SRIKAKULAM,Andhra Pradesh,SRIKAKULAM,2010,Rabi,2.369963,-1.1474597,-2.5419674,-0.5094401,1.7064221,-1.3557434,1.598731,0.14250211,0.30884978,1.0,0.0,0.0,0.0,0.0,1.0,0.0,0.017444658707480267
IND_ANDHRAPRADESH_VIZIANAGARAM,Andhra Pradesh,VIZIANAGARAM,2010,Kharif,2.575129,-1.7347862,-2.0628579,2.316634,-0.52477735,-0.043325387,0.27799994,-1.6645862,2.441456,1.0,0.0,0.0,0.0,1.0,0.0,0.0,0.01733209560606049
IND_ANDHRAPRADESH_VIZIANAGARAM,Andhra Pradesh,VIZIANAGARAM,2010,Rabi,3.232975,0.43823633,-2.9238656,-0.91362023,0.94546545,-0.97749937,-0.6219212,-2.598771,1.2141691,1.0,0.0,0.0,0.0,0.0,1.0,0.0,0.01609436764110085
IND_ANDHRAPRADESH_WARANGAL,Andhra Pradesh,WARANGAL,2010,Kharif,3.067817,-0.78489566,-0.99992967,0.97957325,-1.7034923,0.14107627,1.002293,0.02229321,1.8214185,1.0,0.0,0.0,0.0,1.0,0.0,0.0,0.016417824392546968
IND_ANDHRAPRADESH_WARANGAL,Andhra Pradesh,WARANGAL,2010,Rabi,3.452998,0.50435627,-1.7688107,-2.6102862,-1.796894,-1.3198907,0.60589534,-1.0137813,0.8498113,1.0,0.0,0.0,0.0,0.0,1.0,0.0,0.0075282569421525865
IND_ANDHRAPRADESH_WESTGODAVARI,Andhra Pradesh,WEST GODAVARI,2010,Kharif,2.18156,-1.4666204,-0.38312805,1.7509032,-2.2776864,-1.317579,1.0504673,0.05382341,3.0350835,1.0,0.0,0.0,0.0,1.0,0.0,0.0,0.02916757953025907
IND_ANDHRAPRADESH_WESTGODAVARI,Andhra Pradesh,WEST GODAVARI,2010,Rabi,4.648998,-0.020331515,-1.7034433,-2.0811803,-2.4133914,-2.546603,0.5143379,-0.27276734,2.0575242,1.0,0.0,0.0,0.0,0.0,1.0,0.0,0.008898767192059964
IND_KARNATAKA_BANGALORERURAL,Karnataka,BANGALORE RURAL,2010,Kharif,2.930111,-0.14422308,-0.30898786,1.793143,1.6434438,1.6773258,-1.0290112,-0.12611067,-0.9448633,0.0,1.0,0.0,0.0,1.0,0.0,0.0,0.01134553097897841
IND_KARNATAKA_BANGALORERURAL,Karnataka,BANGALORE RURAL,2010,Summer,3.232258,-1.7978446,-1.4930987,0.078343034,0.7881607,-0.36478737,-2.095717,-1.8280104,-2.4201396,0.0,1.0,0.0,0.0,0.0,0.0,1.0,0.005710551693630975
IND_KARNATAKA_BIDAR,Karnataka,BIDAR,2010,Kharif,0.977471,-0.9321883,-0.73994255,0.67003345,-0.13582315,1.8709316,0.5842781,-0.5017077,0.11665431,0.0,1.0,0.0,0.0,1.0,0.0,0.0,0.022670599267018414
IND_KARNATAKA_CHITRADURGA,Karnataka,CHITRADURGA,2010,Kharif,2.349704,-0.8092932,0.033694997,1.2419361,0.7076427,1.5135652,-0.083344355,1.0659901,-0.88103735,0.0,1.0,0.0,0.0,1.0,0.0,0.0,0.006458109671550363
IND_KARNATAKA_CHITRADURGA,Karnataka,CHITRADURGA,2010,Rabi,2.202518,0.94121057,-0.8587966,-1.7188872,0.28349912,0.56142116,-1.1878318,-0.5741973,-1.8164412,0.0,1.0,0.0,0.0,0.0,1.0,0.0,0.010280791825260718
IND_KARNATAKA_CHITRADURGA,Karnataka,CHITRADURGA,2010,Summer,2.29719,-2.7001257,-0.8144984,-1.1755049,-0.44309568,-0.5732759,-1.3315905,-0.34525198,-2.1902492,0.0,1.0,0.0,0.0,0.0,0.0,1.0,0.009079498683970164
IND_KARNATAKA_DAKSHINAKANNADA,Karnataka,DAKSHINA KANNADA,2010,Kharif,2.476333,-2.0688114,3.8838987,1.4464345,-0.40246356,1.0124545,2.1610808,-2.2303357,1.7993443,0.0,1.0,0.0,0.0,1.0,0.0,0.0,0.044930526815654404
IND_KARNATAKA_DAKSHINAKANNADA,Karnataka,DAKSHINA KANNADA,2010,Rabi,2.256696,-1.4080741,2.6499798,-3.6145473,-1.0343935,0.9499464,-1.5187826,0.24139881,1.2381043,0.0,1.0,0.0,0.0,0.0,1.0,0.0,0.03960914953484568
IND_KARNATAKA_DAKSHINAKANNADA,Karnataka,DAKSHINA KANNADA,2010,Summer,2.296862,-3.5419116,3.0786984,-1.6127119,0.03776043,-0.08106763,-0.3314951,-1.2556177,-0.59986854,0.0,1.0,0.0,0.0,0.0,0.0,1.0,0.012497183886893935
IND_KARNATAKA_DHARWAD,Karnataka,DHARWAD,2010,Kharif,1.207202,-1.5067875,-0.046567544,1.768769,0.28076124,2.3020756,-0.48264158,0.590405,0.27475265,0.0,1.0,0.0,0.0,1.0,0.0,0.0,0.010919310633890997
IND_KARNATAKA_DHARWAD,Karnataka,DHARWAD,2010,Summer,3.234432,-2.9402883,-0.29377937,-1.195861,-0.42167294,0.3222901,-1.3067095,-1.3850113,-2.3525002,0.0,1.0,0.0,0.0,0.0,0.0,1.0,0.0073774897126770685
IND_KARNATAKA_GADAG,Karnataka,GADAG,2010,Kharif,2.212717,-1.1781356,0.30727202,0.98066235,0.947345,2.2505207,-0.48389256,0.40990284,-1.2713965,0.0,1.0,0.0,0.0,1.0,0.0,0.0,0.011711611784977167
IND_KARNATAKA_GADAG,Karnataka,GADAG,2010,Summer,3.163514,-3.0347672,-0.6274218,-1.677145,-0.77532834,-0.31995797,-1.1321125,-0.79676473,-2.5072887,0.0,1.0,0.0,0.0,0.0,0.0,1.0,0.010839817856104135
IND_KARNATAKA_HASSAN,Karnataka,HASSAN,2010,Kharif,2.944362,-1.3994677,-0.32775813,3.1920626,0.7009548,1.91475,-1.3057,-0.4284635,0.7581049,0.0,1.0,0.0,0.0,1.0,0.0,0.0,0.013441907212997987
IND_KARNATAKA_HASSAN,Karnataka,HASSAN,2010,Rabi,2.688508,-0.18129615,-1.2060698,-1.443536,0.8079394,1.1161754,-4.140745,-1.5654979,1.2779781,0.0,1.0,0.0,0.0,0.0,1.0,0.0,0.07372665858123714
IND_KARNATAKA_HASSAN,Karnataka,HASSAN,2010,Summer,2.584913,-2.061944,-0.6365611,0.64306176,0.45601195,0.11412594,-3.0055275,-1.7789718,-0.6335291,0.0,1.0,0.0,0.0,0.0,0.0,1.0,0.007724789230775933
IND_KARNATAKA_HAVERI,Karnataka,HAVERI,2010,Kharif,1.985043,-1.9827697,0.06573118,2.880921,-0.051346824,2.3443525,-0.030172154,0.47750077,0.49402484,0.0,1.0,0.0,0.0,1.0,0.0,0.0,0.01699642980645769
IND_KARNATAKA_HAVERI,Karnataka,HAVERI,2010,Summer,3.006744,-2.9871778,-0.41712403,-0.28338286,-0.5240346,0.20957384,-1.4663081,-0.7857994,-1.4143273,0.0,1.0,0.0,0.0,0.0,0.0,1.0,0.01045005597460282
IND_KARNATAKA_KODAGU,Karnataka,KODAGU,2010,Kharif,2.526281,-1.0465747,1.8077517,2.2339647,0.38154185,2.0458636,0.21185313,-2.7863057,2.593825,0.0,1.0,0.0,0.0,1.0,0.0,0.0,0.024075089203297425
IND_KARNATAKA_KODAGU,Karnataka,KODAGU,2010,Rabi,2.4,0.5984675,1.8776245,-1.3565607,1.6966082,2.5192223,-2.1512275,-2.2478273,-1.7607576,0.0,1.0,0.0,0.0,0.0,1.0,0.0,0.01808972864314365
IND_KARNATAKA_KODAGU,Karnataka,KODAGU,2010,Summer,2.85,-2.1575272,1.595805,-0.40293232,0.917079,0.7746461,-1.7295696,-3.1082597,-0.7183986,0.0,1.0,0.0,0.0,0.0,0.0,1.0,0.009377301660174513
IND_KARNATAKA_KOLAR,Karnataka,KOLAR,2010,Kharif,2.160233,-0.17741095,-0.547272,2.0223181,1.1131206,1.1093377,-0.64306545,0.28786188,-0.44165373,0.0,1.0,0.0,0.0,1.0,0.0,0.0,0.012688354165553573
IND_KARNATAKA_KOLAR,Karnataka,KOLAR,2010,Summer,1.665196,-1.7831652,-1.8042302,-0.007767588,0.34885913,-1.1049911,-1.8924062,-1.4358267,-1.7385529,0.0,1.0,0.0,0.0,0.0,0.0,1.0,0.010107810393693654
IND_KARNATAKA_KOPPAL,Karnataka,KOPPAL,2010,Kharif,4.142483,-1.1205361,-0.62305826,0.7701744,-0.38044077,1.3614894,-0.23512103,1.423443,-0.06540316,0.0,1.0,0.0,0.0,1.0,0.0,0.0,0.007364637670587594
IND_KARNATAKA_KOPPAL,Karnataka,KOPPAL,2010,Summer,4.145799,-3.300538,-1.0819492,-2.325645,-1.5157511,-0.833697,-1.3826435,-0.08745888,-1.5797008,0.0,1.0,0.0,0.0,0.0,0.0,1.0,0.01135119762080586
IND_KARNATAKA_MANDYA,Karnataka,MANDYA,2010,Kharif,3.710428,-1.1286068,-0.061969325,1.893991,0.19459361,1.047543,-1.7206717,0.9785352,0.67600715,0.0,1.0,0.0,0.0,1.0,0.0,0.0,0.012869822895292881
IND_KARNATAKA_MANDYA,Karnataka,MANDYA,2010,Summer,3.591968,-2.0234568,-0.6574217,-0.048443884,-0.09341037,-0.6705947,-2.4701731,-1.0105244,-0.4641211,0.0,1.0,0.0,0.0,0.0,0.0,1.0,0.015607489222514223
IND_KARNATAKA_RAICHUR,Karnataka,RAICHUR,2010,Kharif,3.086124,-0.9089864,-1.128972,0.20540479,-1.6076493,0.8670161,-0.04179752,1.5390662,0.4855928,0.0,1.0,0.0,0.0,1.0,0.0,0.0,0.006835997253805707
IND_KARNATAKA_RAICHUR,Karnataka,RAICHUR,2010,Summer,2.852845,-4.0978804,-1.0066534,-4.158678,-2.5368938,-1.8253437,-1.1933502,0.12241,-1.2402188,0.0,1.0,0.0,0.0,0.0,0.0,1.0,0.019237051512644793
IND_KARNATAKA_RAMANAGARA,Karnataka,RAMANAGARA,2010,Kharif,2.510654,-0.44067976,0.23094429,1.4906057,1.0974596,1.2101924,-0.9966786,0.1696806,-0.43887743,0.0,1.0,0.0,0.0,1.0,0.0,0.0,0.007006522379137292
IND_KARNATAKA_RAMANAGARA,Karnataka,RAMANAGARA,2010,Summer,2.960951,-1.7496276,-0.62021863,-0.2134662,0.5082617,-0.53724265,-1.7557092,-1.588354,-1.930427,0.0,1.0,0.0,0.0,0.0,0.0,1.0,0.011873966029431174
IND_KARNATAKA_UDUPI,Karnataka,UDUPI,2010,Kharif,2.586907,-1.650287,2.6981668,2.059107,-0.2746259,1.7801166,1.2744795,-1.8908294,1.9257535,0.0,1.0,0.0,0.0,1.0,0.0,0.0,0.02702555361693508
IND_KARNATAKA_UDUPI,Karnataka,UDUPI,2010,Rabi,2.179693,-0.37392816,1.6834176,-1.8830024,0.082882315,2.0796146,-2.2635045,-0.33932382,0.2601497,0.0,1.0,0.0,0.0,0.0,1.0,0.0,0.02215931300939836
IND_KARNATAKA_UDUPI,Karnataka,UDUPI,2010,Summer,2.417722,-2.861976,2.350314,-0.82931554,0.7765622,1.0382224,-1.3276482,-1.8538855,-1.3027428,0.0,1.0,0.0,0.0,0.0,0.0,1.0,0.014209873521164424
IND_KARNATAKA_UTTARAKANNADA,Karnataka,UTTARA KANNADA,2010,Kharif,1.907365,-2.3151045,2.569262,0.96324515,-0.90724903,1.5473639,0.8365933,-0.2715182,1.7784672,0.0,1.0,0.0,0.0,1.0,0.0,0.0,0.03300726180177052
IND_KARNATAKA_UTTARAKANNADA,Karnataka,UTTARA KANNADA,2010,Rabi,2.19057,-0.13306655,2.5244858,-1.733764,0.43510908,3.0827882,-1.4139721,0.3513296,-0.43004137,0.0,1.0,0.0,0.0,0.0,1.0,0.0,0.021675227457174904
IND_KARNATAKA_UTTARAKANNADA,Karnataka,UTTARA KANNADA,2010,Summer,2.013479,-3.5887735,3.0392053,-1.7901442,0.43324125,0.9141639,-1.3893291,-0.60029113,-0.8676925,0.0,1.0,0.0,0.0,0.0,0.0,1.0,0.0106925161113975
IND_TAMILNADU_ARIYALUR,Tamil Nadu,ARIYALUR,2010,Kharif,3.881996,0.038687453,1.5858601,-0.4960027,-0.19762607,-0.46651125,1.6268786,-0.07175648,-0.4103392,0.0,0.0,1.0,0.0,1.0,0.0,0.0,0.016051629697991985
IND_TAMILNADU_COIMBATORE,Tamil Nadu,COIMBATORE,2010,Kharif,3.908102,-0.6583754,1.6539874,1.2817628,1.6308116,1.5069368,-1.089502,-0.12287018,-0.7130015,0.0,0.0,1.0,0.0,1.0,0.0,0.0,0.01286449927783425
IND_TAMILNADU_CUDDALORE,Tamil Nadu,CUDDALORE,2010,Kharif,2.603342,-0.25296736,1.255309,0.22926855,-1.5979213,-1.089358,1.235445,0.6815213,1.1601889,0.0,0.0,1.0,0.0,1.0,0.0,0.0,0.013750674760160671
IND_TAMILNADU_DHARMAPURI,Tamil Nadu,DHARMAPURI,2010,Kharif,4.07694,0.27153084,0.57386345,0.96256196,0.15211001,0.2851974,-0.09686451,-0.14101128,0.34995708,0.0,0.0,1.0,0.0,1.0,0.0,0.0,0.01571474740416657
IND_TAMILNADU_DINDIGUL,Tamil Nadu,DINDIGUL,2010,Kharif,5.343779,0.19968165,0.59629595,1.4888006,0.6652437,0.16421086,-0.4434932,0.87897265,-0.7249023,0.0,0.0,1.0,0.0,1.0,0.0,0.0,0.006523984483228683
IND_TAMILNADU_ERODE,Tamil Nadu,ERODE,2010,Kharif,4.215554,0.34897515,0.92043054,0.27290884,-0.30601913,-0.030371912,-0.5287729,-0.24613944,0.18791297,0.0,0.0,1.0,0.0,1.0,0.0,0.0,0.008417136688242378
IND_TAMILNADU_KANNIYAKUMARI,Tamil Nadu,KANNIYAKUMARI,2010,Kharif,4.731709,-0.3207284,1.9493482,1.0733488,1.3157836,0.4373253,-0.63148785,1.4905157,-0.8651247,0.0,0.0,1.0,0.0,1.0,0.0,0.0,0.0065977182846025505
IND_TAMILNADU_KARUR,Tamil Nadu,KARUR,2010,Kharif,3.848663,0.8688219,1.0872031,0.18466756,0.11433925,0.09788191,0.6320193,0.25013962,-0.7611867,0.0,0.0,1.0,0.0,1.0,0.0,0.0,0.0029436905145172956
IND_TAMILNADU_KRISHNAGIRI,Tamil Nadu,KRISHNAGIRI,2010,Kharif,4.292465,-0.19844277,0.13510591,1.6536288,0.61731386,0.73760056,-0.3302933,0.3751278,-0.07551619,0.0,0.0,1.0,0.0,1.0,0.0,0.0,0.012335018741834635
IND_TAMILNADU_MADURAI,Tamil Nadu,MADURAI,2010,Kharif,4.258729,0.80853146,1.4524267,-0.05270669,-1.1987643,-0.56266284,0.13139968,0.27787903,0.22149804,0.0,0.0,1.0,0.0,1.0,0.0,0.0,0.008317143823483229
IND_TAMILNADU_NAMAKKAL,Tamil Nadu,NAMAKKAL,2010,Kharif,3.838099,0.5994614,1.1182014,0.33499822,0.009326279,0.22089773,0.3487569,-0.26952088,-0.1845813,0.0,0.0,1.0,0.0,1.0,0.0,0.0,0.008784425588050763
IND_TAMILNADU_PERAMBALUR,Tamil Nadu,PERAMBALUR,2010,Kharif,3.840927,0.5655646,1.0133942,0.54564106,0.12253995,0.10659165,0.62149006,-0.12101866,-0.23078194,0.0,0.0,1.0,0.0,1.0,0.0,0.0,0.010740384059908103
IND_TAMILNADU_PUDUKKOTTAI,Tamil Nadu,PUDUKKOTTAI,2010,Kharif,2.24835,0.3431227,1.2812262,-0.18079092,-1.5708222,-1.1547142,0.81087786,0.70673287,0.45842263,0.0,0.0,1.0,0.0,1.0,0.0,0.0,0.00469180756024961
IND_TAMILNADU_RAMANATHAPURAM,Tamil Nadu,RAMANATHAPURAM,2010,Kharif,1.933065,-1.0179862,1.7150948,-0.071929306,-1.397243,-1.2479998,0.7632511,2.3048503,0.37862536,0.0,0.0,1.0,0.0,1.0,0.0,0.0,0.008572857190761141
IND_TAMILNADU_SALEM,Tamil Nadu,SALEM,2010,Kharif,4.438311,0.5142483,0.89018035,0.5320524,-0.34948826,-0.036397554,0.27177,-0.04345976,0.26578,0.0,0.0,1.0,0.0,1.0,0.0,0.0,0.008105805189197582
IND_TAMILNADU_SIVAGANGA,Tamil Nadu,SIVAGANGA,2010,Kharif,2.245011,0.34104642,1.6741443,-0.37536505,-1.5273718,-1.0470694,0.88352466,0.6648563,0.30993268,0.0,0.0,1.0,0.0,1.0,0.0,0.0,0.007970733451855545
IND_TAMILNADU_THANJAVUR,Tamil Nadu,THANJAVUR,2010,Kharif,2.868635,-0.7784197,1.4596689,0.079053074,-2.0441945,-1.5496374,1.0379572,1.6978327,1.2395664,0.0,0.0,1.0,0.0,1.0,0.0,0.0,0.0160162407176359
IND_TAMILNADU_THENILGIRIS,Tamil Nadu,THE NILGIRIS,2010,Kharif,3.571429,-0.84730816,1.5084566,1.3480337,2.1347826,2.0453117,-2.0807014,-0.63571227,-1.3247348,0.0,0.0,1.0,0.0,1.0,0.0,0.0,0.020890737421114417
IND_TAMILNADU_THENI,Tamil Nadu,THENI,2010,Kharif,4.819928,0.2813002,0.8100165,1.3332717,0.8616873,0.40784386,-1.5998656,-0.17563169,0.06306592,0.0,0.0,1.0,0.0,1.0,0.0,0.0,0.011168102353817114
IND_TAMILNADU_THIRUVALLUR,Tamil Nadu,THIRUVALLUR,2010,Kharif,3.006645,-1.0758746,1.1038551,-0.05213724,-0.9096622,-0.83873,1.4191829,0.49459237,0.8511143,0.0,0.0,1.0,0.0,1.0,0.0,0.0,0.020081858113227276
IND_TAMILNADU_THIRUVARUR,Tamil Nadu,THIRUVARUR,2010,Kharif,1.782291,-0.7086669,1.4451269,0.10081138,-1.976373,-1.6229181,1.1210457,1.612013,1.2654,0.0,0.0,1.0,0.0,1.0,0.0,0.0,0.014941924042846435
IND_TAMILNADU_TIRUCHIRAPPALLI,Tamil Nadu,TIRUCHIRAPPALLI,2010,Kharif,3.992198,0.5761496,1.0049552,0.33398882,-0.91567945,-0.51023,0.62911856,0.781718,0.27966207,0.0,0.0,1.0,0.0,1.0,0.0,0.0,0.002561360507640953
IND_TAMILNADU_TIRUNELVELI,Tamil Nadu,TIRUNELVELI,2010,Kharif,4.410787,-0.24971883,1.5945743,1.438093,0.03198923,-0.14610702,-0.7430755,1.768525,0.7616949,0.0,0.0,1.0,0.0,1.0,0.0,0.0,0.012144372883410928
IND_TAMILNADU_TIRUPPUR,Tamil Nadu,TIRUPPUR,2010,Kharif,3.979402,0.19461574,1.0327307,0.30622217,0.5151965,0.09834944,0.18427537,0.46769896,-1.2655481,0.0,0.0,1.0,0.0,1.0,0.0,0.0,0.009176557922842063
IND_TAMILNADU_TIRUVANNAMALAI,Tamil Nadu,TIRUVANNAMALAI,2010,Kharif,2.850363,-0.056307063,0.7345093,0.7645743,-1.4959586,-0.7596121,0.8041049,0.49984106,1.5275042,0.0,0.0,1.0,0.0,1.0,0.0,0.0,0.012160344612184692
IND_TAMILNADU_VELLORE,Tamil Nadu,VELLORE,2010,Kharif,3.535815,-0.024453295,-0.18443544,1.5100048,-0.09048276,0.10595568,0.004108295,0.5651134,0.42383084,0.0,0.0,1.0,0.0,1.0,0.0,0.0,0.016364642232483167
IND_ANDHRAPRADESH_ADILABAD,Andhra Pradesh,ADILABAD,2011,Kharif,2.493532,-0.40300152,-1.4572921,0.18764317,-0.8215693,1.1949707,0.7972784,-0.14437568,0.90939724,1.0,0.0,0.0,0.0,1.0,0.0,0.0,0.0035525760246964007
IND_ANDHRAPRADESH_ADILABAD,Andhra Pradesh,ADILABAD,2011,Rabi,3.100006,0.9545337,-1.5998733,-1.9355215,0.47841024,0.3849818,-0.5310073,-1.8500172,1.2138749,1.0,0.0,0.0,0.0,0.0,1.0,0.0,0.01066771522146313
IND_ANDHRAPRADESH_ANANTAPUR,Andhra Pradesh,ANANTAPUR,2011,Kharif,2.506124,-0.10902135,-1.0368563,0.31253427,-0.60130733,0.3265619,0.04566616,1.773162,-1.1083231,1.0,0.0,0.0,0.0,1.0,0.0,0.0,0.009592416119332606
IND_ANDHRAPRADESH_ANANTAPUR,Andhra Pradesh,ANANTAPUR,2011,Rabi,2.333029,1.8583198,-1.4866176,-1.1561298,-0.007313028,-0.012387104,-1.0098836,-0.08024563,-0.52445984,1.0,0.0,0.0,0.0,0.0,1.0,0.0,0.008349316570828715
IND_ANDHRAPRADESH_CHITTOOR,Andhra Pradesh,CHITTOOR,2011,Kharif,3.212951,0.610114,-1.0714055,1.1234999,0.26848415,0.017564096,-0.1830826,0.6960099,-0.71769595,1.0,0.0,0.0,0.0,1.0,0.0,0.0,0.00755674623378699
IND_ANDHRAPRADESH_CHITTOOR,Andhra Pradesh,CHITTOOR,2011,Rabi,3.353009,1.8748037,-1.9193273,0.29728967,0.55178666,-0.34559262,-1.9188857,-0.16508654,0.8861424,1.0,0.0,0.0,0.0,0.0,1.0,0.0,0.009777132308574724
IND_ANDHRAPRADESH_EASTGODAVARI,Andhra Pradesh,EAST GODAVARI,2011,Kharif,2.986862,-0.81673163,-1.0428369,0.12287107,-1.811895,-1.0900421,1.1110804,0.13757762,2.1523728,1.0,0.0,0.0,0.0,1.0,0.0,0.0,0.018659476376101967
IND_ANDHRAPRADESH_EASTGODAVARI,Andhra Pradesh,EAST GODAVARI,2011,Rabi,4.203997,0.9866389,-1.0235971,-0.27201205,-0.5126263,-0.38699904,-0.27456188,-0.12899394,3.7715402,1.0,0.0,0.0,0.0,0.0,1.0,0.0,0.018485690713814777
IND_ANDHRAPRADESH_GUNTUR,Andhra Pradesh,GUNTUR,2011,Kharif,3.83591,-1.1152976,-1.9735286,-1.3781136,-3.95911,-2.2541778,1.1591451,1.1192836,0.87349653,1.0,0.0,0.0,0.0,1.0,0.0,0.0,0.014806799870614932
IND_ANDHRAPRADESH_GUNTUR,Andhra Pradesh,GUNTUR,2011,Rabi,3.54704,1.2296021,-0.70190847,-0.57469857,0.68445086,-0.024802722,0.77973634,-0.012553327,0.82774365,1.0,0.0,0.0,0.0,0.0,1.0,0.0,0.010563821783307874
IND_ANDHRAPRADESH_KARIMNAGAR,Andhra Pradesh,KARIMNAGAR,2011,Kharif,3.240552,-0.23834269,-2.124992,-0.16528222,-2.2380917,-0.050463684,0.68410516,0.39734697,1.1534942,1.0,0.0,0.0,0.0,1.0,0.0,0.0,0.006567803161433182
IND_ANDHRAPRADESH_KARIMNAGAR,Andhra Pradesh,KARIMNAGAR,2011,Rabi,3.286998,0.6714039,-2.3416138,-1.805935,-0.5997355,-0.27694994,-1.3705977,-1.192886,2.9215248,1.0,0.0,0.0,0.0,0.0,1.0,0.0,0.009368284136793395
IND_ANDHRAPRADESH_KHAMMAM,Andhra Pradesh,KHAMMAM,2011,Kharif,2.439924,0.3474854,-1.2186091,0.16613421,-1.692521,-0.0037661865,0.9723948,0.35737124,1.7893429,1.0,0.0,0.0,0.0,1.0,0.0,0.0,0.004604122153387326
IND_ANDHRAPRADESH_KHAMMAM,Andhra Pradesh,KHAMMAM,2011,Rabi,2.985979,1.6230593,-0.8902241,-0.70560455,0.56510526,0.33375812,0.31276196,-0.73279226,1.7934086,1.0,0.0,0.0,0.0,0.0,1.0,0.0,0.003069188154099095
IND_ANDHRAPRADESH_KRISHNA,Andhra Pradesh,KRISHNA,2011,Kharif,3.729102,-0.23071428,-1.4930565,-0.51197076,-3.226403,-1.5627674,1.1766741,0.9159801,1.8374742,1.0,0.0,0.0,0.0,1.0,0.0,0.0,0.011706845604740819
IND_ANDHRAPRADESH_KRISHNA,Andhra Pradesh,KRISHNA,2011,Rabi,3.415951,1.5284873,-0.52602744,-0.45725963,0.5512027,0.17076972,0.79876816,-0.26815107,1.4722095,1.0,0.0,0.0,0.0,0.0,1.0,0.0,0.014819574826354143
IND_ANDHRAPRADESH_KURNOOL,Andhra Pradesh,KURNOOL,2011,Kharif,3.629783,-0.17440958,-1.5072445,-0.32941726,-1.6750937,-0.061703004,0.30252013,1.5592681,-0.4479299,1.0,0.0,0.0,0.0,1.0,0.0,0.0,0.014726541303051047
IND_ANDHRAPRADESH_KURNOOL,Andhra Pradesh,KURNOOL,2011,Rabi,3.124033,1.7390304,-1.4176757,-1.5506996,-0.22616942,-0.19208121,-0.3936212,-0.07461655,-0.37054163,1.0,0.0,0.0,0.0,0.0,1.0,0.0,0.0040676505710531535
IND_ANDHRAPRADESH_MAHBUBNAGAR,Andhra Pradesh,MAHBUBNAGAR,2011,Kharif,2.206553,-0.33877397,-2.0097709,0.043963224,-1.6692584,-0.004324712,-0.06972258,1.3777876,-0.023497596,1.0,0.0,0.0,0.0,1.0,0.0,0.0,0.015398614345986742
IND_ANDHRAPRADESH_MAHBUBNAGAR,Andhra Pradesh,MAHBUBNAGAR,2011,Rabi,2.536006,1.0865538,-2.1017017,-1.3733076,-0.3157307,-0.3889497,-1.1290283,-0.5017104,0.39342394,1.0,0.0,0.0,0.0,0.0,1.0,0.0,0.009026129107361424
IND_ANDHRAPRADESH_MEDAK,Andhra Pradesh,MEDAK,2011,Kharif,3.159015,-0.3767754,-1.9066671,0.69898784,-0.9983262,0.89816034,0.048227806,0.5443519,0.78810537,1.0,0.0,0.0,0.0,1.0,0.0,0.0,0.006019689368597884
IND_ANDHRAPRADESH_MEDAK,Andhra Pradesh,MEDAK,2011,Rabi,2.602998,0.9496743,-2.3322537,-1.2952111,0.3183539,0.17081743,-1.576824,-1.4332398,1.3178214,1.0,0.0,0.0,0.0,0.0,1.0,0.0,0.014657437244513048
IND_ANDHRAPRADESH_NALGONDA,Andhra Pradesh,NALGONDA,2011,Kharif,2.928002,-0.49910343,-2.248845,-0.8357973,-3.0171654,-0.9968306,0.7528259,0.9420774,0.55877733,1.0,0.0,0.0,0.0,1.0,0.0,0.0,0.01424991281346941
IND_ANDHRAPRADESH_NALGONDA,Andhra Pradesh,NALGONDA,2011,Rabi,2.965004,0.97860724,-1.6462586,-1.3389403,-0.65526813,-0.44001484,-0.6127057,-0.25899813,1.8785392,1.0,0.0,0.0,0.0,0.0,1.0,0.0,0.009004958685869955
IND_ANDHRAPRADESH_NIZAMABAD,Andhra Pradesh,NIZAMABAD,2011,Kharif,3.906433,-0.5354604,-2.1044085,0.62183917,-1.5911684,0.8067248,0.060730282,0.5717716,1.1016856,1.0,0.0,0.0,0.0,1.0,0.0,0.0,0.00965825941660035
IND_ANDHRAPRADESH_NIZAMABAD,Andhra Pradesh,NIZAMABAD,2011,Rabi,3.519,0.5714007,-2.6558926,-1.9047486,-0.42425013,-0.06851078,-1.7012837,-1.4245449,1.725661,1.0,0.0,0.0,0.0,0.0,1.0,0.0,0.011399477504438262
IND_ANDHRAPRADESH_PRAKASAM,Andhra Pradesh,PRAKASAM,2011,Kharif,3.449006,-1.0323639,-0.08712824,-1.3293835,-0.836074,-0.66876084,1.9994817,0.8671944,-0.881861,1.0,0.0,0.0,0.0,1.0,0.0,0.0,0.008923083980446528
IND_ANDHRAPRADESH_PRAKASAM,Andhra Pradesh,PRAKASAM,2011,Rabi,3.679001,0.115294784,-1.0943879,-0.14179456,0.22557132,-0.27142578,0.24902783,1.5402225,1.1865592,1.0,0.0,0.0,0.0,0.0,1.0,0.0,0.017134981278426564
IND_ANDHRAPRADESH_SRIKAKULAM,Andhra Pradesh,SRIKAKULAM,2011,Kharif,1.91722,-2.9273665,-1.2381294,-0.20159438,-1.2800579,-1.6831893,1.4572998,0.75252485,1.7532324,1.0,0.0,0.0,0.0,1.0,0.0,0.0,0.0210287888367698
IND_ANDHRAPRADESH_SRIKAKULAM,Andhra Pradesh,SRIKAKULAM,2011,Rabi,2.108815,-0.29454765,-2.5270844,0.4897752,2.1648595,-0.36167207,1.0660137,0.28761226,0.9468969,1.0,0.0,0.0,0.0,0.0,1.0,0.0,0.020011319519468464
IND_ANDHRAPRADESH_VIZIANAGARAM,Andhra Pradesh,VIZIANAGARAM,2011,Kharif,2.146764,-0.8199913,-2.7708094,1.2463872,-0.3764171,-0.19532079,-0.26492053,-1.4078658,2.2756312,1.0,0.0,0.0,0.0,1.0,0.0,0.0,0.0147270960669201
IND_ANDHRAPRADESH_VIZIANAGARAM,Andhra Pradesh,VIZIANAGARAM,2011,Rabi,2.448052,1.3165725,-2.9070523,0.12145454,2.1010609,0.42752355,-1.1920716,-2.5577147,2.57336,1.0,0.0,0.0,0.0,0.0,1.0,0.0,0.023098466333183104
IND_ANDHRAPRADESH_WARANGAL,Andhra Pradesh,WARANGAL,2011,Kharif,2.516783,0.256833,-1.7539461,-0.20606521,-2.1013587,-0.079304375,0.86785567,0.42815155,1.2999524,1.0,0.0,0.0,0.0,1.0,0.0,0.0,0.004541756393613146
IND_ANDHRAPRADESH_WARANGAL,Andhra Pradesh,WARANGAL,2011,Rabi,2.662999,1.260153,-1.3214632,-1.0810062,0.15732755,0.12777069,-0.45172644,-0.93968284,2.2346256,1.0,0.0,0.0,0.0,0.0,1.0,0.0,0.0041254849775906
IND_ANDHRAPRADESH_WESTGODAVARI,Andhra Pradesh,WEST GODAVARI,2011,Kharif,3.180816,0.059688315,-1.356671,0.5549376,-2.150502,-0.8831592,0.7686472,0.6588907,2.5412169,1.0,0.0,0.0,0.0,1.0,0.0,0.0,0.010151095318436162
IND_ANDHRAPRADESH_WESTGODAVARI,Andhra Pradesh,WEST GODAVARI,2011,Rabi,4.406002,1.2558944,-0.90084034,-0.3746096,-0.47550845,-0.26539707,-0.36648607,-0.25951174,3.5002449,1.0,0.0,0.0,0.0,0.0,1.0,0.0,0.01183039544224039
IND_KARNATAKA_BANGALORERURAL,Karnataka,BANGALORE RURAL,2011,Kharif,3.312329,0.2041397,-1.046015,1.3487351,1.5843538,0.97187686,-1.2004037,0.18708354,-1.6171066,0.0,1.0,0.0,0.0,1.0,0.0,0.0,0.012000755784181099
IND_KARNATAKA_BANGALORERURAL,Karnataka,BANGALORE RURAL,2011,Summer,3.405229,-1.5282484,-2.0394714,-0.027213871,1.1076075,-0.4837153,-2.741734,-1.8397814,-2.5173266,0.0,1.0,0.0,0.0,0.0,0.0,1.0,0.009884884362255575
IND_KARNATAKA_BIDAR,Karnataka,BIDAR,2011,Kharif,0.898444,-0.5398107,-1.2285475,0.2659752,-0.14797778,1.736066,0.40151834,-0.20398301,-0.18652382,0.0,1.0,0.0,0.0,1.0,0.0,0.0,0.005060052605998055
IND_KARNATAKA_CHITRADURGA,Karnataka,CHITRADURGA,2011,Kharif,2.226763,-0.679804,-0.55714643,0.4149641,0.6979147,0.8544206,-0.3540603,1.476852,-2.1754239,0.0,1.0,0.0,0.0,1.0,0.0,0.0,0.008415785485652813
IND_KARNATAKA_CHITRADURGA,Karnataka,CHITRADURGA,2011,Rabi,2.301961,1.5951052,-1.2117399,-1.3500828,0.7659924,0.96577054,-1.4379784,-0.86459994,-1.2327036,0.0,1.0,0.0,0.0,0.0,1.0,0.0,0.014172430501572767
IND_KARNATAKA_CHITRADURGA,Karnataka,CHITRADURGA,2011,Summer,1.997379,-2.4822226,-1.2982259,-1.125589,0.1999965,-0.514059,-1.6032292,-0.5682571,-2.9373462,0.0,1.0,0.0,0.0,0.0,0.0,1.0,0.005537608510886309
IND_KARNATAKA_DAKSHINAKANNADA,Karnataka,DAKSHINA KANNADA,2011,Kharif,2.689449,-1.4777524,3.2897823,1.0111859,-0.21876301,1.3187894,1.4815278,-1.5092353,1.5718354,0.0,1.0,0.0,0.0,1.0,0.0,0.0,0.02872935933206311
IND_KARNATAKA_DAKSHINAKANNADA,Karnataka,DAKSHINA KANNADA,2011,Rabi,2.223494,-1.2724148,2.0463316,-3.68288,-0.6117198,1.3024019,-2.1278152,-0.060296506,2.2335403,0.0,1.0,0.0,0.0,0.0,1.0,0.0,0.024876430592044203
IND_KARNATAKA_DAKSHINAKANNADA,Karnataka,DAKSHINA KANNADA,2011,Summer,2.490741,-3.2879295,2.7297122,-1.353232,0.28010386,0.19824967,-0.6442627,-1.0389093,-0.67597187,0.0,1.0,0.0,0.0,0.0,0.0,1.0,0.008788511196613422
IND_KARNATAKA_DHARWAD,Karnataka,DHARWAD,2011,Kharif,1.006086,-1.5090674,-0.20462386,1.4553094,0.40894568,2.314212,-0.7830003,1.1166027,-0.109657764,0.0,1.0,0.0,0.0,1.0,0.0,0.0,0.005885950565161963
IND_KARNATAKA_DHARWAD,Karnataka,DHARWAD,2011,Summer,3.4,-2.867669,-0.7180475,-0.7624047,0.100821525,0.61257184,-1.9341753,-1.2432458,-2.3537047,0.0,1.0,0.0,0.0,0.0,0.0,1.0,0.013555078783125124
IND_KARNATAKA_GADAG,Karnataka,GADAG,2011,Kharif,2.759172,-1.34847,-0.20995246,0.5985682,0.89380324,1.6317362,-0.5827498,0.99212384,-2.1074255,0.0,1.0,0.0,0.0,1.0,0.0,0.0,0.013448099504142894
IND_KARNATAKA_GADAG,Karnataka,GADAG,2011,Summer,2.28882,-2.9842567,-1.1314739,-1.0901544,-0.18615936,-0.0019059181,-1.65112,-0.73392165,-2.6626623,0.0,1.0,0.0,0.0,0.0,0.0,1.0,0.012145388134414467
IND_KARNATAKA_HASSAN,Karnataka,HASSAN,2011,Kharif,2.581451,-1.0554652,-0.8492582,3.0714853,0.7692092,1.8650151,-2.009541,-0.027654767,0.8566539,0.0,1.0,0.0,0.0,1.0,0.0,0.0,0.008766919444350306
IND_KARNATAKA_HASSAN,Karnataka,HASSAN,2011,Rabi,2.65392,1.3154389,-1.0567417,-0.31600755,1.8451796,1.7963299,-3.1639385,-1.6160914,0.2184745,0.0,1.0,0.0,0.0,0.0,1.0,0.0,0.0227282856031646
IND_KARNATAKA_HASSAN,Karnataka,HASSAN,2011,Summer,2.485488,-1.8826478,-1.0525392,0.6132525,0.83249205,0.25859058,-3.4537673,-1.983303,-0.97759163,0.0,1.0,0.0,0.0,0.0,0.0,1.0,0.009699506645788126
IND_KARNATAKA_HAVERI,Karnataka,HAVERI,2011,Kharif,2.284332,-1.8856661,-0.15640126,2.7114625,-0.06254408,2.242455,-0.30240595,1.023653,0.13743922,0.0,1.0,0.0,0.0,1.0,0.0,0.0,0.009938158665815686
IND_KARNATAKA_HAVERI,Karnataka,HAVERI,2011,Summer,3.323165,-2.982925,-0.92217666,-0.094035655,-0.18219154,0.38900477,-2.0389466,-0.62487435,-1.5787569,0.0,1.0,0.0,0.0,0.0,0.0,1.0,0.006411625364391897
IND_KARNATAKA_KODAGU,Karnataka,KODAGU,2011,Kharif,2.600029,-0.7640915,1.3965204,1.7638991,0.6113795,1.9598967,-0.4253118,-2.383935,2.4529665,0.0,1.0,0.0,0.0,1.0,0.0,0.0,0.01781005456193807
IND_KARNATAKA_KODAGU,Karnataka,KODAGU,2011,Rabi,2.333333,1.077878,1.4323007,-1.101483,1.9745892,2.777729,-2.2812738,-2.3210225,-1.3307214,0.0,1.0,0.0,0.0,0.0,1.0,0.0,0.03690331826446114
IND_KARNATAKA_KODAGU,Karnataka,KODAGU,2011,Summer,3.061224,-1.9393871,1.3967783,-0.3735898,1.1757306,0.8867398,-2.1429677,-3.0532656,-0.6370189,0.0,1.0,0.0,0.0,0.0,0.0,1.0,0.00427947649819584
IND_KARNATAKA_KOLAR,Karnataka,KOLAR,2011,Kharif,1.958544,0.36827168,-1.2351823,1.5780292,1.024955,0.6215918,-0.7923288,0.4828181,-1.1298121,0.0,1.0,0.0,0.0,1.0,0.0,0.0,0.011946818805581835
IND_KARNATAKA_KOLAR,Karnataka,KOLAR,2011,Summer,3.4,-1.550875,-2.1618273,-0.2247321,1.2562957,-0.7522969,-2.332649,-1.8259021,-2.8676317,0.0,1.0,0.0,0.0,0.0,0.0,1.0,0.013356965230508468
IND_KARNATAKA_KOPPAL,Karnataka,KOPPAL,2011,Kharif,3.81792,-1.3626246,-1.076132,-0.00012078881,-0.7203886,0.6940901,-0.65489864,1.8293542,-1.3085909,0.0,1.0,0.0,0.0,1.0,0.0,0.0,0.009185683493991683
IND_KARNATAKA_KOPPAL,Karnataka,KOPPAL,2011,Summer,3.429514,-3.46445,-1.6444664,-1.9509542,-1.0635269,-0.54124177,-2.0516026,0.08553472,-1.3421977,0.0,1.0,0.0,0.0,0.0,0.0,1.0,0.00875165457843838
IND_KARNATAKA_MANDYA,Karnataka,MANDYA,2011,Kharif,3.946497,-0.692572,-0.6489814,1.5386431,0.12269013,0.59565043,-2.0200572,1.3538847,0.11826876,0.0,1.0,0.0,0.0,1.0,0.0,0.0,0.011226288551166553
IND_KARNATAKA_MANDYA,Karnataka,MANDYA,2011,Summer,3.132166,-1.8763422,-1.2205479,-0.2962031,0.14129741,-0.7764684,-2.9390132,-1.1066676,-0.52760863,0.0,1.0,0.0,0.0,0.0,0.0,1.0,0.005107571858353733
IND_KARNATAKA_RAICHUR,Karnataka,RAICHUR,2011,Kharif,3.287846,-1.4485235,-1.6889703,-0.97001684,-2.0880816,-0.06505757,-0.36983556,1.9545836,-0.9608731,0.0,1.0,0.0,0.0,1.0,0.0,0.0,0.016820244500763915
IND_KARNATAKA_RAICHUR,Karnataka,RAICHUR,2011,Summer,2.911742,-3.7017803,-1.3300331,-3.338168,-1.6941466,-1.2723917,-1.3670967,0.018396705,-1.5879935,0.0,1.0,0.0,0.0,0.0,0.0,1.0,0.010320300304369812
IND_KARNATAKA_RAMANAGARA,Karnataka,RAMANAGARA,2011,Kharif,2.691701,0.12996683,-0.5263917,1.0719912,0.8860284,0.54360527,-1.0444787,0.58218896,-1.1544646,0.0,1.0,0.0,0.0,1.0,0.0,0.0,0.009613289773307662
IND_KARNATAKA_RAMANAGARA,Karnataka,RAMANAGARA,2011,Summer,1.717345,-1.5172489,-1.1333935,-0.36066076,0.8206525,-0.69414103,-2.2180638,-1.6221138,-2.1382773,0.0,1.0,0.0,0.0,0.0,0.0,1.0,0.00684231371206981
IND_KARNATAKA_UDUPI,Karnataka,UDUPI,2011,Kharif,2.575803,-1.0689877,2.2064433,1.7170583,-0.13163315,2.1175947,0.7258296,-1.1104088,1.825694,0.0,1.0,0.0,0.0,1.0,0.0,0.0,0.009133288966459163
IND_KARNATAKA_UDUPI,Karnataka,UDUPI,2011,Rabi,2.300158,0.114377454,0.9275895,-1.6768713,0.3877064,2.211857,-2.6352818,-0.58603144,0.91938734,0.0,1.0,0.0,0.0,0.0,1.0,0.0,0.024866995376578247
IND_KARNATAKA_UDUPI,Karnataka,UDUPI,2011,Summer,2.242718,-2.544551,2.1694262,-0.50796586,1.0969794,1.4159504,-1.6763949,-1.7928907,-1.4754333,0.0,1.0,0.0,0.0,0.0,0.0,1.0,0.019566786491601436
IND_KARNATAKA_UTTARAKANNADA,Karnataka,UTTARA KANNADA,2011,Kharif,1.991803,-2.098617,2.076245,0.8357154,-0.83444345,1.7916353,0.47117317,0.31738022,1.673239,0.0,1.0,0.0,0.0,1.0,0.0,0.0,0.014525766016255173
IND_KARNATAKA_UTTARAKANNADA,Karnataka,UTTARA KANNADA,2011,Rabi,2.280364,0.44585443,2.0190094,-1.2103221,0.5939994,3.3987887,-1.4432454,0.33452472,0.07926646,0.0,1.0,0.0,0.0,0.0,1.0,0.0,0.01618360269430261
IND_KARNATAKA_UTTARAKANNADA,Karnataka,UTTARA KANNADA,2011,Summer,2.186191,-3.4747725,2.7502115,-1.2255118,0.80627143,1.4164367,-1.9271052,-0.08869219,-1.0855824,0.0,1.0,0.0,0.0,0.0,0.0,1.0,0.013447763065889943
IND_TAMILNADU_ARIYALUR,Tamil Nadu,ARIYALUR,2011,Kharif,4.036063,0.3426718,1.1556875,-0.78678775,-0.27744067,-0.54052085,1.7842627,0.30268705,-1.1566943,0.0,0.0,1.0,0.0,1.0,0.0,0.0,0.005512159517774164
IND_TAMILNADU_COIMBATORE,Tamil Nadu,COIMBATORE,2011,Kharif,3.988589,-0.48253122,1.4912957,1.3402693,1.7078705,1.6216652,-1.1944268,0.25621536,-0.9007325,0.0,0.0,1.0,0.0,1.0,0.0,0.0,0.007426406250015764
IND_TAMILNADU_CUDDALORE,Tamil Nadu,CUDDALORE,2011,Kharif,2.051875,-0.036092773,0.75071865,-0.2737931,-2.1175067,-1.1782665,1.3269043,1.2733,0.5400729,0.0,0.0,1.0,0.0,1.0,0.0,0.0,0.00404832813320261
IND_TAMILNADU_DHARMAPURI,Tamil Nadu,DHARMAPURI,2011,Kharif,4.737355,0.7990292,-0.02765166,0.84581494,-0.25510848,0.042838298,-0.0957001,0.286847,-0.115699515,0.0,0.0,1.0,0.0,1.0,0.0,0.0,0.004029735627003095
IND_TAMILNADU_DINDIGUL,Tamil Nadu,DINDIGUL,2011,Kharif,5.39597,0.38818604,0.24049167,1.3742589,0.7345412,0.0828332,-0.65085083,1.3151889,-0.942363,0.0,0.0,1.0,0.0,1.0,0.0,0.0,0.005817242417908752
IND_TAMILNADU_ERODE,Tamil Nadu,ERODE,2011,Kharif,4.281177,0.62870604,0.57519615,0.05214057,-0.37829083,-0.20637646,-0.62797517,-0.012003392,-0.2111766,0.0,0.0,1.0,0.0,1.0,0.0,0.0,0.0033727212230148817
IND_TAMILNADU_KANNIYAKUMARI,Tamil Nadu,KANNIYAKUMARI,2011,Kharif,5.42276,0.0043397117,1.6779609,0.7920009,1.2938719,0.09355431,-0.6571937,1.6181115,-1.4341276,0.0,0.0,1.0,0.0,1.0,0.0,0.0,0.013190680286265955
IND_TAMILNADU_KARUR,Tamil Nadu,KARUR,2011,Kharif,3.846518,1.1652008,0.66216636,0.2947803,0.10314803,0.1314414,0.61600107,0.7595242,-1.0127698,0.0,0.0,1.0,0.0,1.0,0.0,0.0,0.00850946006049814
IND_TAMILNADU_KRISHNAGIRI,Tamil Nadu,KRISHNAGIRI,2011,Kharif,4.546915,0.47106373,-0.6565052,1.3676546,0.17202733,0.25658494,-0.44305253,0.8253819,-0.5964542,0.0,0.0,1.0,0.0,1.0,0.0,0.0,0.007840897136300738
IND_TAMILNADU_MADURAI,Tamil Nadu,MADURAI,2011,Kharif,4.635256,1.0356297,0.99320304,-0.43684584,-1.2842827,-0.6831771,-0.11786841,0.7701937,-0.2742823,0.0,0.0,1.0,0.0,1.0,0.0,0.0,0.010274585259469397
IND_TAMILNADU_NAMAKKAL,Tamil Nadu,NAMAKKAL,2011,Kharif,4.397466,1.0424209,0.74750507,0.22387955,0.12232806,0.2763452,0.48294234,-0.012151971,-0.83440304,0.0,0.0,1.0,0.0,1.0,0.0,0.0,0.0038965525745662927
IND_TAMILNADU_PERAMBALUR,Tamil Nadu,PERAMBALUR,2011,Kharif,4.464081,0.9281319,0.59695643,0.40654764,0.08223806,0.037612952,0.71644694,0.2051464,-0.86881685,0.0,0.0,1.0,0.0,1.0,0.0,0.0,0.005718862050867335
IND_TAMILNADU_PUDUKKOTTAI,Tamil Nadu,PUDUKKOTTAI,2011,Kharif,3.610152,0.54974145,0.83198065,-0.54200125,-1.6867884,-1.1659411,0.7439802,1.2343614,-0.053223073,0.0,0.0,1.0,0.0,1.0,0.0,0.0,0.004530966412634427
IND_TAMILNADU_RAMANATHAPURAM,Tamil Nadu,RAMANATHAPURAM,2011,Kharif,3.398232,-1.0757818,1.0693549,-0.9294323,-1.6009529,-1.3268675,0.551763,2.8350742,-0.5102502,0.0,0.0,1.0,0.0,1.0,0.0,0.0,0.007275825458422134
IND_TAMILNADU_SALEM,Tamil Nadu,SALEM,2011,Kharif,4.517102,0.9562135,0.48290616,0.41480616,-0.36336672,-0.016768903,0.3137862,0.31508735,-0.3007613,0.0,0.0,1.0,0.0,1.0,0.0,0.0,0.00459195559065137
IND_TAMILNADU_SIVAGANGA,Tamil Nadu,SIVAGANGA,2011,Kharif,3.702224,0.40285856,1.1781447,-1.0972531,-1.6933646,-1.2859244,0.7106234,1.1189946,-0.4415985,0.0,0.0,1.0,0.0,1.0,0.0,0.0,0.004519750834163086
IND_TAMILNADU_THANJAVUR,Tamil Nadu,THANJAVUR,2011,Kharif,3.995245,-1.0431027,0.8965133,-0.7222905,-2.5985148,-1.8613677,0.9562302,2.2637348,0.5093398,0.0,0.0,1.0,0.0,1.0,0.0,0.0,0.0036177621212341074
IND_TAMILNADU_THENILGIRIS,Tamil Nadu,THE NILGIRIS,2011,Kharif,4.125313,-0.59169596,1.1877184,1.2981784,2.2265813,2.0162654,-2.1264973,-0.39685434,-1.5869355,0.0,0.0,1.0,0.0,1.0,0.0,0.0,0.01563974340689391
IND_TAMILNADU_THENI,Tamil Nadu,THENI,2011,Kharif,5.370343,0.69751424,0.4679976,1.1427971,0.8133576,0.24817714,-1.8848664,0.15444693,-0.22164443,0.0,0.0,1.0,0.0,1.0,0.0,0.0,0.008084313223162137
IND_TAMILNADU_THIRUVALLUR,Tamil Nadu,THIRUVALLUR,2011,Kharif,3.951628,-0.31280744,1.1251858,0.046820253,-1.2142026,-0.44128865,1.7841204,0.7461734,0.6599592,0.0,0.0,1.0,0.0,1.0,0.0,0.0,0.006182962660169704
IND_TAMILNADU_THIRUVARUR,Tamil Nadu,THIRUVARUR,2011,Kharif,4.240297,-1.0154003,0.86242646,-0.68009865,-2.6562264,-2.0018404,1.0008236,2.252816,0.62360096,0.0,0.0,1.0,0.0,1.0,0.0,0.0,0.0043418401269209915
IND_TAMILNADU_TIRUCHIRAPPALLI,Tamil Nadu,TIRUCHIRAPPALLI,2011,Kharif,4.730728,0.7698711,0.53594345,0.14185767,-0.96435666,-0.432604,0.6232035,1.286575,-0.3165715,0.0,0.0,1.0,0.0,1.0,0.0,0.0,0.009903028325758099
IND_TAMILNADU_TIRUNELVELI,Tamil Nadu,TIRUNELVELI,2011,Kharif,5.297192,-0.01762019,1.1850798,1.1894394,-0.116401,-0.5166885,-0.93365276,2.0512,0.28559628,0.0,0.0,1.0,0.0,1.0,0.0,0.0,0.013823421826923523
IND_TAMILNADU_TIRUPPUR,Tamil Nadu,TIRUPPUR,2011,Kharif,4.611383,0.3688372,0.70907664,0.31633818,0.6024803,0.11513343,0.14484091,0.9129969,-1.6063825,0.0,0.0,1.0,0.0,1.0,0.0,0.0,0.010026981110906007
IND_TAMILNADU_TIRUVANNAMALAI,Tamil Nadu,TIRUVANNAMALAI,2011,Kharif,3.427466,0.7281012,0.4956776,0.37833762,-1.7613914,-0.47075117,1.0202167,0.8514781,1.00905,0.0,0.0,1.0,0.0,1.0,0.0,0.0,0.004372447388558314
IND_TAMILNADU_VELLORE,Tamil Nadu,VELLORE,2011,Kharif,3.981942,0.81099695,-0.9369684,0.9997822,-0.35679698,-0.20456493,-0.23007579,0.9026569,-0.3738613,0.0,0.0,1.0,0.0,1.0,0.0,0.0,0.008005367391397284
IND_ANDHRAPRADESH_ADILABAD,Andhra Pradesh,ADILABAD,2012,Kharif,2.589286,-0.9155316,-1.3313138,0.35238892,-0.63017076,1.1961113,0.8085053,-0.2910345,0.8715558,1.0,0.0,0.0,0.0,1.0,0.0,0.0,0.007853538822476877
IND_ANDHRAPRADESH_ADILABAD,Andhra Pradesh,ADILABAD,2012,Rabi,2.8,0.87552696,-2.4883134,-3.266687,-0.36768794,-0.48721838,-0.4455632,-2.0261467,0.16189584,1.0,0.0,0.0,0.0,0.0,1.0,0.0,0.013335162188418731
IND_ANDHRAPRADESH_ANANTAPUR,Andhra Pradesh,ANANTAPUR,2012,Kharif,2.636364,0.2620302,-1.1261775,0.059697956,-0.439901,0.31813693,0.17844242,1.5578216,-1.5036238,1.0,0.0,0.0,0.0,1.0,0.0,0.0,0.006702522522970907
IND_ANDHRAPRADESH_ANANTAPUR,Andhra Pradesh,ANANTAPUR,2012,Rabi,2.571429,1.7117574,-1.7876562,-2.155183,-0.36807603,-0.5223844,-0.9839498,0.01392727,-1.6910163,1.0,0.0,0.0,0.0,0.0,1.0,0.0,0.0038490377382097243
IND_ANDHRAPRADESH_CHITTOOR,Andhra Pradesh,CHITTOOR,2012,Kharif,3.461538,0.991682,-1.2073902,0.75069416,0.07479082,-0.057097025,-0.22833566,0.5411849,-0.9542769,1.0,0.0,0.0,0.0,1.0,0.0,0.0,0.005416785649356197
IND_ANDHRAPRADESH_CHITTOOR,Andhra Pradesh,CHITTOOR,2012,Rabi,3.6,2.0083666,-2.3097587,-0.3253046,0.097380206,-0.86403894,-2.0669465,0.02594778,0.047485724,1.0,0.0,0.0,0.0,0.0,1.0,0.0,0.00851942623176648
IND_ANDHRAPRADESH_EASTGODAVARI,Andhra Pradesh,EAST GODAVARI,2012,Kharif,1.534483,-2.0155375,-0.4418739,1.1359869,-2.152487,-1.3886117,1.2463225,-0.28462207,2.7094445,1.0,0.0,0.0,0.0,1.0,0.0,0.0,0.01580490028542834
IND_ANDHRAPRADESH_EASTGODAVARI,Andhra Pradesh,EAST GODAVARI,2012,Rabi,4.414201,-0.13422692,-1.5837811,-2.5695367,-1.8392586,-2.368621,0.51392895,-0.19483697,2.4231546,1.0,0.0,0.0,0.0,0.0,1.0,0.0,0.013929499109189246
IND_ANDHRAPRADESH_GUNTUR,Andhra Pradesh,GUNTUR,2012,Kharif,3.474286,-1.0934229,-0.8876136,-0.35819015,-2.309049,-0.83203113,1.1944531,0.66955113,0.92696023,1.0,0.0,0.0,0.0,1.0,0.0,0.0,0.0193843387711843
IND_ANDHRAPRADESH_GUNTUR,Andhra Pradesh,GUNTUR,2012,Rabi,3.75,1.0271279,-0.74967116,-2.1386478,-0.26982242,-1.0726682,1.5861832,-0.2841906,-0.59878683,1.0,0.0,0.0,0.0,0.0,1.0,0.0,0.013712248377447086
IND_ANDHRAPRADESH_KARIMNAGAR,Andhra Pradesh,KARIMNAGAR,2012,Kharif,3.516854,-0.7483692,-1.7970912,0.5668311,-1.7004299,0.46313658,0.5418867,0.27929738,1.5823847,1.0,0.0,0.0,0.0,1.0,0.0,0.0,0.007197946386865371
IND_ANDHRAPRADESH_KARIMNAGAR,Andhra Pradesh,KARIMNAGAR,2012,Rabi,3.612613,0.07510878,-2.7357776,-4.034597,-1.92854,-1.6032094,-0.49408972,-1.6457232,0.44108614,1.0,0.0,0.0,0.0,0.0,1.0,0.0,0.010281612924996495
IND_ANDHRAPRADESH_KHAMMAM,Andhra Pradesh,KHAMMAM,2012,Kharif,3.095588,-0.43984357,-0.78848946,0.7110702,-1.2206062,0.21191597,0.97886574,-0.043661416,1.964538,1.0,0.0,0.0,0.0,1.0,0.0,0.0,0.005463544322041562
IND_ANDHRAPRADESH_KHAMMAM,Andhra Pradesh,KHAMMAM,2012,Rabi,2.888889,1.3636084,-1.2756045,-2.4757698,-0.85816884,-1.0835391,1.3119122,-0.8470453,0.3283018,1.0,0.0,0.0,0.0,0.0,1.0,0.0,0.009941175213397093
IND_ANDHRAPRADESH_KRISHNA,Andhra Pradesh,KRISHNA,2012,Kharif,3.588933,-0.7189071,-0.74452794,0.7527616,-2.5392046,-0.9442079,0.9927863,0.76138616,2.532097,1.0,0.0,0.0,0.0,1.0,0.0,0.0,0.012252578831263974
IND_ANDHRAPRADESH_KRISHNA,Andhra Pradesh,KRISHNA,2012,Rabi,3.909091,1.1536816,-0.63382554,-2.2926042,-0.67265654,-1.3826057,1.902168,-0.49952927,-0.09629763,1.0,0.0,0.0,0.0,0.0,1.0,0.0,0.019006184794944557
IND_ANDHRAPRADESH_KURNOOL,Andhra Pradesh,KURNOOL,2012,Kharif,3.847222,0.12829234,-1.3168621,-0.05185321,-1.4058579,0.32745278,0.39064765,1.4055392,-0.23274837,1.0,0.0,0.0,0.0,1.0,0.0,0.0,0.006690383545343088
IND_ANDHRAPRADESH_KURNOOL,Andhra Pradesh,KURNOOL,2012,Rabi,3.529412,1.5901556,-1.6245699,-2.4066126,-0.8591047,-0.66246605,-0.2744701,-0.03366425,-1.0086405,1.0,0.0,0.0,0.0,0.0,1.0,0.0,0.004287829767151856
IND_ANDHRAPRADESH_MAHBUBNAGAR,Andhra Pradesh,MAHBUBNAGAR,2012,Kharif,2.649485,-0.26844606,-1.6822339,0.40565377,-1.333857,0.48862064,0.072599806,1.1325804,0.35572326,1.0,0.0,0.0,0.0,1.0,0.0,0.0,0.004624517051358615
IND_ANDHRAPRADESH_MAHBUBNAGAR,Andhra Pradesh,MAHBUBNAGAR,2012,Rabi,2.755556,0.98912615,-2.2529204,-2.6415105,-1.0833321,-0.9098455,-0.900577,-0.5750586,-0.60533583,1.0,0.0,0.0,0.0,0.0,1.0,0.0,0.005256437880124098
IND_ANDHRAPRADESH_MEDAK,Andhra Pradesh,MEDAK,2012,Kharif,3.552632,-0.62540096,-1.7272911,0.6562078,-0.82352567,1.0053648,0.17035885,0.3582559,0.72864795,1.0,0.0,0.0,0.0,1.0,0.0,0.0,0.008629536962564218
IND_ANDHRAPRADESH_MEDAK,Andhra Pradesh,MEDAK,2012,Rabi,3.029412,0.81866974,-2.740447,-2.939461,-0.49730915,-0.6365732,-1.3636324,-1.5669215,-0.17385134,1.0,0.0,0.0,0.0,0.0,1.0,0.0,0.016352096082281515
IND_ANDHRAPRADESH_NALGONDA,Andhra Pradesh,NALGONDA,2012,Kharif,3.25641,-0.57561296,-1.323488,-0.23952344,-1.6380956,0.09604032,0.87138295,0.59651995,0.6203437,1.0,0.0,0.0,0.0,1.0,0.0,0.0,0.007834998987843017
IND_ANDHRAPRADESH_NALGONDA,Andhra Pradesh,NALGONDA,2012,Rabi,3.32967,0.58986646,-1.8700949,-3.2176678,-1.9303324,-1.5279938,0.1486577,-0.4078789,0.23890153,1.0,0.0,0.0,0.0,0.0,1.0,0.0,0.003531228296958903
IND_ANDHRAPRADESH_NIZAMABAD,Andhra Pradesh,NIZAMABAD,2012,Kharif,4.0,-0.78957903,-1.9149916,0.54330504,-1.35601,0.9320146,0.16275036,0.40607828,1.0580634,1.0,0.0,0.0,0.0,1.0,0.0,0.0,0.008693981085068888
IND_ANDHRAPRADESH_NIZAMABAD,Andhra Pradesh,NIZAMABAD,2012,Rabi,3.4375,0.49035582,-2.8243964,-3.5032074,-0.96618414,-0.8173052,-1.3176922,-1.74849,-0.036131293,1.0,0.0,0.0,0.0,0.0,1.0,0.0,0.013092191453650228
IND_ANDHRAPRADESH_PRAKASAM,Andhra Pradesh,PRAKASAM,2012,Kharif,3.555556,-0.75363714,0.18439965,-0.728094,-0.32214582,-0.25300187,2.245006,0.49742272,-0.98007345,1.0,0.0,0.0,0.0,1.0,0.0,0.0,0.007032465182250291
IND_ANDHRAPRADESH_PRAKASAM,Andhra Pradesh,PRAKASAM,2012,Rabi,3.705882,0.37909338,-1.2165205,-1.271409,0.1831467,-0.75273275,0.92983913,1.0094204,-0.09305747,1.0,0.0,0.0,0.0,0.0,1.0,0.0,0.019671194900993165
IND_ANDHRAPRADESH_SRIKAKULAM,Andhra Pradesh,SRIKAKULAM,2012,Kharif,2.529126,-4.282705,-0.528929,0.8174311,-1.2440357,-1.5275544,1.649591,0.662657,1.8282652,1.0,0.0,0.0,0.0,1.0,0.0,0.0,0.016723783032805067
IND_ANDHRAPRADESH_SRIKAKULAM,Andhra Pradesh,SRIKAKULAM,2012,Rabi,2.666667,-0.928842,-2.7153313,-0.5657748,1.8456874,-1.3071326,1.6163378,-0.0680501,0.25090382,1.0,0.0,0.0,0.0,0.0,1.0,0.0,0.01889380288472711
IND_ANDHRAPRADESH_VIZIANAGARAM,Andhra Pradesh,VIZIANAGARAM,2012,Kharif,2.579832,-1.8925585,-2.4356642,2.1348355,-0.42089903,-0.105560265,0.102869794,-1.7920064,2.25649,1.0,0.0,0.0,0.0,1.0,0.0,0.0,0.013355231966659987
IND_ANDHRAPRADESH_VIZIANAGARAM,Andhra Pradesh,VIZIANAGARAM,2012,Rabi,2.0,0.7073948,-3.0396144,-0.9552289,1.0192032,-0.9912865,-0.8916478,-2.6642091,1.3200358,1.0,0.0,0.0,0.0,0.0,1.0,0.0,0.02889949038132409
IND_ANDHRAPRADESH_WARANGAL,Andhra Pradesh,WARANGAL,2012,Kharif,3.151079,-0.22207929,-1.3024457,0.6137638,-1.3443085,0.52913034,0.75166523,0.268479,1.7195603,1.0,0.0,0.0,0.0,1.0,0.0,0.0,0.0011281897214086133
IND_ANDHRAPRADESH_WARANGAL,Andhra Pradesh,WARANGAL,2012,Rabi,3.535211,0.6642322,-2.1936743,-3.316542,-1.5885417,-1.4556937,0.25567043,-1.125655,0.37184414,1.0,0.0,0.0,0.0,0.0,1.0,0.0,0.009300441016538702
IND_ANDHRAPRADESH_WESTGODAVARI,Andhra Pradesh,WEST GODAVARI,2012,Kharif,1.987654,-1.0314369,-0.6816427,1.4493504,-2.1237648,-0.9249766,0.8766017,0.16879007,2.9796326,1.0,0.0,0.0,0.0,1.0,0.0,0.0,0.00864911224535019
IND_ANDHRAPRADESH_WESTGODAVARI,Andhra Pradesh,WEST GODAVARI,2012,Rabi,4.477778,0.14204958,-1.6005751,-2.6866696,-2.157189,-2.18632,0.20385478,-0.23830628,2.4240575,1.0,0.0,0.0,0.0,0.0,1.0,0.0,0.007101879238502173
IND_KARNATAKA_BANGALORERURAL,Karnataka,BANGALORE RURAL,2012,Kharif,2.903427,0.6822075,-1.2935834,0.81763005,1.2489548,0.62958705,-1.25183,0.0028616488,-2.0194395,0.0,1.0,0.0,0.0,1.0,0.0,0.0,0.010707923224482455
IND_KARNATAKA_BANGALORERURAL,Karnataka,BANGALORE RURAL,2012,Rabi,2.0,1.8653517,-1.9088013,-1.346555,1.6614814,0.6057195,-2.1446764,-1.681793,-3.503229,0.0,1.0,0.0,0.0,0.0,1.0,0.0,0.022152651021557408
IND_KARNATAKA_BANGALORERURAL,Karnataka,BANGALORE RURAL,2012,Summer,3.153846,-1.6356575,-1.9489253,-0.60015464,1.1403471,-0.7171583,-2.3303518,-1.926399,-3.6075594,0.0,1.0,0.0,0.0,0.0,0.0,1.0,0.021287314132928083
IND_KARNATAKA_BIDAR,Karnataka,BIDAR,2012,Kharif,0.988054,-0.5223666,-1.148275,0.20658907,-0.12355405,1.7980336,0.43189812,-0.31910658,-0.18176423,0.0,1.0,0.0,0.0,1.0,0.0,0.0,0.005802865901253506
IND_KARNATAKA_CHITRADURGA,Karnataka,CHITRADURGA,2012,Kharif,2.259078,-0.24726729,-0.7262011,0.4275094,0.751231,0.95079696,-0.23104148,1.2438596,-2.145512,0.0,1.0,0.0,0.0,1.0,0.0,0.0,0.005971929798882889
IND_KARNATAKA_CHITRADURGA,Karnataka,CHITRADURGA,2012,Rabi,2.446886,1.5262172,-1.6207652,-2.4626427,0.26585644,0.11842791,-1.4380181,-0.71047807,-2.6253054,0.0,1.0,0.0,0.0,0.0,1.0,0.0,0.003528353406676167
IND_KARNATAKA_CHITRADURGA,Karnataka,CHITRADURGA,2012,Summer,2.070732,-2.5643444,-1.3162974,-1.2942371,0.22453286,-0.56583047,-1.5827855,-0.46564272,-3.2537158,0.0,1.0,0.0,0.0,0.0,0.0,1.0,0.007548422472102518
IND_KARNATAKA_DAKSHINAKANNADA,Karnataka,DAKSHINA KANNADA,2012,Kharif,2.660963,-0.95830184,3.190952,0.7134297,-0.09755851,1.4624982,1.2558633,-1.1796602,1.6415724,0.0,1.0,0.0,0.0,1.0,0.0,0.0,0.017880849770087633
IND_KARNATAKA_DAKSHINAKANNADA,Karnataka,DAKSHINA KANNADA,2012,Rabi,2.59351,-1.2337387,1.9101235,-4.1142974,-0.6912144,1.092599,-2.0192094,0.19303545,1.6134533,0.0,1.0,0.0,0.0,0.0,1.0,0.0,0.007384708373099573
IND_KARNATAKA_DAKSHINAKANNADA,Karnataka,DAKSHINA KANNADA,2012,Summer,2.591362,-3.390515,2.6310632,-1.3031977,0.23248912,0.011183731,-0.51302826,-1.1013635,-0.63076085,0.0,1.0,0.0,0.0,0.0,0.0,1.0,0.018147486631019037
IND_KARNATAKA_DHARWAD,Karnataka,DHARWAD,2012,Kharif,0.875889,-1.1041543,-0.46632224,1.1465137,0.37568444,2.132086,-0.958774,1.0022907,0.013170168,0.0,1.0,0.0,0.0,1.0,0.0,0.0,0.0045656264961715706
IND_KARNATAKA_DHARWAD,Karnataka,DHARWAD,2012,Summer,3.177083,-2.7546427,-0.81766486,-1.1002748,-0.061189502,0.54076165,-1.7536843,-1.5178366,-2.5098822,0.0,1.0,0.0,0.0,0.0,0.0,1.0,0.015667915192998698
IND_KARNATAKA_GADAG,Karnataka,GADAG,2012,Kharif,2.374302,-0.9771178,-0.40867943,0.4660121,0.91574484,1.61578,-0.5598683,0.77915525,-2.076505,0.0,1.0,0.0,0.0,1.0,0.0,0.0,0.004676470020584735
IND_KARNATAKA_GADAG,Karnataka,GADAG,2012,Summer,2.420821,-2.9132938,-1.1797813,-1.4597543,-0.39809966,-0.17737463,-1.6128349,-0.73840487,-2.7838168,0.0,1.0,0.0,0.0,0.0,0.0,1.0,0.012396484410518941
IND_KARNATAKA_HASSAN,Karnataka,HASSAN,2012,Kharif,2.179302,-0.6099343,-0.96009547,2.7583902,0.6310431,1.6799786,-2.1187537,-0.083528414,1.0235685,0.0,1.0,0.0,0.0,1.0,0.0,0.0,0.010632539709965985
IND_KARNATAKA_HASSAN,Karnataka,HASSAN,2012,Rabi,2.576923,1.4485464,-0.82039756,-1.1694081,1.7215459,1.6043706,-3.1365309,-1.885014,-1.673691,0.0,1.0,0.0,0.0,0.0,1.0,0.0,0.02365477771709294
IND_KARNATAKA_HASSAN,Karnataka,HASSAN,2012,Summer,2.521436,-1.8853414,-0.8534178,0.36356443,0.6778441,0.11170833,-3.1404655,-1.9276758,-1.4438388,0.0,1.0,0.0,0.0,0.0,0.0,1.0,0.011716628095920242
IND_KARNATAKA_HAVERI,Karnataka,HAVERI,2012,Kharif,0.80941,-1.5389781,-0.3120941,2.521378,-0.0656427,2.1344354,-0.4584698,0.91985786,0.3611271,0.0,1.0,0.0,0.0,1.0,0.0,0.0,0.009214792453058281
IND_KARNATAKA_HAVERI,Karnataka,HAVERI,2012,Summer,2.025479,-2.9530637,-0.8716843,-0.44819847,-0.52870226,0.19076264,-1.7826254,-0.7716992,-1.7429395,0.0,1.0,0.0,0.0,0.0,0.0,1.0,0.013918829259350354
IND_KARNATAKA_KODAGU,Karnataka,KODAGU,2012,Kharif,2.48141,-0.4016585,1.2696269,1.413868,0.6432606,1.9070565,-0.5383285,-2.1606762,2.4488838,0.0,1.0,0.0,0.0,1.0,0.0,0.0,0.007389630788989806
IND_KARNATAKA_KODAGU,Karnataka,KODAGU,2012,Summer,1.835294,-2.033875,1.3966353,-0.47931692,1.0832882,0.67682993,-1.8962402,-3.2069063,-0.824083,0.0,1.0,0.0,0.0,0.0,0.0,1.0,0.008973641497180633
IND_KARNATAKA_KOLAR,Karnataka,KOLAR,2012,Kharif,2.187772,0.9062695,-1.3394109,1.2091997,0.7205901,0.5672277,-0.7728925,0.25975284,-1.1163355,0.0,1.0,0.0,0.0,1.0,0.0,0.0,0.007831123744487085
IND_KARNATAKA_KOLAR,Karnataka,KOLAR,2012,Summer,2.348485,-1.7009733,-1.9747548,-0.548787,0.9208605,-0.97350156,-1.9378538,-1.8025216,-3.1074407,0.0,1.0,0.0,0.0,0.0,0.0,1.0,0.013872589203360399
IND_KARNATAKA_KOPPAL,Karnataka,KOPPAL,2012,Kharif,3.202451,-0.99908274,-1.2606311,-0.0023509562,-0.7550805,0.7145649,-0.64453626,1.731712,-1.1574668,0.0,1.0,0.0,0.0,1.0,0.0,0.0,0.00931024099692666
IND_KARNATAKA_KOPPAL,Karnataka,KOPPAL,2012,Summer,3.714509,-3.7144895,-1.6485212,-2.6127932,-1.2794096,-0.57548964,-2.2125187,0.17662713,-1.1855559,0.0,1.0,0.0,0.0,0.0,0.0,1.0,0.019239877468776895
IND_KARNATAKA_MANDYA,Karnataka,MANDYA,2012,Kharif,3.110294,-0.19014786,-0.83262503,1.1198243,-0.09307951,0.18515337,-1.8874767,1.1093713,-0.25203046,0.0,1.0,0.0,0.0,1.0,0.0,0.0,0.0122487681619252
IND_KARNATAKA_MANDYA,Karnataka,MANDYA,2012,Rabi,3.40566,1.3922247,-1.016546,-1.9008455,0.52957225,0.10201635,-2.1803226,-0.9221325,-2.3461282,0.0,1.0,0.0,0.0,0.0,1.0,0.0,0.01539227715198244
IND_KARNATAKA_MANDYA,Karnataka,MANDYA,2012,Summer,3.218409,-1.7123302,-0.71349144,-0.5751089,0.3310396,-0.8301897,-2.1843767,-1.235081,-1.9580938,0.0,1.0,0.0,0.0,0.0,0.0,1.0,0.011032541161786468
IND_KARNATAKA_RAICHUR,Karnataka,RAICHUR,2012,Kharif,3.113151,-1.1313674,-1.8403795,-0.8670285,-2.2138882,0.12152005,-0.41915,2.0316617,-0.6276609,0.0,1.0,0.0,0.0,1.0,0.0,0.0,0.012654476042737088
IND_KARNATAKA_RAICHUR,Karnataka,RAICHUR,2012,Summer,3.0723,-4.0114436,-1.3636725,-4.043164,-2.0233886,-1.4014121,-1.571232,0.21506038,-1.4597164,0.0,1.0,0.0,0.0,0.0,0.0,1.0,0.017145144848495622
IND_KARNATAKA_RAMANAGARA,Karnataka,RAMANAGARA,2012,Kharif,2.430126,0.5801027,-0.7426343,0.6147888,0.47096527,0.22918555,-1.0540974,0.43763918,-1.4211642,0.0,1.0,0.0,0.0,1.0,0.0,0.0,0.005812810528735264
IND_KARNATAKA_RAMANAGARA,Karnataka,RAMANAGARA,2012,Summer,2.06068,-1.6359284,-0.96425116,-0.93876743,0.4990883,-1.0251755,-1.9036916,-1.5174242,-2.681858,0.0,1.0,0.0,0.0,0.0,0.0,1.0,0.009804793541714521
IND_KARNATAKA_UDUPI,Karnataka,UDUPI,2012,Kharif,2.481408,-0.8362668,2.0854278,1.4396589,-0.05242896,2.0256138,0.60221785,-0.95134616,1.7582704,0.0,1.0,0.0,0.0,1.0,0.0,0.0,0.009722418121805134
IND_KARNATAKA_UDUPI,Karnataka,UDUPI,2012,Rabi,2.210678,0.10538809,1.0705359,-1.9985555,0.27539217,2.066856,-2.5318525,-0.44777015,0.24288744,0.0,1.0,0.0,0.0,0.0,1.0,0.0,0.0031650076397345384
IND_KARNATAKA_UDUPI,Karnataka,UDUPI,2012,Summer,2.302083,-2.7278602,1.9883099,-0.6041032,0.92340124,0.99438745,-1.3147203,-1.9941565,-1.5435283,0.0,1.0,0.0,0.0,0.0,0.0,1.0,0.005877429639963282
IND_KARNATAKA_UTTARAKANNADA,Karnataka,UTTARA KANNADA,2012,Kharif,2.015901,-1.8566425,2.0699775,0.69949186,-0.78487515,1.7317656,0.43592447,0.37258828,1.6830423,0.0,1.0,0.0,0.0,1.0,0.0,0.0,0.0063293105938518465
IND_KARNATAKA_UTTARAKANNADA,Karnataka,UTTARA KANNADA,2012,Rabi,2.183153,0.46069866,1.9674213,-1.7652581,0.46114188,2.9956543,-1.2303903,0.25443614,-0.55624056,0.0,1.0,0.0,0.0,0.0,1.0,0.0,0.0031666069867443943
IND_KARNATAKA_UTTARAKANNADA,Karnataka,UTTARA KANNADA,2012,Summer,2.063584,-3.4816978,2.5996194,-1.2926136,0.62522775,1.0296282,-1.4085529,-0.62454915,-0.9465766,0.0,1.0,0.0,0.0,0.0,0.0,1.0,0.00540892379784934
IND_TAMILNADU_ARIYALUR,Tamil Nadu,ARIYALUR,2012,Kharif,2.076813,0.58363414,1.2027202,-0.8071853,-0.16081803,-0.43289626,1.6975422,0.29051536,-1.115262,0.0,0.0,1.0,0.0,1.0,0.0,0.0,0.007824891942679692
IND_TAMILNADU_COIMBATORE,Tamil Nadu,COIMBATORE,2012,Kharif,3.659555,0.0955265,1.2758293,0.8041992,1.5249451,1.0358133,-1.1955088,0.18099824,-1.3051863,0.0,0.0,1.0,0.0,1.0,0.0,0.0,0.007846480160626645
IND_TAMILNADU_CUDDALORE,Tamil Nadu,CUDDALORE,2012,Kharif,3.030476,0.23021334,0.81030786,-0.48130333,-2.0418475,-1.0509275,1.2041357,1.311576,0.68068004,0.0,0.0,1.0,0.0,1.0,0.0,0.0,0.00537538514211577
IND_TAMILNADU_DHARMAPURI,Tamil Nadu,DHARMAPURI,2012,Kharif,4.471299,1.2233708,0.15161975,0.55129373,-0.10528301,0.38831943,0.053908214,0.021172553,-0.24856743,0.0,0.0,1.0,0.0,1.0,0.0,0.0,0.002652045266703141
IND_TAMILNADU_DINDIGUL,Tamil Nadu,DINDIGUL,2012,Kharif,3.25095,0.91146326,0.194526,0.6874958,0.6774681,-0.11153702,-0.72727233,1.0464447,-1.5702226,0.0,0.0,1.0,0.0,1.0,0.0,0.0,0.009069388719965111
IND_TAMILNADU_ERODE,Tamil Nadu,ERODE,2012,Kharif,4.410874,1.0334761,0.85494554,-0.51812077,-0.10202795,0.217392,-0.4069987,-0.2890801,-1.0455592,0.0,0.0,1.0,0.0,1.0,0.0,0.0,0.002685243496828301
IND_TAMILNADU_KANNIYAKUMARI,Tamil Nadu,KANNIYAKUMARI,2012,Kharif,4.66339,0.24809279,1.7728767,0.57862484,1.2989105,0.1900366,-0.74027514,1.5323119,-1.5253533,0.0,0.0,1.0,0.0,1.0,0.0,0.0,0.013883770330726455
IND_TAMILNADU_KARUR,Tamil Nadu,KARUR,2012,Kharif,4.040799,1.3667598,0.75514853,-0.14084452,0.07707931,0.16783923,0.54437006,0.5526929,-1.2227387,0.0,0.0,1.0,0.0,1.0,0.0,0.0,0.007008335852587917
IND_TAMILNADU_KRISHNAGIRI,Tamil Nadu,KRISHNAGIRI,2012,Kharif,4.06613,0.932051,-0.74435914,1.0842416,-0.06763938,0.25381368,-0.46085036,0.6257318,-0.52299696,0.0,0.0,1.0,0.0,1.0,0.0,0.0,0.005556265359932537
IND_TAMILNADU_MADURAI,Tamil Nadu,MADURAI,2012,Kharif,3.606303,1.1652936,1.2772241,-1.0502428,-0.67586607,-0.42269582,0.031968758,0.24589494,-1.3390845,0.0,0.0,1.0,0.0,1.0,0.0,0.0,0.013225336215539566
IND_TAMILNADU_NAMAKKAL,Tamil Nadu,NAMAKKAL,2012,Kharif,3.65266,1.3887875,0.8160298,-0.0023792386,0.03913878,0.47238082,0.47264665,-0.06682341,-0.8018565,0.0,0.0,1.0,0.0,1.0,0.0,0.0,0.0036903786766270793
IND_TAMILNADU_PERAMBALUR,Tamil Nadu,PERAMBALUR,2012,Kharif,2.86231,1.3422594,0.68327904,0.22207233,0.10979204,0.29872653,0.72579944,0.11501536,-0.8278791,0.0,0.0,1.0,0.0,1.0,0.0,0.0,0.005426170265091987
IND_TAMILNADU_PUDUKKOTTAI,Tamil Nadu,PUDUKKOTTAI,2012,Kharif,2.876042,0.6662492,0.86225474,-0.9407486,-1.6576115,-1.1319567,0.5761394,1.1923097,-0.07994455,0.0,0.0,1.0,0.0,1.0,0.0,0.0,0.007890955383669133
IND_TAMILNADU_RAMANATHAPURAM,Tamil Nadu,RAMANATHAPURAM,2012,Kharif,0.588464,-1.1601703,0.93160075,-1.3281432,-1.5269327,-1.2480344,0.42191607,2.9617033,-0.78786063,0.0,0.0,1.0,0.0,1.0,0.0,0.0,0.010400344088336996
IND_TAMILNADU_SALEM,Tamil Nadu,SALEM,2012,Kharif,4.095676,1.3895419,0.6532617,0.11530927,-0.23711754,0.31733307,0.4222898,0.12613487,-0.44090286,0.0,0.0,1.0,0.0,1.0,0.0,0.0,0.002909713161792427
IND_TAMILNADU_SIVAGANGA,Tamil Nadu,SIVAGANGA,2012,Kharif,1.844858,0.39044613,1.1338725,-1.56206,-1.5878782,-1.309101,0.5596848,1.113472,-0.7320216,0.0,0.0,1.0,0.0,1.0,0.0,0.0,0.011908813510932925
IND_TAMILNADU_THANJAVUR,Tamil Nadu,THANJAVUR,2012,Kharif,2.933614,-0.7376973,1.0965912,-0.8209102,-2.0992281,-1.4902447,0.82649,2.2529924,0.48802277,0.0,0.0,1.0,0.0,1.0,0.0,0.0,0.007116445835023514
IND_TAMILNADU_THENILGIRIS,Tamil Nadu,THE NILGIRIS,2012,Kharif,3.972318,0.06405233,0.8820189,0.7466023,1.9866328,1.5943731,-1.9825804,-0.45934692,-1.8879695,0.0,0.0,1.0,0.0,1.0,0.0,0.0,0.011131158304602354
IND_TAMILNADU_THENI,Tamil Nadu,THENI,2012,Kharif,4.615347,1.0630786,0.38224548,0.647141,0.6215869,0.116105415,-1.9266825,0.113500066,-0.5626086,0.0,0.0,1.0,0.0,1.0,0.0,0.0,0.0054818533453305385
IND_TAMILNADU_THIRUVALLUR,Tamil Nadu,THIRUVALLUR,2012,Kharif,3.835416,-0.34631288,0.6970462,-0.46215734,-1.166418,-0.6458862,1.5325077,1.0093344,0.46734682,0.0,0.0,1.0,0.0,1.0,0.0,0.0,0.007999604040398416
IND_TAMILNADU_THIRUVARUR,Tamil Nadu,THIRUVARUR,2012,Kharif,1.213582,-0.756306,1.0385706,-0.76428986,-2.2326257,-1.668334,0.84184265,2.3148243,0.659791,0.0,0.0,1.0,0.0,1.0,0.0,0.0,0.009467906876231344
IND_TAMILNADU_TIRUCHIRAPPALLI,Tamil Nadu,TIRUCHIRAPPALLI,2012,Kharif,3.052347,1.1122944,0.68853754,-0.17722847,-0.7643417,-0.28882846,0.57618,1.0197833,-0.37092915,0.0,0.0,1.0,0.0,1.0,0.0,0.0,0.0072528554592099555
IND_TAMILNADU_TIRUNELVELI,Tamil Nadu,TIRUNELVELI,2012,Kharif,4.023414,0.45828798,1.280293,0.71939945,0.29719403,-0.28863835,-0.740154,1.6341146,-0.27773046,0.0,0.0,1.0,0.0,1.0,0.0,0.0,0.0065129725256557955
IND_TAMILNADU_TIRUPPUR,Tamil Nadu,TIRUPPUR,2012,Kharif,2.465306,0.7432547,0.9544995,-0.5867034,1.0229703,0.32957745,0.34143525,0.04559961,-3.0985487,0.0,0.0,1.0,0.0,1.0,0.0,0.0,0.036596972693746586
IND_TAMILNADU_TIRUVANNAMALAI,Tamil Nadu,TIRUVANNAMALAI,2012,Kharif,3.546876,0.9642174,0.5411615,0.0350784,-1.7321035,-0.3843437,0.96443814,0.8201376,0.99431026,0.0,0.0,1.0,0.0,1.0,0.0,0.0,0.006335725407527239
IND_TAMILNADU_VELLORE,Tamil Nadu,VELLORE,2012,Kharif,4.279385,1.0488752,-1.0151131,0.5763142,-0.5885347,-0.3364041,-0.32641703,0.73394537,-0.5475056,0.0,0.0,1.0,0.0,1.0,0.0,0.0,0.008727375093904574
IND_ANDHRAPRADESH_ANANTAPUR,Andhra Pradesh,ANANTAPUR,2013,Kharif,2.112008,-0.77531,-0.52219886,0.65530205,0.1598204,0.5461511,-0.018977322,1.6791896,-0.8763262,1.0,0.0,0.0,0.0,1.0,0.0,0.0,0.013082906322524393
IND_ANDHRAPRADESH_ANANTAPUR,Andhra Pradesh,ANANTAPUR,2013,Rabi,2.325002,1.3669902,-1.7102956,-2.2039154,-0.6209195,-0.7419089,-0.93341637,0.18973625,-1.7700104,1.0,0.0,0.0,0.0,0.0,1.0,0.0,0.0041677360094945996
IND_ANDHRAPRADESH_CHITTOOR,Andhra Pradesh,CHITTOOR,2013,Kharif,3.207024,-0.048439234,-0.6903604,1.6159652,0.7610319,0.44587627,-0.050208077,0.82675004,-0.47318503,1.0,0.0,0.0,0.0,1.0,0.0,0.0,0.017640058646794347
IND_ANDHRAPRADESH_CHITTOOR,Andhra Pradesh,CHITTOOR,2013,Rabi,3.469989,1.8794913,-2.1693707,-0.29162255,0.044525594,-0.8144297,-1.9478285,0.13095121,0.045085594,1.0,0.0,0.0,0.0,0.0,1.0,0.0,0.00781825222708552
IND_ANDHRAPRADESH_EASTGODAVARI,Andhra Pradesh,EAST GODAVARI,2013,Kharif,1.846002,-2.288815,-0.41150945,0.80702996,-2.2081099,-1.2780887,1.027251,0.0254139,2.8299813,1.0,0.0,0.0,0.0,1.0,0.0,0.0,0.012434323695236954
IND_ANDHRAPRADESH_EASTGODAVARI,Andhra Pradesh,EAST GODAVARI,2013,Rabi,4.587,0.25345835,-0.87713206,-1.3168497,-0.90989304,-0.82334507,-0.3015979,-0.29186696,4.113448,1.0,0.0,0.0,0.0,0.0,1.0,0.0,0.011366142093894891
IND_ANDHRAPRADESH_GUNTUR,Andhra Pradesh,GUNTUR,2013,Kharif,3.259002,-2.1212935,-0.72011155,0.28630462,-3.0211337,-0.99068916,0.42305797,1.4216096,2.2199032,1.0,0.0,0.0,0.0,1.0,0.0,0.0,0.020803941646711253
IND_ANDHRAPRADESH_GUNTUR,Andhra Pradesh,GUNTUR,2013,Rabi,3.810007,0.79645425,-0.6851957,-1.2971957,-0.24009748,-0.6397774,0.6720758,0.080643274,1.0483656,1.0,0.0,0.0,0.0,0.0,1.0,0.0,0.011489972037292542
IND_ANDHRAPRADESH_KRISHNA,Andhra Pradesh,KRISHNA,2013,Kharif,2.924999,-1.5618684,-0.35847127,0.72830296,-2.6287682,-0.8834005,0.73241067,0.85817087,2.950371,1.0,0.0,0.0,0.0,1.0,0.0,0.0,0.012105529592702518
IND_ANDHRAPRADESH_KRISHNA,Andhra Pradesh,KRISHNA,2013,Rabi,4.065002,0.8220543,-0.49293303,-1.289727,-0.7388817,-0.5394159,0.37025994,-0.07413077,2.5867515,1.0,0.0,0.0,0.0,0.0,1.0,0.0,0.013354704510388515
IND_ANDHRAPRADESH_KURNOOL,Andhra Pradesh,KURNOOL,2013,Kharif,3.676001,-0.6987503,-1.0076381,0.6749579,-1.0102918,0.5966471,0.085489124,1.6265337,0.56439745,1.0,0.0,0.0,0.0,1.0,0.0,0.0,0.006110865755552651
IND_ANDHRAPRADESH_KURNOOL,Andhra Pradesh,KURNOOL,2013,Rabi,3.654003,1.3073848,-1.6836095,-2.2195437,-0.9966004,-0.74601984,-0.4312293,0.23918143,-0.8475721,1.0,0.0,0.0,0.0,0.0,1.0,0.0,0.0069429470136552415
IND_ANDHRAPRADESH_PRAKASAM,Andhra Pradesh,PRAKASAM,2013,Kharif,3.677,-1.9274886,0.26256913,-0.3844167,-0.6344636,-0.28947368,1.4871559,0.88983524,-0.05845946,1.0,0.0,0.0,0.0,1.0,0.0,0.0,0.02031985307325889
IND_ANDHRAPRADESH_PRAKASAM,Andhra Pradesh,PRAKASAM,2013,Rabi,3.959004,-0.19793776,-1.0489182,-0.9738041,-0.13127996,-0.5887673,0.28923726,1.2921579,0.87821686,1.0,0.0,0.0,0.0,0.0,1.0,0.0,0.0208412373404267
IND_ANDHRAPRADESH_SRIKAKULAM,Andhra Pradesh,SRIKAKULAM,2013,Kharif,1.737999,-4.1824565,-0.047824368,0.65997434,-1.463706,-1.7239228,1.6941745,0.6381562,2.053551,1.0,0.0,0.0,0.0,1.0,0.0,0.0,0.03017141374210818
IND_ANDHRAPRADESH_SRIKAKULAM,Andhra Pradesh,SRIKAKULAM,2013,Rabi,2.381898,-0.59783447,-2.5850887,0.18225816,2.1061919,-0.67807287,1.2181903,0.08212428,0.7800331,1.0,0.0,0.0,0.0,0.0,1.0,0.0,0.015774633409804832
IND_ANDHRAPRADESH_VIZIANAGARAM,Andhra Pradesh,VIZIANAGARAM,2013,Kharif,2.475003,-1.7270107,-2.376061,2.0801759,-0.33347106,0.04692524,0.06840162,-1.5571955,2.3230767,1.0,0.0,0.0,0.0,1.0,0.0,0.0,0.007784446177632369
IND_ANDHRAPRADESH_VIZIANAGARAM,Andhra Pradesh,VIZIANAGARAM,2013,Rabi,2.727987,0.82372403,-2.762152,-0.32813886,1.4849355,-0.31282684,-1.0645602,-2.524329,2.0647554,1.0,0.0,0.0,0.0,0.0,1.0,0.0,0.009070608122301654
IND_ANDHRAPRADESH_WESTGODAVARI,Andhra Pradesh,WEST GODAVARI,2013,Kharif,2.169,-1.5201898,-0.5215828,1.1463933,-2.1172159,-0.7785369,0.68585765,0.32485998,3.1072729,1.0,0.0,0.0,0.0,1.0,0.0,0.0,0.008127666969809825
IND_ANDHRAPRADESH_WESTGODAVARI,Andhra Pradesh,WEST GODAVARI,2013,Rabi,4.555001,0.2792708,-0.95256025,-1.485559,-0.9661331,-0.7993264,-0.6066385,-0.46444586,4.0849667,1.0,0.0,0.0,0.0,0.0,1.0,0.0,0.010639221283790976
IND_KARNATAKA_BANGALORERURAL,Karnataka,BANGALORE RURAL,2013,Kharif,3.207299,-0.33505288,-0.42513114,1.8960385,2.1641161,1.8966558,-1.266563,0.040132284,-1.3674443,0.0,1.0,0.0,0.0,1.0,0.0,0.0,0.015500300056787486
IND_KARNATAKA_BANGALORERURAL,Karnataka,BANGALORE RURAL,2013,Summer,3.379562,-2.0421367,-1.7217314,0.16946444,0.93904114,-0.43871164,-2.1688926,-1.6036347,-2.732093,0.0,1.0,0.0,0.0,0.0,0.0,1.0,0.0155299080321066
IND_KARNATAKA_BIDAR,Karnataka,BIDAR,2013,Kharif,1.551232,-1.0399364,-0.8602245,0.84367883,0.3022787,1.9736699,0.20186567,-0.37401333,0.05465205,0.0,1.0,0.0,0.0,1.0,0.0,0.0,0.04400704613605338
IND_KARNATAKA_CHITRADURGA,Karnataka,CHITRADURGA,2013,Kharif,2.250836,-0.97074527,0.0063532144,0.8281133,1.5467575,1.370995,-0.48187757,1.3159012,-2.167888,0.0,1.0,0.0,0.0,1.0,0.0,0.0,0.012068804575403285
IND_KARNATAKA_CHITRADURGA,Karnataka,CHITRADURGA,2013,Rabi,2.753463,1.2965312,-1.3548961,-2.4003572,0.16898252,0.1521829,-1.2896309,-0.63507843,-2.604962,0.0,1.0,0.0,0.0,0.0,1.0,0.0,0.002155383488579959
IND_KARNATAKA_CHITRADURGA,Karnataka,CHITRADURGA,2013,Summer,2.135621,-2.843611,-1.0130612,-0.7557063,0.19062631,-0.2807353,-1.2576325,-0.52091277,-2.7703452,0.0,1.0,0.0,0.0,0.0,0.0,1.0,0.016285269769960965
IND_KARNATAKA_DAKSHINAKANNADA,Karnataka,DAKSHINA KANNADA,2013,Kharif,2.749289,-2.1078796,3.590408,1.5619214,-0.32486713,1.2212604,1.9564734,-1.9753646,1.6708294,0.0,1.0,0.0,0.0,1.0,0.0,0.0,0.035858126109311064
IND_KARNATAKA_DAKSHINAKANNADA,Karnataka,DAKSHINA KANNADA,2013,Rabi,2.668556,-1.5974748,2.192037,-4.6196594,-1.0076004,0.8219273,-2.0334806,0.30772623,1.8624855,0.0,1.0,0.0,0.0,0.0,1.0,0.0,0.008512823544633372
IND_KARNATAKA_DAKSHINAKANNADA,Karnataka,DAKSHINA KANNADA,2013,Summer,2.728283,-3.8603067,2.5710766,-0.9365547,-0.38984048,-0.42962635,0.39897674,-1.8868681,-0.41029564,0.0,1.0,0.0,0.0,0.0,0.0,1.0,0.03293204027761118
IND_KARNATAKA_DHARWAD,Karnataka,DHARWAD,2013,Kharif,1.121947,-1.7874556,-0.011971399,1.4661343,0.76247543,2.3464453,-1.1000116,1.0943761,-0.1493376,0.0,1.0,0.0,0.0,1.0,0.0,0.0,0.008346879793042297
IND_KARNATAKA_DHARWAD,Karnataka,DHARWAD,2013,Summer,3.382022,-3.0856023,-0.7050109,-0.52806437,0.096079454,0.7919736,-1.7426867,-1.2428464,-2.5143917,0.0,1.0,0.0,0.0,0.0,0.0,1.0,0.009886726683214983
IND_KARNATAKA_GADAG,Karnataka,GADAG,2013,Kharif,2.867841,-1.5685219,0.12023102,0.8271836,1.2938749,1.8834741,-0.88007075,1.1000726,-1.8573667,0.0,1.0,0.0,0.0,1.0,0.0,0.0,0.01912278171818404
IND_KARNATAKA_GADAG,Karnataka,GADAG,2013,Summer,2.661981,-3.1697724,-1.0375834,-0.7683089,-0.41214025,0.17168269,-1.5436487,-0.51356876,-2.3725183,0.0,1.0,0.0,0.0,0.0,0.0,1.0,0.007435371928761935
IND_KARNATAKA_HASSAN,Karnataka,HASSAN,2013,Kharif,3.060903,-1.5854111,-0.61978954,3.6860507,0.6936485,2.070398,-1.5951772,-0.28444064,0.9681107,0.0,1.0,0.0,0.0,1.0,0.0,0.0,0.01951187977044944
IND_KARNATAKA_HASSAN,Karnataka,HASSAN,2013,Rabi,2.222958,1.3896817,-0.9154829,-1.1319308,1.1188742,1.2660706,-3.0041025,-1.4050145,-0.9727045,0.0,1.0,0.0,0.0,0.0,1.0,0.0,0.014571547668778191
IND_KARNATAKA_HASSAN,Karnataka,HASSAN,2013,Summer,3.449355,-2.451521,-0.69597363,1.0332444,0.47946978,0.37352222,-2.4785988,-1.9069673,-1.1190372,0.0,1.0,0.0,0.0,0.0,0.0,1.0,0.018703377555873694
IND_KARNATAKA_HAVERI,Karnataka,HAVERI,2013,Kharif,2.4605,-2.2964573,0.054984763,2.6796737,0.21506383,2.3342283,-0.44721818,0.9871955,0.11908409,0.0,1.0,0.0,0.0,1.0,0.0,0.0,0.014039050749904577
IND_KARNATAKA_HAVERI,Karnataka,HAVERI,2013,Summer,2.887035,-3.3371453,-0.8524303,0.019151479,-0.5723579,0.35989472,-1.6550741,-0.5255189,-1.4673105,0.0,1.0,0.0,0.0,0.0,0.0,1.0,0.014345323182376388
IND_KARNATAKA_KODAGU,Karnataka,KODAGU,2013,Kharif,2.877557,-1.2041501,1.9271258,2.5844386,0.38625443,2.2815807,0.40749288,-3.1271431,2.7972844,0.0,1.0,0.0,0.0,1.0,0.0,0.0,0.03508144789154282
IND_KARNATAKA_KODAGU,Karnataka,KODAGU,2013,Summer,3.327273,-2.6645355,1.0922129,0.068967074,0.4642331,0.45632157,-0.80323756,-3.8077605,-0.5294169,0.0,1.0,0.0,0.0,0.0,0.0,1.0,0.01770685744372223
IND_KARNATAKA_KOLAR,Karnataka,KOLAR,2013,Kharif,1.709963,-0.3071777,-0.6422791,1.9469204,1.7897427,1.3293093,-0.73700976,0.37745667,-1.2489338,0.0,1.0,0.0,0.0,1.0,0.0,0.0,0.01522639862499712
IND_KARNATAKA_KOLAR,Karnataka,KOLAR,2013,Summer,3.383333,-2.1161613,-1.8505776,-0.0025660694,1.1372967,-0.69112504,-1.8130358,-1.6062195,-3.0059717,0.0,1.0,0.0,0.0,0.0,0.0,1.0,0.02265007506437626
IND_KARNATAKA_KOPPAL,Karnataka,KOPPAL,2013,Kharif,3.374409,-1.6981637,-0.71968687,0.5196806,-0.016794711,1.0714952,-0.79659605,1.795351,-0.78913355,0.0,1.0,0.0,0.0,1.0,0.0,0.0,0.011958015615230728
IND_KARNATAKA_KOPPAL,Karnataka,KOPPAL,2013,Summer,3.568199,-3.5983207,-1.5748,-1.5928904,-1.168264,-0.35246706,-1.8778417,0.11543617,-1.1579105,0.0,1.0,0.0,0.0,0.0,0.0,1.0,0.00827180672084434
IND_KARNATAKA_MANDYA,Karnataka,MANDYA,2013,Kharif,3.500755,-1.2358907,-0.20517473,1.9703333,0.4197808,1.1817735,-1.7790208,1.3352083,0.37197056,0.0,1.0,0.0,0.0,1.0,0.0,0.0,0.015671532273457172
IND_KARNATAKA_MANDYA,Karnataka,MANDYA,2013,Rabi,3.616915,1.2433418,-0.839562,-1.9567937,0.0962318,-0.035020955,-2.2826786,-0.5255846,-2.0874727,0.0,1.0,0.0,0.0,0.0,1.0,0.0,0.017898384043092016
IND_KARNATAKA_MANDYA,Karnataka,MANDYA,2013,Summer,3.440897,-2.1659124,-0.73766136,-0.17277059,-0.051239654,-0.782684,-2.216091,-0.9988632,-0.81194806,0.0,1.0,0.0,0.0,0.0,0.0,1.0,0.027630414805133893
IND_KARNATAKA_RAICHUR,Karnataka,RAICHUR,2013,Kharif,3.230947,-1.5024998,-1.3375292,0.15443906,-1.3471394,0.6562326,-0.5476923,1.8501383,0.10057372,0.0,1.0,0.0,0.0,1.0,0.0,0.0,0.008637733073396789
IND_KARNATAKA_RAICHUR,Karnataka,RAICHUR,2013,Summer,3.184395,-4.449041,-1.4307152,-3.574104,-2.1588578,-1.31663,-1.7673864,0.39429644,-0.7167697,0.0,1.0,0.0,0.0,0.0,0.0,1.0,0.020268066724670204
IND_KARNATAKA_RAMANAGARA,Karnataka,RAMANAGARA,2013,Kharif,2.618117,-0.34016493,-0.05668305,1.5794773,1.4006033,1.3763312,-1.0250596,0.5715941,-0.80125344,0.0,1.0,0.0,0.0,1.0,0.0,0.0,0.005858101855438715
IND_KARNATAKA_RAMANAGARA,Karnataka,RAMANAGARA,2013,Summer,1.853828,-1.9703984,-0.88549936,-0.3520346,0.60847914,-0.70435256,-1.6957252,-1.4516517,-2.415023,0.0,1.0,0.0,0.0,0.0,0.0,1.0,0.0208445661052776
IND_KARNATAKA_UDUPI,Karnataka,UDUPI,2013,Kharif,2.695139,-1.2590954,2.3617198,1.9983003,-0.08996463,2.1373363,0.90785205,-1.3279973,1.9099897,0.0,1.0,0.0,0.0,1.0,0.0,0.0,0.012226378685893328
IND_KARNATAKA_UDUPI,Karnataka,UDUPI,2013,Rabi,2.525059,0.018430116,1.2569693,-2.12954,0.1379928,2.0703688,-2.3886256,-0.3399364,0.14206141,0.0,1.0,0.0,0.0,0.0,1.0,0.0,0.003530247972854051
IND_KARNATAKA_UDUPI,Karnataka,UDUPI,2013,Summer,2.645455,-3.128052,1.7247329,-0.3247631,0.47572124,0.7810995,-0.5081028,-2.4455268,-1.3194909,0.0,1.0,0.0,0.0,0.0,0.0,1.0,0.011527944097092705
IND_KARNATAKA_UTTARAKANNADA,Karnataka,UTTARA KANNADA,2013,Kharif,2.43105,-2.2674856,1.9906762,0.9979093,-0.7594168,1.8816845,0.44267625,0.3366517,1.6138265,0.0,1.0,0.0,0.0,1.0,0.0,0.0,0.020816391663589316
IND_KARNATAKA_UTTARAKANNADA,Karnataka,UTTARA KANNADA,2013,Rabi,2.694826,0.37460104,2.0945103,-1.8754343,0.40472203,2.9833295,-1.1950364,0.30322722,-0.6436125,0.0,1.0,0.0,0.0,0.0,1.0,0.0,0.00421237192065745
IND_KARNATAKA_UTTARAKANNADA,Karnataka,UTTARA KANNADA,2013,Summer,2.301843,-3.7249718,2.5610762,-1.1697419,0.4361599,1.0035369,-1.2102717,-0.5477506,-0.8884784,0.0,1.0,0.0,0.0,0.0,0.0,1.0,0.004993321094706148
IND_TAMILNADU_ARIYALUR,Tamil Nadu,ARIYALUR,2013,Kharif,5.38765,0.063660845,0.9885125,-1.0280159,-0.14114895,-0.7074712,1.4984865,0.46781385,-1.297161,0.0,0.0,1.0,0.0,1.0,0.0,0.0,0.008950011987424634
IND_TAMILNADU_COIMBATORE,Tamil Nadu,COIMBATORE,2013,Kharif,4.698332,-0.7244881,1.6847789,1.2603292,1.8299903,1.5720656,-1.3714774,0.27271742,-1.1208184,0.0,0.0,1.0,0.0,1.0,0.0,0.0,0.008967840426168624
IND_TAMILNADU_CUDDALORE,Tamil Nadu,CUDDALORE,2013,Kharif,4.439424,-0.24024163,0.5790033,-0.4534262,-1.881073,-1.2194246,0.97372603,1.3510263,0.5970495,0.0,0.0,1.0,0.0,1.0,0.0,0.0,0.010533721344505333
IND_TAMILNADU_DHARMAPURI,Tamil Nadu,DHARMAPURI,2013,Kharif,4.965904,0.4957486,0.153785,0.9564676,0.05055566,0.15117347,-0.16622247,0.40843832,0.06158176,0.0,0.0,1.0,0.0,1.0,0.0,0.0,0.010750155066191872
IND_TAMILNADU_DINDIGUL,Tamil Nadu,DINDIGUL,2013,Kharif,6.083609,0.23231812,0.64681315,1.0785434,1.4438369,0.36469042,-0.5482185,1.0985746,-1.8109722,0.0,0.0,1.0,0.0,1.0,0.0,0.0,0.013324380915092566
IND_TAMILNADU_ERODE,Tamil Nadu,ERODE,2013,Kharif,5.277639,0.44997212,0.695911,-0.057827935,-0.2566648,-0.22728944,-0.715285,0.0081499815,-0.38176832,0.0,0.0,1.0,0.0,1.0,0.0,0.0,0.005212599676182676
IND_TAMILNADU_KANNIYAKUMARI,Tamil Nadu,KANNIYAKUMARI,2013,Kharif,4.89779,-0.45464218,2.0103576,1.1302348,1.5470955,0.6666577,-0.77002037,1.7266434,-0.91340613,0.0,0.0,1.0,0.0,1.0,0.0,0.0,0.00847268481851137
IND_TAMILNADU_KARUR,Tamil Nadu,KARUR,2013,Kharif,5.562913,0.89911693,0.6354619,-0.12654419,0.3012342,-0.103602864,0.4695431,0.7727536,-1.5930971,0.0,0.0,1.0,0.0,1.0,0.0,0.0,0.003980525939646307
IND_TAMILNADU_KRISHNAGIRI,Tamil Nadu,KRISHNAGIRI,2013,Kharif,4.827767,-0.11367752,-0.42306817,1.7958162,0.41402608,0.5838556,-0.5510051,1.1765503,-0.10189027,0.0,0.0,1.0,0.0,1.0,0.0,0.0,0.01166315413531608
IND_TAMILNADU_MADURAI,Tamil Nadu,MADURAI,2013,Kharif,4.649115,0.6660052,1.034457,-0.99895036,-0.7305046,-0.7596728,-0.1442355,0.4890119,-1.3231319,0.0,0.0,1.0,0.0,1.0,0.0,0.0,0.00604236771918303
IND_TAMILNADU_NAMAKKAL,Tamil Nadu,NAMAKKAL,2013,Kharif,5.553704,0.7984168,0.8160082,0.08973239,0.19941778,0.12588952,0.27999008,0.020136103,-0.8945497,0.0,0.0,1.0,0.0,1.0,0.0,0.0,0.005187981769459802
IND_TAMILNADU_PERAMBALUR,Tamil Nadu,PERAMBALUR,2013,Kharif,5.040139,0.7579779,0.70520943,0.22519916,0.39673358,0.031874806,0.6246629,0.09614262,-1.1033379,0.0,0.0,1.0,0.0,1.0,0.0,0.0,0.00953908215882639
IND_TAMILNADU_PUDUKKOTTAI,Tamil Nadu,PUDUKKOTTAI,2013,Kharif,1.650264,0.17620017,0.6203603,-1.266973,-1.2905293,-1.3200217,0.5766551,1.2046986,-0.93775344,0.0,0.0,1.0,0.0,1.0,0.0,0.0,0.004012172651158402
IND_TAMILNADU_RAMANATHAPURAM,Tamil Nadu,RAMANATHAPURAM,2013,Kharif,0.295075,-1.1753527,0.88093174,-1.4440236,-1.3385705,-1.3643464,0.39307594,2.7177022,-0.96784675,0.0,0.0,1.0,0.0,1.0,0.0,0.0,0.0135469491794487
IND_TAMILNADU_SALEM,Tamil Nadu,SALEM,2013,Kharif,4.816955,0.73994696,0.6064598,0.19440258,-0.09586649,-0.05705238,0.22537942,0.21178566,-0.5290029,0.0,0.0,1.0,0.0,1.0,0.0,0.0,0.005021083904923316
IND_TAMILNADU_SIVAGANGA,Tamil Nadu,SIVAGANGA,2013,Kharif,0.704142,0.044505373,0.9721384,-1.7969868,-1.3318939,-1.4620732,0.54317474,1.0016453,-1.245451,0.0,0.0,1.0,0.0,1.0,0.0,0.0,0.006783993787166272
IND_TAMILNADU_THANJAVUR,Tamil Nadu,THANJAVUR,2013,Kharif,4.970339,-1.3127236,0.7019349,-1.2406073,-2.2918518,-1.7751509,0.62976867,2.4430463,-0.011549011,0.0,0.0,1.0,0.0,1.0,0.0,0.0,0.005713990783348933
IND_TAMILNADU_THENILGIRIS,Tamil Nadu,THE NILGIRIS,2013,Kharif,4.329268,-0.8490204,1.4415717,1.3600098,2.331961,2.0755453,-2.2388902,-0.34649965,-1.7182411,0.0,0.0,1.0,0.0,1.0,0.0,0.0,0.018458015583044458
IND_TAMILNADU_THENI,Tamil Nadu,THENI,2013,Kharif,4.065365,0.2680398,0.7642599,1.1392927,1.0638384,0.29681697,-1.9542015,0.194219,-0.4958836,0.0,0.0,1.0,0.0,1.0,0.0,0.0,0.010022028639273742
IND_TAMILNADU_THIRUVALLUR,Tamil Nadu,THIRUVALLUR,2013,Kharif,4.711845,-1.0466162,0.64304173,0.033991657,-0.9608779,-0.64087754,1.203755,1.0848328,0.77600634,0.0,0.0,1.0,0.0,1.0,0.0,0.0,0.012948741732617532
IND_TAMILNADU_THIRUVARUR,Tamil Nadu,THIRUVARUR,2013,Kharif,4.705837,-1.2915187,0.6514625,-1.2013913,-2.365123,-1.9248763,0.6681287,2.4494293,0.11346626,0.0,0.0,1.0,0.0,1.0,0.0,0.0,0.0069781842804215784
IND_TAMILNADU_TIRUCHIRAPPALLI,Tamil Nadu,TIRUCHIRAPPALLI,2013,Kharif,4.716587,0.54664516,0.48239648,-0.36478278,-0.58611614,-0.5793707,0.5053872,1.1928707,-0.9274138,0.0,0.0,1.0,0.0,1.0,0.0,0.0,0.0036652390054054975
IND_TAMILNADU_TIRUNELVELI,Tamil Nadu,TIRUNELVELI,2013,Kharif,5.828326,-0.34781143,1.586055,1.3121359,0.41976357,0.043490075,-0.85389924,2.0028615,0.41795704,0.0,0.0,1.0,0.0,1.0,0.0,0.0,0.008633012728663247
IND_TAMILNADU_TIRUPPUR,Tamil Nadu,TIRUPPUR,2013,Kharif,5.77513,0.21464206,0.78680664,-0.0012098849,0.7730286,-0.031703927,0.03118904,0.92363214,-2.010993,0.0,0.0,1.0,0.0,1.0,0.0,0.0,0.013342375328228694
IND_TAMILNADU_TIRUVANNAMALAI,Tamil Nadu,TIRUVANNAMALAI,2013,Kharif,4.349809,0.44527307,0.48526734,0.53647304,-0.9999856,-0.24573085,0.72761,0.8427502,0.9968684,0.0,0.0,1.0,0.0,1.0,0.0,0.0,0.012968580143014209
IND_TAMILNADU_VELLORE,Tamil Nadu,VELLORE,2013,Kharif,4.889905,0.3028934,-0.5804812,1.6312208,0.05081828,0.28284648,-0.07127674,1.1357363,0.2398257,0.0,0.0,1.0,0.0,1.0,0.0,0.0,0.016242207499717852
IND_TELANGANA_ADILABAD,Telangana,ADILABAD,2013,Kharif,2.6763,-1.9353164,-1.1397489,0.7969147,-0.49138308,1.1841681,0.5016267,-0.41755417,1.1651689,0.0,0.0,0.0,1.0,1.0,0.0,0.0,0.0487446518689552
IND_TELANGANA_ADILABAD,Telangana,ADILABAD,2013,Rabi,2.921996,0.5054803,-1.852907,-2.5812736,-0.14807725,-0.06570891,-0.2194782,-1.8702252,0.637041,0.0,0.0,0.0,1.0,0.0,1.0,0.0,0.008079189635211717
IND_TELANGANA_KARIMNAGAR,Telangana,KARIMNAGAR,2013,Kharif,3.495001,-2.058956,-1.4258182,0.87525153,-1.6728969,0.6998451,-0.08365892,0.28601453,2.631487,0.0,0.0,0.0,1.0,1.0,0.0,0.0,0.010824845429871385
IND_TELANGANA_KARIMNAGAR,Telangana,KARIMNAGAR,2013,Rabi,3.688,-0.5907376,-2.8116486,-3.7030122,-1.6800878,-0.8612782,-1.5283369,-1.4407687,2.6288106,0.0,0.0,0.0,1.0,0.0,1.0,0.0,0.011943326284688315
IND_TELANGANA_KHAMMAM,Telangana,KHAMMAM,2013,Kharif,2.920002,-1.2716979,-0.5066179,0.6114609,-1.2678751,0.33095297,0.6299807,-0.0051561445,2.4963672,0.0,0.0,0.0,1.0,1.0,0.0,0.0,0.008836930742980873
IND_TELANGANA_KHAMMAM,Telangana,KHAMMAM,2013,Rabi,3.269992,1.335529,-0.8040967,-1.3175298,-0.17219825,-0.11912913,0.38931364,-0.6609304,1.8230792,0.0,0.0,0.0,1.0,0.0,1.0,0.0,0.010248793071434626
IND_TELANGANA_MAHBUBNAGAR,Telangana,MAHBUBNAGAR,2013,Kharif,2.90678,-1.3446522,-1.3276902,0.9487344,-0.8425251,0.92352754,-0.2390513,1.2142563,1.0544469,0.0,0.0,0.0,1.0,1.0,0.0,0.0,0.008949702714995272
IND_TELANGANA_MAHBUBNAGAR,Telangana,MAHBUBNAGAR,2013,Rabi,2.730003,0.6522124,-2.1648502,-2.2913346,-1.1120896,-0.6994629,-0.9684222,-0.28216815,-0.14987533,0.0,0.0,0.0,1.0,0.0,1.0,0.0,0.009116439782461253
IND_TELANGANA_MEDAK,Telangana,MEDAK,2013,Kharif,3.626552,-1.577682,-1.6954027,1.3036374,-0.64327013,1.2841783,-0.34277564,0.45015946,1.5522448,0.0,0.0,0.0,1.0,1.0,0.0,0.0,0.010041485017384067
IND_TELANGANA_MEDAK,Telangana,MEDAK,2013,Rabi,3.697999,0.3268856,-2.4936466,-2.431916,-0.7257476,-0.40561935,-1.1654294,-1.1464809,0.27829587,0.0,0.0,0.0,1.0,0.0,1.0,0.0,0.009692628874992048
IND_TELANGANA_NALGONDA,Telangana,NALGONDA,2013,Kharif,2.842001,-1.6504118,-1.0284111,0.5606451,-1.9336383,0.48900482,0.122844666,1.0416508,2.0395153,0.0,0.0,0.0,1.0,1.0,0.0,0.0,0.010996522090385976
IND_TELANGANA_NALGONDA,Telangana,NALGONDA,2013,Rabi,3.270002,-0.3784501,-2.2458994,-3.1528916,-1.8717499,-1.0833708,-1.2562572,-0.4251072,2.324042,0.0,0.0,0.0,1.0,0.0,1.0,0.0,0.01685893671989659
IND_TELANGANA_NIZAMABAD,Telangana,NIZAMABAD,2013,Kharif,4.085277,-2.0125256,-1.7185178,1.1441606,-1.0951482,1.2695622,-0.3580593,0.3028013,1.8825673,0.0,0.0,0.0,1.0,1.0,0.0,0.0,0.011190404062626929
IND_TELANGANA_NIZAMABAD,Telangana,NIZAMABAD,2013,Rabi,3.889005,-0.21015756,-2.6146665,-3.2456439,-1.2740433,-0.46755624,-1.2048812,-1.308313,0.6783798,0.0,0.0,0.0,1.0,0.0,1.0,0.0,0.008491318338684925
IND_TELANGANA_WARANGAL,Telangana,WARANGAL,2013,Kharif,3.147793,-1.192238,-0.9708253,0.81773055,-1.2952131,0.69092506,0.31971547,0.2486535,2.4578028,0.0,0.0,0.0,1.0,1.0,0.0,0.0,0.006783632914251185
IND_TELANGANA_WARANGAL,Telangana,WARANGAL,2013,Rabi,3.129995,0.51094073,-1.5508343,-2.2808454,-0.772285,-0.410259,-0.25754136,-1.0569195,1.8951839,0.0,0.0,0.0,1.0,0.0,1.0,0.0,0.005266609312836764
IND_ANDHRAPRADESH_ANANTAPUR,Andhra Pradesh,ANANTAPUR,2014,Kharif,3.007988,0.11754972,-0.87255776,0.27143675,-0.24021591,0.43965623,0.20622239,1.4852471,-1.1040261,1.0,0.0,0.0,0.0,1.0,0.0,0.0,0.0019718472527383525
IND_ANDHRAPRADESH_ANANTAPUR,Andhra Pradesh,ANANTAPUR,2014,Rabi,2.193957,1.3068633,-1.7141621,-2.1975148,-0.21784021,-0.6935225,-1.0709538,-0.04057814,-1.8341348,1.0,0.0,0.0,0.0,0.0,1.0,0.0,0.006292493874905379
IND_ANDHRAPRADESH_CHITTOOR,Andhra Pradesh,CHITTOOR,2014,Kharif,3.342002,0.6521547,-1.0399965,0.9609444,0.3502233,-0.005590774,-0.16293304,0.67133856,-0.8846519,1.0,0.0,0.0,0.0,1.0,0.0,0.0,0.005186130500191209
IND_ANDHRAPRADESH_CHITTOOR,Andhra Pradesh,CHITTOOR,2014,Rabi,3.180001,1.6169335,-2.3056595,-0.3778613,0.4713502,-0.96305597,-2.1979663,-0.039595753,-0.070782766,1.0,0.0,0.0,0.0,0.0,1.0,0.0,0.014203853442286122
IND_ANDHRAPRADESH_EASTGODAVARI,Andhra Pradesh,EAST GODAVARI,2014,Kharif,3.015999,-1.8224652,-0.95186925,-0.9707432,-2.5248685,-1.6312298,1.1823685,-0.1721963,2.1018183,1.0,0.0,0.0,0.0,1.0,0.0,0.0,0.03084847005719765
IND_ANDHRAPRADESH_EASTGODAVARI,Andhra Pradesh,EAST GODAVARI,2014,Rabi,5.245,-0.3561081,-1.1026568,-1.7785217,-0.6013932,-0.9311131,-0.4834451,-0.49531016,3.995323,1.0,0.0,0.0,0.0,0.0,1.0,0.0,0.015829103677052633
IND_ANDHRAPRADESH_GUNTUR,Andhra Pradesh,GUNTUR,2014,Kharif,3.912999,-1.9709953,-1.2405643,-1.4070337,-3.5900533,-1.7685763,0.9551091,0.99663055,1.1451555,1.0,0.0,0.0,0.0,1.0,0.0,0.0,0.013283586938184336
IND_ANDHRAPRADESH_GUNTUR,Andhra Pradesh,GUNTUR,2014,Rabi,3.76299,0.43724027,-0.8709179,-1.4056076,0.3466906,-0.8176988,0.5411944,-0.099378556,0.6692623,1.0,0.0,0.0,0.0,0.0,1.0,0.0,0.014943640224270603
IND_ANDHRAPRADESH_KRISHNA,Andhra Pradesh,KRISHNA,2014,Kharif,3.354,-1.292605,-0.9176771,-1.205375,-3.1470592,-1.4570688,1.2492028,0.47998568,1.7604179,1.0,0.0,0.0,0.0,1.0,0.0,0.0,0.01267271315377804
IND_ANDHRAPRADESH_KRISHNA,Andhra Pradesh,KRISHNA,2014,Rabi,3.973008,0.6398308,-0.63302445,-1.3874292,-0.049430132,-0.67947227,0.5040843,-0.32552686,1.7767001,1.0,0.0,0.0,0.0,0.0,1.0,0.0,0.01912622746670379
IND_ANDHRAPRADESH_KURNOOL,Andhra Pradesh,KURNOOL,2014,Kharif,3.947996,0.037288293,-1.2646888,0.13121572,-1.5809946,0.48326907,0.26816976,1.513895,0.333444,1.0,0.0,0.0,0.0,1.0,0.0,0.0,0.0050791860293330346
IND_ANDHRAPRADESH_KURNOOL,Andhra Pradesh,KURNOOL,2014,Rabi,3.547002,1.2942683,-1.5206974,-1.9071743,-0.32922167,-0.45294195,-0.66103685,-0.16459098,-0.415023,1.0,0.0,0.0,0.0,0.0,1.0,0.0,0.005234313783410079
IND_ANDHRAPRADESH_PRAKASAM,Andhra Pradesh,PRAKASAM,2014,Kharif,3.833994,-1.2228227,0.13761087,-1.2799474,-0.6508318,-0.68370414,2.0564828,0.70283985,-0.86638784,1.0,0.0,0.0,0.0,1.0,0.0,0.0,0.006122512921416636
IND_ANDHRAPRADESH_PRAKASAM,Andhra Pradesh,PRAKASAM,2014,Rabi,3.864007,-0.6755695,-1.2344388,-1.2292858,0.30075556,-0.79323107,-0.016657598,1.1677704,0.54384804,1.0,0.0,0.0,0.0,0.0,1.0,0.0,0.03131047076639838
IND_ANDHRAPRADESH_SRIKAKULAM,Andhra Pradesh,SRIKAKULAM,2014,Kharif,2.115999,-3.921863,-0.52008873,-0.059012085,-1.6072223,-1.6892574,1.4483705,0.5784223,1.8861798,1.0,0.0,0.0,0.0,1.0,0.0,0.0,0.028175560688599863
IND_ANDHRAPRADESH_SRIKAKULAM,Andhra Pradesh,SRIKAKULAM,2014,Rabi,2.720085,-0.62560993,-2.7042384,0.15982372,2.1287858,-0.69645226,1.0676285,0.47594908,0.91173744,1.0,0.0,0.0,0.0,0.0,1.0,0.0,0.01762817788514149
IND_ANDHRAPRADESH_VIZIANAGARAM,Andhra Pradesh,VIZIANAGARAM,2014,Kharif,2.637999,-1.6173276,-2.4398606,1.8097591,-0.47552156,0.038473897,0.0047207624,-1.5707424,2.3649027,1.0,0.0,0.0,0.0,1.0,0.0,0.0,0.017764715090499122
IND_ANDHRAPRADESH_VIZIANAGARAM,Andhra Pradesh,VIZIANAGARAM,2014,Rabi,3.232033,0.7867433,-2.9395375,-0.23454249,1.8637675,-0.38690668,-1.2604805,-2.5026515,2.3002822,1.0,0.0,0.0,0.0,0.0,1.0,0.0,0.020865743434856355
IND_ANDHRAPRADESH_WESTGODAVARI,Andhra Pradesh,WEST GODAVARI,2014,Kharif,3.168001,-0.8723658,-1.0255706,-0.48077035,-2.534758,-1.0553621,0.9292128,0.36636096,2.3435857,1.0,0.0,0.0,0.0,1.0,0.0,0.0,0.007980744693490471
IND_ANDHRAPRADESH_WESTGODAVARI,Andhra Pradesh,WEST GODAVARI,2014,Rabi,5.011,-0.18795751,-1.0988497,-1.9269483,-0.68698883,-0.80337924,-0.8018721,-0.7454326,4.150367,1.0,0.0,0.0,0.0,0.0,1.0,0.0,0.011232265974923364
IND_KARNATAKA_BANGALORERURAL,Karnataka,BANGALORE RURAL,2014,Kharif,3.5,0.5871282,-0.91309077,1.2861769,1.6659046,1.3073165,-0.98120356,-0.12816387,-1.6079193,0.0,1.0,0.0,0.0,1.0,0.0,0.0,0.006296591946516934
IND_KARNATAKA_BANGALORERURAL,Karnataka,BANGALORE RURAL,2014,Summer,3.061224,-1.6520524,-1.8916653,-0.5919887,0.865053,-0.7606835,-2.21802,-1.9184712,-3.1838925,0.0,1.0,0.0,0.0,0.0,0.0,1.0,0.01162705241802321
IND_KARNATAKA_BIDAR,Karnataka,BIDAR,2014,Kharif,0.96413,-0.19817756,-1.1878645,-0.2800988,-0.39697337,1.7738007,0.6618914,-0.53075874,-0.49654418,0.0,1.0,0.0,0.0,1.0,0.0,0.0,0.007263849951244746
IND_KARNATAKA_CHITRADURGA,Karnataka,CHITRADURGA,2014,Kharif,2.267176,-0.13059652,-0.33858567,0.74534464,1.1114632,1.511886,-0.06480995,0.8446802,-1.7915068,0.0,1.0,0.0,0.0,1.0,0.0,0.0,0.006075870418700264
IND_KARNATAKA_CHITRADURGA,Karnataka,CHITRADURGA,2014,Rabi,2.30597,1.1767945,-1.4756436,-2.3731573,0.37284803,0.0387766,-1.5734669,-0.6847118,-2.5184672,0.0,1.0,0.0,0.0,0.0,1.0,0.0,0.006232330435489087
IND_KARNATAKA_CHITRADURGA,Karnataka,CHITRADURGA,2014,Summer,1.930435,-2.4241645,-0.78188825,-1.1600676,0.11797774,-0.3421472,-1.2054977,-0.9593431,-2.5171096,0.0,1.0,0.0,0.0,0.0,0.0,1.0,0.01375373956328895
IND_KARNATAKA_DAKSHINAKANNADA,Karnataka,DAKSHINA KANNADA,2014,Kharif,2.629601,-1.3245472,3.489727,0.87676203,-0.18428983,1.2630218,1.6064988,-1.5417293,1.6451819,0.0,1.0,0.0,0.0,1.0,0.0,0.0,0.01963183975379813
IND_KARNATAKA_DAKSHINAKANNADA,Karnataka,DAKSHINA KANNADA,2014,Rabi,2.447222,-1.2749364,2.175826,-4.1462893,-0.82122874,1.0340377,-1.9101593,0.29851413,1.2171608,0.0,1.0,0.0,0.0,0.0,1.0,0.0,0.0071547130211807135
IND_KARNATAKA_DAKSHINAKANNADA,Karnataka,DAKSHINA KANNADA,2014,Summer,2.071324,-3.2316725,2.9766903,-1.8568861,0.261766,-0.047819264,-0.5988142,-1.1085678,-0.8000088,0.0,1.0,0.0,0.0,0.0,0.0,1.0,0.014745160577522605
IND_KARNATAKA_DHARWAD,Karnataka,DHARWAD,2014,Kharif,1.585531,-0.954833,-0.28719378,1.3857766,0.32115453,2.4600313,-0.5984791,0.73907673,0.18907824,0.0,1.0,0.0,0.0,1.0,0.0,0.0,0.004049948828464235
IND_KARNATAKA_DHARWAD,Karnataka,DHARWAD,2014,Summer,3.056911,-2.5997696,-0.29725868,-1.1882684,0.015989393,0.7105472,-1.5539193,-1.7853339,-2.0681875,0.0,1.0,0.0,0.0,0.0,0.0,1.0,0.012847420461303096
IND_KARNATAKA_GADAG,Karnataka,GADAG,2014,Kharif,2.484674,-0.78631014,-0.26088458,0.64257705,0.75159097,2.068958,-0.3385085,0.5909413,-1.4876864,0.0,1.0,0.0,0.0,1.0,0.0,0.0,0.0030878856501526043
IND_KARNATAKA_GADAG,Karnataka,GADAG,2014,Summer,3.408408,-2.803477,-0.71782494,-1.2999573,-0.37856168,0.033016972,-1.31131,-1.0410954,-2.1581402,0.0,1.0,0.0,0.0,0.0,0.0,1.0,0.012585707227038329
IND_KARNATAKA_HASSAN,Karnataka,HASSAN,2014,Kharif,3.078943,-0.8300752,-0.6846661,3.1178193,0.6749698,1.8661876,-1.6664413,-0.27383298,1.1144787,0.0,1.0,0.0,0.0,1.0,0.0,0.0,0.008342274251767137
IND_KARNATAKA_HASSAN,Karnataka,HASSAN,2014,Rabi,2.232306,1.1454846,-1.2620791,-0.9662398,1.2519505,1.1536665,-3.5964546,-1.42686,-0.1429576,0.0,1.0,0.0,0.0,0.0,1.0,0.0,0.010731858628557857
IND_KARNATAKA_HASSAN,Karnataka,HASSAN,2014,Summer,2.71964,-1.8624539,-0.62294936,0.39988777,0.70180815,0.39956003,-2.978825,-2.16869,-1.2766012,0.0,1.0,0.0,0.0,0.0,0.0,1.0,0.008206106254230515
IND_KARNATAKA_HAVERI,Karnataka,HAVERI,2014,Kharif,2.482353,-1.4805372,-0.12722896,2.5915997,-0.031943023,2.2716506,-0.24634396,0.7313595,0.4391378,0.0,1.0,0.0,0.0,1.0,0.0,0.0,0.006520985349424774
IND_KARNATAKA_HAVERI,Karnataka,HAVERI,2014,Summer,3.077963,-2.6944852,-0.54759216,-0.5327059,-0.39524603,0.16387838,-1.6373532,-0.9360671,-1.3160406,0.0,1.0,0.0,0.0,0.0,0.0,1.0,0.005341006995991852
IND_KARNATAKA_KODAGU,Karnataka,KODAGU,2014,Kharif,2.807243,-0.6354636,1.6790824,1.888973,0.44884688,2.0476468,-0.009449795,-2.571496,2.6114786,0.0,1.0,0.0,0.0,1.0,0.0,0.0,0.009341542315864303
IND_KARNATAKA_KODAGU,Karnataka,KODAGU,2014,Rabi,2.4,0.9227975,1.624747,-1.5230179,1.8014324,2.3964975,-2.3605974,-2.2194633,-1.8336414,0.0,1.0,0.0,0.0,0.0,1.0,0.0,0.013324284342777479
IND_KARNATAKA_KODAGU,Karnataka,KODAGU,2014,Summer,2.625,-1.9095535,1.6368862,-0.64106953,1.155628,0.9259185,-1.9756646,-3.190836,-0.9828763,0.0,1.0,0.0,0.0,0.0,0.0,1.0,0.005316541932098883
IND_KARNATAKA_KOLAR,Karnataka,KOLAR,2014,Kharif,2.537791,0.59709114,-0.85758895,1.238271,1.7131131,1.1588227,-0.59738576,-0.12721434,-1.8479598,0.0,1.0,0.0,0.0,1.0,0.0,0.0,0.007776131853067288
IND_KARNATAKA_KOPPAL,Karnataka,KOPPAL,2014,Kharif,3.690738,-0.8113478,-1.0723667,0.28279248,-0.6705203,1.0551924,-0.40886277,1.5798367,-0.59560215,0.0,1.0,0.0,0.0,1.0,0.0,0.0,0.0019191536635193669
IND_KARNATAKA_KOPPAL,Karnataka,KOPPAL,2014,Summer,2.665696,-3.1505103,-1.2842038,-1.9173276,-1.07828,-0.5062443,-1.6669171,-0.29702726,-0.97030973,0.0,1.0,0.0,0.0,0.0,0.0,1.0,0.0064925129920873756
IND_KARNATAKA_MANDYA,Karnataka,MANDYA,2014,Kharif,3.721143,-0.29485828,-0.5433948,1.7016577,0.06900545,1.0383332,-1.6616411,1.1211883,0.654786,0.0,1.0,0.0,0.0,1.0,0.0,0.0,0.002799569444450197
IND_KARNATAKA_MANDYA,Karnataka,MANDYA,2014,Rabi,3.173913,1.3207349,-0.94779205,-1.695691,0.56051856,0.16157809,-2.453734,-0.7256117,-1.9204298,0.0,1.0,0.0,0.0,0.0,1.0,0.0,0.007760868319638567
IND_KARNATAKA_MANDYA,Karnataka,MANDYA,2014,Summer,3.610016,-1.8315551,-0.9346164,-0.3882064,-0.13883682,-0.87667483,-2.4857435,-1.1113479,-0.7923472,0.0,1.0,0.0,0.0,0.0,0.0,1.0,0.008016923263244838
IND_KARNATAKA_RAICHUR,Karnataka,RAICHUR,2014,Kharif,3.2775,-0.7159194,-1.5223548,-0.27529123,-1.8988872,0.6734989,-0.19653575,1.7386432,0.047935188,0.0,1.0,0.0,0.0,1.0,0.0,0.0,0.006914031213513008
IND_KARNATAKA_RAICHUR,Karnataka,RAICHUR,2014,Summer,2.659046,-3.8861504,-1.0867634,-3.4340813,-1.8326917,-1.1890521,-1.4686141,-0.21144599,-0.52004385,0.0,1.0,0.0,0.0,0.0,0.0,1.0,0.006547809872092676
IND_KARNATAKA_RAMANAGARA,Karnataka,RAMANAGARA,2014,Kharif,2.330301,0.37808073,-0.374211,1.020084,0.90525395,0.81362283,-0.87865543,0.38179556,-1.0736305,0.0,1.0,0.0,0.0,1.0,0.0,0.0,0.0032484291770205707
IND_KARNATAKA_RAMANAGARA,Karnataka,RAMANAGARA,2014,Rabi,2.5,1.5901918,-0.91312873,-1.4749963,1.6303031,0.86086804,-1.8476194,-1.6054558,-3.248607,0.0,1.0,0.0,0.0,0.0,1.0,0.0,0.0207514331280162
IND_KARNATAKA_RAMANAGARA,Karnataka,RAMANAGARA,2014,Summer,3.119008,-1.5800225,-1.0160563,-0.8210106,0.39965177,-0.98273754,-1.8930875,-1.5713629,-2.4159596,0.0,1.0,0.0,0.0,0.0,0.0,1.0,0.004426294066368863
IND_KARNATAKA_UDUPI,Karnataka,UDUPI,2014,Kharif,2.774952,-0.91644967,2.333342,1.5040362,-0.09948467,1.9745754,0.83411247,-1.1636543,1.8135794,0.0,1.0,0.0,0.0,1.0,0.0,0.0,0.017077398731861454
IND_KARNATAKA_UDUPI,Karnataka,UDUPI,2014,Rabi,2.746468,0.061081737,1.3475724,-2.0238824,0.21065952,2.0958476,-2.4280834,-0.34946793,-0.025977045,0.0,1.0,0.0,0.0,0.0,1.0,0.0,0.004006824758936191
IND_KARNATAKA_UDUPI,Karnataka,UDUPI,2014,Summer,2.978947,-2.5314903,2.3714154,-1.1236138,0.9709895,1.0461359,-1.5573109,-1.8854741,-1.6504177,0.0,1.0,0.0,0.0,0.0,0.0,1.0,0.012795289205477754
IND_KARNATAKA_UTTARAKANNADA,Karnataka,UTTARA KANNADA,2014,Kharif,2.210643,-1.8866328,2.2398412,0.72086895,-0.74363875,1.7323722,0.6209065,0.12524673,1.6955286,0.0,1.0,0.0,0.0,1.0,0.0,0.0,0.010431463844634743
IND_KARNATAKA_UTTARAKANNADA,Karnataka,UTTARA KANNADA,2014,Rabi,2.678238,0.27935237,2.1243036,-1.8080963,0.5148216,3.0629108,-1.3599039,0.31441593,-0.617736,0.0,1.0,0.0,0.0,0.0,1.0,0.0,0.0057301984096789745
IND_KARNATAKA_UTTARAKANNADA,Karnataka,UTTARA KANNADA,2014,Summer,2.690497,-3.372489,2.9633882,-1.8204043,0.6465477,1.020875,-1.5588684,-0.57587016,-1.1032472,0.0,1.0,0.0,0.0,0.0,0.0,1.0,0.011512082327867799
IND_TAMILNADU_ARIYALUR,Tamil Nadu,ARIYALUR,2014,Kharif,5.030249,0.09372981,1.1609709,-1.1252939,-0.2428195,-0.72583014,1.6858705,0.27585903,-1.3193209,0.0,0.0,1.0,0.0,1.0,0.0,0.0,0.00760680340506859
IND_TAMILNADU_COIMBATORE,Tamil Nadu,COIMBATORE,2014,Kharif,4.602493,-0.3499573,1.6906083,1.1470987,1.6210318,1.6742786,-1.1911256,0.11042148,-0.84308386,0.0,0.0,1.0,0.0,1.0,0.0,0.0,0.005426411443233372
IND_TAMILNADU_CUDDALORE,Tamil Nadu,CUDDALORE,2014,Kharif,4.766649,-0.32124034,0.61075747,-0.6845851,-2.2522893,-1.4696996,1.1668944,1.2506889,0.5026474,0.0,0.0,1.0,0.0,1.0,0.0,0.0,0.007103459674960195
IND_TAMILNADU_DHARMAPURI,Tamil Nadu,DHARMAPURI,2014,Kharif,5.199312,0.7127082,0.15827379,0.511716,-0.07436015,-0.011957072,-0.11292435,0.17256543,-0.4489986,0.0,0.0,1.0,0.0,1.0,0.0,0.0,0.004933288226385006
IND_TAMILNADU_DINDIGUL,Tamil Nadu,DINDIGUL,2014,Kharif,5.855024,0.38074937,0.5972643,1.1245669,0.91634154,0.15154654,-0.5636495,1.1185381,-1.2099162,0.0,0.0,1.0,0.0,1.0,0.0,0.0,0.002707115724777719
IND_TAMILNADU_ERODE,Tamil Nadu,ERODE,2014,Kharif,4.759007,0.6083701,0.66030777,-0.1579209,-0.4936723,-0.25879684,-0.7126561,0.07654914,-0.32787043,0.0,0.0,1.0,0.0,1.0,0.0,0.0,0.00449186930106632
IND_TAMILNADU_KANNIYAKUMARI,Tamil Nadu,KANNIYAKUMARI,2014,Kharif,5.080677,-0.27353975,2.1402552,1.1094089,1.4102318,0.6360141,-0.5754781,1.4570018,-0.77017367,0.0,0.0,1.0,0.0,1.0,0.0,0.0,0.010329804478341278
IND_TAMILNADU_KARUR,Tamil Nadu,KARUR,2014,Kharif,5.102864,0.82782984,0.7837932,-0.40897772,0.11626758,-0.21820816,0.47096658,0.54331005,-1.6098584,0.0,0.0,1.0,0.0,1.0,0.0,0.0,0.002873491747601478
IND_TAMILNADU_KRISHNAGIRI,Tamil Nadu,KRISHNAGIRI,2014,Kharif,4.884448,0.452583,-0.51449645,1.1549872,0.22839497,0.15606335,-0.47255623,0.77817094,-0.6115308,0.0,0.0,1.0,0.0,1.0,0.0,0.0,0.006378737212654352
IND_TAMILNADU_MADURAI,Tamil Nadu,MADURAI,2014,Kharif,4.138944,0.8225971,1.2234153,-0.4687883,-0.91888,-0.5216837,0.009839222,0.5470629,-0.5696199,0.0,0.0,1.0,0.0,1.0,0.0,0.0,0.003801243165092611
IND_TAMILNADU_NAMAKKAL,Tamil Nadu,NAMAKKAL,2014,Kharif,5.119528,0.6783828,0.8180541,-0.2512839,0.0074321628,-0.12539521,0.2783652,-0.07798873,-1.1586927,0.0,0.0,1.0,0.0,1.0,0.0,0.0,0.00729373224520442
IND_TAMILNADU_PERAMBALUR,Tamil Nadu,PERAMBALUR,2014,Kharif,4.828886,0.6515218,0.705084,-0.12349628,0.1764587,-0.22804761,0.6223712,-0.012958229,-1.321216,0.0,0.0,1.0,0.0,1.0,0.0,0.0,0.00985793113794693
IND_TAMILNADU_PUDUKKOTTAI,Tamil Nadu,PUDUKKOTTAI,2014,Kharif,4.151313,0.2915497,0.9077409,-1.0296698,-1.2272255,-1.158779,0.7520614,0.92935884,-0.69872594,0.0,0.0,1.0,0.0,1.0,0.0,0.0,0.00385761182252432
IND_TAMILNADU_RAMANATHAPURAM,Tamil Nadu,RAMANATHAPURAM,2014,Kharif,3.620885,-1.0646861,1.4590069,-0.59223044,-1.2566935,-1.1303749,0.6760427,2.5599093,-0.21373582,0.0,0.0,1.0,0.0,1.0,0.0,0.0,0.004854022963507804
IND_TAMILNADU_SALEM,Tamil Nadu,SALEM,2014,Kharif,5.311896,0.63414526,0.6389222,-0.17736757,-0.24094059,-0.26453185,0.24758469,0.06920636,-0.8619263,0.0,0.0,1.0,0.0,1.0,0.0,0.0,0.006828075170490542
IND_TAMILNADU_SIVAGANGA,Tamil Nadu,SIVAGANGA,2014,Kharif,3.455006,0.28811455,1.337373,-1.0690295,-1.229264,-1.0885934,0.7910403,0.8906789,-0.65309167,0.0,0.0,1.0,0.0,1.0,0.0,0.0,0.0034882456219691538
IND_TAMILNADU_THANJAVUR,Tamil Nadu,THANJAVUR,2014,Kharif,3.916565,-1.4241437,0.9519696,-0.9983549,-2.46971,-1.8841594,0.85112536,2.2290337,0.3382238,0.0,0.0,1.0,0.0,1.0,0.0,0.0,0.008953655572378252
IND_TAMILNADU_THENILGIRIS,Tamil Nadu,THE NILGIRIS,2014,Kharif,4.6875,-0.2616162,1.462589,1.0782408,2.5233517,2.5799198,-2.301388,-0.69542325,-1.8894342,0.0,0.0,1.0,0.0,1.0,0.0,0.0,0.037824858280195564
IND_TAMILNADU_THENI,Tamil Nadu,THENI,2014,Kharif,5.194553,0.4700428,0.7846767,1.2045099,0.8859341,0.4381795,-1.7962754,0.15966466,-0.24103227,0.0,0.0,1.0,0.0,1.0,0.0,0.0,0.005480392187430034
IND_TAMILNADU_THIRUVALLUR,Tamil Nadu,THIRUVALLUR,2014,Kharif,4.423579,-0.73100275,0.72485554,-0.2306091,-1.3035159,-0.7404978,1.4772309,0.9922081,0.6474149,0.0,0.0,1.0,0.0,1.0,0.0,0.0,0.005189097293956628
IND_TAMILNADU_THIRUVARUR,Tamil Nadu,THIRUVARUR,2014,Kharif,4.428134,-1.4556789,0.888243,-0.94674027,-2.6385214,-2.0893545,0.8619341,2.2830625,0.51582086,0.0,0.0,1.0,0.0,1.0,0.0,0.0,0.010408041564051219
IND_TAMILNADU_TIRUCHIRAPPALLI,Tamil Nadu,TIRUCHIRAPPALLI,2014,Kharif,4.684799,0.4813058,0.59112734,-0.6020222,-0.7994929,-0.7131167,0.55757767,0.99561965,-0.91770387,0.0,0.0,1.0,0.0,1.0,0.0,0.0,0.0037809597410925202
IND_TAMILNADU_TIRUNELVELI,Tamil Nadu,TIRUNELVELI,2014,Kharif,5.107246,-0.30630478,1.7471704,1.4777365,-0.0012806505,-0.07747149,-0.7847963,1.9546524,0.9399897,0.0,0.0,1.0,0.0,1.0,0.0,0.0,0.008261585447455104
IND_TAMILNADU_TIRUPPUR,Tamil Nadu,TIRUPPUR,2014,Kharif,5.745731,0.29596797,0.8779411,-0.12513882,0.5113379,-0.08736301,0.03092666,0.77575624,-1.7882117,0.0,0.0,1.0,0.0,1.0,0.0,0.0,0.007089795981378708
IND_TAMILNADU_TIRUVANNAMALAI,Tamil Nadu,TIRUVANNAMALAI,2014,Kharif,4.716257,0.54372305,0.4699548,0.14427759,-1.5113022,-0.5189725,0.91502506,0.7568525,0.80285513,0.0,0.0,1.0,0.0,1.0,0.0,0.0,0.004678840105938013
IND_TAMILNADU_VELLORE,Tamil Nadu,VELLORE,2014,Kharif,5.322828,0.63812006,-0.7998587,0.87339604,-0.28619927,-0.29740816,-0.20245375,0.8130537,-0.41663882,0.0,0.0,1.0,0.0,1.0,0.0,0.0,0.008258936301628186
IND_TELANGANA_ADILABAD,Telangana,ADILABAD,2014,Kharif,2.244845,-0.50986606,-1.1763897,-0.7102519,-1.0574152,1.0724217,1.1037079,-0.25091606,0.33751246,0.0,0.0,0.0,1.0,1.0,0.0,0.0,0.007496791095700634
IND_TELANGANA_ADILABAD,Telangana,ADILABAD,2014,Rabi,3.223993,0.712699,-1.4855112,-1.8489324,0.77553415,0.4632763,-0.6788027,-2.0245311,1.4384711,0.0,0.0,0.0,1.0,0.0,1.0,0.0,0.019355110834799634
IND_TELANGANA_KARIMNAGAR,Telangana,KARIMNAGAR,2014,Kharif,3.525931,-1.3786715,-1.5933753,-1.7857304,-2.6978838,-0.03608156,0.5757794,0.38124052,1.2607201,0.0,0.0,0.0,1.0,1.0,0.0,0.0,0.00717406991519959
IND_TELANGANA_KARIMNAGAR,Telangana,KARIMNAGAR,2014,Rabi,3.618995,-0.2786169,-1.5501354,-2.624334,0.060510978,0.30731434,-1.4053266,-1.8504269,2.911748,0.0,0.0,0.0,1.0,0.0,1.0,0.0,0.01961597777117219
IND_TELANGANA_KHAMMAM,Telangana,KHAMMAM,2014,Kharif,2.973904,-0.80101097,-0.714277,-1.143448,-1.7401463,-0.11034218,1.1227633,-0.05379471,1.3910164,0.0,0.0,0.0,1.0,1.0,0.0,0.0,0.011178187400411873
IND_TELANGANA_KHAMMAM,Telangana,KHAMMAM,2014,Rabi,3.621991,0.8762222,-0.80148995,-1.4535428,0.28417438,0.024426423,0.09563683,-1.06575,2.0917804,0.0,0.0,0.0,1.0,0.0,1.0,0.0,0.014959646962332056
IND_TELANGANA_MAHBUBNAGAR,Telangana,MAHBUBNAGAR,2014,Kharif,2.536855,-0.49850848,-1.6073335,0.08703989,-1.7182817,0.73956573,-0.18187208,1.2634702,0.8553965,0.0,0.0,0.0,1.0,1.0,0.0,0.0,0.018798923092224445
IND_TELANGANA_MAHBUBNAGAR,Telangana,MAHBUBNAGAR,2014,Rabi,2.743996,0.41687292,-1.8954135,-1.9016633,0.034262717,-0.08652458,-1.580367,-0.9473989,0.8826436,0.0,0.0,0.0,1.0,0.0,1.0,0.0,0.011412453058406638
IND_TELANGANA_MEDAK,Telangana,MEDAK,2014,Kharif,3.167511,-0.46515253,-1.7712171,-0.36743632,-1.4221817,0.80530334,0.10384878,0.40574005,0.45843264,0.0,0.0,0.0,1.0,1.0,0.0,0.0,0.015067616281337712
IND_TELANGANA_MEDAK,Telangana,MEDAK,2014,Rabi,3.487998,0.3884014,-2.080229,-1.6240056,0.6467784,0.3612231,-1.7707288,-1.8291565,1.5227951,0.0,0.0,0.0,1.0,0.0,1.0,0.0,0.014426917129319988
IND_TELANGANA_NALGONDA,Telangana,NALGONDA,2014,Kharif,3.098001,-1.3438272,-1.3213794,-1.6553385,-2.8401768,-0.21918818,0.5493189,0.95032156,1.0429283,0.0,0.0,0.0,1.0,1.0,0.0,0.0,0.008233941765221844
IND_TELANGANA_NALGONDA,Telangana,NALGONDA,2014,Rabi,3.368997,-0.5691871,-1.6691315,-2.8128695,-0.4014104,-0.13858873,-1.8402966,-1.1562514,3.4759974,0.0,0.0,0.0,1.0,0.0,1.0,0.0,0.013823114132709494
IND_TELANGANA_NIZAMABAD,Telangana,NIZAMABAD,2014,Kharif,3.597001,-0.7042865,-1.7934625,-0.83306265,-1.9302619,0.8068884,0.19881332,0.44463822,0.7221168,0.0,0.0,0.0,1.0,1.0,0.0,0.0,0.005431122555894495
IND_TELANGANA_NIZAMABAD,Telangana,NIZAMABAD,2014,Rabi,3.802005,0.011373313,-1.9409103,-2.2476194,0.27267975,0.40600654,-1.6319497,-1.8921963,1.6771799,0.0,0.0,0.0,1.0,0.0,1.0,0.0,0.010796014533202178
IND_TELANGANA_WARANGAL,Telangana,WARANGAL,2014,Kharif,2.953034,-0.6116342,-1.1455824,-1.5033821,-1.8805444,-0.005083099,1.0765874,0.12149629,0.7655206,0.0,0.0,0.0,1.0,1.0,0.0,0.0,0.009544896617498818
IND_TELANGANA_WARANGAL,Telangana,WARANGAL,2014,Rabi,3.341994,0.5914303,-1.0719974,-1.6488812,0.45717937,0.29584208,-0.5115324,-1.4645442,2.2649114,0.0,0.0,0.0,1.0,0.0,1.0,0.0,0.02049894990433174
IND_ANDHRAPRADESH_ANANTAPUR,Andhra Pradesh,ANANTAPUR,2015,Kharif,3.045575,0.25087973,-0.74432844,0.25017163,-0.3822844,0.5947901,0.3806175,1.3431137,-0.9717754,1.0,0.0,0.0,0.0,1.0,0.0,0.0,0.0035156965289688973
IND_ANDHRAPRADESH_ANANTAPUR,Andhra Pradesh,ANANTAPUR,2015,Rabi,2.696026,1.6591139,-1.6925724,-1.488857,0.05792989,-0.31464037,-1.3629041,-0.12954405,-0.7086817,1.0,0.0,0.0,0.0,0.0,1.0,0.0,0.008453332650838575
IND_ANDHRAPRADESH_CHITTOOR,Andhra Pradesh,CHITTOOR,2015,Kharif,3.438898,0.66139466,-0.59135884,1.5849769,0.07963802,0.731819,0.41108036,0.1880996,-0.4659836,1.0,0.0,0.0,0.0,1.0,0.0,0.0,0.025277045208975696
IND_ANDHRAPRADESH_CHITTOOR,Andhra Pradesh,CHITTOOR,2015,Rabi,3.837996,1.1587539,-2.3554022,-0.17796066,0.18875277,-0.83973265,-2.985218,-0.056496486,1.195247,1.0,0.0,0.0,0.0,0.0,1.0,0.0,0.02209814354983683
IND_ANDHRAPRADESH_EASTGODAVARI,Andhra Pradesh,EAST GODAVARI,2015,Kharif,3.056896,-1.8022017,-0.27891874,0.23469502,-2.0223923,-0.9741229,0.84316957,0.049874455,3.1954863,1.0,0.0,0.0,0.0,1.0,0.0,0.0,0.02304556150928014
IND_ANDHRAPRADESH_EASTGODAVARI,Andhra Pradesh,EAST GODAVARI,2015,Rabi,4.867333,-0.7062405,-1.2809683,-2.6363227,-0.96443737,-1.9310814,-0.078415796,-0.70695674,3.0707898,1.0,0.0,0.0,0.0,0.0,1.0,0.0,0.021168485023119663
IND_ANDHRAPRADESH_GUNTUR,Andhra Pradesh,GUNTUR,2015,Kharif,2.900354,-1.1922383,-0.60290754,-1.3502402,-2.5858302,-0.90565455,1.2794598,0.6496873,0.9767591,1.0,0.0,0.0,0.0,1.0,0.0,0.0,0.007558617841430242
IND_ANDHRAPRADESH_GUNTUR,Andhra Pradesh,GUNTUR,2015,Rabi,3.467816,0.9183763,-0.6053395,-1.4016683,0.6789292,-0.39319152,1.234833,-0.5711489,-0.08057744,1.0,0.0,0.0,0.0,0.0,1.0,0.0,0.019334121958205226
IND_ANDHRAPRADESH_KRISHNA,Andhra Pradesh,KRISHNA,2015,Kharif,3.353997,-0.77119064,-0.29681343,-0.52366257,-2.5247161,-0.678458,1.1052511,0.61966074,2.4475157,1.0,0.0,0.0,0.0,1.0,0.0,0.0,0.012750796713649955
IND_ANDHRAPRADESH_KRISHNA,Andhra Pradesh,KRISHNA,2015,Rabi,5.63381,0.8549026,-0.64933884,-1.8009496,0.050602466,-1.0996193,1.3424909,-0.6354525,0.47484812,1.0,0.0,0.0,0.0,0.0,1.0,0.0,0.013128647400164208
IND_ANDHRAPRADESH_KURNOOL,Andhra Pradesh,KURNOOL,2015,Kharif,3.152107,0.049434006,-0.9713628,-0.4705452,-1.2446954,0.34013766,0.66074085,1.1643224,-0.441493,1.0,0.0,0.0,0.0,1.0,0.0,0.0,0.0041762719829666105
IND_ANDHRAPRADESH_KURNOOL,Andhra Pradesh,KURNOOL,2015,Rabi,2.758624,1.6809855,-1.3592186,-1.6421849,0.12452082,-0.07930214,-0.53176796,-0.3954445,-0.24530044,1.0,0.0,0.0,0.0,0.0,1.0,0.0,0.009264727970177127
IND_ANDHRAPRADESH_PRAKASAM,Andhra Pradesh,PRAKASAM,2015,Kharif,4.330584,-0.9782162,0.43588376,-1.0193589,-0.38696778,-0.4724356,2.3181705,0.36920688,-1.0075366,1.0,0.0,0.0,0.0,1.0,0.0,0.0,0.008900027684882898
IND_ANDHRAPRADESH_PRAKASAM,Andhra Pradesh,PRAKASAM,2015,Rabi,3.882674,-0.059362724,-0.95505667,-0.8633826,0.7501612,-0.6507509,0.66502136,0.7230141,0.37577912,1.0,0.0,0.0,0.0,0.0,1.0,0.0,0.034971948829542146
IND_ANDHRAPRADESH_SRIKAKULAM,Andhra Pradesh,SRIKAKULAM,2015,Kharif,2.305456,-3.5941567,-0.085204646,0.004134506,-1.6083047,-1.7260731,1.44737,0.41880766,2.3148992,1.0,0.0,0.0,0.0,1.0,0.0,0.0,0.04505516534465798
IND_ANDHRAPRADESH_SRIKAKULAM,Andhra Pradesh,SRIKAKULAM,2015,Rabi,2.710498,-0.62693197,-2.8776047,0.05350107,2.3195808,-0.85153204,1.1230278,0.18056001,0.7474694,1.0,0.0,0.0,0.0,0.0,1.0,0.0,0.011672659590998443
IND_ANDHRAPRADESH_VIZIANAGARAM,Andhra Pradesh,VIZIANAGARAM,2015,Kharif,2.949829,-1.5460384,-2.1306298,1.8503417,-0.4313376,0.120604,-0.034806773,-1.7455941,2.8799446,1.0,0.0,0.0,0.0,1.0,0.0,0.0,0.017831610082596455
IND_ANDHRAPRADESH_VIZIANAGARAM,Andhra Pradesh,VIZIANAGARAM,2015,Rabi,2.75952,0.90887314,-3.1974876,-0.3236256,2.0720575,-0.5047055,-1.4292836,-2.7349837,2.2175853,1.0,0.0,0.0,0.0,0.0,1.0,0.0,0.02212936176833856
IND_ANDHRAPRADESH_WESTGODAVARI,Andhra Pradesh,WEST GODAVARI,2015,Kharif,3.175708,-0.75733775,-0.39145023,0.34317693,-2.031791,-0.48962015,0.6421267,0.4321227,3.3141668,1.0,0.0,0.0,0.0,1.0,0.0,0.0,0.012356410655005853
IND_ANDHRAPRADESH_WESTGODAVARI,Andhra Pradesh,WEST GODAVARI,2015,Rabi,4.757334,-0.4168313,-1.4096359,-2.8338532,-1.1569226,-1.654253,-0.66504,-0.8042444,3.424672,1.0,0.0,0.0,0.0,0.0,1.0,0.0,0.014111628136421226
IND_KARNATAKA_BANGALORERURAL,Karnataka,BANGALORE RURAL,2015,Kharif,2.632102,0.6814205,-0.8611456,1.2993662,1.1830827,1.3329918,-0.62430716,-0.23153278,-1.5168207,0.0,1.0,0.0,0.0,1.0,0.0,0.0,0.011095679160149656
IND_KARNATAKA_BANGALORERURAL,Karnataka,BANGALORE RURAL,2015,Summer,2.96875,-1.856163,-1.5882704,0.44027588,1.4556113,0.08156154,-2.4658098,-1.8911797,-2.5848725,0.0,1.0,0.0,0.0,0.0,0.0,1.0,0.016319475787145456
IND_KARNATAKA_BIDAR,Karnataka,BIDAR,2015,Kharif,0.850226,-0.2870886,-1.0338362,-0.87932026,-0.577123,1.386991,0.87884176,-0.49998543,-0.96794844,0.0,1.0,0.0,0.0,1.0,0.0,0.0,0.01309975781428414
IND_KARNATAKA_CHITRADURGA,Karnataka,CHITRADURGA,2015,Kharif,2.399055,-0.013789905,-0.39405704,0.35840413,0.83015686,1.2457672,-0.0027433187,0.8216622,-2.1228788,0.0,1.0,0.0,0.0,1.0,0.0,0.0,0.008958178087812517
IND_KARNATAKA_CHITRADURGA,Karnataka,CHITRADURGA,2015,Rabi,3.082474,1.5085794,-1.2872378,-1.8086954,1.0459386,0.77418035,-1.6330343,-1.1218693,-2.010727,0.0,1.0,0.0,0.0,0.0,1.0,0.0,0.015108007636599138
IND_KARNATAKA_CHITRADURGA,Karnataka,CHITRADURGA,2015,Summer,2.152975,-2.6553693,-0.94267476,-0.72599685,0.47552466,-0.18507451,-1.3559837,-0.7313036,-2.6750772,0.0,1.0,0.0,0.0,0.0,0.0,1.0,0.011928252580229802
IND_KARNATAKA_DAKSHINAKANNADA,Karnataka,DAKSHINA KANNADA,2015,Kharif,2.718898,-0.7696872,3.1793187,0.2670733,-0.1119757,1.377777,1.1383598,-0.9805461,1.556909,0.0,1.0,0.0,0.0,1.0,0.0,0.0,0.030538421910950603
IND_KARNATAKA_DAKSHINAKANNADA,Karnataka,DAKSHINA KANNADA,2015,Rabi,2.607755,-2.3238487,2.3780377,-5.2201385,-0.7972743,0.89209807,-2.7485936,-0.16030219,2.993274,0.0,1.0,0.0,0.0,0.0,1.0,0.0,0.022651670980626988
IND_KARNATAKA_DAKSHINAKANNADA,Karnataka,DAKSHINA KANNADA,2015,Summer,2.147937,-3.5122936,2.9110649,-1.5119767,0.058350954,0.004726641,-0.511304,-1.2975761,-0.37139863,0.0,1.0,0.0,0.0,0.0,0.0,1.0,0.039425092605283325
IND_KARNATAKA_DHARWAD,Karnataka,DHARWAD,2015,Kharif,0.304934,-0.733203,-0.3591702,0.7553667,0.07082312,2.1477447,-0.6905278,0.9130454,0.11569378,0.0,1.0,0.0,0.0,1.0,0.0,0.0,0.006849406998432039
IND_KARNATAKA_DHARWAD,Karnataka,DHARWAD,2015,Summer,3.0,-2.8363626,-0.3497932,-0.7942182,0.44650716,1.1069201,-1.5757654,-2.0022728,-2.5586107,0.0,1.0,0.0,0.0,0.0,0.0,1.0,0.014483907867646634
IND_KARNATAKA_GADAG,Karnataka,GADAG,2015,Kharif,3.224118,-0.66666275,-0.25952798,0.2834974,0.585663,1.8626785,-0.2913059,0.5849997,-1.6903926,0.0,1.0,0.0,0.0,1.0,0.0,0.0,0.0037829327247998223
IND_KARNATAKA_GADAG,Karnataka,GADAG,2015,Summer,3.322464,-3.0295525,-0.8557944,-0.95692647,-0.2171055,0.16540512,-1.4772291,-0.8231927,-2.2922301,0.0,1.0,0.0,0.0,0.0,0.0,1.0,0.01097358092279783
IND_KARNATAKA_HASSAN,Karnataka,HASSAN,2015,Kharif,2.740742,-0.21777122,-0.7538303,1.8265707,0.3713122,1.4431365,-2.2120185,0.39960697,0.65530384,0.0,1.0,0.0,0.0,1.0,0.0,0.0,0.005782250148972032
IND_KARNATAKA_HASSAN,Karnataka,HASSAN,2015,Rabi,2.693333,1.1819624,-0.7371156,-0.79539144,1.9654875,1.7710956,-3.3524573,-1.8435004,-0.51919127,0.0,1.0,0.0,0.0,0.0,1.0,0.0,0.02864587507560295
IND_KARNATAKA_HASSAN,Karnataka,HASSAN,2015,Summer,2.463646,-2.229943,-0.36744463,0.8450247,1.0867167,0.61283207,-3.2700605,-1.9727966,-0.8306042,0.0,1.0,0.0,0.0,0.0,0.0,1.0,0.019876162888487973
IND_KARNATAKA_HAVERI,Karnataka,HAVERI,2015,Kharif,1.019353,-1.0601704,-0.3674084,1.0141459,-0.11058812,1.7331941,-0.7902868,1.501356,0.055789724,0.0,1.0,0.0,0.0,1.0,0.0,0.0,0.003702662891636473
IND_KARNATAKA_HAVERI,Karnataka,HAVERI,2015,Summer,2.462445,-3.0305333,-0.6437025,-0.23736623,-0.06328802,0.4277301,-2.1647637,-0.5600383,-0.9977281,0.0,1.0,0.0,0.0,0.0,0.0,1.0,0.012269551823216086
IND_KARNATAKA_KODAGU,Karnataka,KODAGU,2015,Kharif,2.698957,-0.1665386,1.198982,0.8375684,0.6526208,1.906863,-0.6598648,-1.6310115,2.088487,0.0,1.0,0.0,0.0,1.0,0.0,0.0,0.015760486400658084
IND_KARNATAKA_KODAGU,Karnataka,KODAGU,2015,Rabi,2.4,0.7646025,1.6408167,-1.398316,1.9673393,2.5084026,-2.527111,-2.3362992,-1.6068038,0.0,1.0,0.0,0.0,0.0,1.0,0.0,0.01562713381500121
IND_KARNATAKA_KODAGU,Karnataka,KODAGU,2015,Summer,2.978261,-2.2028925,1.5931079,-0.2228284,1.274894,0.9850607,-1.9827547,-3.3229742,-0.7447144,0.0,1.0,0.0,0.0,0.0,0.0,1.0,0.02326313849603099
IND_KARNATAKA_KOLAR,Karnataka,KOLAR,2015,Kharif,1.546835,0.7299635,-0.8018636,1.1835773,1.2935793,1.1901985,-0.3355214,-0.2662007,-1.7008525,0.0,1.0,0.0,0.0,1.0,0.0,0.0,0.013485488769896142
IND_KARNATAKA_KOPPAL,Karnataka,KOPPAL,2015,Kharif,3.562505,-0.7002093,-1.087352,-0.06654975,-0.9445983,0.8724943,-0.31544936,1.6657928,-0.76924527,0.0,1.0,0.0,0.0,1.0,0.0,0.0,0.004836193001761501
IND_KARNATAKA_KOPPAL,Karnataka,KOPPAL,2015,Summer,3.139793,-3.2233405,-1.2510185,-1.6328508,-0.7514774,-0.22440588,-1.6872668,-0.21573493,-1.4143854,0.0,1.0,0.0,0.0,0.0,0.0,1.0,0.009070652204508835
IND_KARNATAKA_MANDYA,Karnataka,MANDYA,2015,Kharif,3.701191,-0.093288496,-0.66017485,1.0565243,-0.47373426,0.35579067,-1.531923,1.181507,0.08068298,0.0,1.0,0.0,0.0,1.0,0.0,0.0,0.009024448867185812
IND_KARNATAKA_MANDYA,Karnataka,MANDYA,2015,Rabi,3.712121,1.2581168,-0.58691597,-1.4679706,1.1057161,0.6859808,-2.1536183,-1.3528732,-1.902041,0.0,1.0,0.0,0.0,0.0,1.0,0.0,0.009476774540309726
IND_KARNATAKA_MANDYA,Karnataka,MANDYA,2015,Summer,3.344027,-2.2014418,-0.58441395,0.14621076,0.56184685,-0.2311945,-2.5926464,-1.2576256,-0.3360843,0.0,1.0,0.0,0.0,0.0,0.0,1.0,0.02863428471508028
IND_KARNATAKA_RAICHUR,Karnataka,RAICHUR,2015,Kharif,3.154001,-0.8765027,-1.6843638,-1.1349095,-2.322598,0.15645516,-0.14297539,1.9584838,-0.5963712,0.0,1.0,0.0,0.0,1.0,0.0,0.0,0.010994800551866378
IND_KARNATAKA_RAICHUR,Karnataka,RAICHUR,2015,Summer,2.014033,-3.4261966,-0.9522225,-2.6918726,-1.1381779,-0.80878294,-1.0036987,-0.3827728,-1.3814199,0.0,1.0,0.0,0.0,0.0,0.0,1.0,0.011889999802958549
IND_KARNATAKA_RAMANAGARA,Karnataka,RAMANAGARA,2015,Kharif,2.313294,0.67025083,-0.38387555,0.9467275,0.41126353,0.9005095,-0.49051887,0.17125037,-1.0028956,0.0,1.0,0.0,0.0,1.0,0.0,0.0,0.005586250716155254
IND_KARNATAKA_RAMANAGARA,Karnataka,RAMANAGARA,2015,Rabi,2.444444,1.4888549,-0.9027776,-1.208534,1.3813406,0.68362415,-1.8707155,-1.3649045,-2.1692138,0.0,1.0,0.0,0.0,0.0,1.0,0.0,0.010626517490228799
IND_KARNATAKA_RAMANAGARA,Karnataka,RAMANAGARA,2015,Summer,2.22082,-1.8558547,-0.7343805,0.21861696,1.0834321,-0.16863233,-2.0431197,-1.648164,-1.7649118,0.0,1.0,0.0,0.0,0.0,0.0,1.0,0.014300171153448124
IND_KARNATAKA_UDUPI,Karnataka,UDUPI,2015,Kharif,2.5441,-0.5415894,2.2552826,1.0774543,-0.11022131,1.9547173,0.6231042,-0.7665857,1.8136295,0.0,1.0,0.0,0.0,1.0,0.0,0.0,0.0236831267341562
IND_KARNATAKA_UDUPI,Karnataka,UDUPI,2015,Rabi,2.199304,-0.4086831,1.1616911,-2.2196825,0.4611414,2.1639287,-2.9104288,-0.6463975,0.5516745,0.0,1.0,0.0,0.0,0.0,1.0,0.0,0.0064751054958107545
IND_KARNATAKA_UDUPI,Karnataka,UDUPI,2015,Summer,2.266667,-2.813027,2.2741673,-0.65615344,0.9861837,1.1734813,-1.4120996,-2.1424475,-1.34865,0.0,1.0,0.0,0.0,0.0,0.0,1.0,0.016346956382902872
IND_KARNATAKA_UTTARAKANNADA,Karnataka,UTTARA KANNADA,2015,Kharif,1.633045,-1.478158,2.6603243,0.6752826,-0.6794592,1.862047,0.6409357,-0.06836459,1.9947094,0.0,1.0,0.0,0.0,1.0,0.0,0.0,0.02942555110962724
IND_KARNATAKA_UTTARAKANNADA,Karnataka,UTTARA KANNADA,2015,Rabi,2.378995,0.09862314,2.2503572,-1.789578,0.59574556,3.229726,-1.556241,0.24758461,-0.4875082,0.0,1.0,0.0,0.0,0.0,1.0,0.0,0.008675134341553975
IND_KARNATAKA_UTTARAKANNADA,Karnataka,UTTARA KANNADA,2015,Summer,2.543161,-3.5567977,2.778112,-1.3583903,0.3786943,0.9618712,-1.0087795,-1.1514832,-0.8177705,0.0,1.0,0.0,0.0,0.0,0.0,1.0,0.013356757082286393
IND_TAMILNADU_ARIYALUR,Tamil Nadu,ARIYALUR,2015,Kharif,5.087635,0.4914848,1.5803022,-0.6624019,-0.44844264,-0.45088524,1.9537847,0.09893176,-0.68254733,0.0,0.0,1.0,0.0,1.0,0.0,0.0,0.011269783329749549
IND_TAMILNADU_COIMBATORE,Tamil Nadu,COIMBATORE,2015,Kharif,3.904621,0.18204369,1.4442381,0.5692512,1.2414333,1.0144114,-1.0311983,-0.062488407,-1.2493216,0.0,0.0,1.0,0.0,1.0,0.0,0.0,0.006544500413241868
IND_TAMILNADU_CUDDALORE,Tamil Nadu,CUDDALORE,2015,Kharif,3.622694,0.13381179,1.0845535,-0.06437208,-2.5577922,-1.3904196,1.5713925,1.1477684,1.0400459,0.0,0.0,1.0,0.0,1.0,0.0,0.0,0.00635817181217885
IND_TAMILNADU_DHARMAPURI,Tamil Nadu,DHARMAPURI,2015,Kharif,4.480674,1.0740588,0.04847604,0.49026015,-0.64237183,-0.064151146,-0.11020549,0.30414426,-0.07589184,0.0,0.0,1.0,0.0,1.0,0.0,0.0,0.005408803296279835
IND_TAMILNADU_DINDIGUL,Tamil Nadu,DINDIGUL,2015,Kharif,4.799853,0.89704007,0.51396906,1.0617346,0.42923605,0.2077989,-0.41663718,0.9020051,-0.8082408,0.0,0.0,1.0,0.0,1.0,0.0,0.0,0.0038036236451795143
IND_TAMILNADU_ERODE,Tamil Nadu,ERODE,2015,Kharif,4.268325,1.0925214,0.7721637,-0.06533223,-0.78615355,0.04019656,-0.33509666,0.06986737,-0.047497123,0.0,0.0,1.0,0.0,1.0,0.0,0.0,0.006712554786791257
IND_TAMILNADU_KANNIYAKUMARI,Tamil Nadu,KANNIYAKUMARI,2015,Kharif,4.305703,0.20612429,2.1369648,0.82882035,1.0773499,0.5238016,-0.4348389,1.0418649,-0.6522174,0.0,0.0,1.0,0.0,1.0,0.0,0.0,0.013502376102462849
IND_TAMILNADU_KARUR,Tamil Nadu,KARUR,2015,Kharif,3.983579,1.2446663,0.9355757,-0.40187895,-0.16514857,0.0008457154,0.5998827,0.4092112,-1.2712015,0.0,0.0,1.0,0.0,1.0,0.0,0.0,0.005608638494314357
IND_TAMILNADU_KRISHNAGIRI,Tamil Nadu,KRISHNAGIRI,2015,Kharif,4.486121,0.89807105,-0.6275278,1.0312198,-0.29347867,0.15336192,-0.34936142,0.68056464,-0.4910074,0.0,0.0,1.0,0.0,1.0,0.0,0.0,0.00437653087611659
IND_TAMILNADU_MADURAI,Tamil Nadu,MADURAI,2015,Kharif,3.638069,1.2486348,1.3098207,-0.07943258,-1.1373204,-0.25906152,0.10464151,0.66485345,0.12976867,0.0,0.0,1.0,0.0,1.0,0.0,0.0,0.008522697944153976
IND_TAMILNADU_NAMAKKAL,Tamil Nadu,NAMAKKAL,2015,Kharif,5.039723,1.1220853,0.89269304,-0.22917205,-0.30124855,0.067237444,0.3986817,-0.010742992,-0.8818258,0.0,0.0,1.0,0.0,1.0,0.0,0.0,0.006105612304281134
IND_TAMILNADU_PERAMBALUR,Tamil Nadu,PERAMBALUR,2015,Kharif,4.557314,1.1953974,0.91441286,0.3133984,-0.21784158,0.18202093,0.8558682,0.054483682,-0.49361485,0.0,0.0,1.0,0.0,1.0,0.0,0.0,0.0038523240497041556
IND_TAMILNADU_PUDUKKOTTAI,Tamil Nadu,PUDUKKOTTAI,2015,Kharif,3.517501,0.96648365,1.2465869,-0.18177888,-1.41506,-0.65960974,0.9350737,0.98101294,0.32301822,0.0,0.0,1.0,0.0,1.0,0.0,0.0,0.010406635429206182
IND_TAMILNADU_RAMANATHAPURAM,Tamil Nadu,RAMANATHAPURAM,2015,Kharif,2.603,-0.9205411,1.4335451,-0.22357824,-1.0006652,-0.767558,0.6125911,2.839826,-0.044319496,0.0,0.0,1.0,0.0,1.0,0.0,0.0,0.008819813959619347
IND_TAMILNADU_SALEM,Tamil Nadu,SALEM,2015,Kharif,4.958364,1.0953038,0.69633615,-0.12773576,-0.6185061,-0.101608,0.34953862,0.18729757,-0.51065385,0.0,0.0,1.0,0.0,1.0,0.0,0.0,0.0055362288644526135
IND_TAMILNADU_SIVAGANGA,Tamil Nadu,SIVAGANGA,2015,Kharif,2.819349,0.7246384,1.4644169,-0.37407702,-1.136489,-0.61535704,0.86486554,1.0808529,0.034644574,0.0,0.0,1.0,0.0,1.0,0.0,0.0,0.012623874320642884
IND_TAMILNADU_THANJAVUR,Tamil Nadu,THANJAVUR,2015,Kharif,3.590224,-0.7862024,1.2724344,-0.11477688,-2.4337757,-1.5217164,1.1861405,2.2247353,1.0231906,0.0,0.0,1.0,0.0,1.0,0.0,0.0,0.013292304147844597
IND_TAMILNADU_THENILGIRIS,Tamil Nadu,THE NILGIRIS,2015,Kharif,4.459119,0.07147722,1.0826116,0.5460285,1.7535728,1.5004973,-1.8310579,-0.5611079,-1.8657172,0.0,0.0,1.0,0.0,1.0,0.0,0.0,0.006761386043816047
IND_TAMILNADU_THENI,Tamil Nadu,THENI,2015,Kharif,5.425056,1.0119207,0.59508485,1.0438051,0.5497358,0.48324555,-1.593764,0.09258766,0.0292072,0.0,0.0,1.0,0.0,1.0,0.0,0.0,0.006390055967564999
IND_TAMILNADU_THIRUVALLUR,Tamil Nadu,THIRUVALLUR,2015,Kharif,3.286155,-0.5514371,1.7740256,0.32549354,-1.6796708,-0.79653203,2.0799947,0.52553064,1.0819252,0.0,0.0,1.0,0.0,1.0,0.0,0.0,0.014534672854053562
IND_TAMILNADU_THIRUVARUR,Tamil Nadu,THIRUVARUR,2015,Kharif,3.424811,-0.836968,1.221586,-0.055967987,-2.6147606,-1.7464558,1.185355,2.291542,1.1970986,0.0,0.0,1.0,0.0,1.0,0.0,0.0,0.01452475801973703
IND_TAMILNADU_TIRUCHIRAPPALLI,Tamil Nadu,TIRUCHIRAPPALLI,2015,Kharif,4.169521,1.1265262,0.9978243,0.084551066,-1.1105462,-0.28844473,0.81579095,0.9143425,0.1127471,0.0,0.0,1.0,0.0,1.0,0.0,0.0,0.004748244295041564
IND_TAMILNADU_TIRUNELVELI,Tamil Nadu,TIRUNELVELI,2015,Kharif,4.95853,0.16107513,1.6420667,1.3182497,-0.42786175,-0.3039574,-0.6478823,1.6134964,1.1127992,0.0,0.0,1.0,0.0,1.0,0.0,0.0,0.01414239935353356
IND_TAMILNADU_TIRUPPUR,Tamil Nadu,TIRUPPUR,2015,Kharif,4.524847,0.7254531,0.96172965,-0.1622005,0.15902321,0.14002553,0.25190544,0.48869684,-1.493311,0.0,0.0,1.0,0.0,1.0,0.0,0.0,0.006602903969116241
IND_TAMILNADU_TIRUVANNAMALAI,Tamil Nadu,TIRUVANNAMALAI,2015,Kharif,3.965567,0.7324313,0.8761371,0.7745644,-2.3878934,-0.84084034,1.3767586,0.9462602,1.6077651,0.0,0.0,1.0,0.0,1.0,0.0,0.0,0.016087163106841353
IND_TAMILNADU_VELLORE,Tamil Nadu,VELLORE,2015,Kharif,3.906125,0.8487042,-0.5627544,1.5674793,-0.83019847,0.18325967,0.10171874,0.6746706,0.2428802,0.0,0.0,1.0,0.0,1.0,0.0,0.0,0.014213064288381882
IND_TELANGANA_ADILABAD,Telangana,ADILABAD,2015,Kharif,2.550112,-0.526249,-1.0664281,-0.6957629,-1.1876776,1.1573966,1.0950714,-0.20335957,0.5740912,0.0,0.0,0.0,1.0,1.0,0.0,0.0,0.008524170903141927
IND_TELANGANA_ADILABAD,Telangana,ADILABAD,2015,Rabi,2.881975,0.53752095,-1.9012202,-2.6756823,0.42775583,0.10918363,-0.8069394,-2.3372643,1.0640858,0.0,0.0,0.0,1.0,0.0,1.0,0.0,0.025954392471032997
IND_TELANGANA_KARIMNAGAR,Telangana,KARIMNAGAR,2015,Kharif,3.277004,-0.9708468,-1.0982237,-1.9570497,-2.3614438,0.1483436,1.0219924,0.1459902,0.9550103,0.0,0.0,0.0,1.0,1.0,0.0,0.0,0.013087257825339624
IND_TELANGANA_KARIMNAGAR,Telangana,KARIMNAGAR,2015,Rabi,3.194994,-0.30540413,-1.628839,-3.8748538,-0.30370998,-0.23974699,-0.9784632,-1.9985069,1.525433,0.0,0.0,0.0,1.0,0.0,1.0,0.0,0.040952397490717496
IND_TELANGANA_KHAMMAM,Telangana,KHAMMAM,2015,Kharif,3.0759,-0.5353817,-0.1595443,-0.74986804,-1.5054374,0.33384097,0.96167564,-0.10678047,2.1419795,0.0,0.0,0.0,1.0,1.0,0.0,0.0,0.014700588725951334
IND_TELANGANA_KHAMMAM,Telangana,KHAMMAM,2015,Rabi,2.65898,0.91623825,-1.0828153,-2.29711,-0.06795815,-0.7247632,0.77835464,-1.1637373,0.833292,0.0,0.0,0.0,1.0,0.0,1.0,0.0,0.01474592408377127
IND_TELANGANA_MAHBUBNAGAR,Telangana,MAHBUBNAGAR,2015,Kharif,2.261839,-0.6035858,-1.3665197,-0.88097036,-1.6027061,0.34315953,0.24964523,0.9989159,-0.101156674,0.0,0.0,0.0,1.0,1.0,0.0,0.0,0.01097376421131582
IND_TELANGANA_MAHBUBNAGAR,Telangana,MAHBUBNAGAR,2015,Rabi,2.17101,0.60233885,-1.821521,-2.2335062,0.15177295,0.047735326,-1.607331,-1.2150791,0.6882956,0.0,0.0,0.0,1.0,0.0,1.0,0.0,0.03037934739759199
IND_TELANGANA_MEDAK,Telangana,MEDAK,2015,Kharif,2.843088,-0.613593,-1.5665374,-1.0100701,-1.575243,0.53950983,0.37104517,0.37073353,0.082017004,0.0,0.0,0.0,1.0,1.0,0.0,0.0,0.018414398800725824
IND_TELANGANA_MEDAK,Telangana,MEDAK,2015,Rabi,2.863983,0.44065824,-2.2994127,-2.618128,0.29190361,0.0005717501,-1.6700215,-1.9919142,0.6098844,0.0,0.0,0.0,1.0,0.0,1.0,0.0,0.029763362894281692
IND_TELANGANA_NALGONDA,Telangana,NALGONDA,2015,Kharif,3.050999,-1.2054915,-1.0046989,-2.2549522,-2.6423876,-0.29964173,0.89110553,0.630025,0.67413795,0.0,0.0,0.0,1.0,1.0,0.0,0.0,0.010919384564870124
IND_TELANGANA_NALGONDA,Telangana,NALGONDA,2015,Rabi,2.714003,-0.575584,-1.1574129,-3.9673152,-0.59675425,-0.19490016,-1.4311994,-1.2422385,2.2461503,0.0,0.0,0.0,1.0,0.0,1.0,0.0,0.03075428735909258
IND_TELANGANA_NIZAMABAD,Telangana,NIZAMABAD,2015,Kharif,2.594996,-0.8060396,-1.4981742,-1.3973029,-1.9165372,0.6149311,0.5755427,0.3148325,0.2874172,0.0,0.0,0.0,1.0,1.0,0.0,0.0,0.01055142900186227
IND_TELANGANA_NIZAMABAD,Telangana,NIZAMABAD,2015,Rabi,3.072989,0.370496,-2.0283659,-2.8999362,0.1967354,-0.0035340115,-1.1047647,-2.1107025,0.47799334,0.0,0.0,0.0,1.0,0.0,1.0,0.0,0.02167290965779391
IND_TELANGANA_WARANGAL,Telangana,WARANGAL,2015,Kharif,3.16464,-0.7177344,-0.7966639,-1.6882609,-2.2431953,0.15269522,0.96515274,0.12366691,1.4527342,0.0,0.0,0.0,1.0,1.0,0.0,0.0,0.012449183874165154
IND_TELANGANA_WARANGAL,Telangana,WARANGAL,2015,Rabi,3.162991,-0.1850432,-1.3180859,-3.71586,-0.40446222,-0.46986318,-0.67717594,-1.6398792,1.6154984,0.0,0.0,0.0,1.0,0.0,1.0,0.0,0.044049144144779916
